Date,Open,High,Low,Close,Adj Close,Volume,SMA_5,SMA_10,SMA_20,SMA_50,SMA_100,SMA_200,RSI_14,MACD,MACD_signal,MACD_hist,BB_upper,BB_middle,BB_lower,STOCH_k,STOCH_d,ticker
1996-01-18,126795.578125,126795.578125,126795.578125,126795.578125,126795.578125,0,,,,,,,,,,,,,,,,TTNP
1996-01-19,134254.140625,134254.140625,134254.140625,134254.140625,134254.140625,0,,,,,,,,,,,,,,,,TTNP
1996-01-22,134254.140625,134254.140625,134254.140625,134254.140625,134254.140625,0,,,,,,,,,,,,,,,,TTNP
1996-01-23,134254.140625,134254.140625,134254.140625,134254.140625,134254.140625,0,,,,,,,,,,,,,,,,TTNP
1996-01-24,139226.515625,139226.515625,139226.515625,139226.515625,139226.515625,0,133756.903125,,,,,,,,,,,,,,,TTNP
1996-01-25,139226.515625,139226.515625,139226.515625,139226.515625,139226.515625,0,136243.090625,,,,,,,,,,,,,,,TTNP
1996-01-26,139226.515625,139226.515625,139226.515625,139226.515625,139226.515625,0,137237.565625,,,,,,,,,,,,,,,TTNP
1996-01-29,139226.515625,139226.515625,139226.515625,139226.515625,139226.515625,0,138232.040625,,,,,,,,,,,,,,,TTNP
1996-01-30,139226.515625,139226.515625,139226.515625,139226.515625,139226.515625,0,139226.515625,,,,,,,,,,,,,,,TTNP
1996-01-31,139226.515625,139226.515625,134254.140625,134254.140625,134254.140625,0,138232.040625,135994.471875,,,,,,,,,,,,,,TTNP
1996-02-01,134254.140625,134254.140625,134254.140625,134254.140625,134254.140625,0,137237.565625,136740.328125,,,,,,,,,,,,,,TTNP
1996-02-02,134254.140625,134254.140625,134254.140625,134254.140625,134254.140625,0,136243.090625,136740.328125,,,,,,,,,,,,,,TTNP
1996-02-05,139226.515625,139226.515625,139226.515625,139226.515625,139226.515625,0,136243.090625,137237.565625,,,,,,,,,,,,,,TTNP
1996-02-06,139226.515625,139226.515625,139226.515625,139226.515625,139226.515625,0,136243.090625,137734.803125,,,,,,,,,,,,,,TTNP
1996-02-07,124309.390625,129281.765625,124309.390625,129281.765625,129281.765625,0,135248.615625,136740.328125,,,,,53.846153846153854,,,,,,,,,TTNP
1996-02-08,129281.765625,129281.765625,129281.765625,129281.765625,129281.765625,0,134254.140625,135745.853125,,,,,53.84615384615385,,,,,,,,,TTNP
1996-02-09,129281.765625,129281.765625,129281.765625,129281.765625,129281.765625,0,133259.665625,134751.378125,,,,,53.84615384615385,,,,,,,,,TTNP
1996-02-12,129281.765625,129281.765625,129281.765625,129281.765625,129281.765625,0,131270.715625,133756.903125,,,,,53.846153846153854,,,,,,,33.33333333333334,40.740740740740755,TTNP
1996-02-13,144198.890625,144198.890625,144198.890625,144198.890625,144198.890625,0,132265.190625,134254.140625,,,,,71.52390621962182,,,,,,,55.555555555555564,40.740740740740755,TTNP
1996-02-14,144198.890625,144198.890625,144198.890625,144198.890625,144198.890625,0,135248.615625,135248.615625,135621.54375,,,,71.52390621962184,,,,145500.8157688587,135621.54375,125742.27173114131,77.77777777777779,55.555555555555564,TTNP
1996-02-15,129281.765625,144198.890625,129281.765625,144198.890625,144198.890625,0,138232.040625,136243.090625,136491.709375,,,,71.52390621962184,,,,146171.89040651813,136491.709375,126811.52834348188,100.0,77.77777777777779,TTNP
1996-02-16,144198.890625,144198.890625,144198.890625,144198.890625,144198.890625,0,141215.465625,137237.565625,136988.946875,,,,71.52390621962182,,,,147167.14465551273,136988.946875,126810.74909448724,100.0,92.5925925925926,TTNP
1996-02-20,144198.890625,144198.890625,144198.890625,144198.890625,144198.890625,0,144198.890625,137734.803125,137486.184375,,,,71.52390621962182,,,,148045.8981146904,137486.184375,126926.47063530963,100.0,100.0,TTNP
1996-02-21,144198.890625,144198.890625,144198.890625,144198.890625,144198.890625,0,144198.890625,138232.040625,137983.421875,,,,71.52390621962182,,,,148820.46194219403,137983.421875,127146.38180780597,100.0,100.0,TTNP
1996-02-22,144198.890625,144198.890625,144198.890625,144198.890625,144198.890625,0,144198.890625,139723.753125,138232.040625,,,,71.52390621962182,,,,149394.9948141358,138232.040625,127069.0864358642,100.0,100.0,TTNP
1996-02-23,144198.890625,144198.890625,144198.890625,144198.890625,144198.890625,0,144198.890625,141215.465625,138480.659375,,,,71.52390621962182,,,,149938.72050141808,138480.659375,127022.5982485819,100.0,100.0,TTNP
1996-02-26,129281.765625,129281.765625,129281.765625,129281.765625,129281.765625,0,141215.465625,141215.465625,137983.421875,,,,42.24830173471545,,,,150112.34817483058,137983.421875,125854.49557516942,75.0,91.66666666666667,TTNP
1996-02-27,129281.765625,129281.765625,129281.765625,129281.765625,129281.765625,0,138232.040625,141215.465625,137486.184375,,,,42.24830173471544,,,,150173.0508338801,137486.184375,124799.31791611995,50.0,75.0,TTNP
1996-02-28,129281.765625,129281.765625,129281.765625,129281.765625,129281.765625,0,135248.615625,139723.753125,136988.946875,,,,42.24830173471544,,,,150135.2142864359,136988.946875,123842.6794635641,16.666666666666668,47.22222222222222,TTNP
1996-02-29,129281.765625,129281.765625,129281.765625,129281.765625,129281.765625,0,132265.190625,138232.040625,136740.328125,,,,42.24830173471543,,,,150266.6505091749,136740.328125,123214.00574082509,8.333333333333334,24.999999999999996,TTNP
1996-03-01,144198.890625,144198.890625,144198.890625,144198.890625,144198.890625,0,132265.190625,138232.040625,137237.565625,,,,62.75395298157843,,,,151088.9995569533,137237.565625,123386.13169304667,33.333333333333336,19.44444444444444,TTNP
1996-03-04,144198.890625,144198.890625,144198.890625,144198.890625,144198.890625,0,135248.615625,138232.040625,137734.803125,,,,62.75395298157844,,,,151833.9196097525,137734.803125,123635.68664024751,66.66666666666667,36.11111111111111,TTNP
1996-03-05,144198.890625,144198.890625,144198.890625,144198.890625,144198.890625,0,138232.040625,138232.040625,137983.421875,,,,62.75395298157844,,,,152351.77893919536,137983.421875,123615.06481080464,100.00000000000001,66.66666666666667,TTNP
1996-03-06,144198.890625,144198.890625,144198.890625,144198.890625,144198.890625,0,141215.465625,138232.040625,138232.040625,,,,62.75395298157844,1436.3932547523582,395.80308893815123,1040.590165814207,152847.77849672592,138232.040625,123616.30275327407,100.00000000000001,88.8888888888889,TTNP
1996-03-07,144198.890625,144198.890625,144198.890625,144198.890625,144198.890625,0,144198.890625,138232.040625,138977.896875,,,,62.75395298157843,1731.5307040580083,662.9486119621226,1068.5820920958856,153207.92718493624,138977.896875,124747.86656506377,100.00000000000001,100.0,TTNP
1996-03-08,144198.890625,144198.890625,144198.890625,144198.890625,144198.890625,0,144198.890625,138232.040625,139723.753125,,,,62.75395298157844,1943.0312047497719,918.9651305196526,1024.0660742301193,153395.52401772415,139723.753125,126051.98223227583,100.00000000000001,100.0,TTNP
1996-03-11,144198.890625,144198.890625,144198.890625,144198.890625,144198.890625,0,144198.890625,139723.753125,140469.609375,,,,62.75395298157844,2086.593919482664,1152.4908883122548,934.1030311704094,153388.21857642796,140469.609375,127551.00017357206,100.00000000000001,100.0,TTNP
1996-03-12,144198.890625,144198.890625,144198.890625,144198.890625,144198.890625,0,144198.890625,141215.465625,141215.465625,,,,62.75395298157844,2175.2929818006232,1357.0513070099285,818.2416747906948,153149.16562499947,141215.465625,129281.76562500055,100.00000000000001,100.0,TTNP
1996-03-13,159116.015625,159116.015625,159116.015625,159116.015625,159116.015625,0,147182.315625,144198.890625,141961.321875,,,,77.3217894382153,3409.966971003596,1767.634439808662,1642.332531194934,156191.35218493678,141961.321875,127731.29156506322,100.00000000000001,100.0,TTNP
1996-03-14,159116.015625,159116.015625,159116.015625,159116.015625,159116.015625,0,150165.740625,147182.315625,142707.178125,,,,77.3217894382153,4338.444119569962,2281.796375760922,2056.64774380904,158773.4134397253,142707.178125,126640.94281027473,100.00000000000001,100.0,TTNP
1996-03-15,159116.015625,159116.015625,159116.015625,159116.015625,159116.015625,0,153149.165625,148674.028125,143453.034375,,,,77.3217894382153,5016.442522354802,2828.7256050796977,2187.7169172751046,161040.06537483723,143453.034375,125866.00337516273,100.00000000000001,100.0,TTNP
1996-03-18,159116.015625,159116.015625,159116.015625,159116.015625,159116.015625,0,156132.590625,150165.740625,144198.890625,,,,77.3217894382153,5490.470416019816,3361.0745672677212,2129.395848752095,163067.72708157587,144198.890625,125330.05416842415,100.00000000000001,100.0,TTNP
1996-03-19,159116.015625,159116.015625,159116.015625,159116.015625,159116.015625,0,159116.015625,151657.453125,144944.746875,,,,77.3217894382153,5799.29032796793,3848.717719407763,1950.5726085601673,164902.49992226087,144944.746875,124986.99382773916,100.00000000000001,100.0,TTNP
1996-03-20,166574.578125,166574.578125,166574.578125,166574.578125,166574.578125,0,160607.728125,153895.021875,146063.53125,,,,82.32786420276582,6570.1395145031565,4393.002078426842,2177.1374360763148,168126.25665861747,146063.53125,124000.80584138253,100.00000000000001,100.0,TTNP
1996-03-21,166574.578125,166574.578125,166574.578125,166574.578125,166574.578125,0,162099.440625,156132.590625,147182.315625,,,,82.32786420276584,7099.2078000848705,4934.243222758448,2164.964577326423,170956.3007851433,147182.315625,123408.33046485667,100.00000000000001,100.0,TTNP
1996-03-22,166574.578125,166574.578125,166574.578125,166574.578125,166574.578125,0,163591.153125,158370.159375,148301.1,,,,82.32786420276582,7432.81733665074,5433.958045536906,1998.859291113834,173473.0578203872,148301.1,123129.1421796128,100.00000000000001,100.0,TTNP
1996-03-25,166574.578125,166574.578125,166574.578125,166574.578125,166574.578125,0,165082.865625,160607.728125,150165.740625,,,,82.32786420276582,7609.487858613749,5869.064008152274,1740.423850461475,174947.92992322618,150165.740625,125383.55132677383,100.00000000000001,100.0,TTNP
1996-03-26,166574.578125,166574.578125,166574.578125,166574.578125,166574.578125,0,166574.578125,162845.296875,152030.38125,,,,82.32786420276582,7661.187123871234,6227.488631296066,1433.6984925751676,175839.4399258835,152030.38125,128221.32257411654,100.00000000000001,100.0,TTNP
1996-03-27,166574.578125,166574.578125,166574.578125,166574.578125,166574.578125,0,166574.578125,163591.153125,153895.021875,,,,82.32786420276584,7614.385270453349,6504.867959127523,1109.517311325826,176070.9224512341,153895.021875,131719.1212987659,100.00000000000001,100.0,TTNP
1996-03-28,166574.578125,166574.578125,166574.578125,166574.578125,166574.578125,0,166574.578125,164337.009375,155759.6625,144198.890625,,,82.32786420276582,7490.943530362914,6702.083073374602,788.8604569883128,175479.06361715298,155759.6625,136040.26138284703,100.00000000000001,100.0,TTNP
1996-03-29,166574.578125,166574.578125,166574.578125,166574.578125,166574.578125,0,166574.578125,165082.865625,156878.446875,144994.470625,,,82.32786420276584,7308.8630384930875,6823.439066398299,485.42397209478895,176385.11899594933,156878.446875,137371.77475405065,100.00000000000001,100.0,TTNP
1996-04-01,166574.578125,166574.578125,166574.578125,166574.578125,166574.578125,0,166574.578125,165828.721875,157997.23125,145640.879375,,,82.32786420276582,7082.915495991154,6875.33435231687,207.58114367428425,177027.5309383202,157997.23125,138966.9315616798,100.00000000000001,100.0,TTNP
1996-04-02,166574.578125,166574.578125,166574.578125,166574.578125,166574.578125,0,166574.578125,166574.578125,159116.015625,146287.288125,,,82.32786420276584,6825.174082395737,6865.302298332643,-40.12821593690569,177385.68796465726,159116.015625,140846.34328534274,100.00000000000001,100.0,TTNP
1996-04-03,166574.578125,166574.578125,166574.578125,166574.578125,166574.578125,0,166574.578125,166574.578125,160234.8,146933.696875,,,82.32786420276584,6545.460164822143,6801.3338716305425,-255.87370680839922,177421.89168962667,160234.8,143047.7083103733,100.00000000000001,100.0,TTNP
1996-04-04,166574.578125,166574.578125,166574.578125,166574.578125,166574.578125,0,166574.578125,166574.578125,161353.584375,147480.658125,,,82.32786420276584,6251.718945471657,6691.410886398766,-439.6919409271086,177069.7507738018,161353.584375,145637.41797619822,100.00000000000001,100.0,TTNP
1996-04-08,166574.578125,166574.578125,166574.578125,166574.578125,166574.578125,0,166574.578125,166574.578125,162472.36875,148027.619375,,,82.32786420276584,5950.335153154621,6543.195739749937,-592.8605865953159,176205.03870089204,162472.36875,148739.69879910795,100.00000000000001,100.0,TTNP
1996-04-09,166574.578125,166574.578125,166574.578125,166574.578125,166574.578125,0,166574.578125,166574.578125,163591.153125,148574.580625,,,82.32786420276584,5646.398163126694,6363.8362244252885,-717.4380612985942,174552.9565287935,163591.153125,152629.34972120653,66.66666666666669,88.8888888888889,TTNP
1996-04-10,166574.578125,166574.578125,166574.578125,166574.578125,166574.578125,0,166574.578125,166574.578125,164709.9375,149121.541875,,,82.32786420276584,5343.924473923893,6159.853874325009,-815.9294004011163,171169.24210071398,164709.9375,158250.63289928602,33.33333333333335,66.66666666666667,TTNP
1996-04-11,166574.578125,166574.578125,166574.578125,166574.578125,166574.578125,0,166574.578125,166574.578125,165082.865625,149668.503125,,,82.32786420276584,5046.044239090668,5937.091947278141,-891.0477081874724,171049.71562500007,165082.865625,159116.01562499994,9.473903143468002e-15,33.33333333333334,TTNP
1996-04-12,166574.578125,166574.578125,166574.578125,166574.578125,166574.578125,0,166574.578125,166574.578125,165455.79375,150314.911875,,,82.32786420276582,4755.157511069294,5700.705060036371,-945.5475489670771,170782.27277735545,165455.79375,160129.31472264457,9.473903143468002e-15,11.111111111111116,TTNP
1996-04-15,166574.578125,166574.578125,166574.578125,166574.578125,166574.578125,0,166574.578125,166574.578125,165828.721875,150961.320625,,,82.32786420276582,4473.064974744077,5455.177042977912,-982.1120682338351,170303.85937500163,165828.721875,161353.58437499835,9.473903143468002e-15,3.157967714489334e-15,TTNP
1996-04-16,166574.578125,166574.578125,166574.578125,166574.578125,166574.578125,0,166574.578125,166574.578125,166201.65,151607.729375,,,82.32786420276581,4201.077204406727,5204.357075263675,-1003.279870856948,169452.76202015782,166201.65,162950.53797984216,9.473903143468002e-15,3.157967714489334e-15,TTNP
1996-04-17,149171.265625,174033.15625,149171.265625,159116.015625,159116.015625,0,165082.865625,165828.721875,166201.65,152005.519375,,,43.27586416221948,3345.12080651382,4832.509821513704,-1487.3890149998842,169452.76202015782,166201.65,162950.53797984216,13.333324953707816,4.444441651235938,TTNP
1996-04-18,159116.015625,159116.015625,159116.015625,159116.015625,159116.015625,0,163591.153125,165082.865625,165828.721875,152403.309375,,,43.275864162219484,2636.378662221512,4393.283589655266,-1756.904927433754,170303.85937500163,165828.721875,161353.58437499835,26.66664990741562,13.333324953707809,TTNP
1996-04-19,159116.015625,159116.015625,159116.015625,159116.015625,159116.015625,0,162099.440625,164337.009375,165455.79375,152999.994375,,,43.275864162219484,2051.0521541609196,3924.837302556397,-1873.7851483954773,170782.27277735545,165455.79375,160129.31472264457,39.99997486112343,26.666649907415614,TTNP
1996-04-22,159116.015625,159116.015625,159116.015625,159116.015625,159116.015625,0,160607.728125,163591.153125,165082.865625,153596.679375,,,43.27586416221948,1569.089195946377,3453.687681234393,-1884.598485288016,171049.71562500007,165082.865625,159116.01562499994,39.99997486112343,35.55553320988748,TTNP
1996-04-23,159116.015625,159116.015625,159116.015625,159116.015625,159116.015625,0,159116.015625,162845.296875,164709.9375,154193.364375,,,43.27586416221948,1173.6015312945528,2997.670451246425,-1824.068919951872,171169.24210071398,164709.9375,158250.63289928602,39.99997486112343,39.99997486112341,TTNP
1996-04-24,159116.015625,159116.015625,159116.015625,159116.015625,159116.015625,0,159116.015625,162099.440625,164337.009375,154790.049375,,,43.27586416221948,850.3721469514421,2568.2107903874285,-1717.8386434359863,171172.89482136208,164337.009375,157501.1239286379,39.99997486112343,39.99997486112341,TTNP
1996-04-25,159116.015625,159116.015625,159116.015625,159116.015625,159116.015625,0,159116.015625,161353.584375,163964.08125,155088.391875,,,43.27586416221948,587.4389011333114,2172.056412536605,-1584.6175114032935,171079.09640496917,163964.08125,156849.0660950308,39.99997486112343,39.99997486112341,TTNP
1996-04-26,159116.015625,159116.015625,159116.015625,159116.015625,159116.015625,0,159116.015625,160607.728125,163591.153125,155386.734375,,,43.27586416221948,374.74260995237273,1812.5936520197586,-1437.8510420673858,170899.02206086245,163591.153125,156283.28418913757,39.99997486112343,39.99997486112341,TTNP
1996-04-29,159116.015625,159116.015625,159116.015625,159116.015625,159116.015625,0,159116.015625,159861.871875,163218.225,155685.076875,,,43.275864162219484,203.829645523394,1490.8408507204856,-1287.0112051970916,170639.40098637418,163218.225,155797.04901362583,39.99997486112343,39.99997486112341,TTNP
1996-04-30,179005.53125,179005.53125,179005.53125,179005.53125,179005.53125,0,163093.91875,161104.9671875,163839.77265625,156381.2096875,,,83.62700412332417,1654.2286589135183,1523.518412359092,130.71024655442625,173895.78347223028,163839.77265625,153783.7618402697,59.99998324074895,46.666644320998586,TTNP
1996-05-01,181491.71875,181491.71875,181491.71875,181491.71875,181491.71875,0,167569.059375,163342.5375,164585.6296875,157127.06625,,,85.05785754950954,2970.057901211636,1812.8263101296009,1157.231591082035,177223.6892963073,164585.6296875,151947.57007869272,79.99999162037449,59.99998324074894,TTNP
1996-05-02,181491.71875,181491.71875,181491.71875,181491.71875,181491.71875,0,172044.2,165580.1078125,165331.48671875,157872.9228125,,,85.05785754950954,3967.131434052455,2243.6873349141715,1723.4440991382835,179955.69015456003,165331.48671875,150707.28328293998,100.00000000000001,79.99999162037447,TTNP
1996-05-03,193922.65625,193922.65625,193922.65625,193922.65625,193922.65625,0,179005.528125,169060.771875,166698.890625,158867.398125,,,90.0832941448022,5694.746664237697,2933.8992007788765,2760.84746345882,185923.09651613448,166698.890625,147474.68473386552,100.00000000000001,93.33333054012483,TTNP
1996-05-06,193922.65625,193922.65625,193922.65625,193922.65625,193922.65625,0,185966.85625,172541.4359375,168066.29453125,159861.8734375,,,90.0832941448022,6983.393962368718,3743.798153096845,3239.5958092718733,190656.43642135072,168066.29453125,145476.15264114927,100.00000000000001,100.0,TTNP
1996-05-07,169060.78125,193922.65625,169060.78125,193922.65625,193922.65625,0,188950.28125,176022.1,169433.6984375,161154.69125,,,90.08329414480218,7913.435076717869,4577.72553782105,3335.709538896819,194654.73294329306,169433.6984375,144212.66393170692,100.00000000000001,100.0,TTNP
1996-05-08,198895.03125,198895.03125,198895.03125,198895.03125,198895.03125,0,192430.94375,180000.0015625,171049.72109375,162546.9565625,,,91.50985435776707,8948.574866288109,5451.895403514462,3496.679462773647,199291.77443740476,171049.72109375,142807.66775009525,100.00000000000001,100.0,TTNP
1996-05-09,198895.03125,198895.03125,198895.03125,198895.03125,198895.03125,0,195911.60625,183977.903125,172665.74375,163939.221875,,,91.50985435776707,9657.60376277432,6293.037075366434,3364.566687407887,203296.35488959696,172665.74375,142035.13261040303,100.00000000000001,100.0,TTNP
1996-05-10,179005.53125,179005.53125,179005.53125,179005.53125,179005.53125,0,192928.18125,185966.8546875,173287.29140625,164933.6971875,,,54.88349291400273,8516.425789790286,6737.714818251205,1778.7109715390816,203902.7641970469,173287.29140625,142671.8186154531,83.33333987991735,94.4444466266391,TTNP
1996-05-13,179005.53125,179005.53125,179005.53125,179005.53125,179005.53125,0,189944.75625,187955.80625,173908.8390625,165629.83,,,54.88349291400273,7525.287197967613,6895.229294194486,630.0579037731268,204458.6252763341,173908.8390625,143359.0528486659,66.66667975983466,83.33333987991733,TTNP
1996-05-14,179005.53125,179005.53125,179005.53125,179005.53125,179005.53125,0,186961.33125,187955.80625,174530.38671875,166325.9628125,,,54.88349291400273,6662.995854539942,6848.782606263578,-185.78675172363546,204963.61082179137,174530.38671875,144097.16261570863,50.00001963975199,66.66667975983466,TTNP
1996-05-15,179005.53125,179005.53125,179005.53125,179005.53125,179005.53125,0,182983.43125,187707.1875,175524.8625,167022.095625,,,54.88349291400273,5911.479891973635,6661.322063405589,-749.8421714319538,205167.9058231803,175524.8625,145881.81917681967,50.00001963975199,55.55557301311288,TTNP
1996-05-16,179005.53125,179005.53125,179005.53125,179005.53125,179005.53125,0,179005.53125,187458.56875,176519.33828125,167718.2284375,,,54.88349291400273,5255.31804219124,6380.121259162719,-1124.8032169714788,205213.0143959961,176519.33828125,147825.6621665039,50.00001963975199,50.00001963975199,TTNP
1996-05-17,198895.03125,198895.03125,198895.03125,198895.03125,198895.03125,0,182983.43125,187955.80625,178508.2890625,168812.15125,,,71.44093668512282,6267.968239174341,6357.690655165044,-89.72241599070276,207612.62804155718,178508.2890625,149403.95008344282,66.66667975983466,55.55557301311288,TTNP
1996-05-20,198895.03125,198895.03125,198895.03125,198895.03125,198895.03125,0,186961.33125,188453.04375,180497.23984375,169906.0740625,,,71.44093668512281,6989.925308159116,6484.137585763858,505.78772239525824,209465.33684986836,180497.23984375,151529.14283763163,83.33333987991735,66.66667975983466,TTNP
1996-05-21,198895.03125,198895.03125,198895.03125,198895.03125,198895.03125,0,190939.23125,188950.28125,182486.190625,170999.996875,,,71.44093668512282,7475.903919948789,6682.490852600844,793.4130673479449,210763.23677947032,182486.190625,154209.14447052966,100.00000000000004,83.33333987991735,TTNP
1996-05-22,198895.03125,198895.03125,198895.03125,198895.03125,198895.03125,0,194917.13125,188950.28125,184475.14140625,172093.9196875,,,71.44093668512282,7771.460907305969,6900.284863541869,871.1760437641005,211463.74330790987,184475.14140625,157486.53950459015,100.00000000000004,94.44444662663915,TTNP
1996-05-23,218784.53125,218784.53125,218784.53125,218784.53125,218784.53125,0,202872.93125,190939.23125,187458.5671875,173287.29,,,80.87935310631617,9501.085773100815,7420.445045453658,2080.6407276471564,215735.60927555448,187458.5671875,159181.52509944554,100.00000000000004,100.00000000000006,TTNP
1996-05-24,218784.53125,218784.53125,218784.53125,218784.53125,218784.53125,0,206850.83125,194917.13125,190441.99296875,174480.6603125,,,80.87935310631619,10747.930488203914,8085.94213400371,2661.9883542002044,218719.03225427453,190441.99296875,162164.9536832255,100.00000000000004,100.00000000000006,TTNP
1996-05-28,218784.53125,228729.28125,218784.53125,228729.28125,228729.28125,0,212817.68125,199889.50625,193922.65625,175872.925625,,,83.95439265994541,12395.632980228227,8947.880303248614,3447.752676979613,223043.9680460618,193922.65625,164801.3444539382,100.00000000000004,100.00000000000006,TTNP
1996-05-29,248618.78125,251104.96875,238674.03125,251104.96875,251104.96875,0,223259.66875,207099.45,197527.628125,177712.7046875,,,88.45379321610393,15330.26233460367,10224.356709519625,5105.905625084046,235017.98369495542,197527.628125,160037.27255504456,100.00000000000004,100.00000000000006,TTNP
1996-05-30,251104.96875,251104.96875,251104.96875,251104.96875,251104.96875,0,233701.65625,214309.39375,201008.290625,179552.48375,,,88.45379321610392,17454.769522964983,11670.439272208696,5784.330250756288,244364.2927792449,201008.290625,157652.2884707551,100.00000000000004,100.00000000000006,TTNP
1996-05-31,251104.96875,251104.96875,251104.96875,251104.96875,251104.96875,0,240165.74375,221519.3375,204488.953125,181243.0915625,,,88.45379321610392,18920.35470446787,13120.422358660531,5799.9323458073395,251997.25759195397,204488.953125,156980.64865804603,100.00000000000004,100.00000000000006,TTNP
1996-06-03,251104.96875,251104.96875,251104.96875,251104.96875,251104.96875,0,246629.83125,226740.33125,207348.06875,182933.699375,,,88.45379321610392,19852.988624967635,14466.935611921952,5386.053013045683,258696.11721648267,207348.06875,156000.02028351734,100.00000000000004,100.00000000000006,TTNP
1996-06-04,251104.96875,251104.96875,251104.96875,251104.96875,251104.96875,0,251104.96875,231961.325,210207.184375,184624.3071875,,,88.45379321610393,20357.439831912256,15645.036455920013,4712.403375992242,264528.53222325136,210207.184375,155885.83652674867,100.00000000000004,100.00000000000006,TTNP
1996-06-05,251104.96875,251104.96875,251104.96875,251104.96875,251104.96875,0,251104.96875,237182.31875,213066.3,186314.915,,,88.45379321610392,20520.671520180418,16620.163468772094,3900.508051408324,269631.30018145754,213066.3,156501.29981854247,100.00000000000004,100.00000000000006,TTNP
1996-06-06,223756.90625,223756.90625,223756.90625,223756.90625,223756.90625,0,245635.35625,239668.50625,214309.39375,187458.5615625,,,57.63835486470133,18233.093965174776,16942.74956805263,1290.344397122146,270666.3893942384,214309.39375,157952.39810576156,82.53968253968257,94.17989417989423,TTNP
1996-06-07,223756.90625,223756.90625,223756.90625,223756.90625,223756.90625,0,240165.74375,240165.74375,215552.4875,188602.208125,,,57.63835486470131,16233.047801393433,16800.80921472079,-567.7614133273564,271590.5139997866,215552.4875,159514.4610002134,65.07936507936512,82.53968253968259,TTNP
1996-06-10,238674.03125,258563.53125,238674.03125,258563.53125,258563.53125,0,241657.45625,244143.64375,219530.3875,190441.9871875,167320.43890625,,72.02428179826593,17257.6649345973,16892.180358696092,365.484575901206,275920.2769751155,219530.3875,163140.49802488447,65.07936507936512,70.89947089947094,TTNP
1996-06-11,258563.53125,258563.53125,258563.53125,258563.53125,258563.53125,0,243149.16875,247127.06875,223508.2875,192281.76625,168638.1184375,,72.02428179826593,17863.759099533694,17086.49610686361,777.2629926700829,279121.1398702999,223508.2875,167895.43512970008,82.53968253968259,70.89947089947094,TTNP
1996-06-12,258563.53125,258563.53125,258563.53125,258563.53125,258563.53125,0,244640.88125,247872.925,227486.1875,194121.5453125,169881.21234375,,72.02428179826593,18135.04359799344,17296.205605089577,838.8379929038638,281144.081189799,227486.1875,173828.29381020102,100.00000000000004,82.53968253968259,TTNP
1996-06-13,258563.53125,258563.53125,258563.53125,258563.53125,258563.53125,0,251602.20625,248618.78125,231464.0875,195961.324375,171124.30625,,72.02428179826593,18140.921269459155,17465.148737963493,675.7725314956624,281852.18385629,231464.0875,181075.99114370998,100.00000000000004,94.17989417989423,TTNP
1996-06-14,258563.53125,258563.53125,258563.53125,258563.53125,258563.53125,0,258563.53125,249364.6375,235441.9875,197801.1034375,172367.40015625,,72.02428179826593,17938.79213719486,17559.877417809766,378.91471938509494,280962.9875583884,235441.9875,189920.9874416116,100.00000000000004,100.00000000000006,TTNP
1996-06-17,258563.53125,258563.53125,258563.53125,258563.53125,258563.53125,0,258563.53125,250110.49375,238425.4125,199640.8825,173560.7703125,,72.02428179826593,17575.99817730463,17563.10156970874,12.89660759589242,281742.1910302882,238425.4125,195108.63396971184,100.00000000000004,100.00000000000006,TTNP
1996-06-18,258563.53125,258563.53125,258563.53125,258563.53125,258563.53125,0,258563.53125,250856.35,241408.8375,201480.6615625,174754.14046875,,72.02428179826593,17091.461619814538,17468.7735797299,-377.3119599153615,281525.1503954208,241408.8375,201292.5246045792,100.00000000000004,100.00000000000006,TTNP
1996-06-19,258563.53125,258563.53125,258563.53125,258563.53125,258563.53125,0,258563.53125,251602.20625,244392.2625,203320.440625,175947.510625,,72.02428179826592,16517.06446941843,17278.431757667604,-761.3672882491737,280044.57267142524,244392.2625,208739.95232857481,100.00000000000004,100.00000000000006,TTNP
1996-06-20,223756.90625,223756.90625,223756.90625,223756.90625,223756.90625,0,251602.20625,251602.20625,245635.35625,204464.0871875,176792.81453125,,44.61399367228792,13102.212690966553,16443.187944327394,-3340.9752533608407,276230.61842413456,245635.35625,215040.09407586546,66.6666666666667,88.88888888888893,TTNP
1996-06-21,223756.90625,223756.90625,223756.90625,223756.90625,223756.90625,0,244640.88125,251602.20625,245883.975,205607.73375,177638.1184375,,44.61399367228792,10277.4460532511,15210.039566112135,-4932.5935128610345,275672.61002440157,245883.975,216095.33997559844,33.33333333333338,66.6666666666667,TTNP
1996-06-24,223756.90625,223756.90625,223756.90625,223756.90625,223756.90625,0,237679.55625,248121.54375,246132.59375,206751.3803125,178533.14609375,,44.61399367228792,7947.187906285981,13757.469234146904,-5810.281327860923,275083.60401677986,246132.59375,217181.58348322014,4.7369515717340014e-14,33.33333333333337,TTNP
1996-06-25,233701.65625,233701.65625,233701.65625,233701.65625,233701.65625,0,232707.18125,245635.35625,246381.2125,208093.921875,179527.62125,,51.23640813925575,6824.234225258755,12370.822232369273,-5546.588007110518,274810.8508122798,246381.2125,217951.5741877202,9.52380952380957,14.285714285714327,TTNP
1996-06-26,238674.03125,238674.03125,238674.03125,238674.03125,238674.03125,0,228729.28125,243646.40625,245759.665625,209535.9109375,180571.82015625,,54.18604645206965,6263.314854365541,11149.320756768528,-4886.005902402987,274292.3908092154,245759.665625,217226.94044078462,23.809523809523853,11.111111111111152,TTNP
1996-06-27,238674.03125,238674.03125,238674.03125,238674.03125,238674.03125,0,231712.70625,241657.45625,245138.11875,211127.07125,181566.2953125,,54.18604645206965,5752.471303331084,10069.950866081039,-4317.479562749955,273719.5447845116,245138.11875,216556.69271548835,38.09523809523814,23.80952380952385,TTNP
1996-06-28,238674.03125,238674.03125,238674.03125,238674.03125,238674.03125,0,234696.13125,239668.50625,244516.571875,212718.2315625,182560.77046875,,54.18604645206963,5286.682523422816,9113.297197549395,-3826.6146741265784,273092.5908026256,244516.571875,215940.55294737444,42.8571428571429,34.92063492063496,TTNP
1996-07-01,223756.90625,223756.90625,223756.90625,223756.90625,223756.90625,0,234696.13125,236187.84375,243149.16875,214011.049375,183505.521875,,44.17414558118069,3671.5311143958534,8024.943980918686,-4353.412866522833,272925.3511987762,243149.16875,213372.9863012238,28.571428571428612,36.50793650793654,TTNP
1996-07-02,223756.90625,223756.90625,223756.90625,223756.90625,223756.90625,0,232707.18125,232707.18125,241781.765625,215303.8671875,184450.27328125,,44.17414558118068,2364.2582883559808,6892.806842406145,-4528.548554050164,272468.8132875491,241781.765625,211094.7179624509,14.285714285714327,28.571428571428612,TTNP
1996-07-03,223756.90625,223756.90625,223756.90625,223756.90625,223756.90625,0,229723.75625,229226.51875,240414.3625,216596.685,185395.0246875,,44.17414558118069,1313.0985723605554,5776.865188397027,-4463.7666160364715,271748.21666469285,240414.3625,209080.50833530712,4.263256414560601e-14,14.285714285714327,TTNP
1996-07-05,228729.28125,238674.03125,228729.28125,238674.03125,238674.03125,0,229723.75625,230718.23125,241160.21875,218187.8453125,186488.94734375,,54.64159557968063,1664.5463894882414,4954.40142861527,-3289.8550391270282,271569.0462752332,241160.21875,210751.3912247668,14.285714285714327,9.523809523809566,TTNP
1996-07-08,228729.28125,228729.28125,213812.15625,213812.15625,213812.15625,0,224751.38125,229723.75625,240662.98125,219281.768125,187185.08,,40.88281983053498,-62.35542204405647,3951.0500584834044,-4013.405480527461,272486.18124999985,240662.98125,208839.78125000017,14.285714285714327,9.523809523809566,TTNP
1996-07-09,213812.15625,213812.15625,213812.15625,213812.15625,213812.15625,0,222762.43125,228729.28125,238425.4125,220375.6909375,187881.21265625,,40.88281983053498,-1414.6305687198765,2877.913933042748,-4292.544501762624,271178.9867350621,238425.4125,205671.83826493792,14.285714285714327,14.285714285714327,TTNP
1996-07-10,213812.15625,213812.15625,213812.15625,213812.15625,213812.15625,0,220773.48125,226740.33125,236187.84375,221469.61375,188577.3453125,,40.88281983053498,-2457.984252654249,1810.7342959033485,-4268.718548557597,269245.72451715765,236187.84375,203129.96298284235,4.263256414560601e-14,9.523809523809566,TTNP
1996-07-11,198895.03125,198895.03125,198895.03125,198895.03125,198895.03125,0,215801.10625,222762.43125,233204.41875,221867.40375,189124.30671875,,34.39301081511663,-4437.385466532694,561.1103434161398,-4998.495809948834,268350.35274677386,233204.41875,198058.48475322616,4.263256414560601e-14,4.7619047619048045,TTNP
1996-07-12,198895.03125,198895.03125,198895.03125,198895.03125,198895.03125,0,207845.30625,218784.53125,230220.99375,222215.47,189671.268125,,34.39301081511664,-5937.6298880439135,-738.6377028758709,-5198.992185168043,266365.7482013813,230220.99375,194076.23929861872,4.263256414560601e-14,4.263256414560601e-14,TTNP
1996-07-15,198895.03125,198895.03125,198895.03125,198895.03125,198895.03125,0,204861.88125,214806.63125,227237.56875,222563.53625,190218.22953125,,34.39301081511664,-7045.369763723167,-1999.9841150453303,-5045.385648677837,263382.32320138084,227237.56875,191092.81429861914,4.263256414560601e-14,4.263256414560601e-14,TTNP
1996-07-16,198895.03125,198895.03125,198895.03125,198895.03125,198895.03125,0,201878.45625,212320.44375,224254.14375,222662.98375,190765.1909375,,34.39301081511663,-7832.968016591825,-3166.5808953546293,-4666.387121237196,259400.0777467747,224254.14375,189108.20975322527,4.263256414560601e-14,4.263256414560601e-14,TTNP
1996-07-17,196408.84375,196408.84375,196408.84375,196408.84375,196408.84375,0,198397.79375,209585.6375,221146.409375,222712.7075,191287.29046875,,33.211160151398225,-8559.095929618925,-4245.083902207489,-4314.012027411436,254556.73647630788,221146.409375,187736.0822736921,4.263256414560601e-14,4.263256414560601e-14,TTNP
1996-07-18,196408.84375,196408.84375,196408.84375,196408.84375,196408.84375,0,197900.55625,206850.83125,218038.675,222762.43125,191958.56125,,33.21116015139823,-9030.460010427982,-5202.1591238515875,-3828.300886576394,248370.16250000033,218038.675,187707.18749999965,4.263256414560601e-14,4.263256414560601e-14,TTNP
1996-07-19,196408.84375,196408.84375,196408.84375,196408.84375,196408.84375,0,197403.31875,202624.3125,216671.271875,222712.7075,192629.83203125,,33.211160151398225,-9296.851127752132,-6021.097524631697,-3275.7536031204354,248286.9365840112,216671.271875,185055.60716598883,4.263256414560601e-14,4.263256414560601e-14,TTNP
1996-07-22,196408.84375,196408.84375,196408.84375,196408.84375,196408.84375,0,196906.08125,200883.98125,215303.86875,222662.98375,193301.1028125,,33.21116015139824,-9399.61509570977,-6696.801038847311,-2702.8140568624594,247925.0742086048,215303.86875,182682.66329139518,4.263256414560601e-14,4.263256414560601e-14,TTNP
1996-07-23,196408.84375,196408.84375,196408.84375,196408.84375,196408.84375,0,196408.84375,199143.65,213936.465625,223011.05,193972.37359375,,33.21116015139824,-9373.010055269639,-7232.0428421317765,-2140.967213137862,247309.77091084592,213936.465625,180563.1603391541,4.263256414560601e-14,4.263256414560601e-14,TTNP
1996-07-24,198895.03125,198895.03125,198895.03125,198895.03125,198895.03125,0,196906.08125,197651.9375,212196.134375,223408.84,194519.335,,36.37797944134065,-9047.022373383283,-7595.038748382078,-1451.983625001205,244888.31833059367,212196.134375,179503.95041940632,1.9607843137255327,0.6535947712418727,TTNP
1996-07-25,213812.15625,213812.15625,213812.15625,213812.15625,213812.15625,0,200386.74375,199143.65,210953.040625,224104.9725,195215.46765625,,51.298859717430204,-7498.548863376782,-7575.740771381019,77.19190800423712,241332.38005588105,210953.040625,180573.70119411894,19.90950226244348,7.290095525389685,TTNP
1996-07-26,213812.15625,213812.15625,213812.15625,213812.15625,213812.15625,0,203867.40625,200635.3625,209709.946875,224801.105,195911.6003125,,51.298859717430204,-6199.9038186323305,-7300.573380831282,1100.669562198951,237362.56664522568,209709.946875,182057.3271047743,53.2428355957768,25.037707390648606,TTNP
1996-07-29,213812.15625,213812.15625,213812.15625,213812.15625,213812.15625,0,207348.06875,202127.075,208466.853125,225497.2375,196607.73296875,,51.298859717430204,-5111.792700172955,-6862.817244699616,1751.024544526661,232840.3682487237,208466.853125,184093.33800127628,84.61538461538464,52.589240824534976,TTNP
1996-07-30,213812.15625,213812.15625,213812.15625,213812.15625,213812.15625,0,210828.73125,203618.7875,207969.615625,225795.58,197303.865625,,51.298859717430204,-4201.029941264045,-6330.459784012502,2129.4298427484564,231465.07406162788,207969.615625,184474.15718837213,100.00000000000001,79.28607340372048,TTNP
1996-07-31,213812.15625,213812.15625,213812.15625,213812.15625,213812.15625,0,213812.15625,205359.11875,207472.378125,226093.9225,197999.99828125,,51.298859717430204,-3439.5943900816783,-5752.286705226337,2312.692315144659,230011.83095236516,207472.378125,184932.92529763482,100.00000000000001,94.87179487179488,TTNP
1996-08-01,213812.15625,213812.15625,213812.15625,213812.15625,213812.15625,0,213812.15625,207099.45,206975.140625,226392.265,198696.1309375,,51.298859717430204,-2803.8304181857675,-5162.595447818223,2358.7650296324555,228470.24098102137,206975.140625,185480.04026897863,100.00000000000001,100.0,TTNP
1996-08-02,213812.15625,213812.15625,213812.15625,213812.15625,213812.15625,0,213812.15625,208839.78125,205732.046875,226690.6075,199392.26359375,,51.298859717430204,-2273.7722588008037,-4584.830810014739,2311.058551213935,221987.60697579104,205732.046875,189476.48677420896,100.00000000000001,100.0,TTNP
1996-08-05,218784.53125,243646.40625,218784.53125,243646.40625,243646.40625,0,219779.00625,213563.5375,207223.759375,227187.845,200237.5675,,72.7617711006856,547.3675784244842,-3558.391132326894,4105.758710751378,230240.8075202503,207223.759375,184206.7112297497,100.00000000000001,100.0,TTNP
1996-08-06,223756.90625,223756.90625,223756.90625,223756.90625,223756.90625,0,221767.95625,216298.34375,207720.996875,227287.2925,200883.97640625,,55.273101855612694,1164.7977349009889,-2613.7533588813176,3778.5510937823065,231695.63178852192,207720.996875,183746.3619614781,85.96491228070177,95.32163742690058,TTNP
1996-08-07,223756.90625,223756.90625,223756.90625,223756.90625,223756.90625,0,223756.90625,218784.53125,208218.234375,227187.845,201530.3853125,,55.273101855612694,1635.2652622270107,-1763.949634659652,3399.2148968866627,233073.89312912236,208218.234375,183362.57562087764,71.92982456140352,85.96491228070175,TTNP
1996-08-08,223756.90625,223756.90625,223756.90625,223756.90625,223756.90625,0,225745.85625,219779.00625,209461.328125,226640.88375,202176.79421875,,55.273101855612694,1985.2296752348193,-1014.1137726807577,2999.343447915577,234809.4697776341,209461.328125,184113.1864723659,57.89473684210528,71.92982456140352,TTNP
1996-08-09,223756.90625,223756.90625,218784.53125,218784.53125,218784.53125,0,226740.33125,220276.24375,210455.803125,225994.475,202773.479375,,51.414473477697456,1840.1379227454017,-443.26343359552584,2283.4013563409276,235627.7609453872,210455.803125,185283.8453046128,54.38596491228071,61.40350877192983,TTNP
1996-08-12,228729.28125,228729.28125,228729.28125,228729.28125,228729.28125,0,223756.90625,221767.95625,211947.515625,225546.96125,203395.02640625,,57.76495627371118,2498.805205863435,145.15029429626634,2353.6549115671687,237730.8503020456,211947.515625,186164.1809479544,57.309941520467845,56.53021442495126,TTNP
1996-08-13,218784.53125,218784.53125,218784.53125,218784.53125,218784.53125,0,222762.43125,222265.19375,212941.990625,224900.5525,203917.1259375,,50.63718049337731,2193.065268638369,554.733289164687,1638.3319794736822,238163.01185383624,212941.990625,187720.96939616377,43.56725146198831,51.754385964912274,TTNP
1996-08-14,221270.71875,226243.09375,221270.71875,226243.09375,226243.09375,0,223259.66875,223508.2875,214433.703125,224403.315,204513.81109375,,55.1109718901059,2523.5182777225564,948.4902868762608,1575.0279908462956,239089.6145225761,214433.703125,189777.7917274239,41.66666666666668,47.51461988304093,TTNP
1996-08-15,236187.84375,236187.84375,226243.09375,228729.28125,228729.28125,0,224254.14375,225000.0,216049.725,223955.80125,205135.358125,,56.52538081286023,2951.990512444114,1349.1903319898315,1602.8001804542823,239994.69231530614,216049.725,192104.75768469388,36.11111111111112,40.44834307992202,TTNP
1996-08-16,228729.28125,228729.28125,223756.90625,223756.90625,223756.90625,0,225248.61875,225994.475,217417.128125,223955.80125,205707.18140625,,52.933049541851716,2857.3905195627885,1650.8303695044228,1206.5601500583657,239791.4343670905,217417.128125,195042.82188290948,41.66666666666668,39.81481481481481,TTNP
1996-08-19,228729.28125,228729.28125,228729.28125,228729.28125,228729.28125,0,225248.61875,224502.7625,219033.15,224055.24875,206328.7284375,,55.94801959437056,3147.367556256184,1950.1378068547751,1197.2297494014088,239708.90469484526,219033.15,198357.39530515473,44.44444444444446,40.74074074074073,TTNP
1996-08-20,233701.65625,238052.484375,233701.65625,238052.484375,238052.484375,0,229102.209375,225932.3203125,221115.33203125,223645.0278125,207043.5075,,60.99336994284018,4082.4214091497997,2376.59452731378,1705.8268818360198,240612.00029819322,221115.33203125,201618.66376430678,54.86111111111112,46.99074074074073,TTNP
1996-08-21,238052.484375,238674.03125,228729.28125,235566.296875,235566.296875,2,230966.85,227113.259375,222948.8953125,223185.083125,207733.4246875,,59.05110991579843,4570.161790657323,2815.3079799824886,1754.8538106748342,240546.90599288783,222948.8953125,205350.8846321122,68.05555555555556,55.78703703703703,TTNP
1996-08-22,233701.65625,238052.484375,228729.28125,228729.28125,228729.28125,1,230966.85,227610.496875,223694.7515625,222588.398125,208354.97171875,,53.96212499759145,4354.809996503318,3123.2083832866547,1231.6016132166633,240941.52940366312,223694.7515625,206447.97372133686,64.72222222222223,62.54629629629628,TTNP
1996-08-23,237430.9375,237430.9375,237430.9375,237430.9375,237430.9375,0,233701.65625,229475.1375,224875.690625,222165.74625,209063.5353125,,58.82563729799807,4830.6088330321945,3464.6884732357626,1365.920359796432,242484.67413981044,224875.690625,207266.70711018954,68.8888888888889,67.22222222222221,TTNP
1996-08-26,237430.9375,237430.9375,228729.28125,228729.28125,228729.28125,1,233701.65625,229475.1375,225621.546875,221569.06125,209685.08234375,,52.816786670951096,4454.186809423409,3662.588140473292,791.5986689501169,242543.15341249743,225621.546875,208699.94033750257,61.25,64.9537037037037,TTNP
1996-08-27,237430.9375,237430.9375,233701.65625,237430.9375,237430.9375,1,233577.346875,231339.778125,226802.4859375,221146.409375,210393.6459375,,57.49276322349374,4802.658522443031,3890.60221686724,912.0563055757912,243558.44904119836,226802.4859375,210046.52283380163,79.16666666666667,69.76851851851852,TTNP
1996-08-28,228729.28125,228729.28125,228729.28125,228729.28125,228729.28125,0,232209.94375,231588.396875,227548.3421875,220549.724375,211015.19296875,,51.94851540319375,4326.797303043102,3977.8412341024123,348.9560689406899,243217.73491048382,227548.3421875,211878.9494645162,64.58333333333333,68.33333333333331,TTNP
1996-08-29,236187.84375,236187.84375,236187.84375,236187.84375,236187.84375,0,233701.65625,232334.253125,228667.1265625,220102.210625,211711.325625,,55.87623029307392,4499.648372709315,4082.202661823793,417.44571088552175,243422.2880670016,228667.1265625,213911.9650579984,77.08333333333333,73.61111111111109,TTNP
1996-08-30,228729.28125,228729.28125,228729.28125,228729.28125,228729.28125,0,231961.325,232831.490625,229412.9828125,220201.658125,212332.87265625,,51.35553642746097,3988.809913072211,4063.5241120734763,-74.71419900126511,242503.29712825475,229412.9828125,216322.66849674526,62.5,68.05555555555553,TTNP
1996-09-03,228729.28125,228729.28125,228729.28125,228729.28125,228729.28125,0,231961.325,232831.490625,228667.1265625,220301.105625,212954.4196875,,51.35553642746097,3543.1238274525676,3959.4440551492944,-416.32022769672676,240012.0172062075,228667.1265625,217322.2359187925,60.11904761904762,66.56746031746029,TTNP
1996-09-04,228729.28125,228729.28125,223756.90625,223756.90625,223756.90625,0,229226.51875,231401.9328125,228667.1265625,220301.105625,213526.24296875,,48.33215941559637,2756.9053976656287,3718.9363236525614,-962.0309259869327,240012.0172062075,228667.1265625,217322.2359187925,30.952380952380953,51.19047619047617,TTNP
1996-09-05,233701.65625,233701.65625,200138.125,223756.90625,223756.90625,2,228232.04375,230220.99375,228667.1265625,220102.210625,214098.06625,,48.33215941559637,2109.5045720756752,3397.0499733371844,-1287.5454012615091,240012.0172062075,228667.1265625,217322.2359187925,34.715821812596005,41.9290834613415,TTNP
1996-09-06,228729.28125,243646.40625,228729.28125,237430.9375,237430.9375,3,228480.6625,231091.159375,229350.828125,220077.34875,214806.62984375,,56.499827431944304,2669.047676561313,3251.44951398201,-582.4018374206971,241071.5608724695,229350.828125,217630.0953775305,49.00153609831029,38.223246287762386,TTNP
1996-09-09,233701.65625,238674.03125,233701.65625,233701.65625,233701.65625,0,229475.1375,230718.23125,230096.684375,219977.90125,215552.48625,,53.99297771872802,2779.5271296305873,3157.0650371117254,-377.53790748113806,240895.15579920754,230096.684375,219298.21295079248,74.715821812596,52.81105990783408,TTNP
1996-09-10,233701.65625,233701.65625,233701.65625,233701.65625,233701.65625,1,230469.6125,231215.46875,230345.303125,219878.45375,216298.34265625,,53.99297771872802,2834.4095828371937,3092.533946256819,-258.1243634196253,241234.9746604824,230345.303125,219455.6315895176,80.0,67.90578597030208,TTNP
1996-09-11,233701.65625,238674.03125,233701.65625,238674.03125,238674.03125,0,233453.0375,231339.778125,231339.778125,220176.79625,217093.9228125,,56.94686590824357,3241.7643871120526,3122.3800344278657,119.38435268418698,241428.0028060372,231339.778125,221251.55344396282,80.95238095238095,78.55606758832563,TTNP
1996-09-12,233701.65625,233701.65625,233701.65625,233701.65625,233701.65625,0,235441.9875,231837.015625,231712.70625,220375.69125,217839.77921875,,53.26398031627233,3127.3171324885334,3123.3674540399993,3.949678448534087,241568.4878527574,231712.70625,221856.9246472426,80.95238095238095,80.63492063492062,TTNP
1996-09-13,233701.65625,233701.65625,233701.65625,233701.65625,233701.65625,0,234696.13125,231588.396875,231961.325,220574.58625,218585.635625,,53.26398031627233,3002.011538324936,3099.0962708969864,-97.0847325720506,241754.19002225867,231961.325,222168.45997774135,80.95238095238095,80.95238095238095,TTNP
1996-09-16,231215.46875,231215.46875,231215.46875,231215.46875,231215.46875,0,234198.89375,231837.015625,232334.253125,220425.415,219306.63015625,,51.33866296264663,2671.2983344836393,3013.536683614317,-342.23834913067776,241389.2333404746,232334.253125,223279.27290952537,75.23809523809524,79.04761904761904,TTNP
1996-09-17,231215.46875,241160.21875,231215.46875,241160.21875,241160.21875,0,235690.60625,233080.109375,232955.8,220972.37625,220127.0721875,,57.89481429793112,3175.0637920497684,3045.842105301407,129.2216867483612,242621.6033308247,232955.8,223289.99666917528,80.95238095238096,79.04761904761904,TTNP
1996-09-18,241160.21875,241160.21875,241160.21875,241160.21875,241160.21875,0,236187.84375,234820.440625,233111.18671875,221519.3375,220947.51421875,,57.89481429793112,3533.568765447155,3143.3874373305566,390.18132811659825,243190.7915216238,233111.18671875,223031.5819158762,86.66666666666669,80.95238095238095,TTNP
1996-09-19,241160.21875,241160.21875,231215.46875,231215.46875,231215.46875,0,235690.60625,235566.296875,232893.6453125,221867.40375,221668.50875,,50.070968366843616,2980.8667501266464,3110.8832998897747,-130.0165497631283,242939.6580576575,232893.6453125,222847.63256734252,86.66666666666669,84.76190476190476,TTNP
1996-09-20,241160.21875,241160.21875,231215.46875,231215.46875,231215.46875,0,235193.36875,234944.75,233017.9546875,222513.8125,222190.608125,,50.070968366843616,2513.8681141903216,2991.480262749884,-477.61214855956223,242915.19826836753,233017.9546875,223120.71110663246,79.04761904761908,84.12698412698414,TTNP
1996-09-23,231215.46875,231215.46875,231215.46875,231215.46875,231215.46875,0,235193.36875,234696.13125,232707.18125,223160.22125,222687.845625,,50.070968366843616,2119.337922340608,2817.051794668029,-697.7138723274206,242419.2365232931,232707.18125,222995.12597670688,71.42857142857146,79.04761904761905,TTNP
1996-09-24,241160.21875,241160.21875,228729.28125,228729.28125,228729.28125,0,232707.18125,234198.89375,232707.18125,223756.90625,223160.22125,,48.043700511256574,1587.7527244829398,2571.191980631011,-983.4392561480713,242419.2365232931,232707.18125,222995.12597670688,69.52380952380956,73.33333333333336,TTNP
1996-09-25,242403.3125,242403.3125,238674.03125,238674.03125,238674.03125,0,232209.94375,234198.89375,232769.3359375,224552.48625,223607.735,,55.759634818583095,1946.4879372784053,2446.25117196049,-499.76323468208466,242616.49034744955,232769.3359375,222922.18152755045,67.93650793650797,69.62962962962963,TTNP
1996-09-26,241160.21875,241160.21875,241160.21875,241160.21875,241160.21875,0,234198.89375,234944.75,233390.8828125,225447.51375,224080.110625,,57.460490556185576,2403.6944380466302,2437.739825177718,-34.045387131087864,243698.07168246465,233390.8828125,223083.69394253535,74.43001443001447,70.63011063011065,TTNP
1996-09-27,238674.03125,243646.40625,231215.46875,233701.65625,233701.65625,0,234696.13125,234944.75,233266.5734375,226193.37,224477.900625,,51.1119075290197,2139.5270875026763,2378.0972776427097,-238.57019014003345,243495.5053977291,233266.5734375,223037.64147727087,63.636363636363676,68.66762866762868,TTNP
1996-09-30,231215.46875,231215.46875,231215.46875,231215.46875,231215.46875,0,234696.13125,234944.75,233390.8828125,226889.5025,224801.105,,49.16205860497296,1709.8479429169383,2244.4474106975554,-534.599467780617,243455.33708349802,233390.8828125,223326.42854150198,46.969696969697004,61.6786916786917,TTNP
1996-10-01,231215.46875,231215.46875,231215.46875,231215.46875,231215.46875,1,235193.36875,233950.275,233515.1921875,227585.635,225124.309375,,49.16205860497296,1353.7192918264773,2066.30178692334,-712.5824950968627,243406.18849390355,233515.1921875,223624.19588109647,22.222222222222257,44.27609427609429,TTNP
1996-10-02,231215.46875,231215.46875,231215.46875,231215.46875,231215.46875,0,233701.65625,232955.8,233888.1203125,228281.7675,225646.40875,,49.16205860497297,1059.2741174185649,1864.8962530223848,-805.62213560382,242792.52501342644,233888.1203125,224983.71561157354,16.6666666666667,28.619528619528634,TTNP
1996-10-03,238674.03125,238674.03125,228729.28125,228729.28125,228729.28125,0,231215.46875,232707.18125,234136.7390625,228878.4525,226143.64625,,46.926180462954335,618.183606216684,1615.5537236612447,-997.3701174445607,242126.45760353317,234136.7390625,226147.02052146685,11.111111111111143,16.66666666666668,TTNP
1996-10-04,233701.65625,233701.65625,231215.46875,233701.65625,233701.65625,1,231215.46875,232955.8,233950.275,229276.2425,226690.6075,,51.66126791053386,662.2117401044816,1424.885326949892,-762.6735868454105,241796.55040430196,233950.275,226103.99959569803,16.6666666666667,14.814814814814826,TTNP
1996-10-07,233701.65625,233701.65625,233701.65625,233701.65625,233701.65625,0,231712.70625,233204.41875,233950.275,229674.0325,227237.56875,,51.66126791053385,689.1601442604151,1277.7402904119967,-588.5801461515816,241796.55040430196,233950.275,226103.99959569803,22.222222222222257,16.66666666666668,TTNP
1996-10-08,233701.65625,233701.65625,233701.65625,233701.65625,233701.65625,0,232209.94375,233701.65625,233950.275,230071.8225,227784.53,,51.66126791053386,702.4198894622386,1162.676210222045,-460.2563207598064,241796.55040430196,233950.275,226103.99959569803,33.33333333333337,24.074074074074087,TTNP
1996-10-09,233701.65625,233701.65625,223756.90625,223756.90625,223756.90625,1,230718.23125,232209.94375,233204.41875,230270.7175,228033.14875,,42.246272682393396,-88.50959665558184,912.4390488465197,-1000.9486455021015,241902.52257843676,233204.41875,224506.31492156326,22.222222222222257,25.925925925925938,TTNP
1996-10-10,223756.90625,231215.46875,223756.90625,231215.46875,231215.46875,0,231215.46875,231215.46875,233080.109375,230618.78375,228356.353125,,49.65669134860601,-112.18999635864748,707.5132398054863,-819.7032361641337,241817.21040003604,233080.109375,224343.00834996396,23.611111111111143,26.3888888888889,TTNP
1996-10-11,231215.46875,231215.46875,231215.46875,231215.46875,231215.46875,0,230718.23125,230966.85,232955.8,230966.85,228679.5575,,49.65669134860601,-129.46449759200914,540.1176923259872,-669.5821899179963,241724.6788261311,232955.8,224186.92117386888,25.00000000000003,23.611111111111118,TTNP
1996-10-14,223756.90625,223756.90625,223756.90625,223756.90625,223756.90625,0,228729.28125,230220.99375,232582.871875,231165.745,228928.17625,,43.22445982261705,-736.5083148250706,284.7924908957756,-1021.3008057208461,242208.62446866644,232582.871875,222957.11928133358,25.00000000000003,24.53703703703704,TTNP
1996-10-15,223756.90625,228729.28125,223756.90625,223756.90625,223756.90625,0,226740.33125,229475.1375,231712.70625,230767.955,228977.9,,43.22445982261704,-1203.7191879868624,-12.909844880752019,-1190.8093431061104,241225.41974798235,231712.70625,222199.99275201763,12.500000000000028,20.83333333333334,TTNP
1996-10-16,223756.90625,223756.90625,223756.90625,223756.90625,223756.90625,0,226740.33125,228729.28125,230842.540625,230767.955,229027.62375,,43.22445982261704,-1556.0499953018152,-321.5378749649647,-1234.5121203368506,239912.86683056908,230842.540625,221772.2144194309,2.842170943040401e-14,12.500000000000005,TTNP
1996-10-17,223756.90625,223756.90625,223756.90625,223756.90625,223756.90625,0,225248.61875,228232.04375,230469.6125,230767.955,228977.9,,43.22445982261704,-1814.3598871263093,-620.1022773972336,-1194.2576097290757,240047.08313434492,230469.6125,220892.14186565505,2.842170943040401e-14,4.166666666666671,TTNP
1996-10-18,223756.90625,223756.90625,223756.90625,223756.90625,223756.90625,0,223756.90625,227237.56875,230096.684375,230767.955,228704.419375,,43.22445982261704,-1996.0629660529085,-895.2944151283687,-1100.7685509245398,240100.30706563793,230096.684375,220093.0616843621,2.842170943040401e-14,4.736951571734001e-15,TTNP
1996-10-21,228729.28125,228729.28125,223756.90625,223756.90625,223756.90625,0,223756.90625,226243.09375,229723.75625,230867.4025,228430.93875,,43.22445982261704,-2115.675771866576,-1139.3706864760102,-976.3050853905656,240082.5393363622,229723.75625,219364.9731636378,2.842170943040401e-14,4.736951571734001e-15,TTNP
1996-10-22,223756.90625,224067.671875,223756.90625,224067.671875,224067.671875,0,223819.059375,225279.6953125,229490.67578125,230774.1703125,228160.56578125,,43.6984725550449,-2160.4888231807854,-1343.5943138169653,-816.8945093638201,240134.33788585235,229490.67578125,218847.01367664765,0.6944269868803198,0.2314756622934352,TTNP
1996-10-23,223756.90625,228729.28125,223756.90625,228729.28125,228729.28125,0,224813.534375,225776.9328125,228993.43828125,230973.0653125,227936.80890625,,50.38946081285077,-1799.1115334904753,-1434.6977577516673,-364.413775738808,238768.28883073048,228993.43828125,219218.58773176954,17.361093653546988,6.0185068801424215,TTNP
1996-10-24,223756.90625,223756.90625,223756.90625,223756.90625,223756.90625,0,224813.534375,225031.0765625,228123.27265625,230923.3415625,227663.32828125,,44.33679046789246,-1892.1351779383258,-1526.185241788999,-365.94993614932673,236393.52625289906,228123.27265625,219853.01905960092,17.361093653546988,11.805538097991407,TTNP
1996-10-25,223756.90625,228729.28125,223756.90625,228729.28125,228729.28125,0,225808.009375,224782.4578125,227874.65390625,230923.3415625,227439.57140625,,50.71250338157518,-1546.7974614466075,-1530.3076857205208,-16.48977572608669,235748.63803125263,227874.65390625,220000.66978124736,33.333333333333364,22.685173546809086,TTNP
1996-10-28,223756.90625,223756.90625,223756.90625,223756.90625,223756.90625,0,225808.009375,224782.4578125,227501.72578125,230923.3415625,227439.57140625,,45.143923043859346,-1655.2630971132603,-1555.2987679990688,-99.96432911419151,235413.8863485812,227501.72578125,219589.56521391877,16.666666666666696,22.45369788451566,TTNP
1996-10-29,223756.90625,228729.28125,221270.71875,228729.28125,228729.28125,1,226740.33125,225279.6953125,227377.41640625,230923.3415625,227489.29515625,,50.944865938356365,-1324.7232037225622,-1509.1836551437675,184.46045142120533,235128.76949319732,227377.41640625,219626.0633193027,41.66666666666669,30.55555555555556,TTNP
1996-10-30,221270.71875,228729.28125,221270.71875,228729.28125,228729.28125,0,226740.33125,225776.9328125,227253.10703125,230736.8775,227190.95265625,197255.69578125,50.94486593835635,-1050.6566410521045,-1417.4782523254348,366.8216112733303,234832.09389943897,227253.10703125,219674.12016306102,50.00000000000003,36.111111111111114,TTNP
1996-10-31,226243.09375,226243.09375,226243.09375,226243.09375,226243.09375,0,227237.56875,226025.5515625,227128.79765625,230550.4134375,226867.74828125,197752.933359375,48.00134824018098,-1022.2871786629839,-1338.4400375929447,316.15285892996076,234688.3901033437,227128.79765625,219569.20520915632,72.22222222222224,54.629629629629626,TTNP
1996-11-01,226243.09375,226243.09375,226243.09375,226243.09375,226243.09375,0,226740.33125,226274.1703125,226755.86953125,230500.6896875,226544.54390625,198212.878125,48.00134824018097,-988.4103955528408,-1268.434109184924,280.0237136320832,233691.82921133147,226755.86953125,219819.90985116854,69.44444444444447,63.88888888888889,TTNP
1996-11-04,226243.09375,226243.09375,226243.09375,226243.09375,226243.09375,0,227237.56875,226522.7890625,226382.94140625,230276.9328125,226221.33953125,198672.822890625,48.001348240180974,-950.6048202323145,-1204.868251394402,254.2634311620875,232543.70696825092,226382.94140625,220222.17584424908,66.6666666666667,69.44444444444446,TTNP
1996-11-05,226243.09375,226243.09375,226243.09375,226243.09375,226243.09375,0,226740.33125,226740.33125,226010.01328125,230227.2090625,225898.13515625,199132.76765625,48.001348240180974,-910.1519641238556,-1145.9249939402928,235.7730298164372,231176.24254879597,226010.01328125,220843.78401370402,66.6666666666667,67.59259259259261,TTNP
1996-11-06,226243.09375,226243.09375,226243.09375,226243.09375,226243.09375,0,226243.09375,226491.7125,226134.32265625,230003.4521875,225574.93078125,199567.850546875,48.00134824018098,-868.0860288351832,-1090.3572009192708,222.27117208408754,231196.30651676614,226134.32265625,221072.33879573387,66.6666666666667,66.66666666666669,TTNP
1996-11-07,221270.71875,226243.09375,221270.71875,226243.09375,226243.09375,0,226243.09375,226740.33125,225885.70390625,229953.7284375,225251.72640625,200002.9334375,48.001348240180974,-825.2356689499284,-1037.3328945254023,212.09722557547389,230381.83475150654,225885.70390625,221389.57306099348,66.6666666666667,66.66666666666669,TTNP
1996-11-08,226243.09375,226243.09375,221270.71875,221270.71875,221270.71875,0,225248.61875,225994.475,225388.46640625,229655.3859375,224878.79828125,200413.154453125,40.670076563744864,-1178.9157497355773,-1065.6494655674373,-113.26628416813992,229608.0103380766,225388.46640625,221168.9224744234,44.44444444444448,59.25925925925929,TTNP
1996-11-11,221270.71875,221270.71875,218784.53125,218784.53125,218784.53125,0,223756.90625,225497.2375,225139.84765625,229456.4909375,224829.07453125,200810.94453125,37.57955223609514,-1640.908938388311,-1180.701360131612,-460.207578256699,230214.02739903633,225139.84765625,220065.66791346367,22.222222222222253,44.444444444444464,TTNP
1996-11-12,223756.90625,223756.90625,223756.90625,223756.90625,223756.90625,0,223259.66875,225000.0,225139.84765625,229357.0434375,224829.07453125,201233.596484375,46.35902644012814,-1587.5129017100844,-1262.0636684473066,-325.44923326277785,230214.02739903633,225139.84765625,220065.66791346367,16.666666666666696,27.7777777777778,TTNP
1996-11-13,213812.15625,213812.15625,213812.15625,213812.15625,213812.15625,0,220773.48125,223508.2875,224642.61015625,229158.1484375,224729.62703125,201631.3865625,35.58032929251707,-2320.9004752332985,-1473.8310298045049,-847.0694454287936,231716.44452446108,224642.61015625,217568.77578803894,16.666666666666696,18.518518518518537,TTNP
1996-11-14,223756.90625,223756.90625,213812.15625,213812.15625,213812.15625,0,218287.29375,222265.19375,224145.37265625,228959.2534375,224530.73203125,202029.176640625,35.58032929251707,-2869.042870726029,-1752.8733979888098,-1116.1694727372192,232651.42957026468,224145.37265625,215639.3157422353,16.666666666666696,16.666666666666686,TTNP
1996-11-15,213812.15625,213812.15625,213812.15625,213812.15625,213812.15625,0,216795.58125,221022.1,223648.13515625,228486.8778125,224282.11328125,202426.96671875,35.58032929251707,-3265.803518240544,-2055.4594220391564,-1210.3440962013874,233275.64338676995,223648.13515625,214020.62692573006,2.842170943040401e-14,11.111111111111128,TTNP
1996-11-18,223756.90625,223756.90625,208839.78125,218784.53125,218784.53125,0,216795.58125,220276.24375,223399.51640625,228188.5353125,224083.21828125,202824.756796875,43.74793045111816,-3142.782048136636,-2272.9239472586523,-869.8581008779838,233257.0126379762,223399.51640625,213542.02017452382,16.666666666666696,11.111111111111128,TTNP
1996-11-19,208839.78125,208839.78125,208839.78125,208839.78125,208839.78125,0,213812.15625,218535.9125,222638.121875,227691.2978125,223784.87578125,203172.823125,34.36383654326779,-3803.895915740286,-2579.118340954979,-1224.777574785307,234349.62206274638,222638.121875,210926.62168725365,16.666666666666696,11.111111111111128,TTNP
1996-11-20,208839.78125,218784.53125,208839.78125,208839.78125,208839.78125,0,212817.68125,216795.58125,221643.646875,227094.6128125,223635.70453125,203570.613203125,34.36383654326779,-4278.513379922748,-2918.9973487485327,-1359.5160311742152,234444.49492657368,221643.646875,208842.79882342633,16.666666666666696,16.666666666666686,TTNP
1996-11-21,208839.78125,218784.53125,208839.78125,218784.53125,218784.53125,0,213812.15625,216049.725,221395.028125,226796.2703125,223585.98078125,204018.12703125,47.43949886020103,-3808.293291975424,-3096.856537393911,-711.436754581513,234215.1763730623,221395.028125,208574.87987693772,19.047619047619076,17.46031746031748,TTNP
1996-11-22,208839.78125,208839.78125,208839.78125,208839.78125,208839.78125,0,212817.68125,214806.63125,220400.553125,226299.0328125,223436.80953125,204415.917109375,39.05969204575779,-4189.801276723534,-3315.4454852598356,-874.3557914636986,233860.4517144372,220400.553125,206940.65453556282,19.047619047619076,18.25396825396827,TTNP
1996-11-25,208839.78125,218784.53125,208839.78125,208839.78125,208839.78125,1,210828.73125,213812.15625,219654.696875,225851.5190625,223138.46703125,204813.7071875,39.05969204575779,-4440.956520879758,-3540.54769238382,-900.4088284959375,233917.26788672514,219654.696875,205392.12586327485,19.047619047619076,19.047619047619065,TTNP
1996-11-26,208839.78125,208839.78125,208839.78125,208839.78125,208839.78125,0,210828.73125,212320.44375,218660.221875,225205.1103125,223088.74328125,205136.911640625,39.05969204575779,-4587.121381447971,-3749.86243019665,-837.2589512513205,233026.42782651607,218660.221875,204294.0159234839,2.842170943040401e-14,12.698412698412715,TTNP
1996-11-27,208839.78125,208839.78125,208839.78125,208839.78125,208839.78125,0,210828.73125,211823.20625,217665.746875,224558.7015625,223039.01953125,205460.11609375,39.05969204575781,-4649.363122560404,-3929.762568669401,-719.6005538910031,231858.8075319972,217665.746875,203472.6862180028,2.842170943040401e-14,6.349206349206366,TTNP
1996-11-29,208839.78125,208839.78125,208839.78125,208839.78125,208839.78125,0,208839.78125,211325.96875,216795.58125,224111.1878125,222989.29578125,205783.320546875,39.0596920457578,-4645.143824314466,-4072.838819798414,-572.3050045160517,230912.22305722354,216795.58125,202678.93944277643,2.842170943040401e-14,1.6579330501069005e-14,TTNP
1996-12-02,208839.78125,208839.78125,208839.78125,208839.78125,208839.78125,0,208839.78125,210828.73125,215925.415625,223663.6740625,223088.74328125,206106.525,39.0596920457578,-4588.901994357526,-4176.051454710237,-412.8505396472892,229747.81322072085,215925.415625,202103.01802927913,2.842170943040401e-14,1.6579330501069005e-14,TTNP
1996-12-03,208839.78125,208839.78125,208839.78125,208839.78125,208839.78125,0,208839.78125,209834.25625,215055.25,223216.1603125,223188.19078125,206429.729453125,39.05969204575781,-4492.542703145009,-4239.349704397191,-253.1929987478179,228351.12413280807,215055.25,201759.37586719193,2.842170943040401e-14,1.6579330501069005e-14,TTNP
1996-12-04,208839.78125,208839.78125,208839.78125,208839.78125,208839.78125,0,208839.78125,209834.25625,214185.084375,222818.3703125,223287.63828125,206752.93390625,39.0596920457578,-4365.850464125018,-4264.649856342757,-101.20060778226161,226692.85623482015,214185.084375,201677.31251517986,2.842170943040401e-14,1.6579330501069005e-14,TTNP
1996-12-05,211325.96875,211325.96875,211325.96875,211325.96875,211325.96875,0,209337.01875,210082.875,213439.228125,222271.4090625,223411.94765625,207088.569296875,43.568223577531704,-4018.5085336777265,-4215.421591809751,196.91305813202416,224698.66599411986,213439.228125,202179.79025588013,5.555555555555585,1.8518518518518687,TTNP
1996-12-06,223756.90625,223756.90625,208839.78125,208839.78125,208839.78125,0,209337.01875,209088.4,212569.0625,221625.0003125,223536.25703125,207411.77375,40.353138510223104,-3898.907921120117,-4152.118857671824,253.21093655170716,222325.56677106963,212569.0625,202812.55822893037,5.555555555555585,3.7037037037037206,TTNP
1996-12-09,208839.78125,208839.78125,208839.78125,208839.78125,208839.78125,0,209337.01875,209088.4,211947.515625,221127.7628125,223660.56640625,207809.563828125,40.35313851022312,-3760.7717383912823,-4073.8494338157157,313.0776954244334,220963.1596369272,211947.515625,202931.8716130728,5.555555555555585,5.555555555555572,TTNP
1996-12-10,211325.96875,223756.90625,211325.96875,223756.90625,223756.90625,0,212320.44375,210580.1125,212196.134375,220978.5915625,223934.04703125,208281.93953125,60.5902003816432,-2419.7175013428787,-3743.023047321148,1323.3055459782695,222175.01089863176,212196.134375,202217.25785136822,33.333333333333364,14.814814814814833,TTNP
1996-12-11,208839.78125,211325.96875,206353.59375,206353.59375,206353.59375,0,211823.20625,210331.49375,211325.96875,220481.3540625,224033.49453125,208667.298671875,42.48138611364425,-2729.7572871158773,-3540.369895280094,810.6126081642169,220080.73834924883,211325.96875,202571.19915075117,33.333333333333364,24.074074074074094,TTNP
1996-12-12,206353.59375,206353.59375,206353.59375,206353.59375,206353.59375,0,210828.73125,210082.875,210953.040625,219984.1165625,224132.94203125,209052.6578125,42.48138611364424,-2941.557606030721,-3420.6074374302198,479.04983139949854,219886.03374944473,210953.040625,202020.04750055526,33.333333333333364,33.33333333333335,TTNP
1996-12-13,188950.28125,188950.28125,179005.53125,179005.53125,179005.53125,1,204861.88125,207099.45,209212.709375,218989.6415625,223934.04703125,209226.691015625,27.50151098805575,-5255.587826194387,-3787.6035151830533,-1467.9843110113338,225649.77472573027,209212.709375,192775.64402426974,2.842170943040401e-14,22.22222222222224,TTNP
1996-12-16,186464.09375,186464.09375,179005.53125,179005.53125,179005.53125,1,198895.03125,204116.025,207472.378125,217895.7190625,223585.98078125,209400.72421875,27.50151098805575,-7008.6817271637265,-4431.819157579188,-2576.8625695845385,228360.79227373804,207472.378125,186583.96397626193,2.842170943040401e-14,11.111111111111127,TTNP
1996-12-17,179005.53125,186464.09375,179005.53125,181491.71875,181491.71875,1,190441.99375,201381.21875,205607.7375,216851.5203125,223262.77640625,209587.188359375,30.100245109137997,-8103.988980320166,-5166.253122127384,-2937.735858192782,228669.05310980088,205607.7375,182546.4218901991,1.8518518518518803,0.6172839506172981,TTNP
1996-12-18,186464.09375,186464.09375,179005.53125,186464.09375,186464.09375,0,186464.09375,199143.65,204488.953125,215906.7690625,222989.29578125,209798.514375,35.11009497262735,-8473.12584270406,-5827.627666242719,-2645.4981764613403,228943.48566170712,204488.953125,180034.42058829288,7.407407407407436,3.086419753086434,TTNP
1996-12-19,179005.53125,186464.09375,179005.53125,179005.53125,179005.53125,0,180994.48125,195911.60625,202997.240625,215011.7415625,222641.22953125,209972.547578125,31.466925963831144,-9260.760839241819,-6514.254300842539,-2746.5065383992796,229740.80721353542,202997.240625,176253.6740364646,7.407407407407436,5.5555555555555705,TTNP
1996-12-20,186464.09375,186464.09375,174033.15625,174033.15625,174033.15625,0,180000.00625,192430.94375,200759.671875,213868.0953125,222243.43953125,210121.71890625,29.285252674690742,-10168.97474434413,-7245.1983895428575,-2923.7763548012726,229275.0611571454,200759.671875,172244.2825928546,5.555555555555583,6.790123456790138,TTNP
1996-12-23,174033.15625,174033.15625,164088.390625,164088.390625,164088.390625,0,177016.578125,187955.8046875,198522.10234375,212525.55375,221746.201875,210221.16640625,25.48025399497104,-11557.96722988761,-8107.752157611808,-3450.2150722758024,230910.36405203713,198522.10234375,166133.8406354629,2.842170943040401e-14,4.3209876543210015,TTNP
1996-12-24,166574.578125,174033.15625,164088.390625,164088.390625,164088.390625,0,173535.9125,181988.953125,196284.5328125,211332.1834375,221248.96421875,210320.61390625,25.48025399497104,-12514.494479474233,-8989.100621984293,-3525.3938574899403,231566.50877472915,196284.5328125,161002.55685027083,2.842170943040401e-14,1.8518518518518656,TTNP
1996-12-26,171546.96875,171546.96875,164088.390625,164088.390625,164088.390625,0,169060.771875,177762.4328125,194046.96328125,210138.813125,220453.3840625,210345.47578125,25.48025399497104,-13121.295094056637,-9815.539516398761,-3305.7555776578756,231471.31925241748,194046.96328125,156622.60731008253,2.842170943040401e-14,1.4210854715202004e-14,TTNP
1996-12-27,164088.390625,171546.96875,164088.390625,164088.390625,164088.390625,1,166077.34375,173535.9125,191809.39375,208945.4428125,219856.69890625,210370.33765625,25.480253994971036,-13447.178252557875,-10541.867263630584,-2905.310988927291,230749.00433686445,191809.39375,152869.78316313552,2.842170943040401e-14,1.4210854715202004e-14,TTNP
1996-12-30,164088.390625,164088.390625,164088.390625,164088.390625,164088.390625,0,164088.390625,172044.1984375,189571.82421875,207752.0725,219260.01375,210395.19953125,25.48025399497104,-13549.255618875875,-11143.344934679642,-2405.910684196233,229471.07717164495,189571.82421875,149672.57126585505,2.842170943040401e-14,1.4210854715202004e-14,TTNP
1996-12-31,164088.390625,164088.390625,164088.390625,164088.390625,164088.390625,0,164088.390625,170552.484375,187334.2546875,206558.7021875,218663.32859375,210420.06140625,25.48025399497104,-13474.823291986831,-11609.64060614108,-1865.1826858457516,227677.20649427985,187334.2546875,146991.30288072018,2.842170943040401e-14,1.4210854715202004e-14,TTNP
1997-01-02,166574.578125,167817.671875,166574.578125,167817.671875,167817.671875,0,164834.246875,169185.0796875,185283.14921875,205439.9175,218153.66,210463.5696875,30.74407547237698,-12965.45560519924,-11880.803605952711,-1084.6519992465292,225213.18167926493,185283.14921875,145353.1167582351,2.9411753832663305,0.9803917944221149,TTNP
1997-01-03,166885.359375,174033.15625,166574.578125,174033.15625,174033.15625,0,166823.2,167941.9859375,183542.81796875,204439.2271875,217606.69875,210500.862578125,38.536643206321045,-11922.801762500138,-11889.203237262196,-33.59852523794143,222229.0166277957,183542.81796875,144856.61930970429,16.274521286037956,6.405232223101424,TTNP
1997-01-06,174033.15625,174033.15625,166574.578125,166574.578125,166574.578125,0,167320.4375,166698.890625,181305.2484375,203196.133125,217084.59921875,210500.862578125,33.64445752318003,-11565.021630613395,-11824.366915932436,259.34528531904107,218450.88931594888,181305.2484375,144159.60755905113,19.978222403437666,13.06463969091397,TTNP
1997-01-07,169060.78125,169060.78125,139226.515625,161602.203125,161602.203125,3,166823.2,165455.7953125,178943.36953125,201953.0390625,216438.1903125,210476.000703125,30.83415178159897,-11549.571138330473,-11769.407760412043,219.83662208156966,214769.2909831301,178943.36953125,143117.4480793699,32.82651548162204,23.026419723699206,TTNP
1997-01-08,164088.390625,169060.78125,161602.203125,166574.578125,166574.578125,3,167320.4375,165704.4140625,176830.109375,200709.945,215816.64328125,210476.000703125,36.542466528201494,-11009.190312315855,-11617.364270792805,608.1739584769493,210258.71220795115,176830.109375,143401.50654204885,38.791408809512355,30.53204889819067,TTNP
1997-01-09,174033.15625,174033.15625,161602.203125,161602.203125,161602.203125,1,166077.34375,165455.7953125,173722.37421875,199466.8509375,215195.09625,210451.138828125,33.559701914939886,-10857.010858175461,-11465.293588269336,608.2827300938752,199890.9123689771,173722.37421875,147553.83606852288,50.87717615356333,40.83170014823256,TTNP
1997-01-10,174033.15625,174033.15625,166574.578125,174033.15625,174033.15625,1,166077.34375,166450.271875,172106.35234375,198372.9284375,214648.135,210488.43171875,45.529972253260745,-9622.412337317015,-11096.717338078872,1474.3050007618567,193586.7224893691,172106.35234375,150625.98219813092,59.64911410241783,49.772566355164486,TTNP
1997-01-13,174033.15625,174033.15625,169060.78125,174033.15625,174033.15625,0,167569.059375,167444.7484375,170490.33046875,197279.0059375,214007.94171875,210525.724609375,45.529972253260745,-8545.477173256222,-10586.469305114342,2040.99213185812,185225.5943164706,170490.33046875,155755.0666210294,73.68420820508923,61.40349948702345,TTNP
1997-01-14,174033.15625,185221.0,171546.96875,176519.34375,176519.34375,2,170552.4875,168687.84375,170366.02109375,196284.5309375,213417.4721875,210575.4484375,47.714958269884136,-7406.011849011935,-9950.377813893861,2544.3659648819266,184851.6781633895,170366.02109375,155880.3640241105,84.9217689130102,72.75169707350574,TTNP
1997-01-15,181491.71875,182734.8125,171546.96875,177762.4375,177762.4375,0,172790.059375,170055.2484375,170303.86640625,195314.9178125,212907.80375,210631.387734375,48.82041690629262,-6329.7051921366365,-9226.243289542417,2896.5380974057807,184650.71190975452,170303.86640625,155957.02090274545,88.28829226692834,82.29808979500923,TTNP
1997-01-16,177762.4375,177762.4375,177762.4375,177762.4375,177762.4375,0,176022.10625,171049.725,170117.40234375,194345.3046875,212311.11875,210687.32703125,48.82041690629263,-5414.311598378088,-8463.856951309552,3049.5453529314636,183966.06108941868,170117.40234375,156268.74359808132,82.88288869781832,85.36431662591893,TTNP
1997-01-17,172790.0625,183977.90625,171546.96875,183977.90625,183977.90625,0,178011.05625,172044.2,169993.09296875,193500.0009375,211863.605,210774.343671875,54.40993791354357,-4139.6004596968705,-7599.005652987015,3459.405193290145,183286.07560967593,169993.09296875,156700.11032782405,88.28829226692834,86.48649107722497,TTNP
1997-01-20,188950.28125,188950.28125,169060.78125,179005.53125,179005.53125,1,179005.53125,173287.2953125,169993.09296875,192555.2496875,211279.3509375,210836.4984375,49.73068065570708,-3490.3769127563282,-6777.279904940878,3286.9029921845495,183286.07560967593,169993.09296875,156700.11032782405,87.02703126427872,86.06607074300842,TTNP
1997-01-21,174033.15625,181491.71875,169060.78125,169060.78125,169060.78125,0,177513.81875,174033.153125,169744.47421875,191411.6034375,210682.6659375,210848.929453125,41.95864436934185,-3735.2630009053973,-6168.8765241337815,2433.613523228384,182911.30987221765,169744.47421875,156577.63856528234,79.09910568986949,84.8048097403588,TTNP
1997-01-22,177451.65625,177451.65625,169060.78125,169060.78125,169060.78125,0,175773.4875,174281.7734375,169993.09375,190367.4046875,210011.3953125,210861.36046875,41.95864436934185,-3884.558220954903,-5712.012863498006,1827.4546425431026,182908.72557083418,169993.09375,157077.46192916582,66.6666771412019,77.59760469844998,TTNP
1997-01-23,169060.78125,176519.34375,169060.78125,169060.78125,169060.78125,0,174033.15625,175027.63125,170241.71328125,189372.9296875,209414.7103125,210873.791484375,41.95864436934185,-3957.2589406979096,-5361.062078937986,1403.8031382400768,182881.61186338734,170241.71328125,157601.81469911267,60.000012569442276,68.58859846683784,TTNP
1997-01-24,171546.96875,171546.96875,171546.96875,171546.96875,171546.96875,0,171546.96875,174779.0125,170614.6421875,188328.7309375,208842.8871875,210898.6534375,44.659180908231924,-3770.792878494307,-5043.00823884925,1272.2153603549432,182942.61017560013,170614.6421875,158286.67419939986,61.66667871238218,62.77778947434208,TTNP
1997-01-27,183977.90625,183977.90625,171546.96875,176519.34375,176519.34375,0,171049.73125,175027.63125,171236.18984375,187582.8746875,208370.5115625,210948.377265625,49.699937366815554,-3185.0725405456615,-4671.421099188532,1486.3485586428706,183438.16578933704,171236.18984375,159034.21389816297,59.84850136102472,60.50506421428302,TTNP
1997-01-28,169060.78125,176519.34375,164088.390625,169060.78125,169060.78125,1,171049.73125,174281.775,171484.809375,186687.8471875,207823.5503125,210960.80828125,43.3251442857263,-3284.862759639538,-4394.109431278734,1109.2466716391955,183290.2845482843,171484.809375,159679.3342017157,48.939420112741225,56.818200062049335,TTNP
1997-01-29,164088.390625,164088.390625,149171.265625,159116.015625,159116.015625,1,169060.778125,172417.1328125,171236.190625,185593.924375,207040.40109375,210923.51546875,36.58672684837557,-4118.926283036271,-4339.072801630241,220.14651859396963,183836.90523317188,171236.190625,158635.4760168281,35.60607984002858,48.1313337712648,TTNP
1997-01-30,161602.203125,161602.203125,144198.890625,151657.453125,151657.453125,1,165580.1125,169806.634375,170428.1796875,184251.3828125,206219.9590625,210886.22265625,32.50358537585489,-5320.440567372338,-4535.3463547786605,-785.0942125936772,185610.22896505365,170428.1796875,155246.13040994635,22.979806617398847,35.841768856722844,TTNP
1997-01-31,147928.171875,149171.265625,129281.765625,129281.765625,129281.765625,2,157127.071875,164337.0203125,168190.61015625,182660.2225,205175.76015625,210737.05140625,23.8898688783111,-7986.121239517437,-5225.501331726416,-2760.6199077910214,191567.3947399912,168190.61015625,144813.82557250882,13.888883675868257,24.158256711098527,TTNP
1997-02-03,149171.265625,149171.265625,149171.265625,149171.265625,149171.265625,0,151657.45625,161353.59375,167320.44453125,181466.8521875,204280.7325,210687.32765625,39.290771621136386,-8396.980783340317,-5859.797222049196,-2537.183561291122,192125.08292791707,167320.44453125,142515.8061345829,16.666661817344764,17.845117370203923,TTNP
1997-02-04,134254.140625,139226.515625,131767.953125,139226.515625,139226.515625,0,145690.603125,158370.1671875,166201.66015625,179875.691875,203335.98109375,210587.88015625,35.43035722135583,-9416.500587949791,-6571.137895229314,-2845.362692720477,193798.35349803072,166201.66015625,138604.96681446928,16.666662302276805,15.740735931829908,TTNP
1997-02-05,131767.953125,131767.953125,121823.203125,121823.203125,121823.203125,1,138232.040625,153646.409375,163964.09140625,178135.3603125,202217.1965625,210401.41609375,29.894795602247264,-11496.25755067289,-7556.16182631803,-3940.09572435486,197659.97103401742,163964.09140625,130268.21177848257,16.666662302276805,16.666662140632756,TTNP
1997-02-06,129281.765625,129281.765625,118093.921875,129281.765625,129281.765625,1,133756.903125,149668.5078125,162348.06953125,176544.2,201197.85953125,210252.24484375,34.61004932128934,-12399.70024168762,-8524.869509391949,-3874.8307322956716,199286.1696198553,162348.06953125,125409.96944264468,10.818710834882372,14.717345146478628,TTNP
1997-02-07,129281.765625,129281.765625,129281.765625,129281.765625,129281.765625,0,133756.903125,145441.9875,160110.5,174953.0396875,200079.075,210103.07359375,34.61004932128934,-12966.21858659442,-9413.139324832442,-3553.0792617619772,199299.32760438562,160110.5,120921.67239561438,10.923532750202847,12.802968629120642,TTNP
1997-02-10,124309.390625,124309.390625,119337.015625,119337.015625,119337.015625,1,127790.053125,139723.7546875,157375.69296875,173162.984375,198860.84296875,209904.17859375,31.349481269584047,-14055.622206261061,-10341.635901118167,-3713.9863051428947,199797.0892826161,157375.69296875,114954.29665488387,11.552463418656115,11.098235667913746,TTNP
1997-02-11,124309.390625,124309.390625,114364.640625,116850.828125,116850.828125,2,123314.915625,134502.759375,154392.2671875,171323.2053125,197717.1965625,209692.85265625,30.57400576187722,-14947.293877438497,-11262.767496382232,-3684.5263810562647,199326.9821495774,154392.2671875,109457.55222542258,7.479782607801336,9.985259592220066,TTNP
1997-02-12,114364.640625,114364.640625,114364.640625,114364.640625,114364.640625,0,121823.203125,130027.621875,151222.37734375,169433.7025,196548.68828125,209369.648203125,29.780670280266797,-15673.885854828957,-12144.991168071578,-3528.8946867573795,198021.36245876548,151222.37734375,104423.39222873453,1.8194065917219338,6.950550872726428,TTNP
1997-02-13,109392.265625,109392.265625,93232.046875,94475.140625,94475.140625,1,114861.878125,124309.390625,147058.0125,167146.4096875,195181.285,208934.5653125,24.33951494210902,-17651.16007238753,-13246.224948934769,-4404.935123452762,198282.53871558618,147058.0125,95833.48628441383,1.6470968492119706,3.6487620162450463,TTNP
1997-02-14,94475.140625,104419.890625,79558.0078125,79558.0078125,79558.0078125,2,104917.1265625,119337.01484375,141837.017578125,164560.77421875,193689.572265625,208424.8967578125,21.209582583749633,-20189.12442648741,-14634.804844445298,-5554.319582042113,197993.50740587822,141837.017578125,85680.52775037178,0.45662092594333475,1.3077081222923794,TTNP
1997-02-18,94475.140625,94475.140625,79558.0078125,87016.578125,87016.578125,5,98453.0390625,113121.54609375,137237.569921875,162074.58640625,192172.997734375,207890.3663671875,26.311986080269854,-21352.496879255254,-15978.343251407288,-5374.153627847965,195492.93971261365,137237.569921875,78982.20013113636,3.3978002054473424,1.8338393268675155,TTNP
1997-02-19,89502.765625,94475.140625,87016.578125,91988.953125,91988.953125,8,93480.6640625,108397.78984375,133383.978515625,159737.56984375,190681.285078125,207380.6978515625,29.585804510643605,-21623.981030235707,-17107.470807172973,-4516.510223062734,192892.22627263417,133383.978515625,73875.73075861581,7.991687023186773,3.94870271819245,TTNP
1997-02-20,88259.671875,93853.59375,87016.578125,93853.59375,93853.59375,1,89378.4546875,105600.82890625,129623.619140625,157437.84609375,189282.804453125,206880.3525390625,30.8269160888075,-21441.508893194914,-17974.27842437736,-3467.2304688175536,189143.6473149056,129623.619140625,70103.5909663444,14.836928091109248,8.74213843991442,TTNP
1997-02-21,87016.578125,91988.953125,87016.578125,91988.953125,91988.953125,1,88881.2171875,101871.54765625,125770.027734375,154802.48703125,187890.539296875,206345.8221484375,30.25266876337825,-21202.94497365362,-18620.011734232612,-2582.933239421007,184553.0929244037,125770.027734375,66986.96254434632,17.848132836873415,13.55891598372311,TTNP
1997-02-24,89502.765625,89502.765625,79558.0078125,79558.0078125,79558.0078125,3,88881.2171875,96899.171875,121170.5796875,152266.5753125,186373.9646875,205749.13703125,26.683947158394837,-21766.04927844429,-19249.21924307495,-2516.830035369341,179298.31450569085,121170.5796875,63042.844869309134,12.79762509319068,15.16089534039108,TTNP
1997-02-25,82044.1953125,94475.140625,82044.1953125,94475.140625,94475.140625,0,90372.9296875,94412.984375,117068.36953125,150029.00625,185006.56140625,205326.485078125,36.3822001126933,-20769.211010506,-19553.21759656116,-1215.9934139448378,170372.71456172958,117068.36953125,63764.02450077045,15.476197111845392,15.373985013969795,TTNP
1997-02-26,94475.140625,94475.140625,89502.765625,91988.953125,91988.953125,1,90372.9296875,91926.796875,113214.778125,148288.6746875,183639.158125,204891.4021875,35.538426703333606,-19949.854549750846,-19632.544987199097,-317.30956255174897,161867.6894706979,113214.778125,64561.86677930211,17.857150347861865,15.376990850965946,TTNP
1997-02-27,91988.953125,91988.953125,87016.578125,87016.578125,87016.578125,2,89005.5265625,89191.990625,109609.80625,146448.895625,182172.30734375,204431.457421875,33.84767290736227,-19477.216530073725,-19601.47929577402,124.26276570029586,154676.50026427058,109609.80625,64543.1122357294,22.857154799540027,18.730167419749062,TTNP
1997-02-28,82044.1953125,89502.765625,79558.0078125,89502.765625,89502.765625,2,88508.2890625,88694.753125,106502.071875,144609.1165625,180730.3184375,203983.94359375,35.50000204786502,-18686.625158189112,-19418.508468257038,731.8833100679258,147970.5243731076,106502.071875,65033.61937689239,20.74075364640461,20.485019597935466,TTNP
1997-03-03,82044.1953125,82044.1953125,74585.6328125,79558.0078125,79558.0078125,0,88508.2890625,88694.753125,104015.883984375,142470.99484375,179188.881953125,203486.7059765625,32.05139731766532,-18647.57698396966,-19264.322171399563,616.745187429904,145685.0771593083,104015.883984375,62346.690809441716,15.74074919472645,19.77955254689033,TTNP
1997-03-04,82044.1953125,82044.1953125,79558.0078125,79558.0078125,79558.0078125,0,85524.8625,87948.89609375,100535.22109375,140482.044375,177746.89296875,202890.020859375,32.05139731766531,-18404.475685262456,-19092.352874172142,687.8771889096861,137947.75169999024,100535.22109375,63122.69048750978,14.9074105913918,17.129637810840922,TTNP
1997-03-05,84530.390625,84530.390625,74585.6328125,74585.6328125,74585.6328125,0,82044.1984375,86208.5640625,97303.176953125,138493.09390625,176180.594609375,202268.4738671875,30.34216670894501,-18400.930785303688,-18954.06845639845,553.1376710947625,131845.70119423344,97303.176953125,62760.65271201658,7.499998657950031,12.716052814689396,TTNP
1997-03-06,79558.0078125,83287.2890625,77071.8203125,83287.2890625,83287.2890625,1,81298.340625,85151.93359375,95376.38125,136877.071875,174701.3128125,201690.43515625,36.70360610282488,-17494.307008580392,-18662.11616683484,1167.8091582544475,128503.08498278735,95376.38125,62249.67751721266,13.888885524671657,12.098764924671132,TTNP
1997-03-07,80801.1015625,80801.1015625,80801.1015625,80801.1015625,80801.1015625,0,79558.0078125,84033.1484375,92952.348046875,135211.32609375,173271.754765625,201099.9655078125,35.70043372868429,-16782.952260337566,-18286.283385535386,1503.3311251978193,122725.61609038895,92952.348046875,63179.08000336106,20.138882251379826,13.842588811333806,TTNP
1997-03-10,84530.390625,84530.390625,83287.2890625,83598.0625,83598.0625,0,80366.01875,84437.15390625,90668.162890625,133601.51953125,171870.166328125,200424.0331640625,37.761367684538335,-15811.24493538565,-17791.27569550544,1980.0307601197892,115550.13825401082,90668.162890625,65786.18752723918,35.24304298520476,23.09027025375205,TTNP
1997-03-11,84530.390625,84530.390625,77071.8203125,79558.0078125,79558.0078125,1,80366.01875,82945.440625,88679.2125,131910.911875,170428.17734375,199727.900546875,35.96804520323676,-15192.034215005813,-17271.427399405515,2079.3931843997016,110210.48020790821,88679.2125,67147.94479209177,33.854153368917984,29.74535953516749,TTNP
1997-03-12,78314.9140625,79558.0078125,74585.6328125,79558.0078125,79558.0078125,1,81360.49375,81702.34609375,86814.571484375,130220.30421875,168986.188359375,198982.0441796875,35.96804520323676,-14533.769015676822,-16723.895722659778,2190.1267069829555,104353.07866847445,86814.571484375,69276.06430027555,31.77082085390765,33.62267240267676,TTNP
1997-03-13,84530.390625,84530.390625,72099.4453125,72099.4453125,72099.4453125,0,79122.925,80210.6328125,84701.31171875,128380.5253125,167469.61375,198087.0165625,32.648273954694226,-14447.39221830308,-16268.595021788438,1821.2028034853574,98163.9077766753,84701.31171875,71238.7156608247,16.66666012008272,27.430544780969417,TTNP
1997-03-14,77071.8203125,77071.8203125,72099.4453125,72099.4453125,72099.4453125,0,77382.59375,78470.30078125,83582.526953125,126466.16078125,165953.039140625,197191.9889453125,32.64827395469422,-14215.07544294413,-15857.891106019577,1642.8156630754474,97326.2759430535,83582.526953125,69838.7779631965,8.333330060041382,18.92360367801055,TTNP
1997-03-17,75828.7265625,77071.8203125,73342.5390625,77071.8203125,77071.8203125,0,76077.3453125,78221.68203125,83458.217578125,124526.9340625,164483.080625,196321.823203125,37.134506299364475,-13474.409018455553,-15381.194688506772,1906.7856700512184,97389.02280771268,83458.217578125,69527.41234853731,7.40740482110255,10.802465000408851,TTNP
1997-03-18,77071.8203125,77071.8203125,64640.8828125,64640.8828125,64640.8828125,1,73093.9203125,76729.96953125,82339.4328125,122488.26015625,162842.196640625,195389.5027734375,31.487746605887107,-13732.202030398068,-15051.396156885032,1319.1941264869638,98381.46038128121,82339.4328125,66297.4052437188,7.40740482110255,7.716046567415461,TTNP
1997-03-19,64640.8828125,74585.6328125,64640.8828125,67748.6171875,67748.6171875,3,70732.0421875,76046.26796875,81127.416015625,120611.1884375,161282.11375,194472.721015625,34.18231342122785,-13529.77384710063,-14747.071694928152,1217.2978478275218,97723.39267631566,81127.416015625,64531.43935493434,11.574070178452317,8.796293273552438,TTNP
1997-03-20,64951.65625,67748.6171875,64951.65625,67127.0703125,67127.0703125,0,69737.5671875,74430.24609375,79791.08984375,118622.23828125,159666.091640625,193552.8315234375,33.89518682921819,-13266.572897541671,-14450.971935450856,1184.3990379091847,96377.05339090814,79791.08984375,63205.12629659186,8.333330387370477,9.10493512897508,TTNP
1997-03-21,64640.8828125,69613.2578125,54696.1328125,59668.5078125,59668.5078125,2,67251.3796875,72316.98671875,78175.067578125,116583.564375,158025.20765625,192732.38953125,30.57609055633412,-13504.16035418304,-14261.609619197294,757.4492650142529,95947.91661059411,78175.067578125,60402.218545655895,13.888884488129401,11.265428351317366,TTNP
1997-03-24,54696.1328125,57182.3203125,52209.9453125,54696.1328125,54696.1328125,1,62776.2421875,69426.79375,76931.973828125,114196.82390625,156284.876171875,191887.0856640625,28.56768985581462,-13933.067502785998,-14195.901195915034,262.83369312903596,97415.20124113551,76931.973828125,56448.746415114496,12.286321075087173,11.502845316862318,TTNP
1997-03-25,59668.5078125,63397.7890625,59668.5078125,59668.5078125,59668.5078125,1,61781.7671875,67437.84375,75191.6421875,111909.5309375,154594.2684375,190892.610546875,33.28684820908437,-13713.667775876223,-14099.454511907272,385.78673603104835,95328.6851654945,75191.6421875,55054.59920950548,15.811961877989114,13.995722480401865,TTNP
1997-03-26,69613.2578125,69613.2578125,59668.5078125,59668.5078125,59668.5078125,1,60165.7453125,65448.89375,73575.619921875,109572.51421875,152928.522578125,189898.1354296875,33.28684820908436,-13385.492288686233,-13956.662067263063,571.1697785768301,93243.30909127828,73575.619921875,53907.930752471715,17.948713610152804,15.348998854409666,TTNP
1997-03-27,62154.6953125,62154.6953125,59668.5078125,59668.5078125,59668.5078125,0,58674.0328125,64205.8,72208.21640625,107210.635625,151262.77671875,188903.6603125,33.28684820908436,-12975.833519079417,-13760.496357626334,784.6628385469176,91750.18431449836,72208.21640625,52666.24849800163,23.07691749876788,18.945864328969904,TTNP
1997-03-31,59668.5078125,62776.2421875,54696.1328125,54696.1328125,54696.1328125,0,57679.5578125,62465.46875,70467.884765625,104749.30953125,149547.307109375,187884.3233203125,30.749597727172457,-12903.659742104508,-13589.12903452197,685.4692924174615,89736.71505374857,70467.884765625,51199.05447750143,17.948713610152804,19.6581149063578,TTNP
1997-04-01,62154.6953125,62154.6953125,54696.1328125,54696.1328125,54696.1328125,0,57679.5578125,60227.9,69224.791015625,102163.6740625,147831.8375,186864.986328125,30.74959772717246,-12700.063082171408,-13411.315844051856,711.2527618804488,89183.00378430914,69224.791015625,49266.57824694086,12.820509721537732,17.948713610152776,TTNP
1997-04-02,59668.5078125,62154.6953125,57182.3203125,59668.5078125,59668.5078125,1,57679.5578125,59730.6625,68230.316015625,99776.93359375,146166.091640625,185870.5112109375,36.374217525049644,-11999.163270746081,-13128.885329390701,1129.7220586446201,88011.21009741492,68230.316015625,48449.42193383507,12.820509721537732,14.529911017742725,TTNP
1997-04-03,62154.6953125,62154.6953125,54696.1328125,54696.1328125,54696.1328125,0,56685.0828125,58425.4140625,67235.841015625,97489.640625,144450.62203125,184851.17421875,33.44850119282178,-11709.939335632262,-12845.096130639013,1135.156795006751,87629.09140024756,67235.841015625,46842.59063100244,13.589741110563528,13.076920184546298,TTNP
1997-04-04,59668.5078125,59668.5078125,54696.1328125,54696.1328125,54696.1328125,2,55690.6078125,57182.3203125,65806.283203125,95202.34765625,142784.876171875,183831.8372265625,33.44850119282178,-11349.89278435355,-12546.05546138192,1196.162677028371,85494.58375386806,65806.283203125,46117.98265238194,14.358972499589322,13.589741110563494,TTNP
1997-04-07,54696.1328125,62154.6953125,54696.1328125,54696.1328125,54696.1328125,1,55690.6078125,56685.0828125,64501.034765625,92915.0546875,141143.9921875,182986.533359375,33.44850119282178,-10938.461522988699,-12224.536673703276,1286.0751507145778,83488.73229471824,64501.034765625,45513.33723653177,10.000000000000044,12.649571203384264,TTNP
1997-04-08,54696.1328125,54696.1328125,54696.1328125,54696.1328125,54696.1328125,0,55690.6078125,56685.0828125,63055.93828125,90578.03796875,139453.384453125,182141.2294921875,33.44850119282177,-10491.460260973647,-11877.92139115735,1386.461130183703,80332.14645504512,63055.93828125,45779.730107454874,10.370370370370415,11.576447623319893,TTNP
1997-04-09,62154.6953125,62154.6953125,54696.1328125,54696.1328125,54696.1328125,1,54696.1328125,56187.8453125,61812.84453125,88141.57375,137862.22421875,181295.925625,33.44850119282177,-10021.684796306872,-11506.674072187254,1484.9892758803817,77681.0470227541,61812.84453125,45944.64203974591,11.798941798941845,10.723104056437402,TTNP
1997-04-10,54696.1328125,54696.1328125,54696.1328125,54696.1328125,54696.1328125,0,54696.1328125,55690.6078125,60569.75078125,85854.28078125,136271.063984375,180400.8980078125,33.44850119282177,-9539.419861923423,-11113.223230134488,1573.8033682110654,74453.9171295813,60569.75078125,46685.5844329187,13.227513227513272,11.798941798941811,TTNP
1997-04-11,59668.5078125,59668.5078125,58425.4140625,59668.5078125,59668.5078125,0,55690.6078125,55690.6078125,59948.20390625,83865.330625,134729.6275,179505.870390625,40.86791887479087,-8656.208931999943,-10621.82037050758,1965.6114385076362,72785.66742899473,59948.20390625,47110.74038350527,23.809523809523853,16.278659611992957,TTNP
1997-04-14,53453.0390625,54696.1328125,52209.9453125,52209.9453125,52209.9453125,1,55193.3703125,55441.9890625,58953.72890625,81876.38046875,133063.881640625,178573.5499609375,34.63120858358846,-8460.57334380348,-10189.57096516676,1728.99762136328,70924.11500133721,58953.72890625,46983.34281116279,19.04761904761909,18.69488536155204,TTNP
1997-04-15,52209.9453125,59668.5078125,52209.9453125,54696.1328125,54696.1328125,0,55193.3703125,55441.9890625,57834.94453125,80384.6678125,131522.44515625,177653.66046875,38.02624389209394,-8012.552460244391,-9754.167264182286,1741.614803937895,66567.40163179941,57834.94453125,49102.4874307006,19.04761904761909,20.634920634920647,TTNP
1997-04-16,59668.5078125,59668.5078125,59668.5078125,59668.5078125,59668.5078125,0,56187.8453125,55441.9890625,57586.32578125,78594.61265625,130030.732421875,176833.2184765625,44.261364410890806,-7173.5711131796415,-9238.048033981757,2064.4769208021153,65797.09879998353,57586.32578125,49375.55276251646,28.291316526610686,22.128851540616257,TTNP
1997-04-17,49723.7578125,49723.7578125,49723.7578125,49723.7578125,49723.7578125,0,55193.3703125,54944.7515625,56685.0828125,76804.5575,128340.1246875,175963.052734375,36.37831435548723,-7227.812837124016,-8836.00099461021,1608.1881574861927,64160.20152044136,56685.0828125,49209.96410455863,28.291316526610686,25.210084033613455,TTNP
1997-04-18,59668.5078125,59668.5078125,52209.9453125,59668.5078125,59668.5078125,0,55193.3703125,55441.9890625,56312.1546875,75561.46359375,126848.411953125,175142.6107421875,46.61725592363223,-6394.628286514919,-8347.726452991152,1953.098166476233,62253.05045398519,56312.1546875,50371.25892101481,50.19607843137259,35.592903828197954,TTNP
1997-04-21,62154.6953125,62154.6953125,57182.3203125,62154.6953125,62154.6953125,0,57182.3203125,56187.8453125,56436.4640625,74218.9221875,125381.56109375,174260.0140625,48.83419812168771,-5470.6467635418085,-7772.310515101283,2301.663751559475,62745.70063726913,56436.4640625,50127.227487730874,60.000000000000036,46.162464985994404,TTNP
1997-04-22,62154.6953125,62154.6953125,59668.5078125,59668.5078125,59668.5078125,0,58176.7953125,56685.0828125,56685.0828125,72826.65703125,123889.848359375,173489.2958203125,46.743647182403265,-4882.714410630782,-7194.391294207183,2311.6768835764005,63091.539853130205,56685.0828125,50278.62577186979,86.6666666666667,65.62091503267975,TTNP
1997-04-23,57182.3203125,59668.5078125,57182.3203125,58425.4140625,58425.4140625,1,57928.1765625,57058.0109375,56622.928125,71608.425,122385.7046875,172712.362109375,45.690433103549914,-4465.604354525203,-6648.633906270787,2183.0295517455834,62935.8374874529,56622.928125,50310.01876254709,83.33333333333337,76.66666666666667,TTNP
1997-04-24,54696.1328125,55006.90625,49723.7578125,54696.1328125,54696.1328125,1,58922.6515625,57058.0109375,56374.309375,70365.33109375,120844.268203125,171916.7819921875,42.59009799686733,-4385.411169775536,-6195.989358971737,1810.5781891962006,62578.580194025475,56374.309375,50170.03855597452,63.33333333333337,77.77777777777779,TTNP
1997-04-25,54696.1328125,54696.1328125,54696.1328125,54696.1328125,54696.1328125,0,57928.1765625,56560.7734375,56125.690625,69171.9609375,119302.83171875,171195.7875,42.59009799686732,-4272.605555857408,-5811.312598348871,1538.7070424914627,62178.676492343744,56125.690625,50072.70475765626,50.000000000000036,65.55555555555556,TTNP
1997-04-28,54696.1328125,54696.1328125,54696.1328125,54696.1328125,54696.1328125,0,56436.4640625,56809.3921875,56125.690625,68376.38078125,117761.395234375,170474.7930078125,42.590097996867314,-4135.5344275072275,-5476.156964180542,1340.6225366733142,62178.676492343744,56125.690625,50072.70475765626,40.000000000000036,51.11111111111111,TTNP
1997-04-29,57182.3203125,57182.3203125,57182.3203125,57182.3203125,57182.3203125,0,55939.2265625,57058.0109375,56250.0,67928.86703125,116244.820625,169766.229453125,45.66027617925516,-3782.6855727883376,-5137.462685902101,1354.7771131137633,62282.52789292003,56250.0,50217.47210707997,46.66666666666671,45.55555555555555,TTNP
1997-04-30,57182.3203125,57182.3203125,47237.5703125,49723.7578125,49723.7578125,1,54198.8953125,56063.5359375,55752.7625,67183.010625,114628.798515625,169020.3730859375,38.933510786465604,-4058.114554728949,-4921.593059667471,863.4785049385218,62201.29260680659,55752.7625,49304.2323931934,38.88888888888893,41.851851851851855,TTNP
1997-05-01,47237.5703125,52209.9453125,47237.5703125,47237.5703125,47237.5703125,1,52707.1828125,55814.9171875,55379.834375,66287.98296875,113012.77640625,168274.51671875,36.97793851006608,-4425.988520013139,-4822.472151736604,396.4836317234649,62816.61091671726,55379.834375,47943.057833282735,25.555555555555596,37.03703703703704,TTNP
1997-05-02,54696.1328125,57182.3203125,54696.1328125,57182.3203125,57182.3203125,0,53204.4203125,55566.2984375,55504.14375,65554.5575,111496.201796875,167578.3841015625,48.18836799422023,-3870.4568572584394,-4632.069092840971,761.6122355825319,62974.09258478112,55504.14375,48034.19491521888,27.777777777777818,30.740740740740737,TTNP
1997-05-05,54696.1328125,57182.3203125,49723.7578125,49723.7578125,49723.7578125,0,52209.9453125,54323.2046875,55255.525,64709.25359375,109755.8703125,166844.958671875,42.134737782406255,-3986.0885248180493,-4502.8729792363865,516.7844544183372,63136.19035548278,55255.525,47374.85964451722,27.777777777777818,27.037037037037035,TTNP
1997-05-06,57182.3203125,77071.8203125,54696.1328125,62154.6953125,62154.6953125,8,53204.4203125,54571.8234375,55628.453125,64361.18734375,108313.881328125,166173.6879296875,52.78153470934617,-3039.615888007851,-4210.22156099068,1170.6056729828288,64054.94178729177,55628.453125,47201.96446270823,44.444444444444485,33.33333333333333,TTNP
1997-05-07,69613.2578125,69613.2578125,60911.6015625,60911.6015625,60911.6015625,0,55441.9890625,54820.4421875,55939.2265625,63689.9165625,106859.46140625,165496.20171875,51.75600910228453,-2362.60217383453,-3840.6976835594496,1478.0955097249198,64658.62321063002,55939.2265625,47219.82991436998,37.500000000000036,36.57407407407407,TTNP
1997-05-08,59668.5078125,67127.0703125,59668.5078125,62154.6953125,62154.6953125,0,58425.4140625,55566.2984375,56312.1546875,63093.23140625,105690.953046875,164812.5000390625,52.74478734248373,-1706.0899086123027,-3413.7761285700203,1707.6862199577176,65416.49048446759,56312.1546875,47207.818890532406,48.61111111111115,43.51851851851851,TTNP
1997-05-09,62154.6953125,62154.6953125,62154.6953125,62154.6953125,62154.6953125,0,59419.8890625,56312.1546875,56436.4640625,62595.99375,104522.4446875,164054.212734375,52.74478734248373,-1172.2858272146914,-2965.4780682989544,1793.192241084263,65785.32249292392,56436.4640625,47087.60563207608,48.61111111111115,44.9074074074074,TTNP
1997-05-12,64640.8828125,67127.0703125,62154.6953125,67127.0703125,67127.0703125,0,62900.5515625,57555.2484375,57182.3203125,62148.47984375,103378.798203125,163320.7873046875,56.84767160162419,-344.0471785161135,-2441.191890342386,2097.1447118262727,67402.94005981181,57182.3203125,46961.700565188185,55.5555555555556,50.925925925925924,TTNP
1997-05-13,69613.2578125,72099.4453125,66194.75,72099.4453125,72099.4453125,1,64889.5015625,59046.9609375,58052.4859375,61999.30859375,102235.15171875,162612.22375,60.53752061428486,705.4352064017585,-1811.8664709935572,2517.301677395316,70081.62610442415,58052.4859375,46023.34577057585,66.66666666666671,56.94444444444445,TTNP
1997-05-14,72099.4453125,72099.4453125,67127.0703125,67127.0703125,67127.0703125,1,66132.5953125,60787.2921875,58425.4140625,61750.68984375,101116.367109375,161878.7983203125,55.43297346519699,1122.9833973613277,-1224.8964973225802,2347.879894683908,71078.13007865821,58425.4140625,45772.698046341786,72.22222222222227,64.81481481481482,TTNP
1997-05-15,72099.4453125,72099.4453125,62154.6953125,64640.8828125,64640.8828125,1,66629.8328125,62527.6234375,59171.2703125,61551.79484375,100022.444375,161132.941953125,53.02544410596558,1238.996414240064,-732.1179150100513,1971.1143292501154,71437.02191852492,59171.2703125,46905.51870647508,69.44444444444449,69.44444444444444,TTNP
1997-05-16,64640.8828125,64640.8828125,62154.6953125,62154.6953125,62154.6953125,1,66629.8328125,63024.8609375,59295.5796875,61129.14296875,99003.107421875,160374.6546484375,50.65614319676127,1117.4418386978723,-362.2059642684666,1479.647802966339,71629.17474724208,59295.5796875,46961.98462775791,58.33333333333337,66.66666666666667,TTNP
1997-05-19,59668.5078125,59668.5078125,59668.5078125,59668.5078125,59668.5078125,0,65138.1203125,64019.3359375,59171.2703125,60706.49109375,97958.90859375,159603.93640625,48.330506169031736,811.1440448833673,-127.53596243809977,938.6800073214671,71437.02191852492,59171.2703125,46905.51870647508,50.000000000000036,59.25925925925926,TTNP
1997-05-20,59668.5078125,59668.5078125,59668.5078125,59668.5078125,59668.5078125,0,62651.9328125,63770.7171875,59171.2703125,60227.9,96914.709765625,158684.0469140625,48.33050616903173,561.9233341183426,10.355896873188698,551.5674372451539,71437.02191852492,59171.2703125,46905.51870647508,44.44444444444448,50.925925925925924,TTNP
1997-05-21,59668.5078125,59668.5078125,59668.5078125,59668.5078125,59668.5078125,0,61160.2203125,63646.4078125,59233.425,59830.11,95870.5109375,157863.604921875,48.330506169031736,360.26125777402194,80.33696905335535,279.9242887206666,71496.02661454891,59233.425,46970.82338545109,39.89898989898993,44.781144781144775,TTNP
1997-05-22,49723.7578125,49723.7578125,49723.7578125,49723.7578125,49723.7578125,0,58176.7953125,62403.3140625,58984.80625,59233.425,94726.864609375,156993.4391796875,39.3134460044266,-595.1550271997257,-54.761430197260864,-540.3935970024648,71794.70488934085,58984.80625,46174.90761065915,26.010101010101042,36.78451178451178,TTNP
1997-05-23,59668.5078125,59668.5078125,49723.7578125,59668.5078125,59668.5078125,0,57679.5578125,62154.6953125,59233.425,58984.80625,93682.66578125,156172.9971875,49.46671395100849,-543.6047658293028,-152.53009732366925,-391.07466850563355,71892.85640956134,59233.425,46573.993590438666,24.242424242424278,30.05050505050504,TTNP
1997-05-27,52209.9453125,52209.9453125,52209.9453125,52209.9453125,52209.9453125,0,56187.8453125,60662.9828125,59109.115625,58587.01625,92526.588515625,155340.1242578125,43.57792650415179,-1092.0065010424514,-340.4253780674257,-751.5811229750257,71991.19005560839,59109.115625,46227.041194391604,15.824915824915857,22.02581369248035,TTNP
1997-05-28,52209.9453125,54696.1328125,52209.9453125,54696.1328125,54696.1328125,2,55193.3703125,58922.6515625,58984.80625,58139.5025,91333.21828125,154469.958515625,45.89026624512101,-1310.893114089311,-534.5189252718028,-776.3741888175082,71986.28331140771,58984.80625,45983.329188592295,23.232323232323267,21.099887766554428,TTNP
1997-05-29,59668.5078125,69613.2578125,59668.5078125,64640.8828125,64640.8828125,1,56187.8453125,58674.0328125,59730.6625,58139.5025,90313.881328125,153699.2402734375,54.009505748204255,-674.1331315580464,-562.4417665290515,-111.69136502899494,72222.98159532742,59730.6625,47238.343404672574,33.333333333333364,24.13019079685746,TTNP
1997-05-30,64640.8828125,64640.8828125,64640.8828125,64640.8828125,64640.8828125,0,59171.2703125,58674.0328125,60600.828125,58077.3478125,89344.268125,152891.22921875,54.00950574820425,-167.56467650867125,-483.46634852497544,315.9016720163042,71854.08835224694,60600.828125,49347.567897753055,51.851851851851876,36.1391694725028,TTNP
1997-06-02,69613.2578125,69613.2578125,69613.2578125,69613.2578125,69613.2578125,0,61160.2203125,59419.8890625,61222.375,58127.0715625,88374.654921875,152095.6491015625,57.69090611240776,627.8857048150021,-261.1959378569799,889.0816426719821,73012.12149059302,61222.375,49432.62850940698,74.07407407407409,53.08641975308641,TTNP
1997-06-03,69613.2578125,72099.4453125,64640.8828125,67127.0703125,67127.0703125,1,64143.6453125,60165.7453125,62092.540625,58276.2428125,87429.90359375,151312.499921875,55.30704937907299,1045.618075312872,0.166864776990451,1045.4512105358815,72886.00231967807,62092.540625,51299.078930321935,77.7777777777778,67.90123456790123,TTNP
1997-06-04,79558.0078125,79558.0078125,67127.0703125,79558.0078125,79558.0078125,0,69116.0203125,62154.6953125,62962.70625,58773.4803125,86485.152109375,150566.6435546875,63.44131032415606,2352.627133961483,470.65891861388906,1881.9682153475942,76171.71070413078,62962.70625,49753.70179586923,88.88888888888891,80.2469135802469,TTNP
1997-06-05,79558.0078125,79558.0078125,79558.0078125,79558.0078125,79558.0078125,0,72099.4453125,64143.6453125,63895.0265625,59171.2703125,85540.400625,149774.171171875,63.44131032415606,3349.82651456695,1046.4924378045014,2303.3340767624486,78903.03491507944,63895.0265625,48887.01820992057,92.59259259259262,86.41975308641975,TTNP
1997-06-06,69613.2578125,69613.2578125,69613.2578125,69613.2578125,69613.2578125,0,73093.9203125,66132.5953125,64267.9546875,59370.1653125,84471.339765625,148944.4059765625,54.27601650057032,3299.620029120335,1497.117956067668,1802.502073052667,79454.06335032669,64267.9546875,49081.84602467332,88.88888888888893,90.12345679012346,TTNP
1997-06-09,67127.0703125,67127.0703125,67127.0703125,67127.0703125,67127.0703125,0,72596.6828125,66878.4515625,64516.5734375,59519.3365625,83364.98609375,148136.394921875,52.24396338224355,3024.3536085667656,1802.5650865674875,1221.7885219992781,79718.95438858755,64516.5734375,49314.19248641246,75.00000000000004,85.49382716049384,TTNP
1997-06-10,67127.0703125,79558.0078125,67127.0703125,67127.0703125,67127.0703125,0,72596.6828125,68370.1640625,64516.5734375,59767.9553125,82258.632421875,147284.8755859375,52.24396338224354,2774.2234658701855,1996.8967624280272,777.3267034421583,79718.95438858755,64516.5734375,49314.19248641246,61.11111111111115,75.00000000000001,TTNP
1997-06-11,67127.0703125,67127.0703125,49723.7578125,49723.7578125,49723.7578125,11,66629.8328125,67872.9265625,63397.7890625,59668.5078125,80916.0909375,146389.84796875,40.06608988678731,1158.3390410695138,1829.1852181563245,-670.8461770868107,79471.71709268386,63397.7890625,47323.86103231614,38.88888888888893,58.33333333333335,TTNP
1997-06-12,52209.9453125,52209.9453125,42265.1953125,52209.9453125,52209.9453125,6,61160.2203125,66629.8328125,62651.9328125,59519.3365625,79648.135078125,145463.7430078125,42.140970578905254,77.4606280083608,1478.8403001267318,-1401.379672118371,79337.1963094735,62651.9328125,45966.66931552651,28.33333333333337,42.77777777777779,TTNP
1997-06-13,52209.9453125,54696.1328125,48480.6640625,52209.9453125,52209.9453125,4,57679.5578125,65386.7390625,62030.3859375,59469.6128125,78479.62671875,144581.146328125,42.140970578905254,-770.2641757063102,1029.0194049601234,-1799.2835806664336,79289.25531129382,62030.3859375,44771.516563706195,17.777777777777814,28.333333333333346,TTNP
1997-06-16,49723.7578125,54696.1328125,49723.7578125,54696.1328125,54696.1328125,0,55193.3703125,63895.0265625,61657.4578125,59469.6128125,77335.980234375,143673.6877734375,44.37436222501612,-1227.3297435658824,577.7495752549223,-1805.0793188208047,79209.307678887,61657.4578125,44105.607946113,28.888888888888925,25.000000000000014,TTNP
1997-06-17,61533.1484375,61533.1484375,50966.8515625,54696.1328125,54696.1328125,1,52707.1828125,62651.9328125,61408.8390625,59469.6128125,76192.33375,142803.52203125,44.37436222501613,-1571.442883700125,147.91108346391286,-1719.3539671640378,79205.49642649405,61408.8390625,43612.181698505956,31.111111111111143,25.925925925925938,TTNP
1997-06-18,54696.1328125,57182.3203125,52209.9453125,57182.3203125,57182.3203125,1,54198.8953125,60414.3640625,61284.5296875,59519.3365625,75048.687265625,141945.7872265625,46.757880288290615,-1624.8106671819405,-206.6332666652578,-1418.1774005166826,79162.62085030117,61284.5296875,43406.43852469883,35.55555555555559,31.851851851851865,TTNP
1997-06-19,57182.3203125,58425.4140625,54696.1328125,57182.3203125,57182.3203125,1,55193.3703125,58176.7953125,61160.2203125,59569.0603125,73855.31703125,141112.914296875,46.757880288290615,-1648.1066722781543,-494.92794778783707,-1153.178724490317,79115.93392554669,61160.2203125,43204.50669945331,37.777777777777814,34.81481481481483,TTNP
1997-06-20,59668.5078125,60911.6015625,57182.3203125,59668.5078125,59668.5078125,2,56685.0828125,57182.3203125,61657.4578125,59668.5078125,72761.394296875,140292.4723046875,49.278486570975375,-1449.2483381252969,-685.792025855329,-763.4563122699678,78853.53809731713,61657.4578125,44461.37752768286,42.22222222222226,38.51851851851853,TTNP
1997-06-23,62154.6953125,62154.6953125,55939.2265625,55939.2265625,55939.2265625,1,56933.7015625,56063.5359375,61470.99375,59593.9221875,71729.62640625,139385.01375,45.777595510988476,-1574.4245197647906,-863.5185246372214,-710.9059951275692,78829.40816724025,61470.99375,44112.57933275975,41.11111111111114,40.37037037037038,TTNP
1997-06-24,58425.4140625,59668.5078125,58425.4140625,59668.5078125,59668.5078125,0,57928.1765625,55317.6796875,61843.921875,59743.0934375,70809.736953125,138514.8480078125,49.63120316242338,-1357.0623456103785,-962.2272888318528,-394.83505677852577,78703.77469208065,61843.921875,44984.06905791935,43.333333333333364,42.22222222222223,TTNP
1997-06-25,58425.4140625,58425.4140625,54696.1328125,54696.1328125,54696.1328125,0,57430.9390625,55814.9171875,61843.921875,59743.0934375,70063.880625,137619.820390625,45.03535440825567,-1567.9559431177695,-1083.373019689036,-484.58292342873347,78703.77469208065,61843.921875,44984.06905791935,38.88888888888892,41.111111111111114,TTNP
1997-06-26,57182.3203125,57182.3203125,54696.1328125,54696.1328125,54696.1328125,0,56933.7015625,56063.5359375,61346.684375,59643.6459375,69119.129296875,136699.9308984375,45.035354408255664,-1715.3175258586853,-1209.7619209229658,-505.55560493571943,78432.32852695456,61346.684375,44261.040223045435,37.77777777777781,40.0,TTNP
1997-06-27,57182.3203125,57182.3203125,53453.0390625,53453.0390625,53453.0390625,1,55690.6078125,56187.8453125,60787.2921875,59718.2315625,68261.39453125,135798.6878125,43.85783654425947,-1910.3881530675644,-1349.8871673518856,-560.5009857156788,78135.4660454096,60787.2921875,43439.118329590405,32.22222222222225,36.2962962962963,TTNP
1997-06-30,57182.3203125,57182.3203125,53453.0390625,54696.1328125,54696.1328125,0,55441.9890625,56187.8453125,60041.4359375,59618.7840625,67590.123828125,134903.6601953125,45.39538204217766,-1942.2862866008218,-1468.3669912016728,-473.91929539914895,77087.69185148874,60041.4359375,42995.18002351126,37.77777777777781,35.925925925925924,TTNP
1997-07-01,52209.9453125,53453.0390625,47237.5703125,47237.5703125,47237.5703125,2,52955.8015625,55441.9890625,59046.9609375,59320.4415625,66769.681875,133983.770703125,38.57003419966919,-2540.1284278408275,-1682.7192785295038,-857.4091493113237,76635.74914681305,59046.9609375,41458.17272818695,35.00000000000003,35.0,TTNP
1997-07-02,52209.9453125,52209.9453125,52209.9453125,52209.9453125,52209.9453125,0,52458.5640625,54944.7515625,57679.5578125,59171.2703125,65998.963671875,133039.0193359375,44.555090215297874,-2582.919240175979,-1862.7592708587988,-720.1599693171804,72749.2178350964,57679.5578125,42609.89778990361,36.11111111111114,36.2962962962963,TTNP
1997-07-03,52209.9453125,52209.9453125,52209.9453125,52209.9453125,52209.9453125,0,51961.3265625,54447.5140625,56312.1546875,59046.9609375,65327.69296875,132094.26796875,44.55509021529787,-2587.0098282998006,-2007.6093823469992,-579.4004459528014,67708.00942819995,56312.1546875,44916.29994680005,30.55555555555559,33.88888888888889,TTNP
1997-07-07,52209.9453125,52209.9453125,48480.6640625,48480.6640625,48480.6640625,0,50966.8515625,53328.7296875,55255.525,58922.6515625,64643.991328125,131180.5939453125,41.074219482062944,-2858.225632917616,-2177.7326324611226,-680.4930004564935,65368.992273819706,55255.525,45142.0577261803,25.000000000000032,30.555555555555557,TTNP
1997-07-08,52209.9453125,52209.9453125,49723.7578125,52209.9453125,52209.9453125,2,50469.6140625,52955.8015625,54509.66875,58872.9278125,64022.444375,130285.566328125,45.64717884725418,-2740.6517546789473,-2290.3164569046876,-450.33529777425974,63096.018825625986,54509.66875,45923.31867437401,25.000000000000032,26.85185185185185,TTNP
1997-07-09,52209.9453125,54696.1328125,49723.7578125,54696.1328125,54696.1328125,1,51961.3265625,52458.5640625,53888.121875,58872.9278125,63624.654296875,129402.9696484375,48.51571362868715,-2418.9746221024543,-2316.048089944241,-102.92653215821338,60240.075502141735,53888.121875,47536.16824785826,30.55555555555559,26.85185185185185,TTNP
1997-07-10,52209.9453125,54696.1328125,49723.7578125,54696.1328125,54696.1328125,1,52458.5640625,52458.5640625,54136.740625,58823.2040625,63376.035546875,128532.80390625,48.51571362868715,-2139.3817162706982,-2280.7148152095324,141.33309893883415,60199.929594178466,54136.740625,48073.55165582153,44.444444444444485,33.333333333333336,TTNP
1997-07-11,57182.3203125,62154.6953125,57182.3203125,60911.6015625,60911.6015625,1,54198.8953125,53080.1109375,54571.8234375,59046.9609375,63114.98578125,127643.9917578125,55.348303719263214,-1400.12615795499,-2104.5970837586237,704.4709258036337,61238.330196686074,54571.8234375,47905.31667831393,63.888888888888935,46.296296296296305,TTNP
1997-07-14,62154.6953125,62154.6953125,59046.9609375,60911.6015625,60911.6015625,1,56685.0828125,53825.9671875,55006.90625,59320.4415625,62804.212265625,126742.748671875,55.348303719263214,-804.9814765628544,-1844.6739623194699,1039.6924857566155,62120.83539181163,55006.90625,47892.97710818837,77.77777777777783,62.037037037037045,TTNP
1997-07-15,59668.5078125,59668.5078125,57182.3203125,57182.3203125,57182.3203125,1,57679.5578125,54074.5859375,55131.215625,59320.4415625,62437.49953125,125860.1519921875,50.6690751116612,-627.0189743147421,-1601.1429647185244,974.1239904037823,62305.70834536995,55131.215625,47956.72290463004,83.33333333333339,75.00000000000001,TTNP
1997-07-16,55939.2265625,59668.5078125,55939.2265625,58425.4140625,58425.4140625,4,58425.4140625,55193.3703125,55317.6796875,59494.4746875,62101.864140625,124996.20171875,52.122085117754445,-381.2799742706047,-1357.1703666289404,975.8903923583357,62629.77649119463,55317.6796875,48005.58288380537,77.77777777777783,79.62962962962965,TTNP
1997-07-17,59046.9609375,62776.2421875,59046.9609375,62154.6953125,62154.6953125,1,59917.1265625,56187.8453125,55566.2984375,59494.4746875,61927.831015625,124150.8978515625,56.28227225007991,113.08817361891124,-1063.11865857937,1176.2068321982813,63432.24365307408,55566.2984375,47700.35322192592,79.22222222222227,80.11111111111113,TTNP
1997-07-18,62154.6953125,65883.9765625,62154.6953125,65883.9765625,65883.9765625,1,60911.6015625,57555.2484375,56001.38125,59593.9221875,61641.919375,123324.240390625,60.023129333173195,796.6174128643252,-691.1714442906309,1487.788857154956,65050.38655210968,56001.38125,46952.375947890316,90.33333333333337,82.44444444444446,TTNP
1997-07-21,63397.7890625,63397.7890625,59668.5078125,62154.6953125,62154.6953125,1,61160.2203125,58922.6515625,56125.690625,59593.9221875,61343.576796875,122491.3674609375,54.95865564047948,1025.5752366279485,-347.82210810691504,1373.3973447348635,65437.284313516975,56125.690625,46814.09693648303,92.00000000000004,87.1851851851852,TTNP
1997-07-22,64640.8828125,64640.8828125,59668.5078125,62154.6953125,62154.6953125,2,62154.6953125,59917.1265625,56436.4640625,59593.9221875,61094.95796875,121633.63265625,54.95865564047948,1193.2706798999861,-39.60355050553477,1232.8742304055208,66110.25764295564,56436.4640625,46762.67048204437,86.19047619047622,89.5079365079365,TTNP
1997-07-23,57182.3203125,59668.5078125,57182.3203125,59668.5078125,59668.5078125,0,62403.3140625,60414.3640625,56436.4640625,59444.7509375,60796.615390625,120763.4669140625,51.59289162554506,1112.7291248578476,190.86298456714172,921.866140290706,66110.25764295564,56436.4640625,46762.67048204437,74.28571428571432,84.15873015873017,TTNP
1997-07-24,57182.3203125,59668.5078125,57182.3203125,57182.3203125,57182.3203125,1,61408.8390625,60662.9828125,56560.7734375,59146.4084375,60572.858515625,119880.870234375,48.40073493081281,838.6177455529541,320.41393676430425,518.2038087886499,66205.77114053762,56560.7734375,46915.77573446239,64.28571428571432,74.92063492063492,TTNP
1997-07-25,57182.3203125,57182.3203125,57182.3203125,57182.3203125,57182.3203125,0,59668.5078125,60290.0546875,56685.0828125,58947.5134375,60349.101640625,119047.9973046875,48.40073493081281,614.3012205072009,379.19139351288356,235.10982699431736,66294.76837344508,56685.0828125,47075.39725155491,53.47985347985351,64.01709401709402,TTNP
1997-07-28,57182.3203125,59668.5078125,57182.3203125,59668.5078125,59668.5078125,1,59171.2703125,60165.7453125,56995.85625,58848.0659375,60199.930390625,118190.2625,51.85543958162777,629.8824191692838,429.32959864416364,200.55282052512018,66569.29239634553,56995.85625,47422.42010365446,52.5641025641026,56.77655677655679,TTNP
1997-07-29,57182.3203125,59668.5078125,54696.1328125,57182.3203125,57182.3203125,2,58176.7953125,60165.7453125,57120.165625,58748.6184375,59938.880703125,117320.0967578125,48.367973563881826,436.5834161931998,430.7803621539709,5.803054039228925,66635.3154691604,57120.165625,47605.0157808396,51.28205128205132,52.442002442002455,TTNP
1997-07-30,55939.2265625,55939.2265625,53453.0390625,53453.0390625,53453.0390625,1,56933.7015625,59668.5078125,57430.9390625,58624.3090625,59665.400078125,116468.577421875,43.62818712599826,-17.329502562344715,341.15838921070775,-358.48789177305247,65992.95876943563,57430.9390625,48868.91935556437,35.89743589743593,46.58119658119659,TTNP
1997-07-31,53453.0390625,53453.0390625,50966.8515625,50966.8515625,50966.8515625,0,55690.6078125,58549.7234375,57368.784375,58450.2759375,59339.08796875,115604.6271484375,40.760487403106346,-571.0901425837874,158.7086828518087,-729.7988254355961,66097.92287403086,57368.784375,48639.645875969145,15.38461538461542,34.1880341880342,TTNP
1997-08-01,50966.8515625,50966.8515625,50966.8515625,50966.8515625,50966.8515625,0,54447.5140625,57058.0109375,57306.6296875,58276.2428125,59053.17640625,114740.676875,40.760487403106346,-998.4400441096004,-72.7210625404731,-925.7189815691273,66198.0092636485,57306.6296875,48415.25011135149,3.552713678800501e-14,17.094017094017104,TTNP
1997-08-04,52209.9453125,52209.9453125,50966.8515625,50966.8515625,50966.8515625,1,52707.1828125,55939.2265625,57430.9390625,58301.1046875,58767.26484375,113876.7266015625,40.76048740310635,-1321.8801089049302,-322.5528718133645,-999.3272370915657,65883.9765625,57430.9390625,48977.90156250001,3.552713678800501e-14,5.128205128205138,TTNP
1997-08-05,52209.9453125,52209.9453125,50966.8515625,50966.8515625,50966.8515625,0,51464.0890625,54820.4421875,57368.784375,58127.0715625,58555.93890625,113012.776328125,40.76048740310635,-1560.2234062926655,-570.0869787092247,-990.1364275834408,65991.0532440225,57368.784375,48746.5155059775,3.552713678800501e-14,1.0066022089934753e-14,TTNP
1997-08-06,60911.6015625,60911.6015625,52209.9453125,59668.5078125,59668.5078125,0,52707.1828125,54820.4421875,57617.403125,58276.2428125,58431.62953125,112192.3343359375,54.7595806635746,-1035.03006770707,-663.0755965087938,-371.9544711982762,66203.75320062599,57617.403125,49031.05304937401,19.444444444444482,6.4814814814814925,TTNP
1997-08-07,53453.0390625,63397.7890625,53453.0390625,63397.7890625,63397.7890625,2,55193.3703125,55441.9890625,58052.4859375,58450.2759375,58294.88921875,111388.984921875,59.20860596603369,-314.2660694681326,-593.3136911006616,279.04762163252894,66881.07742628345,58052.4859375,49223.89444871656,49.74747474747479,23.063973063973076,TTNP
1997-08-08,59668.5078125,64640.8828125,54696.1328125,58425.4140625,58425.4140625,5,56685.0828125,55566.2984375,57928.1765625,58325.9665625,58232.73453125,110537.4655859375,51.88236145666609,-142.64024669439823,-503.1790022194089,360.5387555250107,66661.73958333117,57928.1765625,49194.61354166882,67.92929292929297,45.70707070707073,TTNP
1997-08-11,59668.5078125,59668.5078125,55939.2265625,57182.3203125,57182.3203125,1,57928.1765625,55317.6796875,57741.7125,58176.7953125,58127.0715625,109704.59265625,50.20969686181533,-105.71421464438754,-423.68604470440465,317.9718300600171,66371.14718689688,57741.7125,49112.27781310312,63.63636363636368,60.43771043771046,TTNP
1997-08-12,59668.5078125,59668.5078125,54696.1328125,58425.4140625,58425.4140625,8,59419.8890625,55441.9890625,57803.8671875,57953.0384375,58040.055,108853.0733203125,51.880387109694226,23.585331430629594,-334.2317694773978,357.8171009080274,66434.19718328418,57803.8671875,49173.537191715826,51.51515151515156,61.02693602693605,TTNP
1997-08-13,62154.6953125,67127.0703125,62154.6953125,67127.0703125,67127.0703125,2,60911.6015625,56809.3921875,58238.95,57953.0384375,58114.640625,108069.924140625,61.59493145539858,818.7688324132687,-103.63164909926448,922.4004815125331,67780.04882663632,58238.95,48697.85117336367,66.6666666666667,60.60606060606062,TTNP
1997-08-14,67127.0703125,77071.8203125,64640.8828125,74585.6328125,74585.6328125,3,63149.1703125,59171.2703125,58860.496875,57853.5909375,58313.535625,107299.2058984375,67.62764259191947,2027.4301926428234,322.58071924915316,1704.8494733936702,70686.8860226805,58860.496875,47034.1077273195,81.67388167388171,66.61856661856663,TTNP
1997-08-15,72099.4453125,77071.8203125,64640.8828125,65883.9765625,65883.9765625,1,64640.8828125,60662.9828125,58860.496875,57580.1103125,58375.6903125,106484.979375,56.48070503589378,2257.133264701384,709.4912283395994,1547.642036361785,70686.8860226805,58860.496875,47034.1077273195,82.53968253968257,76.96007696007696,TTNP
1997-08-18,74585.6328125,74585.6328125,62154.6953125,62154.6953125,62154.6953125,1,65635.3578125,61781.7671875,58860.496875,57430.9390625,58400.5521875,105664.5373828125,52.487726468727224,2113.8852212748825,990.370026926656,1123.5151943482265,70686.8860226805,58860.496875,47034.1077273195,63.49206349206352,75.90187590187591,TTNP
1997-08-19,63397.7890625,65883.9765625,57182.3203125,57182.3203125,57182.3203125,1,65386.7390625,62403.3140625,58611.878125,57232.0440625,58375.6903125,104819.233515625,47.65058765475067,1580.907292991731,1108.4774801396711,472.42981285205997,70359.60734331387,58611.878125,46864.14890668614,41.2698412698413,62.43386243386244,TTNP
1997-08-20,57182.3203125,57182.3203125,53453.0390625,53453.0390625,53453.0390625,3,62651.9328125,61781.7671875,58301.1046875,56958.5634375,58363.259375,103955.2832421875,44.349440520969175,847.8234341602947,1056.3466709437957,-208.52323678350103,70247.74656311743,58301.1046875,46354.462811882586,25.396825396825424,43.38624338624339,TTNP
1997-08-21,52209.9453125,58425.4140625,52209.9453125,57182.3203125,57182.3203125,1,59171.2703125,61160.2203125,58301.1046875,57107.7346875,58388.12125,103109.979375,48.213119664704124,561.3006993589079,957.3374766268182,-396.03677726791034,70247.74656311743,58301.1046875,46354.462811882586,19.047619047619076,28.57142857142858,TTNP
1997-08-22,57182.3203125,59668.5078125,52209.9453125,59668.5078125,59668.5078125,2,57928.1765625,61284.5296875,58425.4140625,57256.9059375,58388.12125,102277.1064453125,50.671897841722824,528.7488336386377,871.6197480291821,-342.8709143905444,70374.64263120308,58425.4140625,46476.185493796926,22.222222222222253,22.22222222222223,TTNP
1997-08-25,59668.5078125,62154.6953125,50966.8515625,52209.9453125,52209.9453125,1,55939.2265625,60787.2921875,58052.4859375,57256.9059375,58363.259375,101406.940703125,43.932898750861696,-97.76543532896903,677.7427113575519,-775.508146686521,70285.43798447674,58052.4859375,45819.533890523264,20.634920634920665,20.634920634920643,TTNP
1997-08-26,52209.9453125,52209.9453125,52209.9453125,52209.9453125,52209.9453125,0,54944.7515625,60165.7453125,57803.8671875,57207.1821875,58338.3975,100561.6368359375,43.932898750861696,-587.510057051979,424.6921576756457,-1012.2022147276247,70296.80476039274,57803.8671875,45310.92961460725,14.285714285714313,19.047619047619055,TTNP
1997-08-27,54696.1328125,58425.4140625,50966.8515625,54696.1328125,54696.1328125,0,55193.3703125,58922.6515625,57866.021875,57207.1821875,58338.3975,99741.19484375,46.67454194663604,-766.1894893756835,186.51582826537984,-952.7053176410633,70283.90003086609,57866.021875,45448.14371913391,7.9365079365079625,14.285714285714292,TTNP
1997-08-28,52209.9453125,57182.3203125,52209.9453125,52209.9453125,52209.9453125,1,54198.8953125,56685.0828125,57928.1765625,57107.7346875,58313.535625,98883.4600390625,44.33958366635082,-1095.7773410324226,-69.94280559418067,-1025.8345354382418,70219.09903761231,57928.1765625,45637.25408738769,7.9365079365079625,10.052910052910057,TTNP
1997-08-29,54696.1328125,60911.6015625,54696.1328125,57182.3203125,57182.3203125,1,53701.6578125,55814.9171875,58238.95,57107.7346875,58338.3975,98100.310859375,49.753590202343226,-944.857255110699,-244.92569549748436,-699.9315596132146,70117.48972209576,58238.95,46360.41027790422,14.285714285714311,10.052910052910057,TTNP
1997-09-02,53453.0390625,65883.9765625,53453.0390625,65883.9765625,65883.9765625,1,56436.4640625,56187.8453125,58984.80625,57232.0440625,58450.2759375,97360.6699609375,57.537542753259366,-121.69820197987428,-220.28019679396235,98.58199481408806,70816.42079908313,58984.80625,47153.19170091687,28.571428571428594,16.931216931216934,TTNP
1997-09-03,64640.8828125,79558.0078125,62154.6953125,69613.2578125,69613.2578125,4,59917.1265625,57430.9390625,59917.1265625,57505.5246875,58549.7234375,96639.67546875,60.370996902890475,822.1063775611401,-11.802881922941822,833.909259484082,72010.32693406398,59917.1265625,47823.92619093602,48.72325741890961,30.52680009201748,TTNP
1997-09-04,74585.6328125,74585.6328125,68370.1640625,69613.2578125,69613.2578125,7,62900.5515625,59046.9609375,60414.3640625,57704.4196875,58723.7565625,95893.8191015625,60.370996902890475,1552.1856763176474,300.9948297251761,1251.1908465924714,73222.45309592139,60414.3640625,47606.275029078606,62.525879917184284,46.606855302507476,TTNP
1997-09-05,68370.1640625,72099.4453125,68370.1640625,69613.2578125,69613.2578125,5,66381.2140625,60290.0546875,60725.1375,58002.7621875,58872.9278125,95197.686484375,60.370996902890475,2106.4964012543132,662.0951440310035,1444.4012572233096,74096.92079426777,60725.1375,47353.35420573222,65.21739130434786,58.82217621348056,TTNP
1997-09-08,69613.2578125,72099.4453125,68370.1640625,72099.4453125,72099.4453125,1,69364.6390625,61533.1484375,61408.8390625,58350.8284375,58997.2371875,94513.9848046875,62.45694486099419,2715.1081213470898,1072.6977394942207,1642.410381852869,75612.7831354502,61408.8390625,47204.8949895498,68.11594202898554,65.2864044168392,TTNP
1997-09-09,72099.4453125,72099.4453125,68370.1640625,68370.1640625,68370.1640625,0,69861.8765625,63149.1703125,61968.23125,58649.1709375,59183.70125,93761.91296875,57.56247433031477,2863.506741119527,1430.859539819282,1432.647201300245,76342.5022141937,61968.23125,47593.96028580631,66.6666666666667,66.66666666666667,TTNP
1997-09-10,68370.1640625,69613.2578125,67127.0703125,67127.0703125,67127.0703125,3,69364.6390625,64640.8828125,62403.3140625,58897.7896875,59258.286875,93053.3494140625,55.98747881585372,2847.9767367689346,1714.2829792092125,1133.6937575597221,76848.89784810298,62403.3140625,47957.730276897026,63.76811594202903,66.18357487922705,TTNP
1997-09-11,67127.0703125,67127.0703125,59668.5078125,62154.6953125,62154.6953125,0,67872.9265625,65386.7390625,62154.6953125,59196.1321875,59258.286875,92319.923984375,50.084297427887506,2406.6970839384812,1852.7658001550662,553.931283783415,76436.75515728976,62154.6953125,47872.635467710235,52.1739130434783,60.86956521739131,TTNP
1997-09-12,68370.1640625,75207.1796875,68370.1640625,70856.3515625,70856.3515625,1,68121.5453125,67251.3796875,61968.23125,59569.0603125,59370.1653125,91630.0068359375,58.358788715682216,2727.687631334127,2027.7501663908783,699.9374649432489,75682.32184677648,61968.23125,48254.14065322351,55.07246376811597,57.00483091787441,TTNP
1997-09-15,69613.2578125,77071.8203125,69613.2578125,75828.7265625,75828.7265625,1,68867.4015625,69116.0203125,62465.46875,60041.4359375,59544.1984375,90964.9515625,62.21346424943432,3344.747887768506,2291.1497106664037,1053.5981771021025,77380.00374650792,62465.46875,47550.93375349207,65.21739130434786,57.48792270531402,TTNP
1997-09-16,72099.4453125,79558.0078125,72099.4453125,77071.8203125,77071.8203125,3,70607.7328125,70234.8046875,63211.325,60613.2590625,59767.9553125,90306.1117578125,63.132294479345866,3889.247044373573,2610.7691774078376,1278.4778669657353,79424.52743341777,63211.325,46998.12256658222,82.60869565217395,67.6328502415459,TTNP
1997-09-17,79558.0078125,89502.765625,79558.0078125,82044.1953125,82044.1953125,8,73591.1578125,71477.8984375,64454.41875,61209.9440625,60041.4359375,89672.133828125,66.6279290834418,4668.183739213739,3022.252089769018,1645.9316494447207,82352.81047101611,64454.41875,46556.02702898388,86.0869509353198,77.97101263061384,TTNP
1997-09-18,77071.8203125,87016.578125,77071.8203125,87016.578125,87016.578125,3,78563.534375,73218.23046875,66132.595703125,61856.35296875,60364.640390625,89063.0178125,69.71981725320182,5621.92041976699,3542.185755768612,2079.7346639983775,85797.06749317842,66132.595703125,46468.12391307158,88.13592694575804,85.61052451108391,TTNP
1997-09-19,87016.578125,99447.515625,87016.578125,96961.328125,96961.328125,9,83784.5296875,75953.0375,68121.54609375,62701.656875,60762.43046875,88503.625546875,74.75707615991482,7098.395933935302,4253.42779140195,2844.968142533352,91465.24800220158,68121.54609375,44777.844185298425,89.2326761746432,87.81851801857367,TTNP
1997-09-22,99447.515625,104419.890625,89502.765625,89502.765625,89502.765625,3,86519.3375,77693.36953125,69613.258984375,63273.48015625,61160.220546875,87894.50953125,65.9022152889091,7579.300300489558,4918.602293219472,2660.6980072700862,94375.49086864316,69613.258984375,44851.02710010685,84.78823925634714,87.38561412558278,TTNP
1997-09-23,89502.765625,91988.953125,79558.0078125,84530.390625,84530.390625,3,88011.0515625,79309.3921875,71229.28125,63745.8559375,61533.14875,87272.962578125,60.7371340760358,7473.046738097706,5429.491182195119,2043.555555902587,95450.16302508606,71229.28125,47008.39947491394,72.27227710435596,82.09773084511541,TTNP
1997-09-24,89502.765625,94475.140625,88259.671875,88259.671875,88259.671875,3,89254.146875,81422.65234375,73031.767578125,64367.40296875,61843.922265625,86670.06203125,63.074615225568586,7602.129240632901,5864.018793882676,1738.1104467502255,96681.61111201985,73031.767578125,49381.92404423015,62.037043664444546,73.03252000838253,TTNP
1997-09-25,87016.578125,93232.046875,84530.390625,88259.671875,88259.671875,4,89502.765625,84033.15,74709.94453125,64964.088125,62229.28140625,85992.575859375,63.0746152255686,7616.628303979465,6214.540695902034,1402.0876080774315,97670.53470304183,74709.94453125,51749.35435945817,61.1111179001627,65.14014622298772,TTNP
1997-09-26,88259.671875,93232.046875,83287.2890625,84530.390625,84530.390625,2,87016.578125,85400.55390625,76325.966796875,65411.60203125,62453.038359375,85383.45984375,59.000869665739344,7243.696264675731,6420.371809656774,823.3244550189575,97177.36551524165,76325.966796875,55474.56807850835,61.1111179001627,61.41975982158996,TTNP
1997-09-29,82044.1953125,84530.390625,77071.8203125,77071.8203125,77071.8203125,2,84530.3890625,85524.86328125,77320.441796875,65635.35890625,62614.640546875,84737.0509765625,51.79564292127888,6273.978131863114,6391.093074098042,-117.1149422349281,96231.82264966857,77320.441796875,58409.060944081444,52.77778020243909,58.333338667588144,TTNP
1997-09-30,79558.0078125,88259.671875,73342.5390625,88259.671875,88259.671875,4,85276.2453125,86643.6484375,78439.2265625,66157.4584375,62875.6903125,84283.3216796875,59.73816750453081,6335.207319039982,6379.91592308643,-44.70860404644736,97158.42558065375,78439.2265625,59720.027544346245,52.77778020243909,55.555559435013606,TTNP
1997-10-01,87016.578125,89502.765625,74585.6328125,77071.8203125,77071.8203125,5,83038.675,86146.4109375,78812.1546875,66455.8009375,63024.8615625,83773.653125,50.735540663619126,5418.5046223091485,6187.6336629309735,-769.129040621825,97105.50116732411,78812.1546875,60518.8082076759,42.30523436542924,49.286931590102455,TTNP
1997-10-02,79558.0078125,84530.390625,79558.0078125,82044.1953125,82044.1953125,2,81795.5796875,85649.17265625,79433.7015625,66903.3146875,63174.0328125,83276.4155078125,54.049943304117654,5035.197613505108,5957.146453045801,-921.9488395406925,97273.72734545665,79433.7015625,61593.675779543366,41.24703289816981,45.44334915534603,TTNP
1997-10-03,84530.390625,87016.578125,82044.1953125,87016.578125,87016.578125,3,82292.8171875,84654.69765625,80303.867578125,67499.99984375,63323.204140625,82779.1779296875,57.1542502590596,5074.162003461999,5780.5495631290405,-706.3875596670414,97838.10678775719,80303.867578125,62769.62836849282,35.335354223681,39.62920716242667,TTNP
1997-10-06,88259.671875,90745.859375,83287.2890625,85773.484375,85773.484375,22,84033.15,84281.76953125,80987.56953125,68071.823125,63509.66828125,82313.0176953125,56.133257038946006,4947.700277605298,5613.979706024292,-666.279428418994,98253.15912026117,80987.56953125,63721.97994223884,40.62271731697752,39.06836814627609,TTNP
1997-10-07,88259.671875,99447.515625,82044.1953125,91367.40625,91367.40625,20,84654.696875,84965.47109375,82137.431640625,68705.80109375,63776.933515625,81899.6889453125,59.628270686272145,5238.475311163667,5538.878827052167,-300.4035158884999,98945.77094832827,82137.431640625,65329.09233292173,48.05129493706854,41.33645549257567,TTNP
1997-10-08,96961.328125,105662.984375,89502.765625,104419.890625,104419.890625,9,90124.3109375,86581.49296875,84002.07265625,69650.5525,64199.58546875,81601.3464453125,66.36263907543038,6447.8166088385915,5720.6663834094525,727.150225429139,101970.15914458175,84002.07265625,66033.98616791826,64.71795757506753,51.13065660970451,TTNP
1997-10-09,108149.171875,111878.453125,94475.140625,101933.703125,101933.703125,26,94102.2125,87948.89609375,85991.023046875,70620.16578125,64622.237421875,81290.5730078125,64.16702111256376,7123.498490392012,6001.232804805964,1122.2656855860478,102600.52431332573,85991.023046875,69381.52178042426,76.11580375359536,62.96168542191045,TTNP
1997-10-10,104419.890625,110635.359375,91988.953125,109392.265625,109392.265625,12,98577.35,90435.08359375,87917.81875,71788.6740625,65119.475,81017.0923828125,67.6273495559939,8166.684454681526,6434.323134781077,1732.3613199004494,105938.28878399069,87917.81875,69897.34871600932,87.96526303572757,76.2663414547968,TTNP
1997-10-13,104419.890625,109392.265625,96961.328125,103176.796875,103176.796875,3,102058.0125,93045.58125,89285.222265625,72832.87296875,65554.557890625,80712.5344140625,62.23392008280396,8395.106897305144,6826.47988728589,1568.6270100192542,107577.19382278807,89285.222265625,70993.25070846191,81.72043381339826,81.93383353424036,TTNP
1997-10-14,101933.703125,103176.796875,99447.515625,101933.703125,101933.703125,3,104171.271875,94412.984375,90528.31640625,73852.21,66076.65734375,80401.7609765625,61.182956243072276,8379.235441841549,7137.030998197022,1242.2044436445267,108710.13335160805,90528.31640625,72346.49946089195,81.72043381339826,83.80204355417466,TTNP
1997-10-15,103176.796875,109392.265625,99447.515625,104419.890625,104419.890625,7,104171.271875,97147.79140625,91647.101171875,74921.27078125,66524.171171875,80103.4184765625,62.54528459900898,8469.639025830562,7403.5526037237305,1066.0864221068314,110349.26293825003,91647.101171875,72944.93940549996,77.41935941655079,80.28674234778241,TTNP
1997-10-16,108149.171875,108149.171875,99447.515625,104419.890625,104419.890625,7,104668.509375,99385.3609375,92517.266796875,75816.2984375,67046.270625,79786.4295703125,62.545284599008966,8443.947941766906,7611.631671332366,832.3162704345405,111884.31570013253,92517.266796875,73150.21789361748,78.49462801576267,79.21147374857054,TTNP
1997-10-17,106906.078125,106906.078125,99447.515625,106906.078125,106906.078125,7,104171.271875,101374.3109375,93014.504296875,76686.46421875,67568.370078125,79450.7941796875,64.01018572019377,8525.920620158431,7794.489461097579,731.4311590608522,113301.23012351341,93014.504296875,72727.7784702366,82.79570241261014,79.5698966149745,TTNP
1997-10-20,106906.078125,121823.203125,103176.796875,106906.078125,106906.078125,12,104917.128125,103487.5703125,93884.669921875,77656.0775,67991.02203125,79152.4516796875,64.01018572019377,8492.982740036023,7934.188116885268,558.7946231507549,114971.42393689624,93884.669921875,72797.91590685376,78.7209999593279,80.00377679590021,TTNP
1997-10-21,109392.265625,109392.265625,104419.890625,104419.890625,104419.890625,3,105414.365625,104792.81875,94879.144921875,78600.82890625,68388.812109375,78866.5401171875,61.23268316605726,8172.062232931174,7981.762940094449,190.29929283672482,115983.47953842783,94879.144921875,73774.81030532219,71.44712389560566,77.65460875584789,TTNP
1997-10-22,104419.890625,108149.171875,101933.703125,106906.078125,106906.078125,5,105911.603125,105041.4375,95811.465234375,79570.4421875,68761.7403125,78568.1976171875,62.96338155920394,8025.828220436699,7990.575996162899,35.252224273799584,117307.55777971566,95811.465234375,74315.37268903435,63.24820074742262,71.13877486745206,TTNP
1997-10-23,99447.515625,106906.078125,99447.515625,101933.703125,101933.703125,13,105414.365625,105041.4375,96495.166796875,80266.57484375,69109.806640625,78269.8551171875,57.44023539079984,7423.138287907568,7877.088454511833,-453.9501666042652,117856.4084785034,96495.166796875,75133.92511524659,57.10785140260203,63.934392015210086,TTNP
1997-10-24,108149.171875,114364.640625,105662.984375,109392.265625,109392.265625,11,105911.603125,105041.4375,97738.260546875,80962.7075,69408.14921875,77946.6506640625,62.72251130007306,7461.33619503821,7793.938002617108,-332.60180757889884,119063.30159639368,97738.260546875,76413.21949735632,60.41667444073672,60.257575530253774,TTNP
1997-10-27,113121.546875,113121.546875,99447.515625,101933.703125,101933.703125,10,104917.128125,104917.128125,98981.3546875,81683.70203125,69631.906171875,77586.1533984375,55.32736852898217,6811.248815211351,7597.400165135957,-786.1513499246057,118130.14683966724,98981.3546875,79832.56253533276,52.40385147294672,56.6427924387618,TTNP
1997-10-28,87016.578125,111878.453125,84530.390625,111878.453125,111878.453125,17,106408.840625,105911.603125,100162.29375,82678.1771875,70054.558125,77262.9489453125,61.79527361509983,7017.613417167959,7481.4428155423575,-463.8293983743988,119433.35769998719,100162.29375,80891.2298000128,60.18162597743187,57.667383963705085,TTNP
1997-10-29,113121.546875,115607.734375,109392.265625,113121.546875,113121.546875,5,107651.934375,106781.76875,101964.780078125,83796.96171875,70514.502890625,76939.7444921875,62.525656903278005,7198.486456681916,7424.851543770269,-226.365087088353,118856.56901565823,101964.780078125,85072.99114059177,62.82051282051285,58.46866342363046,TTNP
1997-10-30,109392.265625,114364.640625,105662.984375,114364.640625,114364.640625,9,110138.121875,107776.24375,103580.80234375,85015.19375,70986.87859375,76622.7555078125,63.28162227509998,7357.326243119533,7411.346483640122,-54.02024052058914,118623.13562332078,103580.80234375,88538.46906417921,76.6666666666667,66.55626848820378,TTNP
1997-10-31,114364.640625,114364.640625,109392.265625,110635.359375,110635.359375,2,110386.740625,108149.171875,104761.74140625,86084.25453125,71595.994609375,76256.0427734375,59.40966199630859,7100.436674167591,7349.164521745615,-248.727847578024,118019.64366882358,104761.74140625,91503.83914367642,75.5555555555556,71.68091168091169,TTNP
1997-11-03,111878.453125,115607.734375,109392.265625,114364.640625,114364.640625,11,112872.928125,108895.028125,106191.29921875,87178.1771875,72217.5415625,75932.8383203125,61.91893036018914,7115.745781978272,7302.4807737921465,-186.73499181387433,116865.08879466714,106191.29921875,95517.50964283287,76.66666666666671,76.29629629629632,TTNP
1997-11-04,114364.640625,115607.734375,109392.265625,111878.453125,111878.453125,6,112872.928125,109640.884375,107216.8515625,88371.54734375,72814.226640625,75646.9266796875,59.28756309563221,6848.320629613663,7211.64874495645,-363.328115342787,115716.37724531099,107216.8515625,98717.32587968901,74.4444444444445,75.55555555555559,TTNP
1997-11-05,109392.265625,114364.640625,109392.265625,114364.640625,114364.640625,9,113121.546875,110386.740625,107714.0890625,89614.64125,73410.91171875,75373.4459765625,61.06926603766232,6759.084306483404,7121.135857261841,-362.05155077843665,116653.13464390056,107714.0890625,98775.04348109945,77.77777777777783,76.29629629629632,TTNP
1997-11-06,115607.734375,116850.828125,106906.078125,106906.078125,106906.078125,13,111629.834375,110883.978125,107962.7078125,90658.84015625,73933.011171875,75062.6724609375,53.50436347713063,6017.1581637860945,6900.340318566692,-883.1821547805976,116512.98820513547,107962.7078125,99412.42741986453,71.11111111111116,74.44444444444447,TTNP
1997-11-07,104419.890625,111878.453125,101933.703125,109392.265625,109392.265625,8,111381.215625,110883.978125,107962.7078125,91802.4865625,74455.110625,74751.8989453125,55.48388977530229,5565.633742427395,6633.399003338833,-1067.7652609114375,116512.98820513547,107962.7078125,99412.42741986453,72.30769230769236,73.73219373219376,TTNP
1997-11-10,109392.265625,116850.828125,109392.265625,110013.8125,110013.8125,15,110511.05,111691.9890625,108304.55859375,92859.11640625,74983.425546875,74419.3712890625,55.988366642712386,5198.031353984785,6346.325473468023,-1148.2941194832383,116605.17690527352,108304.55859375,100003.94028222648,71.92307692307698,71.7806267806268,TTNP
1997-11-11,110635.359375,111878.453125,106906.078125,108149.171875,108149.171875,7,109765.19375,111319.0609375,108615.33203125,93704.4203125,75468.2321875,74114.8132421875,54.01089018937076,4702.040699461562,6017.468518666731,-1315.4278192051688,116387.15375858714,108615.33203125,100843.51030391286,76.28205128205133,73.50427350427354,TTNP
1997-11-12,106906.078125,108149.171875,103176.796875,105041.4375,105041.4375,3,107900.553125,110511.05,108646.409375,94412.98390625,75959.254296875,73844.4403515625,50.79105118433892,4011.949088943802,5616.364632722145,-1604.415543778343,116355.59535419241,108646.409375,100937.2233958076,71.79487179487184,73.33333333333336,TTNP
1997-11-13,105662.984375,108149.171875,99447.515625,99447.515625,99447.515625,5,106408.840625,109019.3375,108397.790625,95009.6690625,76357.044375,73583.3906640625,45.52961846401632,2979.3200241342274,5088.955711004562,-2109.635686870334,116914.57055795091,108397.790625,99881.01069204908,60.89743589743595,69.65811965811967,TTNP
1997-11-14,103176.796875,104419.890625,96961.328125,104419.890625,104419.890625,5,105414.365625,108397.790625,108273.48125,95705.80171875,76854.281953125,73459.0812890625,50.44375658042377,2532.9844887519866,4577.761466554047,-2044.7769778020602,116944.89552847431,108273.48125,99602.06697152568,57.0512820512821,63.24786324786327,TTNP
1997-11-17,106906.078125,115607.734375,105662.984375,108149.171875,108149.171875,11,105041.4375,107776.24375,108335.6359375,96426.79625,77388.81234375,73253.9708203125,53.809532838932085,2451.9180067430716,4152.592774591852,-1700.67476784878,116984.74601143815,108335.6359375,99686.52586356185,54.64743589743595,57.532051282051306,TTNP
1997-11-18,109392.265625,113121.546875,104419.890625,113121.546875,113121.546875,12,106035.9125,107900.553125,108770.71875,97321.82390625,77985.497421875,73123.4459765625,57.91392379822605,2757.1189908472734,3873.498017842936,-1116.3790269956626,117463.49122407487,108770.71875,100077.94627592513,66.3461538461539,59.348290598290625,TTNP
1997-11-19,114364.640625,114364.640625,109392.265625,111878.453125,111878.453125,10,107403.315625,107651.934375,109019.3375,98216.8515625,78557.320625,73073.7222265625,56.560802827025014,2865.6522377568763,3671.928861825724,-806.2766240688479,117768.81027335387,109019.3375,100269.86472664612,70.83333333333339,63.942307692307715,TTNP
1997-11-20,116850.828125,131767.953125,116850.828125,123066.296875,123066.296875,42,112127.071875,109267.95625,110075.9671875,99435.08359375,79315.607890625,73042.6448828125,64.58148302035478,3810.5059669566253,3699.6442828519043,110.86168410472101,120151.1634269273,110075.9671875,100000.7709480727,77.08333333333339,71.4209401709402,TTNP
1997-11-21,128038.671875,133011.046875,125552.484375,126795.578125,126795.578125,27,116602.209375,111008.2875,110946.1328125,100553.868125,80061.46421875,73030.2139453125,66.78314835964554,4804.843934654928,3920.684213212509,884.1597214424187,123367.74361054928,110946.1328125,98524.52201445072,77.58620689655179,75.16762452107282,TTNP
1997-11-24,128038.671875,128038.671875,120580.109375,125552.484375,125552.484375,25,120082.871875,112562.1546875,112127.071875,101548.34328125,80794.889609375,73061.2912890625,65.32545293415232,5429.963422912522,4222.540055152512,1207.4233677600105,125361.2046369118,112127.071875,98892.93911308818,79.0229885057472,77.8975095785441,TTNP
1997-11-25,126795.578125,126795.578125,109392.265625,119337.015625,119337.015625,14,121325.965625,113680.9390625,112500.0,102393.6471875,81503.453125,73073.7222265625,58.455129024385286,5362.028609747809,4450.437766071571,911.5908436762384,126100.37734525421,112500.0,98899.62265474579,74.71264367816099,77.10727969348665,TTNP
1997-11-26,120580.109375,121823.203125,111878.453125,121823.203125,121823.203125,12,123314.915625,115359.115625,112935.0828125,103189.22734375,82199.585703125,73111.0150390625,60.25571612336553,5446.025937214232,4649.555400300103,796.4705369141284,127130.86510573093,112935.0828125,98739.30051926906,70.1149425287357,74.61685823754794,TTNP
1997-11-28,121823.203125,123066.296875,116850.828125,121823.203125,121823.203125,9,123066.296875,117596.684375,113308.0109375,103885.35984375,82870.85640625,73247.7553515625,60.25571612336553,5449.7728355173895,4809.598887343561,640.1739481738286,128017.01983685096,113308.0109375,98599.00203814905,66.66666666666673,70.4980842911878,TTNP
1997-12-01,119958.5625,123066.296875,116850.828125,121823.203125,121823.203125,6,122071.821875,119337.015625,113867.403125,104382.59734375,83542.127109375,73459.081328125,60.25571612336553,5390.602766261829,4925.799663127214,464.8031031346145,128972.91042023989,113867.403125,98761.8958297601,68.96551724137936,68.58237547892725,TTNP
1997-12-02,121823.203125,121823.203125,111878.453125,114364.640625,114364.640625,4,119834.253125,119958.5625,113867.403125,104879.83484375,84076.6575,73595.821640625,51.837566677350566,4687.82803660279,4878.20533782233,-190.37730121953973,128972.91042023989,113867.403125,98761.8958297601,62.06896551724143,65.90038314176249,TTNP
1997-12-03,111878.453125,114364.640625,106906.078125,106906.078125,106906.078125,6,117348.065625,119337.015625,113618.784375,105327.34859375,84536.602265625,73670.407265625,45.058365852763416,3488.813470213485,4600.326964300561,-1111.5134940870757,129008.06409322457,113618.784375,98229.50465677543,48.27586206896557,59.77011494252878,TTNP
1997-12-04,110324.5859375,115607.734375,108149.171875,114364.640625,114364.640625,8,115856.353125,119585.634375,113618.784375,105849.44796875,85108.42546875,73772.9625,51.840967750970655,3104.64107808267,4301.189787056983,-1196.5487089743128,129008.06409322457,113618.784375,98229.50465677543,41.37931034482764,50.574712643678204,TTNP
1997-12-05,114364.640625,118093.921875,108149.171875,111878.453125,111878.453125,5,113867.403125,118466.85,113867.403125,106321.82359375,85642.955859375,73872.41,49.64108541768895,2569.9424394835223,3954.940317542291,-1384.9978780587685,128972.91042023989,113867.403125,98761.8958297601,33.983008495752166,41.212726969848454,TTNP
1997-12-08,115607.734375,116850.828125,110635.359375,114364.640625,114364.640625,3,112375.690625,117223.75625,114116.021875,106918.50859375,86165.0553125,74046.4431640625,51.841885095424935,2320.060258934507,3627.964305820734,-1307.9040468862268,129081.75551597583,114116.021875,99150.28823402418,36.38180909545232,37.248042645344036,TTNP
1997-12-09,111878.453125,114364.640625,108149.171875,111878.453125,111878.453125,3,111878.453125,115856.353125,114209.25390625,107614.64125,86625.000078125,74133.4597265625,49.511667950352376,1899.5158410236327,3282.2746128613135,-1382.7587718376808,129094.62031077506,114209.25390625,99323.88750172494,26.63906142167016,32.334626337624876,TTNP
1997-12-10,113121.546875,113121.546875,106906.078125,108149.171875,108149.171875,2,112127.071875,114737.56875,114209.25390625,108012.43125,87084.94484375,74214.2608203125,46.16002615947225,1250.8900481758174,2875.9976999242144,-1625.107651748397,129094.62031077506,114209.25390625,99323.88750172494,19.530710835058702,27.517193784060385,TTNP
1997-12-11,108149.171875,108149.171875,100690.609375,105662.984375,105662.984375,3,110386.740625,113121.546875,114240.33125,108584.25453125,87520.027734375,74307.4928515625,44.020590040266846,530.1239421192586,2406.822948363223,-1876.6990062439645,129051.41638378365,114240.33125,99429.24611621635,13.064713064713109,19.74482844048065,TTNP
1997-12-12,105662.984375,106906.078125,101933.703125,104419.890625,104419.890625,2,108895.028125,111381.215625,114488.95,109031.7684375,87967.5415625,74382.0784765625,42.94872949244025,-139.78431980106689,1897.501494730365,-2037.285814531432,128440.42768874599,114488.95,100537.47231125401,11.260961260961304,14.618795053577697,TTNP
1997-12-15,103176.796875,104419.890625,99447.515625,104419.890625,104419.890625,3,106906.078125,109640.884375,114488.95,109379.8346875,88439.917265625,74506.387890625,42.94872949244024,-663.0482364645577,1385.3915484913805,-2048.439784955938,128440.42768874599,114488.95,100537.47231125401,15.734265734265778,13.35331335331339,TTNP
1997-12-16,104419.890625,104419.890625,96961.328125,99447.515625,99447.515625,5,104419.890625,108149.171875,114053.8671875,109653.3153125,88862.56921875,74605.8354296875,38.5897597041734,-1462.1134334349335,815.8905521061176,-2278.0039855410514,129255.73989323189,114053.8671875,98851.99448176811,13.780663780663824,13.591963591963626,TTNP
1997-12-17,100690.609375,104419.890625,90745.859375,94475.140625,94475.140625,8,101685.084375,106906.078125,113121.546875,109715.47,89210.635546875,74705.28296875,34.78750265483884,-2468.1560984865355,159.0812219875869,-2627.2373204741225,130560.34017126005,113121.546875,95682.75357873995,13.081363081363124,14.198764198764232,TTNP
1997-12-18,94475.140625,104419.890625,89502.765625,94475.140625,94475.140625,5,99447.515625,104917.128125,112251.38125,109516.575,89583.56375,74761.2222265625,34.78750265483883,-3228.239028672411,-518.3828281444128,-2709.856200527998,131494.8579515658,112251.38125,93007.90454843422,11.959028625695334,12.940351829240752,TTNP
1997-12-19,94475.140625,95718.234375,89502.765625,95718.234375,95718.234375,4,97707.184375,103301.10625,110883.978125,109392.265625,90006.215703125,74835.807890625,36.598745269670005,-3687.7923753573996,-1152.2647375870101,-2535.5276377703894,130736.15028478048,110883.978125,91031.80596521951,15.19468186134857,13.411691189469002,TTNP
1997-12-22,90745.859375,94475.140625,87016.578125,94475.140625,94475.140625,5,95718.234375,101312.15625,109267.95625,109093.923125,90441.29859375,74890.19328125,35.53583404815871,-4104.979343553801,-1742.8076587803685,-2362.171684773433,128937.14076202102,109267.95625,89598.77173797898,19.348528015194724,15.500746167412869,TTNP
1997-12-23,91988.953125,95096.6875,85773.484375,88259.671875,88259.671875,6,93480.665625,98950.278125,107403.315625,108795.580625,90814.226796875,74933.7016015625,30.7301983345523,-4880.875707883708,-2370.4212686010364,-2510.4544392826715,127607.31799957207,107403.315625,87199.31325042793,16.974358974359017,17.172522950300763,TTNP
1997-12-24,91988.953125,98204.421875,82044.1953125,98204.421875,98204.421875,7,94226.521875,97955.803125,106346.6859375,108720.995,91286.6025,75026.933671875,43.82092081290858,-4639.835814320148,-2824.304177744859,-1815.5316365752888,126150.14868704065,106346.6859375,86543.22318795936,25.506635285289594,20.609840758281106,TTNP
1997-12-26,93232.046875,106906.078125,93232.046875,106906.078125,106906.078125,3,96712.709375,98080.1125,105600.8296875,108770.71875,91845.994765625,75200.9668359375,52.31297302341987,-3703.96205652169,-3000.235753500225,-703.7263030214649,124097.0454562105,105600.8296875,87104.61391878949,41.31616123247384,27.93238516404081,TTNP
1997-12-29,106906.078125,106906.078125,99447.515625,99447.515625,99447.515625,2,97458.565625,97582.875,104482.0453125,108671.27125,92243.78484375,75337.7071875,45.90739167515521,-3523.5022798246355,-3104.889058765107,-418.6132210595283,121571.30681359817,104482.0453125,87392.78381140184,56.700780335859385,41.17452561787426,TTNP
1997-12-30,101933.703125,115607.734375,96961.328125,114364.640625,114364.640625,5,101436.465625,98577.35,104109.1171875,108820.4425,92753.453359375,75524.1712890625,57.196159987059715,-2151.9924572862074,-2914.3097384693274,762.31728118312,119948.1999978707,104109.1171875,88270.0343771293,73.8570133341384,57.29131830082387,TTNP
1997-12-31,114364.640625,124309.390625,106906.078125,111878.453125,111878.453125,3,106160.221875,99820.44375,103984.8078125,108919.89,93287.98375,75760.359140625,55.13107224664239,-1251.2519415391725,-2581.6981790832965,1330.446237544124,119536.40248884927,103984.8078125,88433.21313615073,73.5769009638636,68.04489821128713,TTNP
1998-01-02,109392.265625,111878.453125,106906.078125,109392.265625,109392.265625,0,108397.790625,101312.15625,104109.1171875,109019.3375,93810.083203125,75968.5773828125,53.067658839574136,-729.6126264491613,-2211.2810685564696,1481.6684421073082,119791.32499270565,104109.1171875,88426.90938229435,77.19680892200014,74.87690774000072,TTNP
1998-01-05,109392.265625,111878.453125,106906.078125,109392.265625,109392.265625,2,108895.028125,102803.86875,103860.4984375,109069.06125,94319.75171875,76179.903359375,53.067658839574136,-312.6061815615685,-1831.5460911574894,1518.9399095959209,119033.88223286199,103860.4984375,88687.11464213803,66.66667282815881,72.48012757134086,TTNP
1998-01-06,105662.984375,109392.265625,103176.796875,108149.171875,108149.171875,2,110635.359375,104046.9625,103674.034375,109193.370625,94729.972734375,76422.3066796875,51.94037251112776,-81.49344062042655,-1481.535561050077,1400.0421204296504,118537.19436577868,103674.034375,88810.87438422133,63.72549690123163,69.1963262171302,TTNP
1998-01-07,105662.984375,106906.078125,104419.890625,105662.984375,105662.984375,1,108895.028125,105165.746875,103238.9515625,109118.785,95040.74625,76677.1409375,49.66791926352006,-97.82185224068235,-1204.792819288198,1106.9709670475156,117313.38614149977,103238.9515625,89164.51698350025,60.78432097430446,63.725496901231644,TTNP
1998-01-08,106906.078125,106906.078125,96961.328125,101933.703125,101933.703125,6,106906.078125,106533.15,102741.7140625,109118.785,95401.243515625,76888.4669140625,46.389351666458126,-406.992509752381,-1045.2327573810346,638.2402476286536,116251.4611156446,102741.7140625,89231.9670093554,54.901969120450126,59.80392899866208,TTNP
1998-01-09,100690.609375,104419.890625,98204.421875,100690.609375,100690.609375,2,105165.746875,106781.76875,102368.7859375,108895.028125,95786.60265625,77093.577421875,45.315562592503554,-743.7463153840217,-984.9354689816321,241.18915359761036,115671.05078162765,102368.7859375,89066.52109337234,49.01961726659579,54.90196912045013,TTNP
1998-01-12,96961.328125,96961.328125,88259.671875,90745.859375,90745.859375,6,101436.465625,105165.746875,101622.9296875,108447.514375,96122.238046875,77248.9641796875,37.78113376886483,-1792.422415917259,-1146.4328583687575,-645.9895575485016,115749.96686827435,101622.9296875,87495.89250672565,37.25491355888712,47.05883331531103,TTNP
1998-01-13,94475.140625,94475.140625,85773.484375,91988.953125,91988.953125,5,98204.421875,104419.890625,101001.3828125,108000.000625,96507.5971875,77435.42828125,39.14322620157435,-2494.4441053274204,-1416.03510776049,-1078.4089975669303,115665.14768445125,101001.3828125,86337.61794054875,29.411777753747998,38.562102859743646,TTNP
1998-01-14,93232.046875,95718.234375,89502.765625,90745.859375,90745.859375,4,95220.996875,102058.0125,100317.68125,107602.210625,96843.232578125,77615.6769140625,38.241643198534256,-3115.1985587931995,-1755.867797967032,-1359.3307608261675,115544.43802799507,100317.68125,85090.92447200492,21.56864194860888,29.411777753748012,TTNP
1998-01-15,89502.765625,96961.328125,89502.765625,96961.328125,96961.328125,5,94226.521875,100566.3,100193.371875,107254.144375,97216.16078125,77802.141015625,45.05598868872392,-3070.2229333456635,-2018.7388250427582,-1051.4841083029053,115486.96184957138,100193.371875,84899.78190042861,24.383311312458773,25.12124367160523,TTNP
1998-01-16,96961.328125,101933.703125,93232.046875,101933.703125,101933.703125,2,94475.140625,99820.44375,100566.3,107055.249375,97713.398359375,78038.3288671875,49.82562292604692,-2603.340629267448,-2135.6591858876964,-467.6814433797517,115646.21079585332,100566.3,85486.38920414669,30.51866396948348,25.490205743517063,TTNP
1998-01-20,101933.703125,106906.078125,100690.609375,104419.890625,104419.890625,3,97209.946875,99323.20625,101063.5375,106856.354375,98235.4978125,78286.94765625,52.06620676510969,-2009.5536032316013,-2110.438069356477,100.88446612487587,115962.00442515587,101063.5375,86165.07057484414,39.78494623655918,31.562307172833826,TTNP
1998-01-21,111878.453125,111878.453125,98204.421875,101933.703125,101933.703125,4,99198.896875,98701.659375,101374.3109375,106756.906875,98707.873515625,78523.1355078125,49.67718098486165,-1719.7632996054454,-2032.3031154062708,312.5398158008254,116071.7590406742,101374.3109375,86676.86283432582,44.08602150537638,38.129877237139695,TTNP
1998-01-22,103176.796875,104419.890625,100690.609375,100690.609375,100690.609375,2,101187.846875,98204.421875,101685.084375,106582.87375,99192.68015625,78753.107890625,48.47940159540317,-1572.285346056684,-1940.2995615363534,368.0142154796695,116044.8350550366,101685.084375,87325.33369496341,49.15514592933951,44.34203789042504,TTNP
1998-01-23,104419.890625,104419.890625,99447.515625,100690.609375,100690.609375,1,101933.703125,98080.1125,102306.63125,106396.4096875,99627.763046875,78983.0802734375,48.47940159540317,-1438.8221591332112,-1840.004081055725,401.18192192251377,115299.19117742052,102306.63125,89314.07132257949,52.07373271889404,48.43830005120333,TTNP
1998-01-26,99447.515625,101933.703125,91367.40625,94475.140625,94475.140625,4,100441.990625,97458.565625,102120.1671875,106122.9290625,99913.6746875,79181.9753125,42.53262707491366,-1813.6810194167338,-1834.7394687279268,21.058449311193044,115445.64514560046,102120.1671875,88794.68922939955,49.206349206349245,50.145075951527616,TTNP
1998-01-27,94475.140625,95718.234375,90745.859375,94475.140625,94475.140625,3,98453.040625,97831.49375,101498.6203125,105911.603125,100162.293515625,79356.0084765625,42.53262707491366,-2086.7051291042008,-1885.1326008031815,-201.57252830101925,115031.22458028464,101498.6203125,87966.01604471536,41.269841269841315,47.51664106502822,TTNP
1998-01-28,94475.140625,95718.234375,91988.953125,95718.234375,95718.234375,1,97209.946875,98204.421875,101312.15625,105837.0175,100423.34328125,79573.549921875,44.122493370694734,-2177.668618128795,-1943.6398042683043,-234.0288138604908,115053.82533026556,101312.15625,87570.48716973444,34.92063492063497,41.79894179894186,TTNP
1998-01-29,94475.140625,94475.140625,91988.953125,94475.140625,94475.140625,1,95966.853125,98577.35,100317.68125,105638.1225,100671.962109375,79772.4449609375,42.84595529780814,-2323.2837463602773,-2019.5685926866988,-303.71515367357847,112972.83963970024,100317.68125,87662.52286029975,34.92063492063497,37.0370370370371,TTNP
1998-01-30,96961.328125,101933.703125,94475.140625,101933.703125,101933.703125,2,96215.471875,99074.5875,99820.44375,105513.813125,100970.3046875,79983.7709375,51.84770006527392,-1815.9084622526425,-1978.8365665998876,162.92810434724515,111351.10155490045,99820.44375,88289.78594509956,44.444444444444485,38.09523809523816,TTNP
1998-02-02,103176.796875,108149.171875,96961.328125,106906.078125,106906.078125,6,98701.659375,99571.825,99696.134375,105389.50375,101355.663828125,80269.6825390625,56.73945949014849,-1001.0414053335116,-1783.2775343466124,782.2361290131007,110859.08856413614,99696.134375,88533.18018586385,58.73015873015877,46.03174603174609,TTNP
1998-02-03,106906.078125,111878.453125,103176.796875,111878.453125,111878.453125,4,102182.321875,100317.68125,99820.44375,105389.50375,101803.17765625,80530.732265625,61.00559845336938,45.45177493455412,-1417.5316724903792,1462.9834474249333,111457.81977416319,99820.44375,88183.06772583682,80.95238095238099,61.37566137566143,TTNP
1998-02-04,111878.453125,114364.640625,105662.984375,108149.171875,108149.171875,4,104668.509375,100939.228125,99820.44375,105091.16125,102263.122421875,80760.7046484375,56.504946095212325,567.3433489345043,-1020.5566682054025,1587.9000171399068,111457.81977416319,99820.44375,88183.06772583682,85.31746031746036,75.00000000000006,TTNP
1998-02-05,109392.265625,109392.265625,101933.703125,104419.890625,104419.890625,1,106657.459375,101312.15625,99758.2890625,104643.6475,102598.7578125,80984.4615625,52.34608277758963,672.2747861260868,-681.9903773391046,1354.2651634651916,111282.9146107466,99758.2890625,88233.6635142534,77.63157894736845,81.30047340573662,TTNP
1998-02-06,105662.984375,105662.984375,99447.515625,104419.890625,104419.890625,4,107154.696875,101685.084375,99882.5984375,104220.995625,102884.669453125,81214.4339453125,52.34608277758962,746.8247749670554,-396.22734687787255,1143.052121844928,111551.13747635507,99882.5984375,88214.05939864492,63.596491228070214,75.51517683096637,TTNP
1998-02-09,104419.890625,108149.171875,103176.796875,104419.890625,104419.890625,1,106657.459375,102679.559375,100069.0625,103922.653125,103158.15015625,81463.052734375,52.34608277758962,796.7220622360037,-157.63746505509727,954.3595272911009,111901.3300620014,100069.0625,88236.7949379986,57.894736842105296,66.374269005848,TTNP
1998-02-10,106906.078125,110635.359375,104419.890625,109392.265625,109392.265625,3,106160.221875,104171.271875,101001.3828125,103674.034375,103431.630859375,81736.5333984375,57.54923455651229,1223.3926199283596,118.56855194159414,1104.8240679867654,112685.8028237111,101001.3828125,89316.9628012889,64.91228070175443,62.13450292397667,TTNP
1998-02-11,108149.171875,110635.359375,106906.078125,108149.171875,108149.171875,2,106160.221875,105414.365625,101809.39375,103400.55375,103642.956796875,82003.79859375,55.90581090866639,1444.5726993747521,383.7693814282257,1060.8033179465265,113118.13126662312,101809.39375,90500.65623337688,70.17543859649126,64.32748538011701,TTNP
1998-02-12,108149.171875,108149.171875,104419.890625,108149.171875,108149.171875,2,106906.078125,106781.76875,102679.559375,103127.073125,103754.835234375,82258.6328515625,55.90581090866639,1601.3995684638212,627.2954188353449,974.1041496284763,113091.90733891491,102679.559375,92267.21141108508,75.4385964912281,70.17543859649129,TTNP
1998-02-13,106906.078125,106906.078125,103176.796875,105662.984375,105662.984375,1,107154.696875,107154.696875,103114.6421875,102953.04,103916.437421875,82538.328984375,52.43275315632224,1507.691707283302,803.3746765249364,704.3170307583657,113258.62232978852,103114.6421875,92970.66204521147,70.17543859649126,71.92982456140358,TTNP
1998-02-17,104419.890625,108149.171875,100690.609375,104419.890625,104419.890625,3,107154.696875,106906.078125,103238.9515625,102903.31625,104115.332421875,82824.2405859375,50.73559430482227,1317.9280216600018,906.2853455519495,411.64267610805234,113382.93170478815,103238.9515625,93094.97142021186,64.13255360623785,69.91552956465243,TTNP
1998-02-18,104419.890625,104419.890625,95718.234375,99447.515625,99447.515625,4,105165.746875,105662.984375,102990.3328125,102604.97375,104227.210859375,83035.5665625,44.52706700699529,757.5769514803687,876.5436667376333,-118.96671525726458,113249.4342290717,102990.3328125,92731.23139592829,50.68226120857704,61.66341780376876,TTNP
1998-02-19,100690.609375,103176.796875,94475.140625,98204.421875,98204.421875,3,103176.796875,104668.509375,102803.86875,102331.493125,104326.658359375,83277.9698828125,43.10687496471256,210.7579283882951,743.3865190677657,-532.6285906794706,113266.55396604861,102803.86875,92341.18353395138,35.87962962962967,50.23148148148156,TTNP
1998-02-20,96961.328125,100690.609375,94475.140625,100690.609375,100690.609375,1,101685.084375,104295.58125,102803.86875,102058.0125,104488.260546875,83470.649453125,46.764025783751364,-21.73498632358678,590.3622179894952,-612.097204313082,113266.55396604861,102803.86875,92341.18353395138,27.777777777777818,38.113222871994886,TTNP
1998-02-23,99447.515625,100690.609375,94475.140625,95718.234375,95718.234375,2,99696.134375,103425.415625,102555.25,101734.808125,104674.7246875,83644.6826171875,41.076870238605245,-600.2965578349103,352.2304628246141,-952.5270206595244,113434.98375872515,102555.25,91675.51624127485,18.750000000000043,27.469135802469214,TTNP
1998-02-24,95718.234375,98204.421875,94475.140625,96961.328125,96961.328125,1,98204.421875,102679.559375,102679.559375,101511.05125,104761.74125,83818.71578125,42.94497741520063,-947.5803781604773,92.26829462759582,-1039.8486727880731,113239.27311469111,102679.559375,92119.84563530888,16.66666666666671,21.064814814814895,TTNP
1998-02-25,99447.515625,101933.703125,98204.421875,100690.609375,100690.609375,4,98453.040625,101809.39375,102990.3328125,101411.60375,104997.929140625,84011.3953515625,48.24606850417485,-911.3776832228468,-108.46090094249274,-802.916782280354,112912.52615680777,102990.3328125,93068.13946819222,19.070512820512864,18.162393162393244,TTNP
1998-02-26,100690.609375,110635.359375,84530.390625,110635.359375,110635.359375,66,100939.228125,102058.0125,103736.1890625,101535.913125,105283.84078125,84228.936796875,59.14670566270169,-79.3142876651691,-102.63157828702802,23.317290621858916,113602.15671248252,103736.1890625,93870.22141251747,50.32051282051287,28.685897435897516,TTNP
1998-02-27,110635.359375,110635.359375,99447.515625,110635.359375,110635.359375,6,102928.178125,102306.63125,104544.2,101660.2225,105520.02859375,84421.6163671875,59.14670566270169,573.4910995969985,32.5929572897773,540.8981423072212,113876.51469346469,104544.2,95211.8853065353,79.48717948717953,49.62606837606845,TTNP
1998-03-02,109392.265625,109392.265625,104419.890625,109392.265625,109392.265625,3,105662.984375,102679.559375,104917.128125,101859.1175,105756.21640625,84632.94234375,57.394213729301725,979.2486269437359,221.924091220569,757.3245357231668,114397.2971776154,104917.128125,95436.9590723846,98.41269841269848,76.07346357346366,TTNP
1998-03-03,109392.265625,109392.265625,104419.890625,105662.984375,105662.984375,1,107403.315625,102803.86875,104854.9734375,102082.874375,105899.1721875,84838.0528515625,52.38006261359751,988.4977737032314,375.23882771710146,613.2589459861299,114298.39592800052,104854.9734375,95411.55094699947,92.06349206349212,89.98778998779007,TTNP
1998-03-04,105662.984375,105662.984375,101933.703125,101933.703125,101933.703125,1,107651.934375,103052.4875,104357.7359375,102232.045625,105874.3103125,85036.947890625,47.87573997595407,686.9868029455247,437.5884227627861,249.3983801827386,113303.6935984808,104357.7359375,95411.7782765192,80.95238095238102,90.47619047619055,TTNP
1998-03-05,99447.515625,104419.890625,94475.140625,103176.796875,103176.796875,2,106160.221875,103549.725,104109.1171875,102381.216875,105886.74125,85254.4893359375,49.43659727228629,542.095523258482,458.48984286192524,83.60568039655675,112894.7212908552,104109.1171875,95323.5130841448,73.01587301587308,82.01058201058208,TTNP
1998-03-06,103176.796875,105662.984375,100690.609375,103176.796875,103176.796875,2,104668.509375,103798.34375,104046.9625,102555.25,105824.5865625,85472.03078125,49.43659727228629,422.39898762608937,451.27167181475807,-28.8726841886687,112840.47799991883,104046.9625,95253.44700008116,69.84126984126992,74.6031746031747,TTNP
1998-03-09,104419.890625,104419.890625,101933.703125,104419.890625,104419.890625,2,103674.034375,104668.509375,104046.9625,102878.454375,105837.0175,85695.7876953125,51.133677296897105,422.97016070468817,445.6113695927441,-22.641208888055928,112840.47799991883,104046.9625,95253.44700008116,73.01587301587308,71.95767195767205,TTNP
1998-03-10,103176.796875,104419.890625,100690.609375,101933.703125,101933.703125,3,102928.178125,105165.746875,103922.653125,102953.04,105837.0175,85956.837421875,47.68640720842715,220.26914063002914,400.5429238002011,-180.27378317017195,112761.74026815996,103922.653125,95083.56598184003,71.4285714285715,71.42857142857152,TTNP
1998-03-11,104419.890625,104419.890625,99447.515625,101933.703125,101933.703125,6,102928.178125,105290.05625,103549.725,102853.5925,105812.155625,86168.1633984375,47.68640720842715,58.94761047887732,332.2238611359363,-273.276250657059,112057.42811066256,103549.725,95042.02188933745,69.84126984126992,71.42857142857152,TTNP
1998-03-12,101933.703125,101933.703125,95718.234375,99447.515625,99447.515625,7,102182.321875,104171.271875,103114.6421875,102853.5925,105762.431875,86404.35125,44.22830409808732,-266.4440169669251,212.490285515364,-478.9343024822891,111526.44734717452,103114.6421875,94702.83702782547,63.49206349206356,68.25396825396835,TTNP
1998-03-13,99447.515625,100690.609375,96961.328125,100690.609375,100690.609375,2,101685.084375,103176.796875,102741.7140625,102580.111875,105700.2771875,86634.3236328125,46.32423177265971,-419.1799043735664,86.15624753757793,-505.3361519111443,110884.68978879371,102741.7140625,94598.7383362063,61.904761904761976,65.07936507936518,TTNP
1998-03-16,100690.609375,100690.609375,94475.140625,98204.421875,98204.421875,2,100441.990625,102058.0125,102368.7859375,102306.63125,105613.260625,86802.141328125,42.855404174536346,-732.3961420354753,-77.55423037703274,-654.8419116584427,110624.83778838844,102368.7859375,94112.73408661156,57.1428571428572,60.84656084656094,TTNP
1998-03-17,95718.234375,101312.15625,94475.140625,99447.515625,99447.515625,2,99944.753125,101436.465625,102120.1671875,102107.73625,105563.536875,86976.1744921875,45.070217153276765,-870.2829106647696,-236.09996643458015,-634.1829442301894,110413.56847967637,102120.1671875,93826.76589532364,57.1428571428572,58.73015873015882,TTNP
1998-03-18,99447.515625,103176.796875,99447.515625,99447.515625,99447.515625,9,99447.515625,101187.846875,102120.1671875,101908.84125,105488.95125,87125.34578125,45.070217153276765,-968.3961007798644,-382.559193303637,-585.8369074762273,110413.56847967637,102120.1671875,93826.76589532364,46.76434676434683,53.68335368335377,TTNP
1998-03-19,99447.515625,99447.515625,91988.953125,99447.515625,99447.515625,4,99447.515625,100814.91875,102182.321875,101734.808125,105464.089375,87286.9480078125,45.07021715327676,-1034.2295562742656,-512.8932658977627,-521.3362903765029,110375.43197903274,102182.321875,93989.21177096725,43.589743589743655,49.165649165649256,TTNP
1998-03-20,99447.515625,100690.609375,96961.328125,100690.609375,100690.609375,1,99447.515625,100566.3,102182.321875,101635.360625,105377.0728125,87392.611015625,47.6064758875591,-974.8582087980758,-605.2862544778253,-369.5719543202505,110375.43197903274,102182.321875,93989.21177096725,41.208791208791276,43.85429385429395,TTNP
1998-03-23,99447.515625,100690.609375,99447.515625,100690.609375,100690.609375,1,99944.753125,100193.371875,102430.940625,101610.49875,105364.641875,87498.2740234375,47.6064758875591,-917.2327005612024,-667.6755436945007,-249.5571568667017,110110.0007133437,102430.940625,94751.8805366563,52.16450216450223,45.65434565434575,TTNP
1998-03-24,99447.515625,100690.609375,96961.328125,100690.609375,100690.609375,1,100193.371875,100069.0625,102617.4046875,101610.49875,105252.7634375,87653.66078125,47.6064758875591,-861.6317160387407,-706.4667781633486,-155.16493787539207,109928.44475344675,102617.4046875,95306.36462155326,59.09090909090916,50.821400821400914,TTNP
1998-03-25,101933.703125,101933.703125,96961.328125,98204.421875,98204.421875,4,99944.753125,99696.134375,102493.0953125,101759.67,105103.5921875,87809.0475390625,42.68347932209654,-1006.578873851191,-766.4891973009171,-240.0896765502739,110012.52820258366,102493.0953125,94973.66242241632,57.57575757575765,56.277056277056374,TTNP
1998-03-26,98204.421875,98825.96875,96961.328125,98825.96875,98825.96875,1,99820.44375,99633.9796875,101902.62578125,101896.4103125,104948.20546875,87967.54203125,44.23601640402255,-1059.0883906688978,-825.0090359745133,-234.0793546943845,108579.26599557289,101902.62578125,95225.9855669271,54.69696969696977,57.12121212121222,TTNP
1998-03-27,98825.96875,99447.515625,95096.6875,98204.421875,98204.421875,2,99323.20625,99385.3609375,101281.07890625,102045.5815625,104823.89609375,88209.9453515625,42.98219568225792,-1137.7410290227272,-887.555434584156,-250.18559443857112,106805.15871222508,101281.07890625,95756.99910027492,50.15151515151522,54.14141414141424,TTNP
1998-03-30,96961.328125,97582.875,94475.140625,95718.234375,95718.234375,1,98328.73125,99136.7421875,100597.37734375,102020.7196875,104637.43203125,88427.486796875,38.305249209091926,-1384.7261043253238,-986.9895685323896,-397.7365357929342,105253.17418800824,100597.37734375,95941.58049949177,45.000000000000064,49.94949494949504,TTNP
1998-03-31,98204.421875,98204.421875,89502.765625,93232.046875,93232.046875,4,96837.01875,98515.1953125,99975.83046875,101846.6865625,104450.96796875,88632.5973046875,34.287404916323844,-1760.7809228179685,-1141.7478393895053,-619.0330834284632,105059.99272496103,99975.83046875,94891.66821253898,35.75757575757583,43.63636363636373,TTNP
1998-04-01,96961.328125,101312.15625,90745.859375,91988.953125,91988.953125,9,95593.925,97769.3390625,99478.59296875,101598.0678125,104227.21109375,88819.06140625,32.454402187578566,-2134.5090606931917,-1340.3000836502426,-794.2089770429491,105549.10482485083,99478.59296875,93408.08111264918,25.151515151515223,35.303030303030404,TTNP
1998-04-02,94475.140625,94475.140625,90745.859375,94475.140625,94475.140625,10,94723.759375,97272.1015625,99043.51015625,101448.8965625,104102.90171875,89017.9564453125,39.42883796880737,-2204.6627691630274,-1513.1726207527995,-691.4901484102279,105237.49842108581,99043.51015625,92849.5218914142,27.272727272727348,29.393939393939494,TTNP
1998-04-03,92610.5,94475.140625,89502.765625,91367.40625,91367.40625,4,93356.35625,96339.78125,98453.040625,101262.4325,103922.653125,89188.881875,34.61714435716666,-2482.4125733013498,-1707.0206112625096,-775.3919620388401,105186.4332298929,98453.040625,91719.6480201071,22.7272727272728,25.05050505050515,TTNP
1998-04-06,89502.765625,90745.859375,85773.484375,89502.765625,89502.765625,7,92113.2625,95220.996875,97707.184375,101038.675625,103717.54265625,89350.4841015625,32.08697983004382,-2820.4794774176844,-1929.7123844935445,-890.7670929241399,104919.27107162202,97707.184375,90495.09767837798,23.80952380952388,24.603174603174704,TTNP
1998-04-07,88259.671875,89502.765625,80801.1015625,83287.2890625,83287.2890625,9,90124.3109375,93480.66484375,96774.863671875,100814.91859375,103468.923828125,89468.5780078125,25.417957795990333,-3549.0259858858335,-2253.5751047720023,-1295.4508811138312,106078.15830128214,96774.863671875,87471.56904246788,15.609878866000164,20.715558467598974,TTNP
1998-04-08,84530.390625,84530.390625,82044.1953125,83287.2890625,83287.2890625,1,88383.978125,91988.9515625,95842.54296875,100591.1615625,103251.38234375,89605.3183203125,25.417957795990336,-4079.3797918265773,-2618.736042182917,-1460.6437496436602,106525.9231574226,95842.54296875,85159.1627800774,14.98599149823402,18.135131391252717,TTNP
1998-04-09,83287.2890625,85773.484375,80801.1015625,84530.390625,84530.390625,4,86395.028125,90559.39375,95096.68671875,100367.4046875,103102.21109375,89729.627734375,28.84816957569276,-4349.245699850493,-2964.8379737164323,-1384.4077261340608,106711.4703427461,95096.68671875,83481.9030947539,13.725497444891388,14.773789269708551,TTNP
1998-04-13,83287.2890625,84530.390625,75828.7265625,79558.0078125,79558.0078125,8,84033.1484375,88694.75234375,94040.056640625,100069.06203125,102853.592265625,89853.937109375,24.077854394171975,-4907.772368389458,-3353.4248526510373,-1554.347515738421,107172.80366619982,94040.056640625,80907.30961505018,14.565833604000895,14.425774182375461,TTNP
1998-04-14,81422.6484375,83287.2890625,80801.1015625,82665.7421875,82665.7421875,5,82665.74375,87389.503125,93263.12265625,99683.7028125,102598.75796875,89993.78515625,31.68164629996479,-5041.525023303009,-3691.0448867814316,-1350.4801365215776,107136.15970904056,93263.12265625,79390.08560345943,19.374422543775328,15.888584530889228,TTNP
1998-04-15,81422.6484375,83287.2890625,79558.0078125,80801.1015625,80801.1015625,5,82168.50625,86146.40859375,92330.801953125,99161.60328125,102275.553515625,90130.52546875,29.756017847916127,-5237.609973468294,-4000.357904118804,-1237.2520693494898,106904.59075919793,92330.801953125,77757.01314705207,19.99612250094853,17.978792882908277,TTNP
1998-04-16,80801.1015625,90745.859375,80179.5546875,89502.765625,89502.765625,9,83411.6015625,85897.78984375,91833.564453125,98714.08953125,102051.796640625,90304.5586328125,46.19222601723338,-4637.400080737745,-4127.766339442593,-509.6337412951525,106077.03224841785,91833.564453125,77590.09665783215,33.12040276160064,24.163649268774858,TTNP
1998-04-17,91988.953125,94475.140625,89502.765625,93232.046875,93232.046875,5,85151.9328125,85773.48046875,91522.791015625,98415.74703125,101753.454140625,90534.531015625,51.436768364432474,-3816.80977924529,-4065.575027403132,248.76524815784205,105353.43649749033,91522.791015625,77692.14553375967,47.15447752660359,33.423667596384284,TTNP
1998-04-20,93232.046875,95096.6875,89502.765625,91988.953125,91988.953125,2,87638.121875,85835.63515625,91087.708203125,98167.12828125,101405.387890625,90733.4260546875,49.69791032539014,-3229.5649159193563,-3898.3730051063767,668.8080891870204,104269.63708164844,91087.708203125,77905.77932460156,61.78862960070976,47.35450329630469,TTNP
1998-04-21,90745.859375,94475.140625,88259.671875,91988.953125,91988.953125,1,89502.7640625,86084.25390625,90652.625390625,97918.50953125,101069.752578125,90932.32109375,49.69791032539014,-2732.6686279469723,-3665.232129674496,932.5635017275235,103091.49057367124,90652.625390625,78213.76020757877,65.04066112405361,57.99458941712235,TTNP
1998-04-22,91988.953125,94475.140625,88259.671875,91988.953125,91988.953125,2,91740.334375,86954.4203125,90217.542578125,97669.89078125,100796.271953125,91149.8625390625,49.69791032539014,-2312.220896595987,-3394.629883058794,1082.4089864628068,101800.8542244416,90217.542578125,78634.23093180839,70.23342166882352,65.68757079786234,TTNP
1998-04-23,94475.140625,94475.140625,89502.765625,94475.140625,94475.140625,2,92734.809375,88073.20546875,90031.078515625,97371.54828125,100522.791328125,91361.188515625,53.614904728682845,-1758.1318375991104,-3067.330273966857,1309.1984363677466,101207.00860463567,90031.078515625,78855.14842661434,81.35327150014346,72.20911809767357,TTNP
1998-04-24,91988.953125,95718.234375,91988.953125,93232.046875,93232.046875,2,92734.809375,88943.37109375,89751.382421875,97073.20578125,100236.879765625,91553.8680859375,51.45731563422624,-1403.1449613183795,-2734.4932114371613,1331.3482501187818,100294.99255197874,89751.382421875,79207.77229177125,89.38172468266225,80.32280595054311,TTNP
1998-04-27,94475.140625,94475.140625,88259.671875,89502.765625,89502.765625,1,92237.571875,89937.846875,89316.299609375,96700.27765625,99913.675390625,91727.90125,45.53689513884942,-1406.5236056987778,-2468.8992902894847,1062.375684590707,99120.99813731619,89316.299609375,79511.60108143381,84.34140401370821,85.02546673217135,TTNP
1998-04-28,89502.765625,89502.765625,84530.390625,88259.671875,88259.671875,4,91491.715625,90497.23984375,88943.371484375,96352.21140625,99652.625703125,91864.6416015625,43.730737481131015,-1492.306106501681,-2273.580653531924,781.274547030243,98302.97352523598,88943.371484375,79583.76944351403,72.91667730486573,82.21326866707876,TTNP
1998-04-29,89502.765625,89502.765625,87016.578125,88259.671875,88259.671875,0,90745.859375,91243.096875,88694.752734375,96029.00703125,99466.161640625,92001.381953125,43.73073748113102,-1542.508281130722,-2127.3661790516835,584.8578979209615,97847.33963327028,88694.752734375,79542.16583547971,64.58334724482438,73.94714285446615,TTNP
1998-04-30,88259.671875,89502.765625,84530.390625,88259.671875,88259.671875,1,89502.765625,91118.7875,88508.288671875,95805.25015625,99205.111953125,92156.7687109375,43.73073748113103,-1564.2620272801869,-2014.745348697384,450.4833214171972,97535.92841787358,88508.288671875,79480.6489258764,62.50001472981404,66.66667975983476,TTNP
1998-05-01,89502.765625,89502.765625,84530.390625,84530.390625,84530.390625,1,87762.434375,90248.621875,88011.051171875,95531.76953125,98931.631328125,92287.29359375,38.072525293055634,-1860.9717340664502,-1983.9906257711973,123.01889170474715,96760.5293840925,88011.051171875,79261.57295965751,51.92309789926077,59.668819957966434,TTNP
1998-05-04,84530.390625,91988.953125,84530.390625,89502.765625,89502.765625,2,87762.434375,90000.003125,87917.819140625,95308.01265625,98683.012578125,92424.0339453125,47.77522190253214,-1675.5722538099217,-1922.3069513789421,246.73469756902045,96561.34959173751,87917.819140625,79274.28868951248,51.602586366758736,55.341899665277886,TTNP
1998-05-05,88259.671875,91988.953125,87016.578125,90745.859375,90745.859375,2,88259.671875,89875.69375,87979.973828125,95208.56515625,98471.686640625,92548.343359375,49.88903478908452,-1412.0572364715044,-1820.2570083974547,408.19977192595024,96685.85213421081,87979.973828125,79274.09552203919,53.43592015311509,52.32053480637824,TTNP
1998-05-06,94475.140625,94475.140625,90745.859375,90745.859375,90745.859375,2,88756.909375,89751.384375,88352.90234375,95084.25578125,98297.653515625,92691.2991796875,49.88903478908452,-1189.5077814460092,-1694.1071630071656,504.5993815611564,96859.4751482988,88352.90234375,79846.3295392012,61.69801725891556,55.57884125959651,TTNP
1998-05-07,93232.046875,93232.046875,88259.671875,89502.765625,89502.765625,1,89005.528125,89254.146875,88663.676171875,94860.49890625,98136.051328125,92828.03953125,47.6521589121144,-1100.754202363969,-1575.4365708785263,474.6823685145573,96855.61177465983,88663.676171875,80471.74056909018,56.0000053629611,57.04464759166396,TTNP
1998-05-08,90745.859375,90745.859375,85773.484375,87016.578125,87016.578125,2,89502.765625,88632.6,88787.985546875,94388.12328125,97962.018203125,92964.7798828125,43.45556572256612,-1217.0020626003825,-1503.7496692228974,286.7476066225149,96798.7142372082,88787.985546875,80777.2568565418,40.74074074074082,52.81292112087254,TTNP
1998-05-11,85773.484375,89502.765625,85773.484375,87016.578125,87016.578125,1,89005.528125,88383.98125,89160.9140625,93915.74765625,97787.985078125,93113.951171875,43.45556572256613,-1294.2104766021366,-1461.8418306987453,167.63135409660867,96031.47084448695,89160.9140625,82290.35728051305,29.629629629629715,42.12345857777725,TTNP
1998-05-12,89502.765625,89502.765625,87016.578125,88259.671875,88259.671875,1,88508.290625,88383.98125,89440.610546875,93493.09578125,97676.106640625,93269.3379296875,46.20290614839311,-1240.7883881237067,-1417.6311421837377,176.84275406003098,95654.83825110059,89440.610546875,83226.38284264941,25.92592592592601,32.098765432098894,TTNP
1998-05-13,88259.671875,89502.765625,85773.484375,88259.671875,88259.671875,2,88011.053125,88383.98125,89813.5390625,93145.02953125,97613.951953125,93412.29375,46.20290614839311,-1184.7934368870629,-1371.0636011244028,186.27016423733994,94652.03297900209,89813.5390625,84975.04514599791,29.629629629629715,28.39506172839519,TTNP
1998-05-14,89502.765625,89502.765625,85773.484375,85773.484375,85773.484375,1,87265.196875,88135.3625,89627.075,92821.82515625,97526.935390625,93555.2495703125,41.523256094397674,-1325.7491766658932,-1362.0007162327008,36.25153956680765,94776.54490896371,89627.075,84477.60509103628,26.38888888888897,27.31481481481494,TTNP
1998-05-15,89502.765625,91988.953125,85773.484375,86395.03125,86395.03125,5,87140.8875,88321.8265625,89285.22421875,92486.18984375,97433.703359375,93719.95953125,43.07552796501278,-1371.494245704409,-1363.8994221270425,-7.594823577366469,94338.90104193875,89285.22421875,84231.54739556124,21.52777777777786,25.84876543209889,TTNP
1998-05-18,87638.125,90745.859375,87016.578125,87016.578125,87016.578125,2,87140.8875,88073.2078125,89036.60546875,92162.98546875,97359.117734375,93900.2081640625,44.6576036254171,-1342.12274856132,-1359.544087413898,17.421338852578174,94022.55826855279,89036.60546875,84050.65266894721,18.750000000000085,22.222222222222346,TTNP
1998-05-19,109392.265625,121823.203125,93853.59375,95718.234375,95718.234375,105,88632.6,88570.4453125,89223.06953125,91988.95234375,97433.703359375,94123.965078125,60.99973015821879,-609.6668291636015,-1209.5686357638388,599.9018066002373,94871.62789307442,89223.06953125,83574.51116942559,24.583333333333417,21.620370370370495,TTNP
1998-05-20,100690.609375,101933.703125,94475.140625,95718.234375,95718.234375,18,90124.3125,89067.6828125,89409.53359375,91864.64296875,97408.841484375,94347.7219921875,60.99973015821879,-28.857583719087415,-973.4264253548885,944.568841635801,95628.41991198905,89409.53359375,83190.64727551096,28.333333333333417,23.888888888889014,TTNP
1998-05-21,98204.421875,98204.421875,92610.5,94475.140625,94475.140625,5,91864.64375,89564.9203125,89409.53359375,91715.47171875,97284.532109375,94565.2634375,58.15457583743776,327.3570824692724,-713.2697237900563,1040.6268062593288,95628.41991198905,89409.53359375,83190.64727551096,28.88888888888897,27.268518518518643,TTNP
1998-05-22,94475.140625,94475.140625,89502.765625,91988.953125,91988.953125,2,92983.428125,90062.1578125,89347.37890625,91566.30046875,97209.946484375,94726.8656640625,52.845703562142255,404.3837345260399,-489.73903212683706,894.122766652877,95435.68357052619,89347.37890625,83259.07424197381,24.63601532567058,27.28607918263103,TTNP
1998-05-26,94475.140625,106284.53125,93232.046875,99447.515625,99447.515625,15,95469.615625,91305.2515625,89844.61640625,91541.43859375,97060.775234375,94907.114296875,63.58555010732453,1055.1089321827603,-180.76943926491754,1235.8783714476779,97359.68104339285,89844.61640625,82329.55176910716,27.27969348659012,26.93486590038327,TTNP
1998-05-27,100690.609375,100690.609375,96961.328125,98204.421875,98204.421875,4,95966.853125,92299.7265625,90341.85390625,91541.43859375,96924.034921875,95106.0093359375,61.08826553531834,1453.7481590399257,146.1340803960511,1307.6140786438746,98646.19467698238,90341.85390625,82037.51313551763,29.88505747126445,27.266922094508427,TTNP
1998-05-28,101933.703125,101933.703125,95718.234375,95718.234375,95718.234375,4,95966.853125,93045.5828125,90714.78203125,91466.85296875,96787.294609375,95298.68890625,56.323779383595294,1551.1770614603156,427.142676608904,1124.0343848514117,99277.4785152723,90714.78203125,82152.08554722769,33.33333333333342,30.166028097062707,TTNP
1998-05-29,99447.515625,99447.515625,91988.953125,93232.046875,93232.046875,3,95718.234375,93791.4390625,90963.40078125,91342.54359375,96625.692421875,95472.7220703125,51.95954286147714,1411.504668069334,624.01507490099,787.489593168344,99515.26240483393,90963.40078125,82411.53915766608,27.58620689655181,30.268199233716604,TTNP
1998-06-01,92610.5,94475.140625,92610.5,93232.046875,93232.046875,2,95966.853125,94475.140625,91398.48359375,91218.23421875,96476.521171875,95603.246953125,51.95954286147714,1285.9892069445632,756.4099013097047,529.5793056348585,99468.78570083715,91398.48359375,83328.18148666286,22.98850574712652,27.969348659003966,TTNP
1998-06-02,93232.046875,95718.234375,93232.046875,95718.234375,95718.234375,3,95220.996875,95345.30625,91709.25703125,91118.78671875,96377.073671875,95708.9099609375,55.92068724048226,1371.3240826223773,879.3927375722392,491.93134505013813,99940.7062123387,91709.25703125,83477.8078501613,22.98850574712652,24.521072796934998,TTNP
1998-06-03,95718.234375,95718.234375,91988.953125,93232.046875,93232.046875,2,94226.521875,95096.6875,91833.56640625,90969.61546875,96290.057109375,95845.6503125,51.3600680082772,1224.2259187503223,948.3593738078558,275.8665449424665,100078.14614756056,91833.56640625,83588.98666493944,22.98850574712652,22.988505747126567,TTNP
1998-06-04,93232.046875,98204.421875,93232.046875,96961.328125,96961.328125,2,94475.140625,95220.996875,92144.33984375,90895.02984375,96252.764296875,96019.6834765625,57.02210148440706,1392.5192984089663,1037.1913587280778,355.32793968088845,100665.42788018617,92144.33984375,83623.25180731383,26.43678160919548,24.137931034482886,TTNP
1998-06-05,98204.421875,103176.796875,96961.328125,103176.796875,103176.796875,11,96464.090625,96091.1625,92828.04140625,90994.47734375,96377.073671875,96249.655859375,64.4498097232529,2004.324789042832,1230.6180447910288,773.7067442518032,102507.22467639613,92828.04140625,83148.85813610388,32.717569786535385,27.380952380952504,TTNP
1998-06-08,100690.609375,105662.984375,100690.609375,104419.890625,104419.890625,5,98701.659375,97334.25625,93698.20703125,91106.35578125,96501.383046875,96504.4901171875,65.72564223496616,2559.9824408039276,1496.4909239936085,1063.4915168103191,104223.29175706265,93698.20703125,83173.12230543735,41.205633447012836,33.453328280914604,TTNP
1998-06-09,105662.984375,106906.078125,103176.796875,103176.796875,103176.796875,4,100193.371875,97707.184375,94506.21796875,91205.80328125,96625.692421875,96734.4625,63.27994598002267,2866.9889920036076,1770.5905375956083,1096.3984544079992,105332.37988801298,94506.21796875,83680.05604948703,57.05128205128212,43.65816176161015,TTNP
1998-06-10,104419.890625,108149.171875,103176.796875,108149.171875,108149.171875,5,103176.796875,98701.659375,95500.69296875,91454.42203125,96737.570859375,96976.8658203125,68.35275249865951,3471.5056461685454,2110.7735593101957,1360.7320868583497,107445.23274376648,95500.69296875,83556.15319373351,74.90842490842498,57.72178013557334,TTNP
1998-06-11,109392.265625,109392.265625,100690.609375,100690.609375,100690.609375,8,103922.653125,99198.896875,96122.23984375,91603.59328125,96725.139921875,97219.269140625,55.88199506602536,3310.5834447744855,2350.7355364030536,959.8479083714319,107785.31480408541,96122.23984375,84459.16488341457,78.27380952380959,70.07783882783893,TTNP
1998-06-12,99447.515625,100690.609375,93232.046875,96961.328125,96961.328125,3,102679.559375,99571.825,96681.63203125,91703.04078125,96650.554296875,97443.0260546875,50.88319376260142,2849.2848289270187,2450.4453949078465,398.83943401917213,107335.13403439432,96681.63203125,86028.13002810569,61.607142857142925,71.59645909645918,TTNP
1998-06-15,95718.234375,98204.421875,89502.765625,90745.859375,90745.859375,3,99944.753125,99323.20625,96899.1734375,91628.45515625,96538.675859375,97623.2746875,43.84379533935921,1959.5771831328166,2352.2717525528406,-392.694569420024,106858.67423603662,96899.1734375,86939.67263896337,30.35714285714293,56.74603174603183,TTNP
1998-06-16,90745.859375,94475.140625,90745.859375,93232.046875,93232.046875,0,97955.803125,99074.5875,97209.946875,91665.74796875,96464.090234375,97828.3851953125,47.00217205653395,1438.5097719478217,2169.519356431837,-731.0095844840152,106263.22037474472,97209.946875,88156.67337525527,17.85714285714293,36.60714285714295,TTNP
1998-06-17,93232.046875,96961.328125,93232.046875,95718.234375,95718.234375,3,95469.615625,99323.20625,97209.946875,91790.05734375,96414.366484375,98021.064765625,50.028876264467335,1212.201147549902,1978.05571465545,-765.8545671055479,106263.22037474472,97209.946875,88156.67337525527,18.75000000000007,22.321428571428658,TTNP
1998-06-18,93232.046875,98204.421875,93232.046875,96961.328125,96961.328125,3,94723.759375,99323.20625,97272.1015625,92063.538125,96439.228359375,98176.4515234375,51.51971864132048,1120.2437364398647,1806.493319012333,-686.2495825724682,106300.59142850185,97272.1015625,88243.61169649815,29.16666666666674,21.924603174603263,TTNP
1998-06-19,95718.234375,95718.234375,92610.5,94475.140625,94475.140625,3,94226.521875,98453.040625,97272.1015625,92287.29515625,96439.228359375,98300.7609375,48.40904932006419,837.1026737588982,1612.615189961646,-775.5125162027477,106300.59142850185,97272.1015625,88243.61169649815,31.25000000000007,26.388888888888975,TTNP
1998-06-22,94475.140625,94475.140625,90745.859375,94475.140625,94475.140625,1,94972.378125,97458.565625,97396.4109375,92486.19015625,96426.797421875,98425.0703515625,48.4090493200642,605.7288762309763,1411.237927215512,-805.5090509845356,106196.07482837109,97396.4109375,88596.74704662891,29.16666666666674,29.8611111111112,TTNP
1998-06-23,94475.140625,94475.140625,91988.953125,94475.140625,94475.140625,1,95220.996875,96588.4,97147.7921875,92784.5328125,96426.797421875,98549.379765625,48.4090493200642,417.55021576059517,1212.5003849245286,-794.9501691639334,105982.50765664823,97147.7921875,88313.07671835177,25.00000000000007,28.47222222222231,TTNP
1998-06-24,91988.953125,96961.328125,91988.953125,95718.234375,95718.234375,3,95220.996875,95345.30625,97023.4828125,93045.58265625,96364.642734375,98667.4737109375,50.28362872144009,364.5225590870832,1042.9048197570396,-678.3822606699564,105865.19192253701,97023.4828125,88181.773702463,27.083333333333403,27.083333333333417,TTNP
1998-06-25,96961.328125,96961.328125,93232.046875,93232.046875,93232.046875,2,94475.140625,94599.45,96899.1734375,93294.2015625,96227.902421875,98791.783125,46.63400801647269,120.49422341313038,858.4227004882578,-737.9284770751274,105879.6116952123,96899.1734375,87918.73517978769,25.00000000000007,25.694444444444528,TTNP
1998-06-26,91988.953125,95718.234375,91988.953125,93232.046875,93232.046875,1,94226.521875,94226.521875,96899.1734375,93368.7871875,96041.438359375,98922.3080078125,46.6340080164727,-72.06922161248804,672.3243160681086,-744.3935376805966,105879.6116952123,96899.1734375,87918.73517978769,22.91666666666674,25.000000000000085,TTNP
1998-06-29,94475.140625,98204.421875,91988.953125,94475.140625,94475.140625,3,94226.521875,94599.45,96961.328125,93393.6490625,95904.698046875,99083.910234375,48.78937186673585,-122.95254211276188,513.2689444319345,-636.2214865446964,105856.18293269658,96961.328125,88066.47331730342,20.833333333333403,22.916666666666753,TTNP
1998-06-30,94475.140625,94475.140625,90745.859375,91988.953125,91988.953125,2,93729.284375,94475.140625,96774.8640625,93393.6490625,95780.388671875,99189.5732421875,44.88482844753374,-359.7455705148168,338.6660414425843,-698.4116119574011,105918.99949880324,96774.8640625,87630.72862619675,18.75000000000007,20.833333333333417,TTNP
1998-07-01,90745.859375,93232.046875,88259.671875,88259.671875,88259.671875,3,92237.571875,93729.284375,96526.2453125,93319.0634375,95618.786484375,99251.72796875,39.74652092958138,-838.6600307100016,103.20082701206712,-941.8608577220687,106291.4568626533,96526.2453125,86761.0337623467,12.500000000000071,17.361111111111196,TTNP
1998-07-02,89502.765625,91988.953125,85773.484375,88259.671875,88259.671875,3,91243.096875,92859.11875,96091.1625,93244.4778125,95457.184296875,99307.6672265625,39.74652092958138,-1204.3205333619553,-158.30344506273735,-1046.017088299218,106494.60213663359,96091.1625,85687.72286336642,10.833333333333405,14.027777777777862,TTNP
1998-07-06,87016.578125,89502.765625,83287.2890625,85151.9375,85151.9375,2,89627.075,91926.7984375,95189.91953125,93058.01375,95214.781015625,99323.2059375,35.78707146731242,-1724.992666113627,-471.6412892729153,-1253.3513768407115,106092.88639990978,95189.91953125,84286.9526625902,10.833348608694038,11.388893980675851,TTNP
1998-07-07,83287.2890625,84530.390625,82044.1953125,83287.2890625,83287.2890625,3,87389.5046875,90808.01328125,94133.289453125,92859.11859375,94966.1621875,99304.5594921875,33.62282069206389,-2262.015521077323,-829.7161356337967,-1432.299385443526,105345.10764590354,94133.289453125,82921.47126034647,13.397449933206849,11.688043958411443,TTNP
1998-07-08,83287.2890625,87016.578125,83287.2890625,84530.390625,84530.390625,1,85897.7921875,89813.53828125,93200.969140625,92759.67109375,94729.974375,99242.4048046875,36.384898933996354,-2557.8171714497003,-1175.3363427969775,-1382.4808286527227,104350.5929194914,93200.969140625,82051.3453617586,11.859002030232611,12.02993352404451,TTNP
1998-07-09,87016.578125,91988.953125,84530.390625,90124.3125,90124.3125,2,86270.7203125,89254.14609375,92299.726171875,92796.96390625,94574.58765625,99245.5125390625,47.06048261517721,-2314.1829055425915,-1403.1056553461003,-911.0772501964911,101146.67847618012,92299.726171875,83452.77386756986,24.358994812205385,16.538482258548296,TTNP
1998-07-10,90124.3125,91367.40625,89502.765625,91367.40625,91367.40625,0,86892.2671875,89067.68203125,91833.566015625,92859.11859375,94444.0628125,99279.6976171875,49.104492657404464,-1997.764729626273,-1522.037470202135,-475.7272594241381,99801.74044965938,91833.566015625,83865.39158159061,41.02566953620546,25.747888792881167,TTNP
1998-07-13,89502.765625,91988.953125,88881.21875,90124.3125,90124.3125,2,87886.7421875,88756.90859375,91491.715234375,92896.41140625,94350.83078125,99289.0208203125,47.144221286151684,-1826.2563755080628,-1582.8812512633206,-243.3751242447422,99130.42433020343,91491.715234375,83853.00613854658,52.5641254965131,39.316263281641326,TTNP
1998-07-14,89502.765625,90745.859375,88881.21875,89502.765625,89502.765625,2,89129.8375,88259.67109375,91429.560546875,92995.85890625,94263.81421875,99295.2362890625,46.1521528751928,-1720.653781819914,-1610.4357573746393,-110.21802444527475,99111.64019675602,91429.560546875,83747.48089699398,51.28207483425669,48.29062328899176,TTNP
1998-07-15,90745.859375,90745.859375,87638.125,87638.125,87638.125,2,89751.384375,87824.58828125,91149.864453125,92958.56609375,94133.289375,99310.7749609375,43.214195281811705,-1767.0543775705737,-1641.759481413826,-125.29489615674765,98955.41590297678,91149.864453125,83344.31300327323,43.58977086071826,49.145323730496024,TTNP
1998-07-16,90745.859375,101933.703125,88259.671875,90745.859375,90745.859375,6,89875.69375,88073.20703125,90901.245703125,92958.56609375,94083.565625,99379.14515625,49.03711733751887,-1535.3603143829678,-1620.4796480076543,85.11933362468653,98420.42328959658,90901.245703125,83382.0681166534,41.5064368349585,45.45942750997782,TTNP
1998-07-17,95718.234375,95718.234375,90745.859375,91988.953125,91988.953125,1,90000.003125,88446.13515625,90652.626953125,92983.42796875,94033.841875,99397.7915625,51.19301360058829,-1237.172469271507,-1543.8182122604248,306.64574298891785,97665.64970659024,90652.626953125,83639.60419965976,42.788485986465496,42.62823122738076,TTNP
1998-07-20,92610.5,93232.046875,88881.21875,90745.859375,90745.859375,3,90124.3125,89005.52734375,90466.162890625,93008.28984375,93934.394375,99466.1617578125,48.96241518236527,-1088.6148559303692,-1452.7775409944138,364.1626850640446,97257.54191529813,90466.162890625,83674.78386595186,45.83335460973135,43.37609247705179,TTNP
1998-07-21,89502.765625,91988.953125,85773.484375,88259.671875,88259.671875,3,89875.69375,89502.765625,90155.389453125,93033.15171875,93710.6375,99497.239140625,44.761622992198625,-1158.1460437009373,-1393.8512415357186,235.7051978347813,96750.52770523247,90155.389453125,83560.25120101753,41.666689579710685,43.429510058635856,TTNP
1998-07-22,88259.671875,89502.765625,82044.1953125,84530.390625,84530.390625,3,89254.146875,89502.765625,89658.151953125,92983.42796875,93449.5878125,99484.808203125,39.31306902409728,-1496.9163213707216,-1414.4642575027192,-82.45206386800237,96374.0242244453,89658.151953125,82942.27968180469,29.166694489648677,38.888912893030245,TTNP
1998-07-23,84530.390625,85773.484375,80801.1015625,82044.1953125,82044.1953125,2,87513.8140625,88694.75390625,88974.45,92859.1184375,93176.107109375,99466.1617578125,36.15354869968218,-1943.6047254268778,-1520.292351087551,-423.3123743393269,95865.2187724184,88974.45,82083.68122758159,16.54413738025256,29.125840483203987,TTNP
1998-07-24,80801.1015625,83287.2890625,80801.1015625,82044.1953125,82044.1953125,2,85524.8625,87762.4328125,88415.057421875,92734.80890625,92939.91921875,99419.545703125,36.15354869968218,-2271.424931164016,-1670.518867102844,-600.906064061172,95640.79432725796,88415.057421875,81189.32051649204,8.088245300877114,17.933025723592795,TTNP
1998-07-27,84530.390625,84530.390625,77071.8203125,79558.0078125,79558.0078125,5,83287.2921875,86705.80234375,87731.35546875,92610.499375,92716.162265625,99295.2362890625,33.07106760513029,-2700.707286870733,-1876.5565510564218,-824.150735814311,95566.54968850395,87731.35546875,79896.16124899605,7.254899463568286,10.629094048232666,TTNP
1998-07-28,80801.1015625,87016.578125,78314.9140625,79558.0078125,79558.0078125,2,81546.959375,85711.3265625,86985.498828125,92473.75890625,92479.974375,99183.3578125,33.07106760513028,-3006.26232582191,-2102.4977060095193,-903.7646198123907,94949.79758464257,86985.498828125,79021.20007160743,8.627448160603898,7.990197641683111,TTNP
1998-07-29,79558.0078125,79558.0078125,72099.4453125,72099.4453125,72099.4453125,6,79060.7703125,84157.45859375,85991.0234375,92175.41625,92169.200859375,98996.8937109375,25.50506420955018,-3806.3829423697316,-2443.274753281562,-1363.1081890881696,95930.14494529217,85991.0234375,76051.90192970783,6.666664571759696,7.516337398643972,TTNP
1998-07-30,72099.4453125,73342.5390625,64640.8828125,67127.0703125,67127.0703125,6,76077.3453125,81795.5796875,84934.393359375,91603.59296875,91796.27265625,98816.645078125,21.90681682799864,-4786.537181062537,-2911.9272388377567,-1874.6099422247798,97758.6149814661,84934.393359375,72110.17173728389,5.5555540425671595,6.949888924976929,TTNP
1998-07-31,69613.2578125,70856.3515625,67127.0703125,68370.1640625,68370.1640625,4,73342.5390625,79433.70078125,83939.91796875,91056.6315625,91460.637265625,98648.8273828125,24.764487467329086,-5400.752685097497,-3409.692328089705,-1991.0603570077924,98540.19118540132,83939.91796875,69339.64475209868,5.55555439171826,5.925924335348384,TTNP
1998-08-03,70856.3515625,72099.4453125,67127.0703125,68991.7109375,68991.7109375,4,71229.2796875,77258.2859375,83131.906640625,90546.96296875,91131.21734375,98471.686484375,26.21828025078813,-5770.846532303258,-3881.9231689324156,-1888.9233633708423,99099.13649418276,83131.906640625,67164.67678706725,9.444442465920993,6.851850300068816,TTNP
1998-08-04,70856.3515625,70856.3515625,63397.7890625,64640.8828125,64640.8828125,3,68245.8546875,74896.40703125,82199.586328125,90000.0015625,90783.151015625,98272.7914453125,22.884722396334258,-6342.116074617705,-4373.961750069473,-1968.1543245482317,100084.05747599511,82199.586328125,64315.1151802549,8.297489308445586,7.765828722028291,TTNP
1998-08-05,68370.1640625,69613.2578125,64640.8828125,64640.8828125,64640.8828125,6,66754.1421875,72907.45625,81205.1109375,89303.86890625,90422.65375,98061.46546875,22.88472239633426,-6717.4170997972105,-4842.652820015021,-1874.76427978219,100608.0351275448,81205.1109375,61802.186747455184,6.2462076455684405,7.996046473311684,TTNP
1998-08-06,64640.8828125,67127.0703125,64640.8828125,64640.8828125,64640.8828125,2,66256.9046875,71167.125,79930.939453125,88632.598125,90087.018359375,97850.1394921875,22.884722396334258,-6934.904602717943,-5261.103176555605,-1673.8014261623375,100153.29625472339,79930.939453125,59708.58265152661,3.74620809655544,6.096635016856499,TTNP
1998-08-07,67127.0703125,69613.2578125,65883.9765625,69613.2578125,69613.2578125,2,66505.5234375,69924.03125,78843.23203125,88110.49859375,89788.67578125,97676.106328125,34.730419279052704,-6629.613847425426,-5534.805310729569,-1094.8085366958567,98826.81632428918,78843.23203125,58859.64773821081,9.917314328874326,6.636576690332745,TTNP
1998-08-10,69613.2578125,69613.2578125,59668.5078125,67127.0703125,67127.0703125,10,66132.5953125,68680.9375,77693.369921875,87588.3990625,89465.471328125,97477.2112890625,32.07721024479857,-6513.203126356631,-5730.484873854982,-782.7182525016497,97594.52675986299,77693.369921875,57792.21308388701,16.968594507858942,10.210705644429579,TTNP
1998-08-11,64640.8828125,68370.1640625,63397.7890625,68370.1640625,68370.1640625,1,66878.4515625,67562.153125,76636.73984375,87091.16140625,89154.6978125,97309.39359375,34.76085122231782,-6248.609434620623,-5834.10978600811,-414.49964861251283,96158.06774752901,76636.73984375,57115.411939970974,26.185763558905503,17.690557465212933,TTNP
1998-08-12,68370.1640625,68370.1640625,64640.8828125,67127.0703125,67127.0703125,1,67375.6890625,67064.915625,75611.187109375,86519.338125,88819.062421875,97098.0676171875,33.34216177836386,-6069.2616341480025,-5881.140155636089,-188.12147851191366,94866.20924206583,75611.187109375,56356.16497668416,28.030295221291567,23.728217762685347,TTNP
1998-08-13,67127.0703125,70856.3515625,64640.8828125,65883.9765625,65883.9765625,4,67624.3078125,66940.60625,74368.09296875,85972.37671875,88470.99609375,96917.818984375,31.938395788398978,-5958.745774699113,-5896.661279448694,-62.08449525041942,92744.34963999984,74368.09296875,55991.836297500166,27.272719481750528,27.162926087315878,TTNP
1998-08-14,64640.8828125,67127.0703125,62154.6953125,63397.7890625,63397.7890625,3,66381.2140625,66443.36875,72938.534765625,85301.1059375,88098.067890625,96675.4156640625,29.28298908935752,-6002.5816879548365,-5917.845361149923,-84.73632680491392,90011.40311435427,72938.534765625,55865.66641689572,21.21211515247265,25.505043285171592,TTNP
1998-08-17,67127.0703125,67127.0703125,58425.4140625,59668.5078125,59668.5078125,9,64889.5015625,65511.0484375,71384.6671875,84430.94015625,87712.70875,96408.15046875,25.815786268201187,-6266.013096483337,-5987.478908216605,-278.5341882667317,87310.22453945002,71384.6671875,55459.109835549985,14.08199297228132,20.855609202168175,TTNP
1998-08-18,64640.8828125,69613.2578125,59668.5078125,62154.6953125,62154.6953125,12,63646.4078125,65262.4296875,70079.418359375,83585.63625,87345.996015625,96147.1007421875,31.627925669426,-6202.669321438894,-6030.516990861063,-172.15233057783098,84463.22865007992,70079.418359375,55695.60806867009,14.839570894017305,16.711226339590436,TTNP
1998-08-19,64640.8828125,64640.8828125,53453.0390625,59668.5078125,59668.5078125,24,62154.6953125,64765.1921875,68836.32421875,82715.47046875,86960.636875,95892.266484375,29.166987078438428,-6280.6836649631805,-6080.550325681486,-200.13333928169413,82275.97295328914,68836.32421875,55396.67548421086,21.40522875817,16.77559754148955,TTNP
1998-08-20,64019.3359375,64019.3359375,59668.5078125,62154.6953125,62154.6953125,4,61408.8390625,64516.5734375,67841.84921875,81795.5809375,86625.001484375,95631.2167578125,34.64349325734955,-6071.902923679205,-6078.82084528103,6.917921601825583,80118.14740703335,67841.84921875,55565.55103046664,35.000000000000064,23.74826655072913,TTNP
1998-08-21,62154.6953125,63397.7890625,59046.9609375,62154.6953125,62154.6953125,4,61160.2203125,63770.7171875,66847.37421875,81024.86265625,86314.22796875,95382.59796875,34.64349325734955,-5839.13279391337,-6030.883235007498,191.7504410941283,77471.82677417542,66847.37421875,56222.92166332459,43.3333333333334,33.2461873638345,TTNP
1998-08-24,61533.1484375,62154.6953125,54696.1328125,59668.5078125,59668.5078125,6,61160.2203125,63024.8609375,65852.89921875,80279.00625,85991.023515625,95109.1173046875,31.79270648989798,-5788.548557841408,-5982.41629957428,193.86774173287176,75175.89515915631,65852.89921875,56529.90327834369,44.12698412698419,40.8201058201059,TTNP
1998-08-25,59668.5078125,60911.6015625,55939.2265625,57182.3203125,57182.3203125,7,60165.7453125,61906.0765625,64734.11484375,79607.73546875,85618.0953125,94860.498515625,29.204617184825928,-5881.279016100227,-5962.188842879469,80.9098267792424,72440.04287316088,64734.11484375,57028.18681433912,35.714285714285786,41.05820105820114,TTNP
1998-08-26,54696.1328125,58425.4140625,52209.9453125,54696.1328125,54696.1328125,4,59171.2703125,60662.9828125,63863.94921875,78837.0171875,85251.382578125,94587.0178515625,26.850695646670996,-6085.236309424363,-5986.798336188448,-98.4379732359148,71966.73713426988,63863.94921875,55761.16130323013,23.492063492063565,34.44444444444453,TTNP
1998-08-27,52209.9453125,52831.4921875,45372.9296875,48480.6640625,48480.6640625,7,56436.4640625,58922.6515625,62931.62890625,77892.26578125,84841.1615625,94279.352109375,22.06297112825616,-6671.505356223344,-6123.739740195428,-547.7656160279166,73293.954317503,62931.62890625,52569.30349499701,15.652342237708167,24.952897148019186,TTNP
1998-08-28,47237.5703125,49723.7578125,43508.2890625,47237.5703125,47237.5703125,32,53453.0390625,57306.6296875,61874.99921875,76897.790625,84480.664375,93974.7941015625,21.246979886362197,-7153.968579712884,-6329.785508098919,-824.1830716139648,73968.67875982975,61874.99921875,49781.31967767025,13.05493964030557,17.39978179002578,TTNP
1998-08-31,50966.8515625,55939.2265625,48480.6640625,50966.8515625,50966.8515625,6,51712.7078125,56436.4640625,60973.75625,76027.62484375,84157.46,93704.421171875,29.652699086503397,-7152.947602905959,-6494.417927060327,-658.5296758456316,73490.790611541,60973.75625,48456.72188845899,17.701404286770217,15.469562054927996,TTNP
1998-09-01,50966.8515625,50966.8515625,45994.4765625,50966.8515625,50966.8515625,3,50469.6140625,55317.6796875,60290.0546875,75157.4590625,83821.824609375,93462.0178515625,29.652699086503397,-7070.632619904456,-6609.660865629153,-460.9717542753033,73410.43664617796,60290.0546875,47169.67272882204,22.727272727272805,17.82787221811621,TTNP
1998-09-02,52209.9453125,60911.6015625,52209.9453125,59668.5078125,59668.5078125,7,51464.0890625,55317.6796875,60041.4359375,74461.32640625,83622.929609375,93238.2609375,45.41802796548079,-6231.414597667899,-6534.011612036902,302.59701436900286,73010.18686575454,60041.4359375,47072.68500924546,38.8167388167389,26.41513861026065,TTNP
1998-09-03,60911.6015625,60911.6015625,54696.1328125,54696.1328125,54696.1328125,2,52707.1828125,54571.8234375,59544.1984375,73640.884375,83343.233515625,92970.9957421875,39.91347816105999,-5899.551023577515,-6407.119494345025,507.56847076751,72532.00005678541,59544.1984375,46556.39681821459,44.01154401154409,35.185185185185276,TTNP
1998-09-04,57182.3203125,57182.3203125,52209.9453125,52209.9453125,52209.9453125,1,53701.6578125,53577.3484375,58674.0328125,72820.44234375,83057.321953125,92666.437734375,37.46829101261105,-5770.640946742285,-6279.823784824477,509.18283808219167,71169.44398952997,58674.0328125,46178.62163547003,46.03174603174611,42.953342953343046,TTNP
1998-09-08,53453.0390625,54696.1328125,44129.8359375,50345.3046875,50345.3046875,10,53577.3484375,52645.028125,57834.94453125,71962.7075,82665.74734375,92358.7719921875,35.701733503336484,-5752.626993988277,-6174.384426657237,421.75743266896006,70200.29118020703,57834.94453125,45469.597882292976,36.18113912231567,42.07480972186863,TTNP
1998-09-09,50345.3046875,51588.3984375,47859.1171875,48480.6640625,48480.6640625,2,53080.1109375,51774.8625,56840.46953125,71042.81796875,82218.233515625,91985.843828125,33.97657812437645,-5821.702756144099,-6103.848092554609,282.14533641051,68850.80750108483,56840.46953125,44830.13156141517,29.976232917409465,37.39637269049042,TTNP
1998-09-10,48480.6640625,48480.6640625,48480.6640625,48480.6640625,48480.6640625,0,50842.5421875,51153.315625,55908.14921875,70172.6521875,81783.150625,91594.2692578125,33.97657812437645,-5809.477752065111,-6044.974024456709,235.4962723915978,67466.08034234488,55908.14921875,44350.21809515511,27.198455139631687,31.118609059785616,TTNP
1998-09-11,48480.6640625,51588.3984375,48480.6640625,49723.7578125,49723.7578125,2,49848.0671875,51277.625,55100.13828125,69401.93390625,81360.498671875,91215.125625,36.354432128597146,-5634.530708959748,-5962.885361357317,328.3546523975692,65996.01632443498,55100.13828125,44204.26023806501,27.525252525252597,28.23331352743126,TTNP
1998-09-14,49723.7578125,51588.3984375,45994.4765625,49102.2109375,49102.2109375,1,49226.5203125,51464.0890625,54385.359375,68618.7846875,80931.63125,90863.9516015625,35.66282792738023,-5482.834848020109,-5866.875258689875,384.04041066976606,64878.278300606245,54385.359375,43892.440449393755,30.158730158730226,28.294145941204846,TTNP
1998-09-15,48480.6640625,48480.6640625,47237.5703125,48480.6640625,48480.6640625,1,48853.5921875,51215.4703125,53825.9671875,67885.35921875,80471.686484375,90497.23890625,34.946860754222044,-5351.084453004492,-5763.717097552799,412.6326445483064,64325.51112834634,53825.9671875,43326.423246653656,31.349206349206415,29.677729677729754,TTNP
1998-09-16,48480.6640625,52831.4921875,47237.5703125,50345.3046875,50345.3046875,5,49226.5203125,51153.315625,53235.49765625,67226.51953125,80042.8190625,90139.8494140625,38.909263632952204,-5038.133928955169,-5618.600463833272,580.4665348781036,63104.401635323404,53235.49765625,43366.5936771766,33.3333333333334,31.61375661375669,TTNP
1998-09-17,52209.9453125,52209.9453125,49723.7578125,50966.8515625,50966.8515625,1,49723.7578125,50283.15,52800.41484375,66555.24875,79657.459921875,89785.56765625,40.21644408119139,-4685.948053372878,-5432.069981741193,746.1219283683149,62255.080602987415,52800.41484375,43345.74908451258,36.904761904761976,33.86243386243394,TTNP
1998-09-18,50966.8515625,53453.0390625,48480.6640625,53453.0390625,53453.0390625,5,50469.6140625,50158.840625,52365.33203125,65821.82328125,79309.39359375,89481.0096484375,45.26183788572176,-4158.2894835762345,-5177.313882108201,1019.0243985319667,60804.41891672138,52365.33203125,43926.24514577862,45.89947089947097,38.71252204585546,TTNP
1998-09-21,53453.0390625,59668.5078125,52209.9453125,59668.5078125,59668.5078125,5,52582.8734375,50904.696875,52241.02265625,65187.8453125,79023.481953125,89244.821796875,55.396455943131265,-3201.6729889084745,-4782.185703468256,1580.5127145597817,60156.66064605177,52241.02265625,44325.38466644823,63.66843033509707,48.82422104644335,TTNP
1998-09-22,59668.5078125,59668.5078125,53453.0390625,54696.1328125,54696.1328125,1,53825.9671875,51339.7796875,51992.40390625,64479.28171875,78687.8465625,88946.4792578125,47.77568712848762,-2812.3575245515894,-4388.2200676849225,1575.862543133333,59243.75451705266,51992.40390625,44741.053295447346,70.37037037037044,59.979423868312836,TTNP
1998-09-23,54074.5859375,58425.4140625,54074.5859375,55939.2265625,55939.2265625,3,54944.7515625,52085.6359375,51930.24921875,63808.0109375,78401.934921875,88666.783125,49.640862951575556,-2376.1244539067193,-3985.8009449292817,1609.6764910225625,59022.15081248906,51930.24921875,44838.347625010945,75.30864197530872,69.78248089359208,TTNP
1998-09-24,59668.5078125,62154.6953125,57182.3203125,59668.5078125,59668.5078125,5,56685.0828125,53204.4203125,52178.86796875,63248.61859375,78103.59234375,88393.3024609375,54.85048342364522,-1709.7755443825954,-3530.5958648199444,1820.820320437349,59956.652350294,52178.86796875,44401.08358720599,73.18007662835255,72.95302965801058,TTNP
1998-09-25,59668.5078125,62154.6953125,58425.4140625,58425.4140625,58425.4140625,1,57679.5578125,54074.5859375,52676.10546875,62602.2096875,77780.387890625,88126.037265625,52.88650765949989,-1267.3868626257245,-3077.9540643811006,1810.5672017553761,60711.867694823595,52676.10546875,44640.343242676405,78.6292039165603,75.7059741734072,TTNP
1998-09-28,59668.5078125,59668.5078125,54696.1328125,57182.3203125,57182.3203125,2,57182.3203125,54882.596875,53173.34296875,61906.07703125,77444.7525,87871.2030078125,50.9229054037442,-1005.5070622449784,-2663.464663953876,1657.9576017088975,61030.19701746556,53173.34296875,45316.48892003445,78.24933687002658,76.68620580497982,TTNP
1998-09-29,57182.3203125,58425.4140625,54696.1328125,55939.2265625,55939.2265625,1,57430.9390625,55628.453125,53421.96171875,61209.944375,77109.117109375,87622.58421875,48.96505474901539,-888.0359843142505,-2308.3789280259507,1420.3429437117002,61298.459160956074,53421.96171875,45545.46427654392,70.02652519893905,75.63502199517534,TTNP
1998-09-30,57182.3203125,62154.6953125,57182.3203125,60911.6015625,60911.6015625,4,58425.4140625,56685.0828125,53919.19921875,60662.98296875,76848.06734375,87405.0427734375,56.21645651413737,-389.2234761427171,-1924.547837649304,1535.324361506587,62349.125627290385,53919.19921875,45489.272810209615,74.35897435897442,74.2116121426467,TTNP
1998-10-01,59668.5078125,59668.5078125,53453.0390625,54696.1328125,54696.1328125,5,57430.9390625,57058.0109375,53670.58046875,60066.2978125,76524.862890625,87156.423984375,47.19031937523948,-489.8012292716594,-1637.5985159737752,1147.7972867021158,61690.94389085167,53670.58046875,45650.21704664833,69.2307692307693,71.20542292956094,TTNP
1998-10-02,55939.2265625,57182.3203125,53453.0390625,53453.0390625,53453.0390625,2,56436.4640625,57058.0109375,53608.42578125,59494.4746875,76176.7965625,86926.4516015625,45.61292228089442,-662.183856603202,-1442.5155840996606,780.3317274964586,61615.290956373516,53608.42578125,45601.560606126484,62.60683760683768,68.7321937321938,TTNP
1998-10-05,54696.1328125,57182.3203125,54696.1328125,57182.3203125,57182.3203125,1,56436.4640625,56809.3921875,53857.04453125,58997.2371875,75866.023046875,86739.9875,50.913862621906326,-492.20269446577004,-1252.4530061728824,760.2503117071124,61982.6854106517,53857.04453125,45731.403651848304,54.059829059829134,61.965811965812044,TTNP
1998-10-06,55939.2265625,57182.3203125,44751.3828125,47237.5703125,47237.5703125,5,54696.1328125,56063.5359375,53701.6578125,58350.8284375,75480.66390625,86503.7996484375,39.77940852386708,-1146.7308130821257,-1231.308567554731,84.57775447260542,62200.27440651403,53701.6578125,45203.041218485974,40.87301587301595,52.5132275132276,TTNP
1998-10-07,48480.6640625,49723.7578125,47237.5703125,47237.5703125,47237.5703125,1,51961.3265625,55193.3703125,53639.503125,57704.4196875,75089.089296875,86261.396328125,39.77940852386708,-1646.4695862079752,-1314.34077128538,-332.1288149225952,62306.461154514116,53639.503125,44972.54509548589,31.74603174603182,42.22629222629231,TTNP
1998-10-08,45994.4765625,47237.5703125,42265.1953125,45994.4765625,45994.4765625,2,50220.9953125,53825.9671875,53515.19375,57182.3203125,74678.86828125,86018.9930078125,38.55700237777447,-2118.403800637534,-1475.1533771558109,-643.2504234817231,62538.54746889087,53515.19375,44491.840031109125,15.773809523809598,29.464285714285797,TTNP
1998-10-09,45994.4765625,45994.4765625,36671.26953125,45683.703125,45683.703125,10,48667.128125,52551.79609375,53313.191015625,56753.45296875,74178.52296875,85806.1131640625,38.2406239487177,-2488.802518630633,-1677.8832054507752,-810.9193131798579,62834.17540305574,53313.191015625,43792.20662819426,22.800525950584916,23.440122406808786,TTNP
1998-10-12,45994.4765625,45994.4765625,41022.09765625,42265.1953125,42265.1953125,5,45683.703125,51060.08359375,52971.340234375,56231.35359375,73643.992578125,85526.41703125,34.85281555615972,-3023.3400004641953,-1946.9745644534592,-1076.3654360107362,63509.21796410392,52971.340234375,42433.46250464608,25.355698347337864,21.310011273910803,TTNP
1998-10-13,42265.1953125,42265.1953125,39779.00390625,41022.09765625,41022.09765625,4,44440.60859375,49568.370703125,52598.4119140625,55671.961328125,73109.4621484375,85196.99712890625,33.68419532365433,-3506.84764114047,-2258.9491797908613,-1247.8984613496086,64217.97344023026,52598.4119140625,40978.85038789474,24.796754385548155,24.31765956115699,TTNP
1998-10-14,41022.09765625,46616.0234375,39779.00390625,46616.0234375,46616.0234375,6,44316.29921875,48138.812890625,52411.9478515625,55311.464140625,72655.7328515625,84932.83966796874,42.953748148537734,-3399.460999392366,-2487.051543711162,-912.4094556812038,64287.03229825184,52411.9478515625,40536.86340487316,26.016266393736075,25.389573042207378,TTNP
1998-10-15,44751.3828125,49723.7578125,43508.2890625,48480.6640625,48480.6640625,3,44813.53671875,47517.266015625,52287.6384765625,54988.259765625,72146.0643359375,84603.41978515625,45.67939427037211,-3127.8396091407994,-2615.2091567970897,-512.6304523437097,64272.1767289213,52287.6384765625,40303.10022420369,34.14634644832221,28.31978907586883,TTNP
1998-10-16,48480.6640625,48480.6640625,47237.5703125,48480.6640625,48480.6640625,2,45372.92890625,47020.028515625,52039.0197265625,54665.055390625,71648.8267578125,84286.43083984376,45.67939427037211,-2879.385931774006,-2668.044511792473,-211.34141998153336,64122.43361186684,52039.0197265625,39955.60584125816,43.90244762335576,34.688353488471364,TTNP
1998-10-19,48480.6640625,49723.7578125,47859.1171875,47859.1171875,47859.1171875,2,46491.71328125,46087.708203125,51448.5501953125,54229.972578125,71170.2355859375,83978.76509765624,44.8509522207467,-2701.4970642441913,-2674.7350222828163,-26.762041961374962,63130.44958756679,51448.5501953125,39766.650803058204,45.52846363427299,41.192419235317004,TTNP
1998-10-20,49723.7578125,53453.0390625,49102.2109375,49723.7578125,49723.7578125,4,48232.0453125,46336.326953125,51199.9314453125,53881.906328125,70735.1526953125,83680.42255859375,47.903458920006265,-2382.592892370478,-2616.3065963003487,233.71370392987092,62806.186287466175,51199.9314453125,39593.67660315882,49.00022778834233,46.143713015323705,TTNP
1998-10-21,49723.7578125,52209.9453125,45994.4765625,52209.9453125,52209.9453125,2,49350.8296875,46833.564453125,51013.4673828125,53558.701953125,70324.9316796875,83400.72642578125,51.739095769269404,-1907.2587931261587,-2474.497035665511,567.2382425393521,62427.40263913052,51013.4673828125,39599.53212649448,58.805597366582276,51.11142959639921,TTNP
1998-10-22,50966.8515625,52209.9453125,47237.5703125,47859.1171875,47859.1171875,2,49226.5203125,47020.028515625,50422.9978515625,53173.342890625,69846.3405078125,83111.70708984375,45.43475710011444,-1860.185502628461,-2351.6347290581007,491.44922642963957,61188.281917907974,50422.9978515625,39657.71378521702,62.353269226162475,56.71969812702904,TTNP
1998-10-23,49723.7578125,50966.8515625,48480.6640625,49102.2109375,49102.2109375,1,49350.8296875,47361.879296875,49956.8376953125,52837.707578125,69405.0421484375,82847.54962890624,47.40658370529916,-1702.9418504991772,-2221.896153346316,518.9543028471389,60084.19087548091,49956.8376953125,39829.48451514408,63.636370561677104,61.5984123848073,TTNP
1998-10-26,49723.7578125,49723.7578125,47859.1171875,48480.6640625,48480.6640625,1,49475.1390625,47983.426171875,49521.7548828125,52539.365078125,68920.2355078125,82586.49990234376,46.50173396878804,-1609.920599110148,-2099.5010424990824,489.5804433889343,59103.00699981278,49521.7548828125,39940.50276581222,61.84063619258806,62.61009199347589,TTNP
1998-10-27,47859.1171875,51588.3984375,47859.1171875,50966.8515625,50966.8515625,3,49723.7578125,48977.9015625,49273.1361328125,52365.331953125,68398.1360546875,82387.60486328125,50.56622574682209,-1320.3656802257465,-1943.6739700444152,623.3082898186688,58423.76558268785,49273.1361328125,40122.50668293715,72.05387800308667,65.84362825245063,TTNP
1998-10-28,51588.3984375,55939.2265625,50966.8515625,55939.2265625,55939.2265625,2,50469.6140625,49910.221875,49024.5173828125,52241.022578125,67913.3294140625,82207.35623046875,57.51786954257465,-681.8028157980734,-1691.299739195147,1009.4969233970735,57104.32870544051,49024.5173828125,40944.706060184486,85.18518863359219,73.02656760975566,TTNP
1998-10-29,55939.2265625,55939.2265625,52831.4921875,53453.0390625,53453.0390625,3,51588.3984375,50407.459375,48962.3626953125,52116.713203125,67416.0918359375,82020.89212890626,53.46911520823825,-372.0627902117485,-1427.4523493984673,1055.3895591867188,56884.282584177534,48962.3626953125,41040.44280644746,89.93352565591572,82.39086409753155,TTNP
1998-10-30,54696.1328125,55939.2265625,50966.8515625,54696.1328125,54696.1328125,2,52707.1828125,51029.00625,49024.5173828125,51967.541953125,66881.5614453125,81809.56615234374,55.16836754318031,-25.98477540523163,-1147.1588345998202,1121.1740591945886,57104.32870544051,49024.5173828125,40944.706060184486,92.30769416707746,89.14213615219514,TTNP
1998-11-02,54696.1328125,54696.1328125,52209.9453125,54696.1328125,54696.1328125,1,53950.2765625,51712.7078125,48900.2080078125,51818.370703125,66421.6166796875,81573.37830078125,55.16836754318031,245.45509118569316,-868.6360494427175,1114.0911406284108,56538.60013671942,48900.2080078125,41261.81587890558,89.74359222276992,90.66160401525438,TTNP
1998-11-03,54696.1328125,54696.1328125,50966.8515625,52209.9453125,52209.9453125,2,54198.8953125,51961.3265625,49148.8267578125,51669.199453125,65974.1028515625,81312.32857421874,50.860187140838896,256.9960967348743,-643.5096202071991,900.5057169420734,56877.71985886996,49148.8267578125,41419.93365675504,84.871796111385,88.97436083374413,TTNP
1998-11-04,52209.9453125,58425.4140625,50966.8515625,57182.3203125,57182.3203125,4,54447.5140625,52458.5640625,49646.0642578125,51669.199453125,65638.4674609375,81088.57166015625,57.93533975406273,659.7661598091872,-382.8544642039218,1042.6206240131091,58067.68117742133,49646.0642578125,41224.44733820367,84.1025647223592,86.23931768550472,TTNP
1998-11-05,54696.1328125,63397.7890625,52831.4921875,60911.6015625,60911.6015625,5,55939.2265625,53763.8125,50391.9205078125,51793.508828125,65315.2630078125,80889.67662109375,62.31749741328629,1265.3005692285587,-53.22345751742563,1318.5240267459844,59952.99120995327,50391.9205078125,40830.849805671736,81.90476190476198,83.62637424616874,TTNP
1998-11-06,63397.7890625,70856.3515625,62154.6953125,67127.0703125,67127.0703125,6,58425.4140625,55566.2984375,51464.0888671875,52166.436953125,65029.3513671875,80721.85892578126,68.2535669756509,2221.123604309505,401.6459548479605,1819.4776494615444,63228.249637096094,51464.0888671875,39699.928097278906,86.90476190476198,84.30402951062774,TTNP
1998-11-09,67748.6171875,68370.1640625,57182.3203125,59046.9609375,59046.9609375,6,59295.5796875,56622.928125,52303.1771484375,52402.624765625,64650.2076953125,80544.71802734376,55.9207969813883,2300.108726047467,781.3385090878618,1518.770216959605,63711.73811317728,52303.1771484375,40894.61618369772,74.40476190476198,81.07142857142867,TTNP
1998-11-10,59668.5078125,59668.5078125,57182.3203125,57182.3203125,57182.3203125,1,60290.0546875,57244.475,53111.18828125,52526.934140625,64277.2794921875,80358.25392578125,53.517572862339556,2187.0333302461804,1062.4774733195254,1124.555856926655,63448.131350865006,53111.18828125,42774.24521163499,59.86842105263165,73.72598162071856,TTNP
1998-11-11,58425.4140625,59668.5078125,55939.2265625,59668.5078125,59668.5078125,2,60787.2921875,57617.403125,53763.8125,52700.967265625,63929.2131640625,80178.00529296875,56.219215378131025,2271.8463867523387,1304.351256006088,967.4951307462507,64025.92598399295,53763.8125,43501.69901600705,48.65220483641544,60.97512926460305,TTNP
1998-11-12,57182.3203125,60911.6015625,57182.3203125,59668.5078125,59668.5078125,1,60538.6734375,58238.95,54323.2046875,52700.967265625,63581.1468359375,80003.97212890624,56.219215378131025,2312.405375334056,1505.9620798716817,806.4432954623742,64592.09209289916,54323.2046875,44054.31728210084,48.26932195353256,52.26331594752657,TTNP
1998-11-13,60290.0546875,74585.6328125,58425.4140625,74585.6328125,74585.6328125,10,62030.3859375,60227.9,55628.453125,53098.757265625,63369.8208203125,79867.23177734375,68.82699008790716,3507.8002481506846,1906.3297135274822,1601.4705346232024,68816.3831037186,55628.453125,42440.5231462814,67.56756756756765,54.829698119171915,TTNP
1998-11-16,74585.6328125,78314.9140625,72099.4453125,74585.6328125,74585.6328125,4,65138.1203125,62216.85,56964.77890625,53546.271015625,63183.3566796875,79705.62955078125,68.82699008790716,4404.3882510907715,2405.94142104014,1998.4468300506314,72017.38156851198,56964.77890625,41912.17624398803,79.23832923832931,65.02507291980987,TTNP
1998-11-17,75828.7265625,78314.9140625,74585.6328125,77071.8203125,77071.8203125,1,69116.0203125,64703.0375,58332.18203125,54080.801328125,63021.7544140625,79531.59638671875,70.47070356180394,5254.979128025705,2975.748962437253,2279.230165588452,75346.11241812428,58332.18203125,41318.25164437572,93.93939393939404,80.24843024843035,TTNP
1998-11-18,78314.9140625,78314.9140625,70856.3515625,70856.3515625,70856.3515625,2,71353.5890625,66070.440625,59264.50234375,54528.315078125,62785.5665234375,79345.13228515624,61.710200830161064,5365.689810775002,3453.7371321048026,1911.9526786701995,76867.67110822018,59264.50234375,41661.33357927981,84.84848484848494,86.00873600873611,TTNP
1998-11-19,70856.3515625,73342.5390625,69613.2578125,70856.3515625,70856.3515625,1,73591.1578125,67064.915625,60414.3640625,54975.828828125,62574.2405078125,79177.31458984375,61.710200830161064,5391.281487450084,3841.2460031738588,1550.035484276225,77891.2188771112,60414.3640625,42937.5092478888,80.30303030303041,86.36363636363649,TTNP
1998-11-20,73342.5390625,73342.5390625,69613.2578125,70856.3515625,70856.3515625,1,72845.3015625,67437.84375,61502.07109375,55398.480703125,62400.2073046875,79009.49689453124,61.71020083016108,5349.892841113477,4142.975370761782,1206.9174703516946,78733.49839368707,61502.07109375,44270.64379381293,72.72727272727282,79.2929292929294,TTNP
1998-11-23,69613.2578125,69613.2578125,64640.8828125,67127.0703125,67127.0703125,1,71353.5890625,68245.8546875,62434.39140625,55758.977890625,62188.8812890625,78823.03279296875,56.45124806005857,4959.005877845608,4306.181472178547,652.824405667061,78739.66408597254,62434.39140625,46129.11872652745,68.18181818181827,73.73737373737386,TTNP
1998-11-24,64640.8828125,64640.8828125,59668.5078125,62154.6953125,62154.6953125,1,68370.1640625,68743.0921875,62993.78359375,56032.458515625,61958.9088671875,78586.84494140625,50.296585668204095,4199.585825395334,4284.862342821904,-85.27651742657054,78431.5616284846,62993.78359375,47556.005559015386,56.13451589061355,65.68120226656823,TTNP
1998-11-25,62154.6953125,67127.0703125,57182.3203125,67127.0703125,67127.0703125,1,67624.3078125,69488.9484375,63553.17578125,56368.093828125,61797.3066796875,78381.73443359375,55.519200041112384,3953.3967720465953,4218.569228666843,-265.17245662024743,78736.61310652115,63553.17578125,48369.738455978855,48.55875831485597,57.625030795762626,TTNP
1998-11-27,67127.0703125,67127.0703125,64640.8828125,64640.8828125,64640.8828125,1,66381.2140625,69986.1859375,64112.56796875,56641.574453125,61598.4116015625,78164.19298828125,52.54618170732572,3517.1323083454845,4078.2818446025713,-561.1495362570868,78573.5208938642,64112.56796875,49651.6150436358,41.82475158084924,48.839341928772946,TTNP
1998-11-30,62154.6953125,67127.0703125,62154.6953125,65883.9765625,65883.9765625,2,65386.7390625,69116.0203125,64671.96015625,56890.193203125,61356.0082421875,77965.29794921874,53.87613017369246,3234.4125597666134,3909.50798763538,-675.0954278687664,78483.59324200264,64671.96015625,50860.32707049737,44.444444444444535,44.94265144671661,TTNP
1998-12-01,64640.8828125,64640.8828125,62154.6953125,62154.6953125,62154.6953125,1,64392.2640625,67872.9265625,65044.88828125,56939.916953125,61063.8811328125,77753.97197265625,49.40289258013047,2678.556559486671,3663.3177020056382,-984.7611425189671,78143.31586512609,65044.88828125,51946.460697373914,37.03703703703712,41.10207768744366,TTNP
1998-12-02,64640.8828125,64640.8828125,55939.2265625,55939.2265625,55939.2265625,2,63149.1703125,65759.6671875,65231.35234375,56964.778828125,60722.0302734375,77536.43052734375,42.995491328875666,1716.7111141449932,3273.9963844335093,-1557.2852702885161,77683.86986627056,65231.35234375,52778.83482122944,24.07407407407416,35.185185185185304,TTNP
1998-12-03,58425.4140625,62154.6953125,55939.2265625,59668.5078125,59668.5078125,1,61657.4578125,64640.8828125,65355.66171875,57039.364453125,60423.6876953125,77343.75095703125,47.40331160515065,1241.0573622203665,2867.4085799908808,-1626.3512177705143,77530.8432736009,65355.66171875,53180.480163899105,14.814814814814902,25.30864197530876,TTNP
1998-12-04,60911.6015625,69613.2578125,60911.6015625,67127.0703125,67127.0703125,2,62154.6953125,64267.9546875,65666.43515625,57188.535703125,60218.5771484375,77175.93326171875,54.91238891928065,1449.2361051601038,2583.7740850247255,-1134.5379798646218,77688.34718897146,65666.43515625,53644.52312352853,22.22222222222231,20.37037037037049,TTNP
1998-12-07,69613.2578125,73342.5390625,69613.2578125,69613.2578125,69613.2578125,2,62900.5515625,64143.6453125,65790.74453125,57412.292578125,60007.2511328125,77045.40837890626,57.110466064369525,1794.151945296253,2425.849657079031,-631.6977117827782,77921.4225190492,65790.74453125,53660.06654345081,42.59259259259267,26.54320987654333,TTNP
1998-12-08,72099.4453125,72099.4453125,64640.8828125,69613.2578125,69613.2578125,2,64392.2640625,64392.2640625,66319.059375,57660.911328125,59783.4941796875,76908.66802734375,57.110466064369525,2043.938977365353,2349.4675211362955,-305.52854377094263,78145.44852268041,66319.059375,54492.67022731958,57.4074074074075,40.74074074074087,TTNP
1998-12-09,69613.2578125,70856.3515625,67127.0703125,67127.0703125,67127.0703125,1,66629.8328125,64889.5015625,66816.296875,57884.668203125,59547.3062890625,76740.85033203124,54.054244246403435,2018.0199685606349,2283.1780106211636,-265.1580420605287,77875.64025254859,66816.296875,55756.95349745141,62.169312169312256,54.05643738977085,TTNP
1998-12-10,67127.0703125,69613.2578125,60911.6015625,60911.6015625,60911.6015625,1,66878.4515625,64267.9546875,66878.4515625,57884.668203125,59273.8255859375,76492.23154296874,47.247044338944264,1478.8948053254717,2122.321369562025,-643.4265642365535,77789.38785468438,66878.4515625,55967.51527031563,51.3227513227514,56.96649029982376,TTNP
1998-12-11,60911.6015625,64640.8828125,60911.6015625,62154.6953125,62154.6953125,2,65883.9765625,64019.3359375,67002.7609375,58033.839453125,59050.0686328125,76249.82822265624,48.64012836920102,1138.8139674024787,1925.619889130116,-786.8059217276373,77635.39167196579,67002.7609375,56370.13020303422,42.857142857142925,52.116402116402234,TTNP
1998-12-14,64640.8828125,64640.8828125,59668.5078125,62154.6953125,62154.6953125,1,64392.2640625,63646.4078125,66381.2140625,58207.872578125,58851.1736328125,76013.64037109374,48.640128369201015,859.3909295152043,1712.3740972071337,-852.9831676919293,76613.92206920787,66381.2140625,56148.50605579214,33.33333333333341,42.50440917107594,TTNP
1998-12-15,60911.6015625,62154.6953125,59668.5078125,62154.6953125,62154.6953125,2,62900.5515625,63646.4078125,65759.6671875,58307.320078125,58652.2786328125,75796.09892578125,48.640128369201015,630.6761171589023,1496.0345011974873,-865.358384038585,75417.47365807113,65759.6671875,56101.860716928866,35.714285714285786,37.3015873015874,TTNP
1998-12-16,59668.5078125,59668.5078125,59668.5078125,59668.5078125,59668.5078125,1,61408.8390625,64019.3359375,64889.5015625,58555.938828125,58453.3836328125,75584.77294921875,45.63012994939033,245.968060558851,1246.02121306976,-1000.0531525109091,73379.02191437621,64889.5015625,56399.9812106238,30.952380952381024,33.333333333333435,TTNP
1998-12-17,59668.5078125,60911.6015625,58425.4140625,59668.5078125,59668.5078125,1,61160.2203125,64019.3359375,64330.109375,58804.557578125,58254.4886328125,75367.23150390625,45.63012994939034,-58.24444031650637,985.1680823925067,-1043.412522709013,72645.83981135889,64330.109375,56014.378938641115,26.190476190476264,30.95238095238106,TTNP
1998-12-18,59668.5078125,60911.6015625,58425.4140625,60911.6015625,60911.6015625,1,60911.6015625,63397.7890625,63832.871875,59102.900078125,58142.6101953125,75155.90552734376,47.51359578540812,-196.75963968817814,748.7825379763697,-945.5421776645478,71705.68991426675,63832.871875,55960.05383573324,23.809523809523885,26.98412698412709,TTNP
1998-12-21,62154.6953125,62154.6953125,54696.1328125,54696.1328125,54696.1328125,2,59419.8890625,61906.0765625,63024.8609375,59283.148671875,58018.3008203125,74907.28673828125,40.044079845804276,-798.8615378889153,439.25372280331266,-1238.115260692228,71161.19204765173,63024.8609375,54888.52982734827,16.666666666666742,22.22222222222233,TTNP
1998-12-22,57182.3203125,59668.5078125,49723.7578125,54696.1328125,54696.1328125,5,57928.1765625,60414.3640625,62403.3140625,59531.767421875,57881.5605078125,74671.09888671876,40.044079845804276,-1261.4899591243739,99.10498641777531,-1360.5949455421492,71072.94611625523,62403.3140625,53733.68200874476,16.541353383458723,19.005847953216488,TTNP
1998-12-23,55939.2265625,57182.3203125,52209.9453125,54696.1328125,54696.1328125,9,56933.7015625,59171.2703125,62030.3859375,59805.248125,57738.6047265625,74434.91103515626,40.04407984580427,-1609.572169959858,-242.6304448577514,-1366.9417251021066,71329.52486050429,62030.3859375,52731.24701449571,14.035087719298323,15.74770258980797,TTNP
1998-12-24,54696.1328125,57182.3203125,54696.1328125,57182.3203125,57182.3203125,0,56436.4640625,58798.3421875,61533.1484375,60016.5740625,57664.0191015625,74223.58505859374,44.4100884212357,-1665.6151024382561,-527.2273763738524,-1138.3877260644038,70752.17842556807,61533.1484375,52314.118449431924,24.561403508772006,18.379281537176393,TTNP
1998-12-28,57182.3203125,59668.5078125,55939.2265625,58425.4140625,58425.4140625,2,55939.2265625,58425.4140625,61222.375,60215.4690625,57601.8644140625,74012.25908203125,46.50757637281217,-1591.3778403921242,-740.0574691775067,-851.3203712146175,70420.42878344115,61222.375,52024.32121655884,30.506822612085845,23.034437946718764,TTNP
1998-12-29,58425.4140625,58425.4140625,54696.1328125,58425.4140625,58425.4140625,3,56685.0828125,58052.4859375,60849.446875,60414.3640625,57539.7097265625,73813.36404296875,46.50757637281218,-1515.0793833429634,-895.061852010598,-620.0175313323654,69864.2338458103,60849.446875,51834.6599041897,37.21476894851515,30.760998356457705,TTNP
1998-12-30,59668.5078125,77071.8203125,59668.5078125,77071.8203125,77071.8203125,6,61160.2203125,59544.1984375,61595.303125,60998.618125,57614.2953515625,73701.48556640625,67.70548111742647,49.4270788276699,-706.1640658429444,755.5911446706143,73055.3870356377,61595.303125,50135.21921436229,60.02178649237481,42.58112601765864,TTNP
1998-12-31,74585.6328125,75828.7265625,69613.2578125,75828.7265625,75828.7265625,7,65386.7390625,61160.2203125,62589.778125,61520.7175,57701.3119140625,73583.39162109375,65.8324956637426,1175.4525596869717,-329.84074073696115,1505.2933004239328,75297.94200773389,62589.778125,49881.614242266114,78.87700534759367,58.70452026282791,TTNP
1999-01-04,73342.5390625,73342.5390625,69613.2578125,72099.4453125,72099.4453125,4,68370.1640625,62403.3140625,63211.325,61918.5075,57738.6047265625,73446.65126953126,60.43143082282353,1746.7782633837196,85.48306008717509,1661.2952032965445,76490.33615124151,63211.325,49932.31384875848,92.42424242424251,77.10767808807037,TTNP
1999-01-05,70856.3515625,72099.4453125,69613.2578125,72099.4453125,72099.4453125,1,71104.9703125,63522.0984375,63459.94375,62403.3140625,57788.3284765625,73303.69544921875,60.431430822823515,2174.4918117115594,503.28481041205197,1671.2070012995075,77201.05055734311,63459.94375,49718.836942656875,86.36363636363645,85.88829471182424,TTNP
1999-01-06,70856.3515625,70856.3515625,69613.2578125,69613.2578125,69613.2578125,1,73342.5390625,65013.8109375,63459.94375,62813.535,57825.6212890625,73148.30869140624,56.82672516145539,2286.4861380457805,859.9250759387977,1426.5610621069827,77201.05055734311,63459.94375,49718.836942656875,78.78787878787887,85.85858585858598,TTNP
1999-01-07,75828.7265625,87016.578125,75828.7265625,80801.1015625,80801.1015625,4,74088.3953125,67624.3078125,64019.3359375,63459.94375,57999.6544140625,73048.86115234374,66.50821896582153,3240.651722631883,1336.0704052774147,1904.5813173544682,79515.68498746402,64019.3359375,48522.98688753598,79.29292347374253,81.48147954175266,TTNP
1999-01-08,80801.1015625,80801.1015625,72099.4453125,75828.7265625,75828.7265625,3,74088.3953125,69737.5671875,64454.41875,63957.18125,58161.2566015625,72936.98267578126,60.06167452770783,3554.6301524627925,1779.7823547144903,1774.8477977483021,80743.69081664085,64454.41875,48165.14668335914,75.35352464623166,77.81144230261775,TTNP
1999-01-11,75828.7265625,77071.8203125,74585.6328125,74585.6328125,74585.6328125,1,74585.6328125,71477.8984375,65138.1203125,64330.109375,58285.5659765625,72815.78099609374,58.53415864322772,3660.951869253826,2156.0162576223574,1504.9356116314684,81915.74177997901,65138.1203125,48360.49884502099,73.33331797068017,75.99325536355151,TTNP
1999-01-12,78314.9140625,79558.0078125,75828.7265625,75828.7265625,75828.7265625,3,75331.4890625,73218.2296875,65821.821875,64777.623125,58447.1681640625,72703.90251953126,59.63958200259594,3801.6962841840723,2485.1522629347005,1316.5440212493718,83162.4227369119,65821.821875,48481.221013088085,68.88887445730562,72.52523902473922,TTNP
1999-01-13,72099.4453125,77071.8203125,72099.4453125,74585.6328125,74585.6328125,1,76325.9640625,74834.2515625,66443.36875,65175.413125,58571.4775390625,72598.23951171876,57.97515498217328,3769.477776973479,2742.017365742456,1027.460411231023,84101.86441541341,66443.36875,48784.87308458658,66.98411263092467,69.73543501963688,TTNP
1999-01-14,74585.6328125,75828.7265625,69613.2578125,70856.3515625,70856.3515625,1,74337.0140625,74212.7046875,66878.4515625,65498.6175,58658.4941015625,72486.36103515625,53.18018443510641,3403.7858237233304,2874.371057338631,529.4147663846993,84521.62645933952,66878.4515625,49235.276665660494,61.42855770205091,65.76718159676047,TTNP
1999-01-15,70856.3515625,70856.3515625,64640.8828125,64640.8828125,64640.8828125,0,72099.4453125,73093.9203125,67127.0703125,65747.23625,58708.2178515625,72349.62068359375,46.30608895261225,2582.6645831572678,2816.0297625023586,-233.36517934509084,84494.8295322619,67127.0703125,49759.311092738106,48.35163703406466,58.92143578901348,TTNP
1999-01-19,69613.2578125,75828.7265625,68370.1640625,72099.4453125,72099.4453125,3,71602.2078125,73093.9203125,67748.6171875,66045.57875,58857.3891015625,72237.74220703125,53.991539796911184,2504.888943589467,2753.8015987197805,-248.9126551303134,84892.49801883976,67748.6171875,50604.73635616024,44.87178402538197,51.55065958716591,TTNP
1999-01-20,69613.2578125,74585.6328125,69613.2578125,73342.5390625,73342.5390625,0,71104.9703125,73218.2296875,68370.1640625,66294.1975,59043.8531640625,72147.61787109375,55.14392846459746,2514.5720442860475,2705.955687833034,-191.3836435469866,85378.30340063196,68370.1640625,51362.02472436804,44.87178329289714,46.031734784114654,TTNP
1999-01-21,73342.5390625,74585.6328125,67127.0703125,69613.2578125,69613.2578125,2,70110.4953125,73218.2296875,69116.0203125,66343.92125,59255.1791015625,72048.17033203125,51.01563541328562,2196.009906150488,2603.966531496525,-407.9566253460371,84926.29633323154,69116.0203125,53305.74429176845,42.02278033676951,43.92211588501627,TTNP
1999-01-22,70856.3515625,70856.3515625,65883.9765625,67127.0703125,67127.0703125,0,69364.6390625,71850.8265625,69737.5671875,66505.5234375,59454.0741015625,71967.36923828124,48.4134839186776,1723.0700838944176,2427.7872419761034,-704.7171580816857,84146.73437711925,69737.5671875,55328.39999788074,27.777769137168008,38.22411092227828,TTNP
1999-01-25,69613.2578125,69613.2578125,67127.0703125,68370.1640625,68370.1640625,2,70110.4953125,71104.9703125,70421.26875,66729.2803125,59628.1072265625,71892.78361328125,49.79244817708944,1432.0612335924234,2228.642040299367,-796.5808067069438,83105.08980053135,70421.26875,57737.447699468656,16.666660847480724,28.82240344047281,TTNP
1999-01-26,65883.9765625,69613.2578125,65883.9765625,69613.2578125,69613.2578125,1,69613.2578125,70607.7328125,71042.815625,66928.1753125,59814.5712890625,71818.19794921875,51.19734661513249,1286.9072342550498,2040.2950790905038,-753.387844835454,82196.76826787413,71042.815625,59888.86298212587,16.666660847480724,20.370363610709884,TTNP
1999-01-27,69613.2578125,69613.2578125,68370.1640625,68370.1640625,68370.1640625,0,68618.7828125,69861.8765625,71540.053125,67102.2084375,59901.5878515625,71762.25873046875,49.699683309592345,1059.352807603209,1844.1066247930448,-784.7538171898359,81184.24971522398,71540.053125,61895.85653477603,18.518512052756353,17.283944582572662,TTNP
1999-01-28,69613.2578125,74585.6328125,69613.2578125,73342.5390625,73342.5390625,1,69364.6390625,69737.5671875,72285.909375,67077.3465625,60088.0519140625,71715.64271484375,55.32878593163949,1265.6537233876297,1728.416044511962,-462.7623211243322,79838.15150904721,72285.909375,64733.6672409528,30.911676385647414,22.03228309529489,TTNP
1999-01-29,74585.6328125,74585.6328125,69613.2578125,74585.6328125,74585.6328125,2,70856.3515625,70110.4953125,72161.6,67077.3465625,60311.8087890625,71684.56537109375,56.63534495873552,1512.0262645476323,1685.138088519096,-173.11182397146376,79472.64006594727,72161.6,64850.55993405274,45.72649378676713,31.718894075057023,TTNP
1999-02-01,74585.6328125,75828.7265625,72099.4453125,74585.6328125,74585.6328125,1,72099.4453125,71104.9703125,72099.4453125,67027.6228125,60554.2120703125,71609.97970703125,56.63534495873551,1687.8221157180378,1685.6748939588845,2.1472217591533536,79305.10125733347,72099.4453125,64893.789367666526,62.39316239316247,46.34377752185907,TTNP
1999-02-02,75828.7265625,75828.7265625,72099.4453125,75828.7265625,75828.7265625,1,73342.5390625,71477.8984375,72285.909375,67127.0703125,60827.6926953125,71522.96310546875,58.058063920653794,1905.4836416695762,1729.6366435010227,175.84699816855345,79672.6481640201,72285.909375,64899.17058597992,74.44444444444453,60.85470020812477,TTNP
1999-02-03,74585.6328125,75828.7265625,73342.5390625,75828.7265625,75828.7265625,1,74834.2515625,71726.5171875,72472.3734375,67226.5178125,61101.1733203125,71442.16197265625,58.0580639206538,2054.301262951616,1794.5695673911414,259.7316955604747,80017.45074037017,72472.3734375,64927.29613462983,85.55555555555564,74.13105413105427,TTNP
1999-02-04,74585.6328125,77071.8203125,73342.5390625,73342.5390625,73342.5390625,1,74834.2515625,72099.4453125,72658.8375,67276.2415625,61337.3611328125,71348.92990234375,53.95231251319985,1949.1570771987754,1825.4870693526682,123.67000784610718,80095.61404171752,72658.8375,65222.060958282476,86.66666666666674,82.22222222222236,TTNP
1999-02-05,74585.6328125,78314.9140625,74585.6328125,78314.9140625,78314.9140625,1,75580.1078125,73218.2296875,72534.528125,67499.9984375,61629.4881640625,71280.55970703125,60.03900150687552,2241.223232780467,1908.6343020382278,332.588930742239,79490.3013855413,72534.528125,65578.7548644587,90.00000000000007,87.40740740740755,TTNP
1999-02-08,79558.0078125,87016.578125,78314.9140625,85773.484375,85773.484375,2,77817.678125,74958.56171875,73031.766015625,67972.37421875,62002.4163671875,71237.05142578125,67.07032565824812,3039.4946533042385,2134.80637229143,904.6882810128086,81991.53406068744,73031.766015625,64071.997970562574,88.03921641115586,88.23529435927428,TTNP
1999-02-09,85773.484375,85773.484375,75828.7265625,79558.0078125,79558.0078125,2,78563.534375,75953.03671875,73280.384765625,68220.99296875,62294.5433984375,71168.68123046875,57.92370532497711,3134.4613720530033,2334.7373722437446,799.7239998092587,82664.715550699,73280.384765625,63896.053980551,86.27450255510875,88.10457298875495,TTNP
1999-02-10,77071.8203125,77071.8203125,73342.5390625,75828.7265625,75828.7265625,1,78563.534375,76698.89296875,73280.384765625,68444.74984375,62543.1621484375,71100.31103515625,53.23291645965189,2875.652617545027,2442.920421304001,432.73219624102603,82664.715550699,73280.384765625,63896.053980551,68.62743793252902,80.98038563293126,TTNP
1999-02-11,74585.6328125,84530.390625,73342.5390625,84530.390625,84530.390625,1,80801.1046875,77817.678125,73777.62265625,68817.678125,62853.9356640625,71081.66462890625,61.1405730473744,3334.2610955795826,2621.1885561591175,713.0725394204651,84362.91783770907,73777.62265625,63192.32747479091,66.66665434368483,73.8561982771076,TTNP
1999-02-12,84530.390625,94475.140625,80801.1015625,87016.578125,87016.578125,5,82541.4375,79060.77265625,74585.633984375,69314.91578125,63127.4163671875,71075.44916015625,63.06230812039805,3853.900802352189,2867.7310053977317,986.1697969544575,86534.86694189886,74585.633984375,62636.40102685115,69.73571840189503,68.34327022603635,TTNP
1999-02-16,91988.953125,94475.140625,85773.484375,89502.765625,89502.765625,3,83287.29375,80552.4859375,75828.728125,69986.1865625,63475.4826953125,71081.66462890625,64.93005039874097,4415.435178856627,3177.271840089511,1238.1633387671163,88530.20773195908,75828.728125,63127.24851804091,81.03357857541086,72.4786504403303,TTNP
1999-02-17,87016.578125,88259.671875,82044.1953125,87016.578125,87016.578125,1,84779.0078125,81671.27109375,76574.584765625,70533.14796875,63786.2562109375,71094.09556640625,61.576924407235914,4606.737067242066,3463.164885520022,1143.5721817220438,90041.37588889994,76574.584765625,63107.79364235004,74.95514889545983,75.24148195758863,TTNP
1999-02-18,88259.671875,88259.671875,80801.1015625,82044.1953125,82044.1953125,1,86022.1015625,82292.81796875,77009.667578125,70831.49046875,64010.0130859375,71056.80271484375,55.41333395367856,4307.461717632468,3632.024251942511,675.4374656899572,90592.42793692062,77009.667578125,63426.90721932937,66.98412678936246,74.3242847534111,TTNP
1999-02-19,83287.2890625,84530.390625,79558.0078125,82044.1953125,82044.1953125,1,85524.8625,83162.98359375,77631.214453125,71080.10921875,64246.2008984375,71013.29439453124,55.413333953678546,4023.898845800082,3710.3991707140253,313.49967508605687,90938.13052374826,77631.214453125,64324.29838250173,54.81480754729804,65.58469441070683,TTNP
1999-02-22,84530.390625,87016.578125,82044.1953125,83287.2890625,83287.2890625,1,84779.0046875,83660.22109375,78439.225390625,71353.58984375,64507.2505859375,70976.00154296875,56.67082497789424,3855.041979312591,3739.3277324337387,115.71424687885246,91040.54737611879,78439.225390625,65837.9034051312,48.14813191908479,56.6490220852485,TTNP
1999-02-23,83287.2890625,84530.390625,79558.0078125,79558.0078125,79558.0078125,4,82790.053125,83038.6734375,78998.617578125,71602.20859375,64743.4383984375,70926.27775390625,51.93829352515586,3381.3220898501604,3667.726603917023,-286.4045140668627,90725.28688018727,78998.617578125,67271.94827606274,41.28538843390673,48.08277596676325,TTNP
1999-02-24,79558.0078125,84530.390625,79558.0078125,83287.2890625,83287.2890625,1,82044.1953125,83411.6015625,79682.319140625,72049.72234375,64967.1952734375,70907.63130859374,55.903977270825465,3269.13296460353,3588.0078760543247,-318.87491145079457,90714.387244467,79682.319140625,68650.251036783,42.15684750245533,43.86345595181567,TTNP
1999-02-25,84530.390625,87016.578125,80801.1015625,84530.390625,84530.390625,1,82541.434375,84281.76796875,80490.33046875,72497.23625,65265.5378515625,70895.20037109376,57.17252700447685,3243.145222292311,3519.035345301922,-275.8901230096112,90400.06236943744,80490.33046875,70580.59856806257,43.13725127755439,42.193162404638876,TTNP
1999-02-26,87016.578125,87016.578125,80801.1015625,84530.390625,84530.390625,1,83038.6734375,84281.76796875,81049.723046875,72944.75015625,65576.3113671875,70876.55396484376,57.172527004476834,3185.825535612108,3452.3933833639594,-266.56784775185133,90536.41577582063,81049.723046875,71563.03031792938,50.980397955913105,45.42483224530766,TTNP
1999-03-01,80801.1015625,83287.2890625,80801.1015625,80801.1015625,80801.1015625,1,82541.4359375,83660.2203125,81360.496484375,73317.67828125,65812.4991796875,70839.26111328125,51.970704985605785,2807.1181004853133,3323.33832678823,-516.2202263029167,90375.289240311,81360.496484375,72345.70372843901,47.058830778224696,47.058826670564116,TTNP
1999-03-02,75828.7265625,79558.0078125,74585.6328125,77071.8203125,77071.8203125,2,82044.1984375,82417.12578125,81484.805859375,73665.74453125,66110.8416796875,70795.75279296875,47.33287564083024,2180.9275248106424,3094.8561663927126,-913.9286415820702,90185.57997761143,81484.805859375,72784.03174113858,35.29411692217759,44.44444855210518,TTNP
1999-03-03,75828.7265625,82044.1953125,75828.7265625,79558.0078125,79558.0078125,1,81298.3421875,81671.26875,81671.269921875,74063.53453125,66434.0460546875,70761.56767578125,50.5040439843543,1863.7968455804948,2848.644302230269,-984.8474566497744,90032.4097012553,81671.269921875,73310.13014249472,27.450970243818873,36.6013059814071,TTNP
1999-03-04,78314.9140625,80801.1015625,78314.9140625,80801.1015625,80801.1015625,1,80552.484375,81546.959375,81919.888671875,74461.32453125,66782.1123046875,70730.49029296875,52.05838753568195,1693.2569619035348,2617.5668341649225,-924.3098722613877,89856.24736414861,81919.888671875,73983.52997960139,26.10293128580534,29.61600615060065,TTNP
1999-03-05,79558.0078125,82044.1953125,77071.8203125,82044.1953125,82044.1953125,1,80055.2453125,81546.959375,82354.971484375,75008.28578125,67145.7172265625,70662.12009765625,53.626690883363324,1639.5108910808194,2421.955645548102,-782.4447544672826,89248.26577965866,82354.971484375,75461.67718909134,32.720575609334745,28.7581590463197,TTNP
1999-03-08,87016.578125,88259.671875,82044.1953125,83287.2890625,83287.2890625,4,80552.4828125,81546.959375,82603.590234375,75580.10890625,67555.9381640625,70599.96537109376,55.20478795039758,1677.882435124775,2273.1410034634364,-595.2585683386615,89250.3707730167,82603.590234375,75956.80969573332,44.12876675794114,34.31742455102712,TTNP
1999-03-09,83287.2890625,85773.484375,80801.1015625,82044.1953125,82044.1953125,1,81546.9578125,81795.578125,82417.12578125,76127.07015625,67966.159140625,70537.81064453124,53.253165796384714,1589.6602695167676,2136.4448566741025,-546.784587157335,88905.08033741958,82417.12578125,75929.17122508041,51.89391197674153,42.914418114672515,TTNP
1999-03-10,80801.1015625,83287.2890625,80801.1015625,80801.1015625,80801.1015625,1,81795.5765625,81546.959375,82479.28046875,76599.44578125,68308.009921875,70481.87138671875,51.300078278179605,1403.260378860723,1989.8079611114267,-586.5475822507037,88879.70992664418,82479.28046875,76078.85101085583,54.54542338155624,50.18936737207968,TTNP
1999-03-11,83287.2890625,84530.390625,79558.0078125,84530.390625,84530.390625,0,82541.434375,81546.959375,82914.363671875,77121.5453125,68668.5071875,70407.28576171875,56.459239843136544,1538.7221518070146,1899.5907992505443,-360.86864744352965,88589.19801250004,82914.363671875,77239.52933124997,57.575743725136135,54.67169302781134,TTNP
1999-03-12,84530.390625,84530.390625,83287.2890625,84530.390625,84530.390625,0,83038.6734375,81546.959375,82914.363671875,77643.64484375,69029.004453125,70338.91560546875,56.45923984313656,1627.3178753198445,1845.1362144644042,-217.8183391445598,88589.19801250004,82914.363671875,77239.52933124997,63.63636536769138,58.58584415812796,TTNP
1999-03-15,80801.1015625,84530.390625,80801.1015625,82044.1953125,82044.1953125,1,82790.0546875,81671.26875,82665.74453125,77743.09234375,69370.855234375,70270.54541015625,52.18485238143244,1479.8565753618605,1772.0802866438955,-292.2237112820351,88026.92954913956,82665.74453125,77304.55951336045,66.66666666666673,62.626258586498125,TTNP
1999-03-16,80801.1015625,84530.390625,79558.0078125,82044.1953125,82044.1953125,2,82790.0546875,82168.50625,82292.816015625,77867.40171875,69694.059609375,70214.60615234375,52.184852381432435,1347.459755447635,1687.1561804046435,-339.6964249570085,86641.87284256733,82292.816015625,77943.75918868266,60.606045024111474,63.6363590194899,TTNP
1999-03-17,83287.2890625,84530.390625,79558.0078125,83287.2890625,83287.2890625,1,83287.2921875,82541.434375,82106.3515625,78091.15859375,70004.833046875,70164.88236328126,54.195717548154065,1327.5385602960596,1615.2326563829267,-287.69409608686715,85915.58100555696,82106.3515625,78297.12211944304,57.57572468053158,61.6161454571033,TTNP
1999-03-18,80801.1015625,85773.484375,79558.0078125,84530.390625,84530.390625,4,83287.2921875,82914.36328125,82230.661328125,78339.7775,70371.54578125,70108.94314453125,56.18032236576431,1395.9669387636677,1571.379512859075,-175.4125740954073,86183.23487885848,82230.661328125,78278.08777739153,63.63634632308682,60.60603867590999,TTNP
1999-03-19,84530.390625,89502.765625,83287.2890625,87016.578125,87016.578125,2,83784.5296875,83411.6015625,82479.28046875,78687.84390625,70750.689453125,70077.86580078125,59.92057855749457,1631.998808631295,1583.503372013519,48.49543661777602,86945.78220589738,82479.28046875,78012.77873160262,73.23231921660503,64.81479674007453,TTNP
1999-03-22,84530.390625,87016.578125,83287.2890625,84530.390625,84530.390625,1,84281.76875,83535.91171875,82541.435546875,78762.4296875,71111.18671875,70015.71111328126,54.876272174127564,1599.9974382013024,1586.8021852510758,13.195252950226632,87085.11464536945,82541.435546875,77997.75644838055,73.23233826120959,70.03366793363386,TTNP
1999-03-23,84530.390625,84530.390625,79558.0078125,79558.0078125,79558.0078125,1,83784.53125,83287.29296875,82541.435546875,78837.0153125,71397.09828125,69897.61716796875,46.453430917354666,1160.0342320159689,1501.4485946040545,-341.4143625880856,87085.11464536945,82541.435546875,77997.75644838055,55.656571301656186,67.37374292649032,TTNP
1999-03-24,82044.1953125,82044.1953125,74585.6328125,77071.8203125,77071.8203125,1,82541.4375,82914.36484375,82230.662109375,78886.7390625,71608.42421875,69760.87681640625,42.90726650255138,603.7856034432334,1321.9159963718903,-718.1303929286569,87342.48936597713,82230.662109375,77118.83485277287,33.434343260248966,54.1077509410383,TTNP
1999-03-25,78314.9140625,78314.9140625,73342.5390625,78314.9140625,78314.9140625,1,81298.3421875,82292.8171875,81919.88828125,78936.4628125,71857.04296875,69636.56740234375,45.16141239350165,260.26169953646604,1109.5851370048053,-849.3234374683393,87188.03052653537,81919.88828125,76651.74603596462,22.478620420868243,37.18984499425785,TTNP
1999-03-26,78314.9140625,78314.9140625,73342.5390625,73342.5390625,73342.5390625,0,78563.534375,81174.03203125,81360.495703125,78911.6009375,72043.50703125,69462.53423828125,38.596954117809304,-408.50360067011206,805.9673894698219,-1214.470990139934,87673.40960380874,81360.495703125,75047.58180244124,15.81195794401434,23.908307208377234,TTNP
1999-03-29,74585.6328125,75828.7265625,70856.3515625,75828.7265625,75828.7265625,1,76823.2015625,80552.48515625,81111.876953125,79011.0484375,72254.83296875,69338.22482421875,43.054020778660686,-729.4813589439727,498.87763978706295,-1228.3589987310356,87869.3281286911,81111.876953125,74354.4257775589,19.145290462661382,19.145289609181372,TTNP
1999-03-30,74585.6328125,74585.6328125,70856.3515625,74585.6328125,74585.6328125,0,75828.7265625,79806.62890625,80987.567578125,79209.9434375,72478.58984375,69226.34634765625,41.43453775191993,-1071.8106554953702,184.7399807305763,-1256.5506362259464,88118.85750996917,80987.567578125,73856.27764628084,15.555549038067719,16.837599148247865,TTNP
1999-03-31,74585.6328125,74585.6328125,70856.3515625,74585.6328125,74585.6328125,0,75331.4890625,78936.46328125,80738.948828125,79259.6671875,72652.62296875,69145.54521484375,41.43453775191993,-1327.80300287329,-117.76861599019696,-1210.0343868830932,88380.69447192817,80738.948828125,73097.20318432181,22.222212911525293,18.97435080408485,TTNP
1999-04-01,72099.4453125,72099.4453125,68370.1640625,68370.1640625,68370.1640625,4,73342.5390625,77320.440625,80117.401953125,79160.2196875,72727.20859375,69021.23580078124,34.015060558968244,-2009.0560185924842,-496.02609651065444,-1513.0299220818297,89468.74352193157,80117.401953125,70766.06038431842,13.333327746915197,17.03702989883612,TTNP
1999-04-05,68370.1640625,73342.5390625,67127.0703125,69613.2578125,69613.2578125,1,72596.6828125,75580.10859375,79495.855078125,79160.2196875,72752.07046875,68890.71091796875,36.46545179776688,-2420.7418597560318,-880.96924915973,-1539.7726105963018,89850.91226583094,79495.855078125,69140.79789041905,10.37036628400888,15.308635647483177,TTNP
1999-04-06,68370.1640625,68370.1640625,59668.5078125,60911.6015625,60911.6015625,2,69613.2578125,73218.2296875,78377.070703125,79035.9103125,72770.716875,68710.46228515625,28.48984954042156,-3409.8501614111738,-1386.7454316100188,-2023.104729801155,91354.75912844576,78377.070703125,65399.38227780426,5.092590935741039,9.598761655555093,TTNP
1999-04-07,62154.6953125,72099.4453125,62154.6953125,69613.2578125,69613.2578125,1,68618.7828125,72223.7546875,77755.523828125,79060.7721875,72895.02625,68586.15287109376,42.12239929879762,-3451.7846551704715,-1799.7532763221093,-1652.0313788483622,91155.01775474979,77755.523828125,64356.029901500224,16.203699137258887,10.55555211900299,TTNP
1999-04-08,70856.3515625,73342.5390625,69613.2578125,69613.2578125,69613.2578125,1,67624.3078125,71477.8984375,77196.131640625,79060.7721875,72994.47375,68461.84345703125,42.12239929879762,-3445.302738256316,-2128.8631687089505,-1316.4395695473654,90969.25581194262,77196.131640625,63423.00746930737,23.611104928225483,14.969131667075189,TTNP
1999-04-09,74585.6328125,77071.8203125,69613.2578125,69613.2578125,69613.2578125,2,67872.9265625,70607.7328125,76450.275,79085.6340625,73093.92125,68337.53404296875,42.122399298797625,-3400.9616040556866,-2383.2828557782977,-1017.6787482773889,90169.4391528831,76450.275,62731.110847116885,34.34342506159151,24.719409709025346,TTNP
1999-04-12,72099.4453125,72099.4453125,62154.6953125,62154.6953125,62154.6953125,1,66381.2140625,69488.9484375,75331.490234375,78861.8771875,72969.611875,68169.71634765626,34.98283564607249,-3922.4490447354765,-2691.1160935697335,-1231.332951165743,89858.1489577095,75331.490234375,60804.8315110405,26.565649145953472,28.173393045256876,TTNP
1999-04-13,62154.6953125,67127.0703125,60911.6015625,64640.8828125,64640.8828125,2,67127.0703125,68370.1640625,74461.324609375,78662.9821875,72870.164375,68026.76052734375,38.71188605869754,-4087.9932043024164,-2970.49151571627,-1117.5016885861464,89355.64555129956,74461.324609375,59567.003667450444,22.86194835184303,27.923674186462723,TTNP
1999-04-14,64640.8828125,64640.8828125,60911.6015625,60911.6015625,60911.6015625,1,65386.7390625,67002.7609375,73404.694921875,78389.5015625,72708.5621875,67865.15830078124,35.42935102494542,-4468.5987486434315,-3270.1129623017023,-1198.4857863417292,88980.1225065153,73404.694921875,57829.26733723469,12.962961915509494,20.796853137768718,TTNP
1999-04-15,62154.6953125,64640.8828125,60911.6015625,62154.6953125,62154.6953125,1,63895.0265625,65759.6671875,72348.065234375,78116.0209375,72621.545625,67703.55607421875,37.33674931125864,-4616.705599638342,-3539.43148976903,-1077.2741098693123,87965.60166336643,72348.065234375,56730.528805383576,14.074074074074124,16.632994780475602,TTNP
1999-04-16,63397.7890625,63397.7890625,54696.1328125,58425.4140625,58425.4140625,3,61657.4578125,64765.1921875,71042.81640625,77767.9546875,72497.23625,67535.73837890624,34.08391700942438,-4977.624222501705,-3827.070036315565,-1150.5541861861398,86732.90814733654,71042.81640625,55352.72466516346,12.222222222222271,13.086419403935352,TTNP
1999-04-19,59668.5078125,62154.6953125,57182.3203125,62154.6953125,62154.6953125,1,61657.4578125,64019.3359375,69799.722265625,77544.1978125,72410.2196875,67405.21349609375,39.73789545034491,-4906.177639588364,-4042.891556970125,-863.2860826182396,84109.34746336665,69799.722265625,55490.09706788334,21.11111111111116,15.802469135802573,TTNP
1999-04-20,60911.6015625,60911.6015625,57182.3203125,57182.3203125,57182.3203125,2,60165.7453125,63646.4078125,68432.31875,77121.5459375,72310.7721875,67249.82673828125,35.38029304488984,-5190.946810928763,-4272.502607761852,-918.4442031669105,82060.50469488025,68432.31875,54804.13280511976,20.37037037037042,17.901234567901337,TTNP
1999-04-21,59668.5078125,62154.6953125,57182.3203125,60911.6015625,60911.6015625,2,60165.7453125,62776.2421875,67499.9984375,76624.30828125,72298.34125,67128.62505859375,40.63800927565876,-5057.407950173481,-4429.483676244178,-627.9242739293031,80492.55836492067,67499.9984375,54507.43851007935,24.074074074074122,21.85185185185195,TTNP
1999-04-22,60911.6015625,64640.8828125,60911.6015625,62154.6953125,62154.6953125,1,60165.7453125,62030.3859375,66754.1421875,76276.24203125,72248.6175,67022.96208984376,42.322625842972336,-4795.985034195146,-4502.783947834372,-293.20108636077384,79162.68382555095,66754.1421875,54345.60054944904,24.074074074074122,22.839506172839606,TTNP
1999-04-23,64640.8828125,64640.8828125,62154.6953125,62154.6953125,62154.6953125,0,60911.6015625,61284.5296875,65946.13125,76002.76140625,72223.755625,66911.08361328125,42.322625842972336,-4536.511410175699,-4509.529440302637,-26.981969873061644,77297.83032656088,65946.13125,54594.43217343912,31.481481481481527,26.543209876543305,TTNP
1999-04-26,63397.7890625,64640.8828125,62154.6953125,62154.6953125,62154.6953125,0,60911.6015625,61284.5296875,65386.7390625,75555.2475,72186.4628125,66771.23552734376,42.322625842972336,-4281.52197357727,-4463.927946957564,182.4059733802942,76320.31217630517,65386.7390625,54453.16594869481,33.33333333333338,29.629629629629722,TTNP
1999-04-27,63397.7890625,63397.7890625,59668.5078125,62154.6953125,62154.6953125,1,61906.0765625,61035.9109375,64703.0375,75058.00984375,72186.4628125,66625.17197265624,42.32262584297233,-4032.951651757103,-4377.732687917472,344.7810361603688,74600.28108086705,64703.0375,54805.79391913296,33.33333333333338,32.71604938271614,TTNP
1999-04-28,62154.6953125,62154.6953125,59668.5078125,62154.6953125,62154.6953125,1,62154.6953125,61160.2203125,64081.490625,74511.0484375,72248.6175,66485.32388671875,42.32262584297232,-3792.243261137235,-4260.634802561424,468.3915414241892,72923.19973503711,64081.490625,55239.781514962895,33.33333333333338,33.33333333333343,TTNP
1999-04-29,59668.5078125,63397.7890625,55939.2265625,55939.2265625,55939.2265625,1,60911.6015625,60538.6734375,63149.1703125,73889.50140625,72211.3246875,66317.50619140625,35.10692081087519,-4056.2584877326444,-4219.759539595669,163.50105186302426,71266.48683458818,63149.1703125,55031.85379041181,24.60317460317465,30.42328042328052,TTNP
1999-04-30,57182.3203125,63397.7890625,57182.3203125,63397.7890625,63397.7890625,1,61160.2203125,61035.9109375,62900.5515625,73516.57328125,72174.031875,66196.30451171874,46.82330132463694,-3621.897813552612,-4100.187194387057,478.2893808344452,70659.68743561262,62900.5515625,55141.41568938737,36.82539682539687,31.587301587301685,TTNP
1999-05-03,63397.7890625,64640.8828125,62154.6953125,63397.7890625,63397.7890625,1,61408.8390625,61160.2203125,62589.778125,73143.64515625,72111.8771875,66059.56416015625,46.82330132463694,-3240.311555279899,-3928.2120665656257,687.9005112857267,69721.06363086242,62589.778125,55458.49261913756,54.88095238095243,38.76984126984137,TTNP
1999-05-04,64640.8828125,64640.8828125,64640.8828125,64640.8828125,64640.8828125,0,61906.0765625,61906.0765625,62776.2421875,72770.71703125,72062.1534375,65922.82380859375,48.61653381685719,-2805.257161416317,-3703.621085535764,898.3639241194469,69917.27210989488,62776.2421875,55635.21226510512,85.83333333333337,59.17989417989427,TTNP
1999-05-05,64640.8828125,64640.8828125,59668.5078125,59668.5078125,59668.5078125,1,61408.8390625,61781.7671875,62279.0046875,72372.92703125,71987.5678125,65767.43705078126,42.45004364931125,-2829.090531905924,-3528.714974809796,699.624442903872,68804.95089358593,62279.0046875,55753.05848141406,79.1666666666667,73.29365079365088,TTNP
1999-05-06,60911.6015625,60911.6015625,59668.5078125,59668.5078125,59668.5078125,0,62154.6953125,61533.1484375,61781.7671875,71900.55140625,71975.136875,65624.48123046875,42.45004364931125,-2815.5230525811858,-3386.076590364074,570.5535377828883,67456.59567527508,61781.7671875,56106.938699724924,64.28571428571432,76.4285714285715,TTNP
1999-05-07,64640.8828125,64640.8828125,58425.4140625,58425.4140625,58425.4140625,0,61160.2203125,61160.2203125,61222.375,71378.451875,71937.8440625,65493.95634765625,40.944280479303586,-2871.971702083669,-3283.255612707993,411.2839106243241,65798.24344937303,61222.375,56646.50655062697,40.47619047619052,61.30952380952388,TTNP
1999-05-10,57182.3203125,60911.6015625,57182.3203125,58425.4140625,58425.4140625,1,60165.7453125,60787.2921875,61035.9109375,70856.35234375,71900.55125,65375.86244140625,40.94428047930357,-2883.4688297328103,-3203.2982561129566,319.8294263801463,65746.56381621146,61035.9109375,56325.25805878853,33.33333333333337,46.0317460317461,TTNP
1999-05-11,59668.5078125,59668.5078125,57182.3203125,57182.3203125,57182.3203125,0,58674.0328125,60290.0546875,60662.9828125,70383.97671875,71850.8275,65251.55306640625,39.3264513336112,-2958.7806809709364,-3154.3947410845526,195.61406011361623,65353.91200565118,60662.9828125,55972.053619348815,23.80952380952385,32.53968253968261,TTNP
1999-05-12,62154.6953125,64640.8828125,60911.6015625,60911.6015625,60911.6015625,2,58922.6515625,60165.7453125,60662.9828125,70060.77234375,71863.2584375,65158.32103515625,46.19504215365676,-2686.574872898578,-3060.8307674473576,374.25589454877945,65353.91200565118,60662.9828125,55972.053619348815,33.33333333333337,30.158730158730226,TTNP
1999-05-13,60911.6015625,60911.6015625,57182.3203125,58425.4140625,58425.4140625,1,58674.0328125,60414.3640625,60476.51875,69638.12046875,71850.8275,65052.65806640625,42.722715885487226,-2641.020323862991,-2976.868678730484,335.8483548674931,65211.710705391306,60476.51875,55741.3267946087,33.33333333333337,30.158730158730226,TTNP
1999-05-14,55939.2265625,59668.5078125,55939.2265625,59668.5078125,59668.5078125,1,58922.6515625,60041.4359375,60538.6734375,69215.46859375,71838.3965625,64990.50337890625,44.95079642744548,-2476.0681663694268,-2876.708576258273,400.6404098888461,65196.544225843005,60538.6734375,55880.802649157,42.8571428571429,36.50793650793657,TTNP
1999-05-17,59668.5078125,62154.6953125,55939.2265625,62154.6953125,62154.6953125,1,59668.5078125,59917.1265625,60538.6734375,68817.67859375,71912.9821875,64965.64150390625,49.20649925402164,-2120.2864969215443,-2725.424160390927,605.1376634693829,65196.544225843005,60538.6734375,55880.802649157,47.619047619047656,41.26984126984133,TTNP
1999-05-18,62154.6953125,67127.0703125,59668.5078125,64640.8828125,64640.8828125,4,61160.2203125,59917.1265625,60911.6015625,68444.75046875,72012.4296875,64946.99509765625,53.11025642259387,-1619.0490180444685,-2504.1491319216357,885.1001138771671,65628.81067664396,60911.6015625,56194.39244835603,64.02116402116405,51.49911816578489,TTNP
1999-05-19,65883.9765625,65883.9765625,59668.5078125,62154.6953125,62154.6953125,1,61408.8390625,60165.7453125,60973.75625,68046.96046875,72087.0153125,64912.81001953125,49.05047588350469,-1406.219238091835,-2284.5631531556755,878.3439150638405,65721.98385828784,60973.75625,56225.52864171215,68.25396825396828,59.964726631393354,TTNP
1999-05-20,64640.8828125,67127.0703125,59668.5078125,63397.7890625,63397.7890625,1,62403.3140625,60538.6734375,61035.9109375,67698.89421875,72149.17,64906.59455078125,51.06467020129332,-1124.2827952447042,-2052.507081573481,928.224286328777,65876.00145325926,61035.9109375,56195.82042174074,66.6666666666667,66.3139329805997,TTNP
1999-05-21,60911.6015625,63397.7890625,60911.6015625,63397.7890625,63397.7890625,1,63149.1703125,61035.9109375,61098.065625,67276.2421875,72198.89375,64900.37908203125,51.0646702012933,-890.5800802477315,-1820.1216813083313,929.5416010605998,66025.17241701807,61098.065625,56170.95883298194,62.96296296296299,65.96119929453268,TTNP
1999-05-24,64640.8828125,67127.0703125,59668.5078125,65883.9765625,65883.9765625,3,63895.0265625,61781.7671875,61284.5296875,66903.31390625,72273.479375,64906.59455078125,55.175036633675326,-499.00225419314665,-1555.8977958852943,1056.8955416921476,66622.60063069392,61284.5296875,55946.458744306074,74.0740740740741,67.90123456790128,TTNP
1999-05-25,64640.8828125,64640.8828125,60911.6015625,63397.7890625,63397.7890625,1,63646.4078125,62403.3140625,61346.684375,66530.38578125,72136.7390625,64875.51720703125,50.59808054261284,-384.8522223362161,-1321.6886811754787,936.8364588392626,66752.3558382022,61346.684375,55941.0129117978,74.0740740740741,70.37037037037042,TTNP
1999-05-26,62154.6953125,64640.8828125,59668.5078125,59668.5078125,59668.5078125,1,63149.1703125,62279.0046875,61222.375,66082.87203125,71975.136875,64838.22439453125,44.61905478701739,-588.5251777493177,-1175.0559804902464,586.5308027409287,66662.24187936257,61222.375,55782.50812063742,62.96296296296299,70.37037037037042,TTNP
1999-05-27,59668.5078125,62154.6953125,57182.3203125,59668.5078125,59668.5078125,0,62403.3140625,62403.3140625,61408.8390625,65610.49640625,71850.8275,64794.71611328125,44.61905478701739,-741.3911664319603,-1088.3230176785892,346.93185124662887,66343.78034315511,61408.8390625,56473.8977818449,44.44444444444448,60.493827160493886,TTNP
1999-05-28,59668.5078125,59668.5078125,59668.5078125,59668.5078125,59668.5078125,0,61657.4578125,62403.3140625,61222.375,65113.25875,71726.518125,64757.42330078125,44.61905478701738,-852.7090645003336,-1041.200227042938,188.49116254260434,66124.32728542115,61222.375,56320.422714578846,33.333333333333364,46.91358024691365,TTNP
1999-06-01,59668.5078125,59668.5078125,57182.3203125,59668.5078125,59668.5078125,1,60414.3640625,62154.6953125,61035.9109375,64566.29734375,71627.070625,64726.34595703125,44.61905478701738,-930.2064596877972,-1019.0014735719099,88.79501388411268,65876.00145325926,61035.9109375,56195.82042174074,33.333333333333364,37.0370370370371,TTNP
1999-06-02,59668.5078125,62154.6953125,58425.4140625,60911.6015625,60911.6015625,4,59917.1265625,61781.7671875,60849.446875,64093.9215625,71428.175625,64713.91501953125,47.40552244336811,-881.1589748952101,-991.4329738365699,110.27399894135976,65398.21889990527,60849.446875,56300.674850094736,37.037037037037074,34.56790123456796,TTNP
1999-06-03,62154.6953125,64640.8828125,62154.6953125,63397.7890625,63397.7890625,3,60662.9828125,61906.0765625,61035.9109375,63770.7171875,71303.86625,64732.56142578125,52.547897852131165,-634.3614130218702,-920.0186616736299,285.6572486517597,65680.49248110504,61035.9109375,56391.32939389495,48.14814814814818,39.506172839506235,TTNP
1999-06-04,62154.6953125,64640.8828125,60911.6015625,64640.8828125,64640.8828125,1,61657.4578125,62030.3859375,61284.5296875,63522.0984375,71204.41875,64744.99236328125,54.92118772151628,-334.60813619208056,-802.9365565773201,468.3284203852395,66137.37408707074,61284.5296875,56431.68528792925,62.96296296296299,49.38271604938277,TTNP
1999-06-07,64640.8828125,64640.8828125,59668.5078125,60911.6015625,60911.6015625,0,61906.0765625,61781.7671875,61408.8390625,63174.0321875,71055.2475,64751.20783203125,47.28124396891573,-393.43802601270727,-721.0368504643975,327.59882445169023,66086.57292939023,61408.8390625,56731.10519560978,60.648148148148174,57.253086419753146,TTNP
1999-06-08,63397.7890625,63397.7890625,60911.6015625,60911.6015625,60911.6015625,1,62154.6953125,61284.5296875,61533.1484375,62925.4134375,70918.5071875,64744.99236328125,47.281243968915724,-435.0461958036467,-663.8387195322473,228.7925237286006,66015.18669333382,61533.1484375,57051.11018166618,50.92592592592595,58.17901234567907,TTNP
1999-06-09,60911.6015625,63397.7890625,60911.6015625,62154.6953125,62154.6953125,1,62403.3140625,61160.2203125,61781.7671875,62651.9328125,70831.490625,64744.99236328125,49.97163062480977,-363.52322403525613,-603.7756204328491,240.25239639759297,65798.3260161812,61781.7671875,57765.2083588188,41.66666666666669,51.080246913580304,TTNP
1999-06-10,63397.7890625,69613.2578125,63397.7890625,65883.9765625,65883.9765625,3,62900.5515625,61781.7671875,62030.3859375,62477.8996875,70843.9215625,64776.06970703125,57.05259503712674,-5.851471521156782,-484.1907906505106,478.33931912935384,66400.70473606959,62030.3859375,57660.06713893042,52.50000000000003,48.36419753086425,TTNP
1999-06-11,68370.1640625,75828.7265625,68370.1640625,74585.6328125,74585.6328125,4,64889.5015625,63273.4796875,62838.396875,62477.8996875,70868.7834375,64863.08626953125,68.31997707224097,968.5915849673329,-193.63431552694186,1162.2259004942748,69577.52442054963,62838.396875,56099.26932945037,71.11111111111114,55.092592592592645,TTNP
1999-06-14,77071.8203125,82044.1953125,74585.6328125,79558.0078125,79558.0078125,8,68618.7828125,65262.4296875,63832.871875,62701.6565625,70930.938125,64987.39564453125,72.72368427931667,2117.6627365185195,268.62509488215045,1849.037641636369,73598.0834251534,63832.871875,54067.6603248466,84.44444444444447,69.3518518518519,TTNP
1999-06-15,80801.1015625,80801.1015625,75828.7265625,75828.7265625,75828.7265625,3,71602.2078125,66878.4515625,64516.5734375,62825.9659375,70993.0928125,65124.13595703125,65.38289068310606,2696.306727203715,754.1614213464634,1942.1453058572517,75548.63652355624,64516.5734375,53484.51035144376,86.11111111111114,80.55555555555561,TTNP
1999-06-16,78314.9140625,78314.9140625,74585.6328125,77071.8203125,77071.8203125,3,74585.6328125,68494.4734375,65138.1203125,63149.1703125,71092.5403125,65273.30720703125,66.59338576967086,3218.0973127581674,1246.9485996288042,1971.1487131293632,77454.16221392811,65138.1203125,52822.07841107189,81.6666666666667,84.07407407407413,TTNP
1999-06-17,79558.0078125,80801.1015625,74585.6328125,80801.1015625,80801.1015625,1,77569.0578125,70234.8046875,66070.440625,63372.9271875,71216.8496875,65422.47845703125,69.9843690363936,3887.726648303593,1775.104209363762,2112.6224389398308,80052.34445955615,66070.440625,52088.53679044386,83.33333333333337,83.70370370370377,TTNP
1999-06-18,80801.1015625,80801.1015625,78314.9140625,79558.0078125,79558.0078125,1,78563.5328125,71726.5171875,66878.4515625,63571.8221875,71316.2971875,65565.43423828125,67.52392062234034,4268.896265630596,2273.862620617129,1995.0336450134669,81972.70174562797,66878.4515625,51784.20137937205,88.33333333333337,84.44444444444451,TTNP
1999-06-21,79558.0078125,80801.1015625,78314.9140625,79558.0078125,79558.0078125,1,78563.5328125,73591.1578125,67686.4625,63770.7171875,71428.175625,65664.88173828126,67.52392062234034,4518.885039711517,2722.8671044360062,1796.0179352755104,83653.80695491754,67686.4625,51719.11804508245,91.49122807017547,87.7192982456141,TTNP
1999-06-22,80801.1015625,82044.1953125,78314.9140625,79558.0078125,79558.0078125,3,79309.3890625,75455.7984375,68370.1640625,64118.7834375,71490.3303125,65789.19111328125,67.52392062234034,4663.247924934898,3110.9432685357847,1552.3046563991134,85121.97662550629,68370.1640625,51618.351499493714,89.45419103313843,89.75958414554913,TTNP
1999-06-23,82044.1953125,89502.765625,82044.1953125,85773.484375,85773.484375,8,81049.721875,77817.67734375,69488.948828125,64541.43546875,71602.208828125,65957.00880859375,73.3704886815122,5219.031815210357,3532.5609778706994,1686.470837339658,87689.13332418681,69488.948828125,51288.764332063176,88.62085879090256,89.85542596473886,TTNP
1999-06-24,88259.671875,89502.765625,82044.1953125,85773.484375,85773.484375,1,82044.1984375,79806.628125,70794.19765625,65038.673125,71714.08734375,66134.14970703125,73.37048868151221,5594.998888044865,3945.048559905533,1649.9503281393327,89719.86871237401,70794.19765625,51868.526600125995,87.96296514515792,88.67933832306635,TTNP
1999-06-25,85773.484375,96961.328125,84530.390625,93232.046875,93232.046875,14,84779.00625,81671.26953125,72472.374609375,65660.22015625,71888.120546875,66357.90662109375,78.70569238451787,6420.78435664119,4440.195719252664,1980.588637388526,93035.71903564534,72472.374609375,51909.03018310465,88.2183937340842,88.26740589004827,TTNP
1999-06-28,93232.046875,95718.234375,88259.671875,94475.140625,94475.140625,2,87762.4328125,83162.9828125,74212.70625,66381.2146875,72074.5846875,66587.87900390624,79.44485794625365,7093.760115722165,4970.9085985465645,2122.8515171756007,96001.98477392593,74212.70625,52423.42772607408,90.08620923313511,88.75585603745911,TTNP
1999-06-29,94475.140625,98204.421875,93232.046875,95718.234375,95718.234375,5,90994.478125,85151.93359375,76015.192578125,67052.48546875,72298.341640625,66817.85138671874,80.1855618714504,7639.343928498187,5504.595664536889,2134.748263961298,98641.89443876012,76015.192578125,53388.49071748988,91.87192296216703,90.05884197646215,TTNP
1999-06-30,98204.421875,98204.421875,96961.328125,98204.421875,98204.421875,3,93480.665625,87265.19375,77879.83359375,67872.9275,72497.23671875,67063.36244140625,81.61267193129048,8178.065930775716,6039.289717784654,2138.7762129910616,101351.2796434904,77879.83359375,54408.38754400959,95.32019807694446,92.4261100907489,TTNP
1999-07-01,96961.328125,96961.328125,89502.765625,93232.046875,93232.046875,2,94972.378125,88508.28828125,79371.546484375,68519.33640625,72571.82234375,67287.11935546875,70.65248794764578,8110.287545884596,6453.489283404642,1656.7982624799533,102763.85543495152,79371.546484375,55979.23753379847,90.60150661504024,92.59787588471728,TTNP
1999-07-02,94475.140625,95718.234375,85773.484375,91988.953125,91988.953125,2,94723.759375,89751.3828125,80738.95,69116.0215625,72696.131796875,67495.33759765625,68.18708963566212,7865.5957195922965,6735.910570642173,1129.6851489501232,103720.73078751177,80738.95,57757.169212488225,84.21053153854935,90.04407874351138,TTNP
1999-07-06,91988.953125,94475.140625,87016.578125,93232.046875,93232.046875,5,94475.140625,91118.78671875,82354.972265625,69737.56859375,72870.165,67706.66357421875,69.33928620868485,7683.4133546101075,6925.41112743576,758.0022271743474,104041.53218199912,82354.972265625,60668.412349250866,77.19299000012683,84.00167605123885,TTNP
1999-07-07,94475.140625,95718.234375,90745.859375,90745.859375,90745.859375,1,93480.665625,92237.571875,83846.68515625,70309.391875,72932.3196875,67893.12767578124,64.3216943458657,7254.789269742454,6991.286755897099,263.50251384535477,103430.44933702964,83846.68515625,64262.92097547035,73.68421923091556,78.36258025653062,TTNP
1999-07-08,91988.953125,93232.046875,88259.671875,89502.765625,89502.765625,2,91740.334375,92610.5,85214.088671875,70856.35328125,72957.1815625,68042.29896484375,61.90941630819229,6737.132844051361,6940.455973527952,-203.32312947659102,102194.50134553325,85214.088671875,68233.67599821674,67.87281854887136,72.91667592663795,TTNP
1999-07-09,87016.578125,89502.765625,85773.484375,89502.765625,89502.765625,1,90994.478125,92983.428125,86395.028125,71403.3146875,72957.1815625,68216.33212890624,61.90941630819229,6254.785127694515,6803.321804361264,-548.5366766667494,100945.07437129755,86395.028125,71844.98187870244,60.30703248222155,67.28802342066953,TTNP
1999-07-12,89502.765625,95718.234375,88259.671875,94475.140625,94475.140625,2,91491.715625,93107.7375,87389.503515625,72174.03296875,73031.7671875,68409.01169921875,67.55431544692443,6202.254465275953,6683.108336544202,-480.85387126824844,101278.82317615252,87389.503515625,73500.18385509746,64.58334724482434,64.25439942530579,TTNP
1999-07-13,98204.421875,98204.421875,95718.234375,96961.328125,96961.328125,3,92237.571875,93356.35625,88259.66953125,72845.30375,73180.938515625,68595.47580078125,69.95208575309384,6288.745348392171,6604.235738913796,-315.49039052162516,102257.59599677467,88259.66953125,74261.74306572531,76.60257352538387,67.16431775080996,TTNP
1999-07-14,96961.328125,98204.421875,94475.140625,96961.328125,96961.328125,1,93480.665625,93480.665625,89316.299609375,73516.57453125,73330.10984375,68788.15537109374,69.95208575309385,6284.842247148277,6540.357040560692,-255.5147934124152,102572.02217301565,89316.299609375,76060.57704573435,88.6217998059434,76.6025735253839,TTNP
1999-07-15,96961.328125,106906.078125,96961.328125,100690.609375,100690.609375,9,95718.234375,93729.284375,90497.2390625,74237.5690625,73504.143046875,69005.69681640626,73.37503393613088,6507.654649340111,6533.816562316576,-26.16191297646492,103382.3171994374,90497.2390625,77612.1609255626,85.61253809171514,83.61230380768085,TTNP
1999-07-16,105662.984375,106906.078125,100690.609375,103176.796875,103176.796875,2,98453.040625,94723.759375,91616.023828125,75107.73484375,73740.3309375,69241.88466796876,75.38795660208082,6806.389811748653,6588.331212202991,218.05859954566222,104820.93738210636,91616.023828125,78411.11027414365,82.29428647505148,85.50954145757004,TTNP
1999-07-19,108149.171875,108149.171875,99447.515625,101933.703125,101933.703125,2,99944.753125,95718.234375,92734.80859375,75953.03875,73926.795078125,69446.99517578125,72.43902100943413,6863.711707518887,6643.40731126617,220.3043962527172,105446.015292131,92734.80859375,80023.601895369,75.59912854030502,81.16865103569057,TTNP
1999-07-20,103176.796875,103176.796875,94475.140625,96961.328125,96961.328125,3,99944.753125,96091.1625,93604.974609375,76723.75703125,74051.104453125,69658.32115234375,61.993005174619306,6433.746392723275,6601.475127557591,-167.72873483431613,104891.82970075578,93604.974609375,82318.11951799422,68.19172113289761,75.36171204941807,TTNP
1999-07-21,99447.515625,101933.703125,96961.328125,96961.328125,96961.328125,1,99944.753125,96712.709375,94475.140625,77494.4753125,74175.413828125,69875.86259765625,61.99300517461932,6023.559933635843,6485.892088773241,-462.33215513739833,103810.76641123959,94475.140625,85139.51483876041,57.40740740740742,67.06608569353672,TTNP
1999-07-22,99447.515625,99447.515625,89502.765625,94475.140625,94475.140625,2,98701.659375,97209.946875,94910.2234375,78240.33171875,74312.15421875,70062.32669921876,57.20909967877994,5435.215871004548,6275.756845219503,-840.540974214955,103351.37006027253,94910.2234375,86469.07681472746,46.296296296296305,57.298474945533805,TTNP
1999-07-23,94475.140625,96961.328125,93232.046875,94475.140625,94475.140625,1,96961.328125,97707.184375,95345.30625,78911.6025,74486.187421875,70298.51455078126,57.20909967877994,4912.322763575416,6003.0700288906855,-1090.74726531527,102682.71910220588,95345.30625,88007.8933977941,42.5925925925926,48.76543209876547,TTNP
1999-07-26,96961.328125,98204.421875,93232.046875,96961.328125,96961.328125,1,95966.853125,97955.803125,95531.7703125,79682.32078125,74660.220625,70547.13333984376,60.72417462489091,4644.996137942042,5731.455250700957,-1086.4591127589147,102834.35097143023,95531.7703125,88229.18965356976,42.5925925925926,43.8271604938272,TTNP
1999-07-27,96961.328125,96961.328125,89502.765625,94475.140625,94475.140625,0,95469.615625,97707.184375,95531.7703125,80378.4534375,74796.961015625,70789.53666015626,55.788854869245064,4184.289423979237,5422.0220853566125,-1237.7326613773757,102834.35097143023,95531.7703125,88229.18965356976,42.5925925925926,42.59259259259264,TTNP
1999-07-28,95718.234375,105662.984375,94475.140625,101933.703125,101933.703125,11,96464.090625,98204.421875,95842.54375,81174.03359375,74995.85609375,71070.78666015626,64.98345599713915,4370.637703079832,5211.745208901257,-841.1075058214246,103661.19828516115,95842.54375,88023.88921483884,53.70370370370372,46.29629629629634,TTNP
1999-07-29,103176.796875,104419.890625,95718.234375,99447.515625,99447.515625,3,97458.565625,98080.1125,95904.6984375,81870.16625,75157.458359375,71356.69826171875,60.46907814707093,4268.500882397057,5023.096343600417,-754.5954612033602,103816.67522638888,95904.6984375,87992.72164861113,55.787037037037045,50.694444444444485,TTNP
1999-07-30,101933.703125,101933.703125,99447.515625,99447.515625,99447.515625,3,98453.040625,97707.184375,96215.471875,82616.02265625,75331.4915625,71648.8253515625,60.46907814707093,4139.835272091208,4846.444129298575,-706.6088572073668,104171.27187499996,96215.471875,88259.67187500004,60.60185185185187,56.697530864197574,TTNP
1999-08-02,101933.703125,101933.703125,99447.515625,99447.515625,99447.515625,1,98950.278125,97458.565625,96588.4,83337.0171875,75517.955703125,71912.9828125,60.46907814707093,3991.8512723120803,4675.5255579012755,-683.6742855891953,104414.95615873933,96588.4,88761.84384126066,54.30555555555557,56.89814814814819,TTNP
1999-08-03,101933.703125,111878.453125,101933.703125,106906.078125,106906.078125,10,101436.465625,98453.040625,97272.1015625,84207.18296875,75741.712578125,72205.1098828125,68.63366454999684,4425.403252287855,4625.501096778591,-200.09784449073595,106127.7813849597,97272.1015625,88416.4217400403,61.481481481481495,58.79629629629634,TTNP
1999-08-04,104419.890625,115607.734375,104419.890625,114364.640625,114364.640625,6,103922.653125,100193.371875,98453.040625,85176.79625,76040.055078125,72534.529765625,74.34087377323529,5309.633826316873,4762.327642686248,547.3061836306251,109532.62580420278,98453.040625,87373.45544579721,75.44973544973546,63.74559082892421,TTNP
1999-08-05,114364.640625,114364.640625,108149.171875,111878.453125,111878.453125,4,106408.840625,101933.703125,99571.825,86146.40953125,76338.39765625,72854.6264453125,69.78289377859562,5743.570072905786,4958.576128730156,784.9939441756305,111309.6846633345,99571.825,87833.9653366655,86.24338624338627,74.39153439153444,TTNP
1999-08-06,113121.546875,114364.640625,109392.265625,109392.265625,109392.265625,6,108397.790625,103425.415625,100566.3,87140.8846875,76611.878359375,73152.968984375,65.46064540418843,5819.766476097619,5130.814198203649,688.95227789397,112091.59595489883,100566.3,89041.00404510117,85.71428571428574,82.46913580246918,TTNP
1999-08-09,111878.453125,113121.546875,110635.359375,110635.359375,110635.359375,3,110635.359375,104792.81875,101374.3109375,88160.22171875,76885.3590625,73445.0960546875,66.57540591079149,5912.306561491801,5287.112670861279,625.1938906305222,113335.81865938239,101374.3109375,89412.80321561762,80.95238095238098,84.30335097001769,TTNP
1999-08-10,113121.546875,113121.546875,99447.515625,99447.515625,99447.515625,3,109143.646875,105290.05625,101498.6203125,88955.801875,77034.5303125,73703.038046875,50.71175374189855,5024.955200344892,5234.681176758002,-209.7259764131104,113325.00946018026,101498.6203125,89672.23116481975,65.0793650793651,77.24867724867731,TTNP
1999-08-11,99447.515625,113121.546875,99447.515625,111878.453125,111878.453125,2,108646.409375,106284.53125,102244.4765625,90000.00078125,77283.1490625,74016.9192578125,61.64704511380062,5264.114188616179,5240.5677791296375,23.54640948654105,114697.14920149035,102244.4765625,89791.80392350965,68.25396825396828,71.42857142857149,TTNP
1999-08-12,111878.453125,114364.640625,109392.265625,109392.265625,109392.265625,2,108149.171875,107279.00625,102679.559375,90969.6140625,77531.7678125,74321.477265625,58.835524314188135,5193.171211465582,5231.088465596827,-37.91725413124459,115487.64840842139,102679.559375,89871.4703415786,66.6666666666667,66.66666666666673,TTNP
1999-08-13,109392.265625,114364.640625,109392.265625,113121.546875,113121.546875,2,108895.028125,108646.409375,103176.796875,91964.08921875,77867.403203125,74632.2507421875,61.66011658533353,5375.900189920634,5260.050810461588,115.84937945904585,116771.4920067848,103176.796875,89582.1017432152,84.12698412698415,73.01587301587307,TTNP
1999-08-16,115607.734375,125552.484375,111878.453125,121823.203125,121823.203125,7,111132.596875,110883.978125,104171.271875,93107.735625,78314.91703125,74961.670625,67.29858544407735,6151.9493161754945,5438.43051160437,713.5188045711247,119985.45697627575,104171.271875,88357.08677372427,84.88888888888891,78.56084656084661,TTNP
1999-08-17,123066.296875,137983.421875,121823.203125,134254.140625,134254.140625,9,118093.921875,113618.784375,106035.9125,94574.58640625,78874.309296875,75365.6761328125,73.33227554839789,7681.499066760633,5887.044222635623,1794.45484412501,126204.7015674212,106035.9125,85867.12343257881,89.88422035480862,86.30003112356059,TTNP
1999-08-18,131767.953125,154143.640625,131767.953125,140469.609375,140469.609375,9,123812.153125,116229.28125,108211.3265625,96165.7465625,79545.58,75794.543515625,75.74229657271154,9288.146674008123,6567.264712910122,2720.881961098001,132879.4563427025,108211.3265625,83543.19678229751,84.72549019607845,86.49953314659201,TTNP
1999-08-19,142955.796875,159116.015625,139226.515625,152900.546875,152900.546875,12,132513.809375,120331.490625,111132.596875,97980.66359375,80316.298203125,76285.5655859375,79.69468243575216,11432.710079412762,7540.3537862106505,3892.3562932021114,141727.85904913506,111132.596875,80537.33470086496,85.25326797385624,86.62099284158113,TTNP
1999-08-20,157872.921875,161602.203125,134254.140625,151657.453125,151657.453125,13,140220.990625,124558.009375,113991.7125,99696.133125,81087.01640625,76782.803125,78.32042102422548,12883.472105534209,8608.977450075363,4274.494655458846,148289.38769742538,113991.7125,79694.0373025746,82.86111111111114,84.27995642701529,TTNP
1999-08-23,146685.078125,159116.015625,146685.078125,151657.453125,151657.453125,8,146187.840625,128660.21875,116726.51875,101237.56953125,81857.734609375,77255.1787890625,78.32042102422548,13873.288825651747,9661.839725190639,4211.449100461108,153769.04388020455,116726.51875,79683.99361979545,85.86111111111114,84.6584967320262,TTNP
1999-08-24,155386.734375,159116.015625,149171.265625,154143.640625,154143.640625,6,150165.740625,134129.83125,119709.94375,102729.2821875,82715.469375,77721.338984375,79.15421291608776,14689.014445964334,10667.274669345377,4021.739776618957,158665.41583401797,119709.94375,80754.47166598203,85.33333333333337,84.68518518518523,TTNP
1999-08-25,149171.265625,180248.625,146685.078125,172790.0625,172790.0625,18,156629.83125,140220.9921875,123252.76171875,104668.50890625,83747.237421875,78249.6539453125,84.09491900484124,16648.183392693973,11863.456414015096,4784.726978678877,167610.6631997845,123252.76171875,78894.8602377155,87.58974418474689,86.26139620973049,TTNP
1999-08-26,182734.8125,198895.03125,174033.15625,192679.5625,192679.5625,28,164585.634375,148549.721875,127914.3640625,106980.66375,85064.91703125,78917.816953125,87.4985603688232,19580.04871115515,13406.774873443106,6173.273837712042,180176.96506152433,127914.3640625,75651.76306347566,90.83974451207617,87.92094067671883,TTNP
1999-08-27,197651.9375,198895.03125,185221.0,188950.28125,188950.28125,15,172044.2,156132.5953125,132389.50234375,109143.64734375,86258.287265625,79576.6567578125,83.87427294645289,21356.46720896772,14996.713340548029,6359.75386841969,189260.20093299833,132389.50234375,75518.8037545017,91.50641170246968,89.97863346643094,TTNP
1999-08-30,190193.375,190193.375,166574.578125,180248.625,180248.625,12,177762.434375,161975.1375,136429.5578125,111157.4596875,87364.6409375,80179.55734375,75.96730608010883,21810.7203231061,16359.514737059642,5451.205586046457,194825.21168979106,136429.5578125,78033.90393520893,88.33333516637732,90.2264971269744,TTNP
1999-08-31,179005.53125,179005.53125,166574.578125,169060.78125,169060.78125,15,180745.8625,165455.8015625,139537.29296875,112947.51515625,88359.116171875,80726.5187109375,67.19618832251778,21025.583856142126,17292.728560876138,3732.8552952659884,197932.94776073558,139537.29296875,81141.63817676442,79.30555900099928,86.3817686232821,TTNP
1999-09-01,174033.15625,181491.71875,170303.875,181491.71875,181491.71875,10,182486.19375,169558.0125,142893.646875,114986.189375,89552.48640625,81261.049140625,71.17811106873174,21162.482392211445,18066.6793271432,3095.803065068245,202812.71175198036,142893.646875,82974.58199801965,76.15741146063289,81.2654352093365,TTNP
1999-09-02,179005.53125,186464.09375,174033.15625,183977.90625,183977.90625,6,180745.8625,172665.7484375,146498.61953125,116950.2778125,90745.856640625,81808.0105078125,71.91245083119763,21226.899537083867,18698.723369131334,2528.1761679525334,207190.5123121724,146498.61953125,85806.72675032762,76.6931257904364,77.3853654173562,TTNP
1999-09-03,186464.09375,193922.65625,183977.90625,190193.375,190193.375,14,180994.48125,176519.340625,150538.675,119038.675625,92038.674375,82373.61828125,73.71546676855013,21531.287690051307,19265.23623331533,2266.0514567359787,211568.894462331,150538.675,89508.45553766898,84.04079486457694,78.96377737188209,TTNP
1999-09-07,192679.5625,198895.03125,191436.46875,193922.65625,193922.65625,9,183729.2875,180745.8609375,154703.03984375,121052.4878125,93356.353984375,82988.9498046875,74.76228594345255,21821.890158159134,19776.56701828409,2045.3231398750431,215639.8841635801,154703.03984375,93766.19552391992,88.0531399868152,82.92902021394286,TTNP
1999-09-08,197651.9375,226243.09375,196408.84375,225000.0,225000.0,32,194917.13125,187831.496875,160980.6640625,123662.985,95022.09984375,83759.668046875,81.40754117188821,24279.991990344366,20677.252012696146,3602.73997764822,223697.19029311955,160980.6640625,98264.13783188045,93.31697430108572,88.47030305082598,TTNP
1999-09-09,248618.78125,269751.375,241160.21875,258563.53125,258563.53125,42,210331.49375,196408.84375,168314.91796875,126919.8909375,96986.188203125,84698.2039453125,85.76649253067781,28606.592876069626,22263.12018537084,6343.472690698785,240012.02607575193,168314.91796875,96617.80986174809,94.32812113772911,91.89941180854338,TTNP
1999-09-10,258563.53125,268508.28125,253591.15625,258563.53125,258563.53125,40,225248.61875,202997.240625,175773.48125,130127.073125,99000.0003125,85655.38625,85.76649253067781,31670.37883638349,24144.57191557337,7525.806920810119,252275.38510878442,175773.48125,99271.57739121561,93.7669537199004,93.80401638623844,TTNP
1999-09-13,253591.15625,259806.625,243646.40625,258563.53125,258563.53125,24,238922.65,209958.565625,183045.58046875,133433.7028125,100976.519609375,86637.4304296875,85.76649253067782,33709.86494390707,26057.630521240113,7652.234422666959,261955.6120581745,183045.58046875,104135.54887932552,91.18710144827514,93.09405876863491,TTNP
1999-09-14,258563.53125,261049.71875,252348.0625,257320.4375,257320.4375,11,251602.20625,217665.746875,189820.4421875,136740.3325,102928.17703125,87588.397265625,84.84632162128473,34824.430741039134,27810.990565199918,7013.440175839216,269801.1464860346,189820.4421875,109839.73788896542,90.57239176935843,91.84214897917802,TTNP
1999-09-15,256077.34375,257320.4375,249861.875,253591.15625,253591.15625,17,257320.4375,226118.784375,195787.29296875,139947.5146875,104842.541640625,88533.1486328125,82.0038823075785,35003.313921230496,29249.455236406033,5753.858684824463,276101.16379844,195787.29296875,115473.42213905999,88.3818116714311,90.04710162968824,TTNP
1999-09-16,253591.15625,253591.15625,233701.65625,242403.3125,242403.3125,19,254088.39375,232209.94375,200883.978125,142980.66375,106645.0278125,89415.7453125,73.99509013407048,33852.08883253447,30169.98195563172,3682.1068769027515,279427.05217403563,200883.978125,122340.90407596435,82.57677428954867,87.17699257677941,TTNP
1999-09-17,236187.84375,241160.21875,213812.15625,228729.28125,228729.28125,18,248121.54375,236685.08125,204675.41484375,145765.1940625,108310.773671875,90248.6182421875,65.56659397745243,31473.54715241611,30430.694994988597,1042.8521574275146,280873.2150601805,204675.41484375,128477.61462731949,72.69076718789482,81.21645104962488,TTNP
1999-09-20,233701.65625,251104.96875,231215.46875,251104.96875,251104.96875,7,246629.83125,242776.240625,209647.790625,148997.238125,110200.27640625,91224.446953125,71.32293366094483,31036.299572238873,30551.81591043865,484.48366180022276,284321.5244034028,209647.790625,134974.05684659717,71.88755445812701,75.71836531185686,TTNP
1999-09-21,254834.25,266022.09375,233701.65625,238674.03125,238674.03125,42,242900.55,247251.378125,213998.61953125,151881.2159375,112027.624453125,92119.4745703125,64.83796360815171,29348.39492027962,30311.131712406845,-962.7367921272235,284683.6699168387,213998.61953125,143313.5691456613,70.30622781890617,71.62818315497601,TTNP
1999-09-22,233701.65625,233701.65625,183977.90625,205110.5,205110.5,73,233204.41875,245262.428125,216546.9625,154044.199375,113444.7515625,92809.39171875,51.280474624215245,25014.07516537959,29251.720403001393,-4237.645237621804,281889.72165703704,216546.9625,151204.20334296295,61.048415349252366,67.74739920876186,TTNP
1999-09-23,210082.875,218784.53125,198895.03125,201381.21875,201381.21875,11,225000.0,239544.196875,217976.5203125,156132.5971875,114824.585859375,93468.2315234375,50.02874177850383,21035.687392561842,27608.513800913483,-6572.826408351641,280622.895541028,217976.5203125,155330.145083972,40.50246251333213,57.285701893830236,TTNP
1999-09-24,201381.21875,212569.0625,200138.125,207596.6875,207596.6875,11,220773.48125,234447.5125,218722.3765625,158270.71875,116254.14390625,94158.148671875,52.126189021930216,18174.81485098027,25721.77401092684,-7546.959159946571,280495.3811358612,218722.3765625,156949.37198913877,26.764539808018114,42.77180589020088,TTNP
1999-09-27,206353.59375,211325.96875,192679.5625,193922.65625,193922.65625,11,209337.01875,227983.425,218970.9953125,160085.6359375,117596.685390625,94792.1266015625,47.41141341375051,14635.464186197205,23504.512045980915,-8869.04785978371,280301.13914524706,218970.9953125,157640.85147975295,19.8067632850242,29.02458853545816,TTNP
1999-09-28,196408.84375,196408.84375,170303.875,187707.1875,187707.1875,16,199143.65,221022.1,219343.9234375,161801.105625,118877.0721875,95426.10453125,45.4012344783657,11199.861865513085,21043.58200988735,-9843.720144374263,279812.35308689217,219343.9234375,158875.49378810782,18.876811594202945,21.816038229081766,TTNP
1999-09-29,187707.1875,187707.1875,175276.25,176519.34375,176519.34375,6,193425.41875,213314.91875,219716.8515625,163392.2659375,120058.011484375,95997.9277734375,41.95318168673163,7488.03932804818,18332.473473519516,-10844.434145471336,279021.0228335862,219716.8515625,160412.68029141377,11.807772274200497,16.83044905114256,TTNP
1999-09-30,177762.4375,188950.28125,175276.25,186464.09375,186464.09375,13,190441.99375,207720.996875,219965.4703125,165182.32125,121338.39828125,96619.474765625,45.88721718481622,5287.895866181934,15723.557952052,-10435.662085870066,278665.16800967435,219965.4703125,161265.77261532564,13.570743602389216,14.751775823597564,TTNP
1999-10-01,187707.1875,187707.1875,179005.53125,185221.0,185221.0,2,185966.85625,203370.16875,220027.625,166997.2384375,122618.785078125,97234.8062890625,45.4723567537344,3404.71164829607,13259.788691300815,-9855.077043004745,278577.2086616082,220027.625,161478.04133839178,12.932215463861079,12.770243780150276,TTNP
1999-10-04,188950.28125,200138.125,186464.09375,198895.03125,198895.03125,10,186961.33125,198149.175,220462.7078125,169085.63625,123998.619375,97930.93890625,50.747299054515295,2981.288196695532,11204.088592379758,-8222.800395684226,278243.3046235466,220462.7078125,162682.11100145342,20.779220779220825,15.760726615157054,TTNP
1999-10-05,198895.03125,211325.96875,193922.65625,206353.59375,206353.59375,10,190690.6125,194917.13125,221084.2546875,171273.4815625,125477.901171875,98664.3643359375,53.3956220434826,3210.5564246814756,9605.3821588401,-6394.825734158625,277970.0230158537,221084.2546875,164198.4863591463,27.70562770562775,20.472354649569898,TTNP
1999-10-06,201381.21875,206353.59375,191436.46875,196408.84375,196408.84375,13,194668.5125,194046.965625,219654.696875,173312.155625,126845.30453125,99341.850546875,49.56851812796616,2560.28160131225,8196.36204733453,-5636.080446022281,277503.85127561726,219654.696875,161805.54247438273,31.601731601731647,26.695526695526755,TTNP
1999-10-07,196408.84375,198895.03125,169060.78125,181491.71875,181491.71875,9,193674.0375,192058.015625,215801.10625,174903.3159375,128038.674765625,99975.8284765625,44.42491817917564,831.6599408228358,6723.421626032192,-5891.761685209356,273034.20090192056,215801.10625,158568.01159807944,25.91852591852596,28.40862840862847,TTNP
1999-10-08,179005.53125,179005.53125,172790.0625,176519.34375,176519.34375,6,191933.70625,188950.28125,211698.896875,176444.7525,129157.459375,100584.94453125,42.82952428029037,-928.8075702822534,5192.975786769302,-6121.783357051556,267834.4561138237,211698.896875,155563.33763617635,15.928515928515973,24.482924482924545,TTNP
1999-10-11,172790.0625,174033.15625,169060.78125,174033.15625,174033.15625,4,186961.33125,186961.33125,207472.378125,177936.4653125,130276.243984375,101181.6296484375,42.01702813454029,-2495.834878751659,3655.21365366511,-6151.048532416769,261548.52795488888,207472.378125,153396.2282951111,9.401709401709446,17.082917082917145,TTNP
1999-10-12,174033.15625,174033.15625,169060.78125,174033.15625,174033.15625,1,180497.24375,185593.928125,203308.0140625,179428.178125,131382.59765625,101765.883828125,42.01702813454029,-3695.1202642618446,2185.146870079719,-5880.267134341564,254116.80046283428,203308.0140625,152499.22766216574,8.461538461538506,11.263921263921327,TTNP
1999-10-13,174033.15625,174033.15625,160359.109375,165331.484375,165331.484375,3,174281.771875,184475.1421875,198895.03046875,180596.68625,132401.934609375,102300.4141796875,39.012861259790604,-5286.772151607322,690.7630657423108,-5977.535217349632,246711.34110070326,198895.03046875,151078.71983679672,9.072038121967882,8.978428661738631,TTNP
1999-10-14,167817.671875,169060.78125,151657.453125,166574.578125,166574.578125,6,171298.34375,182486.190625,195103.59375,181640.885,133408.840625,102841.16,39.67640839152662,-6374.380571589019,-722.2656617239552,-5652.114909865064,240482.30902226226,195103.59375,149724.87847773774,14.841266709003705,10.791614430836717,TTNP
1999-10-15,161602.203125,164088.390625,154143.640625,156629.828125,156629.828125,4,167320.440625,179627.0734375,191498.62109375,182535.9125,134341.161015625,103238.9500390625,36.276025041132876,-7947.166307226085,-2167.2457908243814,-5779.920516401704,237074.4177917317,191498.62109375,145922.8243957683,14.285710426049834,12.733005085673826,TTNP
1999-10-18,157872.921875,157872.921875,140469.609375,144198.890625,144198.890625,9,161353.5875,174157.459375,186153.3171875,183232.045,135186.46484375,103580.800859375,32.52377962839247,-10080.481583782472,-3749.8929494159993,-6330.588634366472,227381.14411974055,186153.3171875,144925.49025525947,12.865493779559031,13.997490304870874,TTNP
1999-10-19,134254.140625,142955.796875,134254.140625,142955.796875,142955.796875,19,155138.115625,167817.6796875,181367.40546875,183878.45375,136019.337734375,103935.0826171875,32.165480077810535,-11736.169332266436,-5347.148225986087,-6389.021106280349,219177.90640088439,181367.40546875,143556.9045366156,8.295602725662187,11.815602310423701,TTNP
1999-10-20,142955.796875,170303.875,142955.796875,164088.390625,164088.390625,14,154889.496875,164585.634375,179316.3,185171.27125,137063.5365625,104395.02734375,43.55061263323524,-11213.824114329182,-6520.483403654705,-4693.340710674476,216191.38385581409,179316.3,142441.2161441859,18.421048865825153,13.194048457015475,TTNP
1999-10-21,164088.390625,164088.390625,159116.015625,159116.015625,159116.015625,5,153397.784375,162348.0640625,177203.03984375,186116.0225,138058.011640625,104842.5411328125,41.77401410495128,-11073.443113217916,-7431.0753455673475,-3642.3677676505686,213619.33434633032,177203.03984375,140786.7453411697,27.4193492799027,18.045333623796697,TTNP
1999-10-22,161602.203125,179005.53125,161602.203125,171546.96875,171546.96875,20,156381.2125,161850.8265625,175400.55390625,187359.1165625,139164.3653125,105296.27046875,47.53611327927171,-9845.621930145338,-7913.984662482946,-1931.6372676623923,209087.25970471321,175400.55390625,141713.84810778676,39.78494492860459,28.541781024777503,TTNP
1999-10-25,167817.671875,169060.78125,155386.734375,159116.015625,159116.015625,5,159364.6375,160359.1125,173660.221875,188279.0059375,140121.547578125,105712.7069140625,42.957942074634055,-9763.095931383112,-8283.80691626298,-1479.2890151201318,206933.3748304454,173660.221875,140387.0689195546,38.37597212065362,35.19342210972032,TTNP
1999-10-26,159116.015625,159116.015625,142955.796875,142955.796875,142955.796875,5,159364.6375,157251.3765625,171422.65234375,188701.6578125,140904.69671875,106054.557734375,37.853980419168096,-10876.312716610642,-8802.308076332512,-2074.00464027813,206581.78675047102,171422.65234375,136263.51793702898,32.11046453107313,36.7571271934438,TTNP
1999-10-27,142955.796875,155386.734375,140469.609375,154143.640625,154143.640625,5,157375.6875,156132.5921875,170303.8671875,189099.4478125,141837.017109375,106446.1323046875,42.911059644726734,-10732.066961827513,-9188.259853431513,-1543.8071083960003,206160.1861266176,170303.8671875,134447.5482483824,30.796238427334714,33.760891693020504,TTNP
1999-10-28,155386.734375,161602.203125,150414.359375,156629.828125,156629.828125,9,156878.45,155138.1171875,168812.15390625,189422.6521875,142794.199375,106856.35328125,44.00158149423563,-10298.422801107663,-9410.292442966744,-888.1303581409193,204335.94956713327,168812.15390625,133288.35824536672,35.9686488922239,32.958450616877265,TTNP
1999-10-29,160359.109375,169060.78125,154143.640625,169060.78125,169060.78125,18,156381.2125,156381.2125,168004.14296875,189745.856875,143863.260234375,107347.3754296875,49.22426645379691,-8849.669174605107,-9298.167789294417,448.49861468930976,202724.3222387542,168004.14296875,133283.96369874582,57.40739900191653,41.3907621071584,TTNP
1999-11-01,167817.671875,190193.375,167817.671875,188950.28125,188950.28125,28,162348.065625,160856.3515625,167506.90546875,190491.7134375,145093.92328125,107968.922421875,56.25430223733348,-6027.128080626135,-8643.95984756076,2616.831766934625,200694.26170624123,167506.90546875,134319.54923125874,75.18518215920851,56.187076684449664,TTNP
1999-11-02,192679.5625,192679.5625,177762.4375,181491.71875,181491.71875,20,170055.25,164709.94375,166263.81171875,191088.39875,146162.984140625,108515.8837890625,53.275479581106985,-4342.035308071383,-7783.574939662884,3441.5396315915013,195117.25948790135,166263.81171875,137410.36394959863,85.46887762868856,72.6871529299379,TTNP
1999-11-03,172790.0625,183977.90625,172790.0625,183977.90625,183977.90625,12,176022.103125,166698.8953125,165642.26484375,191685.0840625,147207.183125,109069.060625,54.14708374612318,-2773.995696433645,-6781.659091017036,4007.663394583391,192325.39441798208,165642.26484375,138959.1352695179,87.91174477039011,82.85526818609576,TTNP
1999-11-04,177762.4375,196408.84375,177762.4375,188950.28125,188950.28125,18,182486.19375,169682.321875,166015.19296875,192008.2884375,148338.398671875,109665.7457421875,55.918205389302585,-1117.2054514589545,-5648.76836310542,4531.562911646465,193761.26999349572,166015.19296875,138269.11594400427,84.6524863097819,86.01103623628688,TTNP
1999-11-05,185221.0,185221.0,176519.34375,179005.53125,179005.53125,6,184475.14375,170428.178125,166139.50234375,191734.8078125,149357.73578125,110225.138046875,51.62340710102483,-599.7321204792534,-4638.961114580186,4039.228994100933,194094.20355813357,166139.50234375,138184.80112936645,81.70213233911723,84.75545447309644,TTNP
1999-11-08,176519.34375,183977.90625,166574.578125,180248.625,180248.625,13,182734.8125,172541.4390625,166450.27578125,191560.7746875,150352.211015625,110784.5303515625,52.11846084031452,-88.30556919341325,-3728.8300055028317,3640.5244363094184,194883.1882858657,166450.27578125,138017.3632766343,77.03704307864582,81.13055390918167,TTNP
1999-11-09,179005.53125,183977.90625,179005.53125,179005.53125,179005.53125,5,182237.575,176146.4125,166698.89453125,191535.9128125,151346.68625,111331.49171875,51.550349621839246,214.22690624927054,-2940.218623152411,3154.4455294016816,195477.53489350807,166698.89453125,137920.25416899193,70.66667459938171,76.4686166723816,TTNP
1999-11-10,181491.71875,181491.71875,176519.34375,179005.53125,179005.53125,10,181243.1,178632.6015625,167382.596875,191734.8078125,152341.161484375,111884.6685546875,51.550349621839246,448.8124422086403,-2262.412410080201,2711.2248522888412,196644.46702848095,167382.596875,138120.72672151902,69.62963811271032,72.44445193024596,TTNP
1999-11-11,179005.53125,202624.3125,176519.34375,197651.9375,197651.9375,28,182983.43125,182734.8125,168936.46484375,192058.0121875,153522.10078125,112506.215546875,59.273275883044306,2114.9524639180163,-1386.9394352805575,3501.891899198574,201025.63809169008,168936.46484375,136847.29159580992,76.5925990562863,72.29630392279279,TTNP
1999-11-12,200138.125,215055.25,200138.125,206353.59375,206353.59375,27,188453.04375,186464.09375,171422.653125,192505.5259375,154727.901875,113165.0553515625,62.293884767924524,4090.380016950512,-291.4755448343435,4381.855561784856,206844.51299583292,171422.653125,136000.7932541671,83.07407845579225,76.43210520826297,TTNP
1999-11-15,216298.34375,223756.90625,210082.875,222513.8125,222513.8125,24,196906.08125,189820.446875,175338.39921875,193151.9346875,156095.30515625,113904.69625,67.16454711009935,6880.599908734381,1142.9395458794015,5737.660362854979,214926.40941313977,175338.39921875,135750.38902436025,92.94693358502514,84.20453703236791,TTNP
1999-11-16,222513.8125,238674.03125,222513.8125,236187.84375,236187.84375,30,208342.54375,195290.059375,180000.0015625,193997.2384375,157524.863125,114706.4918359375,70.62254282575536,10079.064141229028,2930.1644649493264,7148.899676279701,224845.21087796378,180000.0015625,135154.7922470362,94.67463261140078,90.2318815507394,TTNP
1999-11-17,233701.65625,234944.75,226243.09375,231215.46875,231215.46875,22,218784.53125,200013.815625,183356.35546875,194121.5478125,158892.26640625,115483.425546875,67.82533102549387,12073.465586730774,4758.824689305616,7314.640897425158,232752.72472493374,183356.35546875,133959.98621256626,95.62234475867633,94.41463698503411,TTNP
1999-11-18,228729.28125,233701.65625,222513.8125,233701.65625,233701.65625,19,225994.475,204488.953125,187085.6375,193624.3103125,160272.100625,116285.2211328125,68.49720190554523,13696.769817973109,6546.413715039114,7150.356102933994,239752.34581580065,187085.6375,134418.92918419937,93.82100702663386,94.70599479890369,TTNP
1999-11-19,225000.0,229972.375,213812.15625,226243.09375,226243.09375,15,229972.375,209212.709375,189820.44375,192977.9015625,161552.48734375,117024.86203125,64.16810896240194,14217.515784696065,8080.634128970504,6136.88165572556,244613.11419606584,189820.44375,135027.77330393417,89.01284880525886,92.8187335301897,TTNP
1999-11-22,227486.1875,232458.5625,223756.90625,231215.46875,231215.46875,18,231712.70625,214309.39375,193425.41640625,192430.9403125,162932.3215625,117752.071953125,65.7234122309268,14860.141362217488,9436.5355756199,5423.605786597587,249142.6548594918,193425.41640625,137708.1779530082,88.50574961740858,90.44653514976712,TTNP
1999-11-23,229972.375,258563.53125,227486.1875,252348.0625,252348.0625,22,234944.75,221643.646875,198895.0296875,192331.4928125,164535.91265625,118616.0222265625,71.4043381078441,16880.067554153444,10925.24197132661,5954.825582826834,255194.9686615497,198895.0296875,142595.0907134503,88.55234782423622,88.69031541563457,TTNP
1999-11-24,248618.78125,263535.90625,246132.59375,253591.15625,253591.15625,16,239419.8875,229102.209375,203867.40546875,192331.4928125,166139.50375,119504.834375,71.7014509825484,18369.429541520338,12414.079485365355,5955.350056154983,261038.91001800465,203867.40546875,146695.90091949533,90.8806701476575,89.31292252976745,TTNP
1999-11-26,254834.25,274723.75,252348.0625,269751.375,269751.375,8,246629.83125,236312.153125,209523.4828125,192878.4540625,167929.55890625,120430.939296875,75.29507685115048,20616.104622317536,14054.484512755791,6561.620109561745,269209.97906022007,209523.4828125,149836.98656477995,92.79637843404623,90.74313213531333,TTNP
1999-11-29,270994.46875,278453.03125,269751.375,275966.84375,275966.84375,18,256574.58125,243273.478125,214868.7859375,193823.2053125,169794.1996875,121375.690625,76.52960346084811,22637.199647189205,15771.027539642473,6866.172107546732,278143.47891442024,214868.7859375,151594.0929605798,94.23562217365559,92.63755691845313,TTNP
1999-11-30,266022.09375,295856.34375,266022.09375,285911.59375,285911.59375,39,267513.80625,249613.25625,219716.8515625,194519.3378125,171758.28796875,122357.734765625,78.39027949568394,24756.01826043977,17568.025683801934,7187.9925766378365,288888.62428400747,219716.8515625,150545.07884099253,94.87664726375226,93.96954929048472,TTNP
1999-12-01,299585.625,320718.21875,290883.96875,303314.90625,303314.90625,32,277707.175,256325.9625,225808.0109375,195812.1553125,173846.685625,123439.22640625,81.19925599006899,27522.239900331944,19558.868527107938,7963.371373224007,301582.8091563636,225808.0109375,150033.21271863638,92.38622558639383,93.83283167460058,TTNP
1999-12-02,307044.1875,316988.9375,303314.90625,310773.46875,310773.46875,17,289143.6375,264281.7625,232147.7890625,197925.4146875,175984.80703125,124582.8727734375,82.26334641934174,29970.848850101203,21641.26459170659,8329.584258394614,313847.99206736824,232147.7890625,150447.58605763176,90.45009282300434,92.57098855771683,TTNP
1999-12-03,318232.03125,323204.40625,308287.28125,309530.375,309530.375,16,297099.4375,271864.634375,238176.79375,200088.3978125,178110.4975,125720.303671875,81.43606416269988,31448.56235661445,23602.72414468816,7845.83821192629,323931.8843626382,238176.79375,152421.70313736185,89.19856657147807,90.67829499362544,TTNP
1999-12-06,316988.9375,320718.21875,270994.46875,292127.0625,292127.0625,15,300331.48125,278453.03125,243832.8703125,201779.0053125,180024.86203125,126764.5025390625,70.71427742769535,30859.628495830082,25054.105014916546,5805.523480913536,328140.9327746931,243832.8703125,159524.80785030685,83.75185810752824,87.80017250067023,TTNP
1999-12-07,302071.8125,315745.84375,288397.78125,310773.46875,310773.46875,7,305303.85625,286408.83125,250359.1125,204116.0215625,182100.82875,127920.57984375,74.57647171629569,31533.999006659084,26350.083813265053,5183.91519339403,334174.9793821812,250359.1125,166543.2456178188,82.71312021312023,85.22118163070887,TTNP
1999-12-08,313259.65625,355524.875,310773.46875,350552.5,350552.5,22,314751.375,296229.275,258936.4609375,207372.9278125,184587.01671875,129256.9058984375,80.48825002235728,34876.246213073144,28055.31629322667,6820.929919846472,346801.6541862678,258936.4609375,171071.2676887322,85.57283385706349,84.01260405923733,TTNP
1999-12-09,367955.8125,375414.375,350552.5,358011.0625,358011.0625,28,324198.89375,306671.265625,267886.7375,211002.7621875,187197.5140625,130624.3092578125,81.36330786766376,37692.35090512887,29982.72321560711,7709.62768952176,357804.6278960405,267886.7375,177968.84710395947,91.45278793118734,86.57958066712371,TTNP
1999-12-10,362983.4375,362983.4375,349309.40625,359254.15625,359254.15625,12,334143.65,315621.54375,275966.8484375,214458.5634375,189820.44234375,131997.9280859375,81.51212773238741,39568.32244841894,31899.84306216948,7668.479386249463,368200.7351485383,275966.8484375,183732.9617264617,91.68875488265462,89.57145889030183,TTNP
1999-12-13,360497.25,377900.5625,350552.5,355524.875,355524.875,18,346823.2125,323577.346875,283425.4125,217864.6409375,192430.9396875,133371.546953125,79.46210775525938,40289.687148165656,33577.81187936872,6711.875268796939,376060.5247350143,283425.4125,190790.30026498565,87.89966861227686,90.34707047537296,TTNP
1999-12-14,360497.25,370442.0,360497.25,364226.53125,364226.53125,7,357513.825,331408.840625,290511.0484375,221171.2709375,195128.45359375,134807.3205078125,80.6828933861711,41089.866404113476,35080.222784317666,6009.64361979581,385084.61042803054,290511.0484375,195937.4864469695,88.03029283135702,89.20623877542953,TTNP
1999-12-15,359254.15625,365469.625,346823.21875,355524.875,355524.875,13,358508.3,336629.8375,296477.9,224154.6965625,197714.0890625,136187.15484375,75.82886011453807,40554.37767126219,36175.05376170657,4379.32390955562,391645.6612043953,296477.9,201310.13879560475,85.64161208697563,87.19052451020319,TTNP
1999-12-16,353038.6875,362983.4375,341850.84375,349309.40625,349309.40625,16,356767.96875,340483.43125,302382.596875,227212.7078125,200262.43171875,137529.6963671875,72.47484343346831,39176.85619770334,36775.41424890592,2401.4419487974155,395247.2167036026,302382.596875,209517.9770463974,82.08177260359632,85.25122584064302,TTNP
1999-12-17,350552.5,353038.6875,343093.9375,348066.3125,348066.3125,7,354530.4,344337.025,308100.8296875,230544.1996875,202723.7578125,138859.806953125,71.7909084498813,37551.97740847396,36930.72688081953,621.2505276544325,397359.0557708881,308100.8296875,218842.60360411194,76.65200487405328,81.45846318820843,TTNP
1999-12-20,360497.25,367955.8125,358011.0625,365469.625,365469.625,10,356519.35,351671.28125,315062.15625,234323.2053125,205383.97890625,140270.7186328125,75.30454817266954,37239.27989658801,36992.437483973226,246.8424126147802,399271.9454794777,315062.15625,230852.3670205223,78.71662959559275,79.15013569108079,TTNP
1999-12-21,367955.8125,372928.1875,353038.6875,353038.6875,353038.6875,9,354281.78125,355897.803125,321153.3171875,237903.3159375,207919.890625,141625.69109375,68.72024977031519,35578.267972499714,36709.60358167852,-1131.3356091788082,397476.77111890214,321153.3171875,244829.8632560979,79.48321001620376,78.28394816194994,TTNP
1999-12-22,358011.0625,372928.1875,358011.0625,360497.25,360497.25,9,355276.25625,356892.278125,326560.7765625,241632.5978125,210530.38796875,143024.1718359375,70.39295456515595,34466.44004938216,36260.97087521925,-1794.5308258370933,397772.17696832237,326560.7765625,255349.3761566776,82.94574141928497,80.38186034369384,TTNP
1999-12-23,365469.625,365469.625,353038.6875,354281.78125,354281.78125,5,356270.73125,356519.35,331595.3078125,245411.60375,213004.145,144372.9287890625,67.16942899884285,32706.74898369878,35550.12649691516,-2843.377513216379,395301.31420590257,331595.3078125,267889.3014190974,79.4573703459569,80.62877392714857,TTNP
1999-12-27,359254.15625,367955.8125,355524.875,361740.34375,361740.34375,9,359005.5375,356767.96875,336194.75625,249314.9190625,215477.90203125,145758.9785546875,69.00375666405317,31550.332205927523,34750.167638717634,-3199.8354327901106,394424.008177795,336194.75625,277965.504322205,81.19078964731796,81.19796713751997,TTNP
1999-12-28,366712.71875,385359.125,360497.25,372928.1875,372928.1875,12,360497.25,358508.3,341042.8234375,253640.88625,218088.399375,147213.398515625,71.56974770678455,31177.237283674476,34035.581567709,-2858.3442840345233,394344.0379050025,341042.8234375,287741.6089699975,81.06159142239144,80.56991713855545,TTNP
1999-12-29,376657.46875,382872.9375,372928.1875,379143.65625,379143.65625,7,365718.24375,360000.0125,345704.4265625,258339.7815625,220785.91328125,148698.8958203125,72.91141423362568,31025.45116471639,33433.555487110476,-2408.104322394087,395065.7624820294,345704.4265625,296343.09064297064,83.66402559306819,81.97213555425922,TTNP
1999-12-30,382872.9375,387845.3125,382872.9375,382872.9375,382872.9375,5,370193.38125,362734.81875,349682.328125,263138.124375,223508.2890625,150196.8240625,73.71298358119543,30850.456542572996,32916.93569820298,-2066.4791556299824,397538.07004793256,349682.328125,301826.58620206744,86.07893840661036,83.60151847402335,TTNP
1999-12-31,382872.9375,382872.9375,370442.0,377900.5625,377900.5625,4,374917.1375,365593.934375,353038.6828125,267414.3678125,226292.81953125,151663.674921875,70.70863286312311,29965.12364439713,32326.57328744181,-2361.4496430446816,398881.73518161004,353038.6828125,307195.63044338993,84.42728442728448,84.72341614232103,TTNP
2000-01-03,379143.65625,382872.9375,349309.40625,353038.6875,353038.6875,13,373176.80625,366091.171875,355214.0984375,271292.82125,228704.421875,152993.78546875,57.98341762366278,26946.720392043993,31250.602708362247,-4303.882316318253,396494.3739720634,355214.0984375,313933.8229029366,63.963963963964005,78.15672893261964,TTNP
2000-01-04,338121.5625,367955.8125,328176.78125,338121.5625,338121.5625,16,366215.48125,363356.365625,357513.8234375,274624.313125,230991.71484375,154261.741328125,51.94314087621239,23084.819320917828,29617.44603087336,-6532.626709955533,388260.24345977406,357513.8234375,326767.4034152259,39.78980433775234,62.72701757633363,TTNP
2000-01-05,339364.65625,339364.65625,298342.53125,325690.59375,325690.59375,17,355524.86875,360621.55625,358259.6796875,277955.8046875,233117.4053125,155492.4042578125,47.50223470195945,18804.39425868605,27454.835676435898,-8650.441417749847,384881.6363452934,358259.6796875,331637.7230297066,23.848859840642163,42.534209380786194,TTNP
2000-01-06,323204.40625,325690.59375,308287.28125,310773.46875,310773.46875,6,341104.975,355649.178125,356270.728125,281312.158125,235006.90796875,156660.9125,42.77606747166033,14046.519702707417,24773.172481690202,-10726.652778982785,389916.1258059687,356270.728125,322625.33044403134,20.370379745723124,28.00301464137257,TTNP
2000-01-07,313259.65625,323204.40625,298342.53125,318232.03125,318232.03125,11,329171.26875,352044.203125,354281.7765625,284593.9259375,236846.686875,157860.4980859375,45.68586390596961,10753.75095141126,21969.288175634414,-11215.537224223153,391764.73016918707,354281.7765625,316798.8229558129,22.22221446330757,22.14715134989098,TTNP
2000-01-10,323204.40625,335635.34375,319475.125,335635.34375,335635.34375,16,325690.6,349433.703125,353100.8359375,288174.03625,238798.34421875,159171.962109375,51.83956977085459,9439.694938841218,19463.369528275776,-10023.674589434559,391362.9099458016,353100.8359375,314838.7619291984,25.925916873858824,22.839503694296535,TTNP
2000-01-11,336878.4375,350552.5,335635.34375,338121.5625,338121.5625,11,325690.6,345953.040625,352230.6703125,291555.251875,240650.554375,160483.4262890625,52.664660031259736,8500.919844219752,17270.87959146457,-8769.959747244819,391020.592818544,352230.6703125,313440.74780645594,36.11111014124682,28.08641382613776,TTNP
2000-01-12,338121.5625,340607.75,320718.21875,330662.96875,330662.96875,10,326685.075,341104.971875,350552.4921875,294389.505625,242440.60953125,161763.81296875,49.902579138110355,7073.548176419805,15231.413308455618,-8157.865132035813,390019.5160803571,350552.4921875,311085.4682946429,40.74073815443589,34.25925505651387,TTNP
2000-01-13,328176.78125,334392.25,324447.5,333149.15625,333149.15625,4,331160.2125,336132.59375,349433.70625,297422.654375,244255.5265625,163056.6305859375,50.82832906044702,6072.955152628769,13399.721677290248,-7326.76652466148,389536.9423943242,349433.70625,309330.47010567575,39.81481255179808,38.88888694916029,TTNP
2000-01-14,334392.25,353038.6875,328176.78125,353038.6875,353038.6875,8,338121.54375,333646.40625,349620.1703125,300803.87,246244.47703125,164479.973203125,57.5815165415164,6806.436556751083,12081.064653182415,-5274.628096431332,389754.0283593617,349620.1703125,309486.31226563826,45.37036616762496,41.975305624619665,TTNP
2000-01-18,356767.96875,369198.90625,350552.5,351795.59375,351795.59375,12,341353.59375,333522.096875,349806.634375,304060.77625,248034.53234375,165890.8848828125,57.05411086464633,7204.371072154609,11105.725936976854,-3901.354864822246,389944.53522874735,349806.634375,309668.7335212527,53.240745428418414,46.14197471594718,TTNP
2000-01-19,351795.59375,367955.8125,345580.125,367955.8125,367955.8125,16,347320.44375,336505.521875,349930.94375,307839.781875,249787.29484375,167426.1059375,61.93516563909308,8723.176292802324,10629.216008141948,-1906.0397153396243,390276.97145932284,349930.94375,309584.9160406771,66.20371550371983,54.9382756999211,TTNP
2000-01-20,371685.09375,427624.3125,370442.0,417679.5625,417679.5625,22,364723.7625,345704.41875,353162.9875,312588.400625,252074.58765625,169166.4374609375,72.348888200608,13780.2809381212,11259.428994137797,2520.8519439834017,403183.5930438867,353162.9875,303142.38195611327,76.6025719963417,65.34901097616002,TTNP
2000-01-21,417679.5625,432596.6875,413950.28125,421408.84375,421408.84375,11,382375.7,356767.95625,356208.5671875,317436.466875,254486.18984375,170925.415390625,72.94667814453922,17882.85224498791,12584.11364430782,5298.73860068009,414395.3341901507,356208.5671875,298021.8001848493,87.25071610338851,76.68566786781672,TTNP
2000-01-24,436325.96875,462430.9375,432596.6875,458701.65625,458701.65625,27,403508.29375,370814.91875,361429.5609375,323030.389375,257382.59859375,172870.8573828125,78.05574448258923,23868.249539598706,14840.940823365996,9027.30871623271,434756.8335690088,361429.5609375,288102.28830599115,93.90054531119262,85.91794447030765,TTNP
2000-01-25,459944.75,462430.9375,440055.25,445027.625,445027.625,12,422154.7,381754.146875,365593.925,327977.903125,260017.95765625,174785.22203125,72.63890060509867,27194.854618970712,17311.72358248694,9883.131036483774,447479.3885768995,365593.925,283708.4614231005,92.92929439344097,91.36018526934073,TTNP
2000-01-26,447513.8125,489779.0,447513.8125,477348.0625,477348.0625,14,444033.15,395676.796875,370814.91875,333397.7925,262951.65921875,176848.7579296875,76.74655661580529,32069.524785214046,20263.28382303236,11806.240962181684,466120.9165184691,370814.91875,275508.9209815309,93.54256971347263,93.45746980603543,TTNP
2000-01-27,482320.4375,487292.8125,447513.8125,454972.375,454972.375,11,451491.7125,408107.7375,374606.3546875,338046.96375,265599.44921875,178819.061796875,69.02106668724143,33738.29101477546,22958.28526138098,10780.005753394478,476725.6730342075,374606.3546875,272487.0363407925,88.23954025549547,91.57046812080306,TTNP
2000-01-28,454972.375,454972.375,422651.9375,433839.78125,433839.78125,15,453977.9,418176.8,377154.696875,342000.0025,267998.62046875,180677.4872265625,62.610781438836064,32975.45604061673,24961.71941722813,8013.736623388599,482465.8143990566,377154.696875,271843.57935094344,80.82599001714077,87.536033328703,TTNP
2000-01-31,428867.40625,428867.40625,385359.125,400276.25,400276.25,18,442292.81875,422900.55625,378273.48125,345381.218125,269751.38296875,182386.74140625,54.02823784878367,29324.5719464398,25834.289923070464,3490.2820233693346,484066.8399306423,378273.48125,272480.12256935774,65.34343626674759,78.13632217979465,TTNP
2000-02-01,405248.625,453729.28125,405248.625,438812.15625,438812.15625,15,441049.725,431602.2125,382562.1546875,349483.428125,271553.86921875,184270.0287109375,60.69083199081753,29204.098901754827,26508.251718807336,2695.847182947491,490840.920530795,382562.1546875,274283.38884420495,61.355023587688656,69.17481662385904,TTNP
2000-02-02,517127.0625,551933.6875,479834.25,532044.1875,532044.1875,54,451988.95,448011.05,392258.2859375,355599.45,274288.67578125,186644.338046875,71.46555096544608,36214.21397897595,28449.44417084106,7764.7698081348935,516444.49156290106,392258.2859375,268072.08031209896,69.38953728881943,65.3626657144186,TTNP
2000-02-03,546961.3125,546961.3125,497237.5625,529558.0,529558.0,20,466906.075,459198.89375,402451.65625,361566.300625,276998.62046875,188987.5700390625,70.90739311882636,41095.443438576825,30978.644024388213,10116.799414188612,536207.3486223933,402451.65625,268695.9638776067,83.70325998258407,71.48260695303077,TTNP
2000-02-04,534530.375,565607.75,518370.15625,527071.8125,527071.8125,14,485552.48125,469765.190625,413266.5734375,367060.775625,279696.13421875,191312.155625,70.31596912682708,44253.11602443416,33633.538424397404,10619.577600036755,550553.8421954815,413266.5734375,275979.30467951845,87.91423239656591,80.33567655598985,TTNP
2000-02-07,541988.9375,549447.5,534530.375,543232.0625,543232.0625,8,514143.64375,478218.23125,424516.575,372853.59375,282592.54328125,193717.5424609375,71.9534838782498,47511.903765212046,36409.21149256033,11102.692272651715,565631.5524123737,424516.575,283401.59758762637,87.438791768824,86.35209471599137,TTNP
2000-02-08,548204.4375,579281.75,548204.4375,576795.5625,576795.5625,13,541740.325,491395.025,436574.5859375,378994.4775,285936.46578125,196290.746796875,75.03394745221674,52201.069046274875,39567.58300330324,12633.486042971635,586206.3261937741,436574.5859375,286942.8456812259,90.37529923979696,88.576107801729,TTNP
2000-02-09,586740.3125,589226.5,566850.8125,571823.1875,571823.1875,7,549696.125,500842.5375,448259.6671875,384911.604375,289367.40484375,198839.0892578125,73.7417411392096,54883.37581581104,42630.7415658048,12252.634250006246,601763.1866161114,448259.6671875,294756.14775888855,93.36781612086504,90.39396904316203,TTNP
2000-02-10,574309.375,579281.75,568093.9375,576795.5625,576795.5625,7,559143.6375,513024.85625,460566.296875,390729.28375,292624.31078125,201412.29359375,74.21986880094363,56756.10333250393,45455.813919144624,11300.289413359307,613850.4008127081,460566.296875,307282.1929372919,94.72512582268682,92.82274706111632,TTNP
2000-02-11,585497.25,651381.1875,579281.75,621546.9375,621546.9375,27,578038.6625,531795.571875,474986.1859375,397093.924375,296453.03984375,204240.3321484375,78.08713676729433,61146.45704692131,48593.94254469996,12552.514502221347,631830.731599387,474986.1859375,318141.6402756129,91.38363346250287,93.15885846868495,TTNP
2000-02-14,656353.5625,698618.8125,647651.9375,686187.875,686187.875,23,606629.825,560386.734375,491643.6453125,404602.2125,301263.81359375,207354.282578125,82.23303266264261,69045.90916451992,52684.335868663955,16361.573295855967,663216.7198612252,491643.6453125,320070.5707637748,92.90641085894481,93.00505671471154,TTNP
2000-02-15,686187.875,696132.625,641436.4375,696132.625,696132.625,11,630497.2375,586118.78125,508860.496875,412334.2575,306211.32765625,210517.9567578125,82.77303898220441,75241.40402401146,57195.74949973346,18045.654524277998,689701.0151687806,508860.496875,328019.97858121945,94.67438097237954,92.98814176460911,TTNP
2000-02-16,701105.0,805524.875,698618.8125,798066.3125,798066.3125,22,675745.8625,612720.99375,530366.021875,422453.0425,312116.02390625,214185.08390625,87.10075219279777,87369.43456607457,63230.486513001684,24138.94805307289,739197.3350853556,530366.021875,321534.7086646444,97.82098284107576,95.13392489080007,TTNP
2000-02-17,855248.625,914917.125,852762.4375,914917.125,914917.125,43,743370.175,651256.90625,555227.9,434535.915625,319325.96859375,218461.3269921875,90.15424827439654,105197.22206124,71623.83362264934,33573.38843859066,816330.0409318353,555227.9,294125.75906816474,99.14373389991839,97.2130325711246,TTNP
2000-02-18,890055.25,892541.4375,827900.5625,870165.75,870165.75,25,793093.9375,685566.3,577665.7453125,444928.180625,326150.55421875,222513.813203125,82.13522014330198,114396.12283880555,80178.29146588058,34217.831372924964,864747.8978394617,577665.7453125,290583.5927855384,96.48145520230759,97.81539064776729,TTNP
2000-02-22,871408.8125,882596.6875,803038.6875,803038.6875,803038.6875,23,816464.1,711546.9625,594882.596875,453828.733125,332415.74765625,226236.8795703125,71.81629464445693,114944.71392847877,87131.57595840022,27813.137970078547,892470.5403561983,594882.596875,297294.6533938017,88.50174375048465,94.70897761757026,TTNP
2000-02-23,775690.625,785635.375,733425.4375,755801.125,755801.125,29,828397.8,729447.51875,610421.271875,461759.6725,338109.11796875,229723.758125,65.57312084300985,110296.37188843964,91764.5351444081,18531.836744031534,907541.5075406288,610421.271875,313301.03620937123,75.8033329522147,86.92884396833568,TTNP
2000-02-24,748342.5625,760773.5,638950.25,758287.3125,758287.3125,46,820442.0,748093.93125,624468.234375,469814.92125,343839.78109375,233229.2830859375,65.74192242101374,105595.89810335543,94530.80773619757,11065.090367157856,921658.9865922302,624468.234375,327277.4821577698,65.56401973609077,76.62303214626341,TTNP
2000-02-25,815469.625,881353.5625,795580.125,865193.375,865193.375,42,810497.25,776933.7125,644979.284375,479834.258125,350502.76453125,237250.691953125,72.08106873154887,109237.93760959036,97472.23371087613,11765.70389871423,949090.2508194284,644979.284375,340868.3179305718,69.77814931721359,70.38183400183972,TTNP
2000-02-28,870165.75,917403.3125,837845.3125,897513.8125,897513.8125,22,815966.8625,804530.4,668162.9859375,490674.036875,357414.36671875,241446.1339453125,73.66749379450238,113424.77910183033,100662.74278906696,12762.036312763361,975038.0475868573,668162.9859375,361287.92428814265,80.68082513841098,72.00766473057182,TTNP
2000-02-29,914917.125,1009392.25,895027.625,999447.5,999447.5,14,855248.625,835856.3625,698121.5484375,503676.79875,365444.75328125,246145.02890625,77.92739520473629,123543.9401957296,105238.98227039949,18304.95792533012,1011457.5769872135,698121.5484375,384785.51988778653,93.0979036992923,81.185626051639,TTNP
2000-03-01,1054143.625,1054143.625,947237.5625,954696.125,954696.125,21,895027.625,861712.7125,723915.746875,515809.395,373176.79734375,250607.7360546875,72.39054788132944,126494.23945510108,109490.03370733981,17004.20574776127,1032518.9461252511,723915.746875,415312.5476247488,90.63508254470854,88.13793712747065,TTNP
2000-03-02,947237.5625,948480.6875,895027.625,907458.5625,907458.5625,13,924861.875,872651.9375,742686.465625,526649.17375,380486.18953125,254821.824453125,66.9806677726254,123595.95908047655,112311.21878196715,11284.740298509394,1047975.2289819825,742686.465625,437397.70226801746,82.13413475832839,88.62237366744313,TTNP
2000-03-03,904972.375,974585.625,895027.625,907458.5625,907458.5625,10,933314.9125,871906.08125,761581.49375,537737.57125,387820.44359375,259048.3437890625,66.9806677726254,119916.72563505301,113832.32015258432,6084.40548246869,1058428.8634375895,761581.49375,464734.1240624105,71.10675298989719,81.29199009764476,TTNP
2000-03-06,907458.5625,942265.1875,907458.5625,937292.8125,937292.8125,8,941270.7125,878618.7875,782092.54375,549273.4825,395453.04015625,263417.81890625,68.69433212378733,118047.50312784023,114675.3567476355,3372.1463802047365,1067769.7804865104,782092.54375,496415.30701348954,68.54563579072305,73.92884117964958,TTNP
2000-03-07,944751.375,944751.375,907458.5625,919889.5,919889.5,8,925359.1125,890303.86875,800925.415625,560585.636875,402998.6203125,267700.2774609375,66.52539764399438,113849.44343554706,114510.1740852178,-660.7306496707461,1070331.261268564,800925.415625,531519.569981436,68.06387706290677,69.23875528117571,TTNP
2000-03-08,914917.125,914917.125,840331.5,862707.1875,862707.1875,11,906961.325,900994.475,815220.996875,570604.97375,409959.94640625,271684.393515625,59.839939799708105,104701.38377992646,112548.41602415954,-7847.03224423308,1065178.2219129235,815220.996875,565263.7718370764,64.47106323248379,67.02685869537125,TTNP
2000-03-09,860221.0,860221.0,808011.0625,812983.4375,812983.4375,11,888066.3,906464.0875,827279.009375,579406.07875,416523.4825,275432.3217578125,54.69285728016352,92374.35545965482,108513.6039112586,-16139.24845160378,1050996.5417669418,827279.009375,603561.4769830581,54.49102481464214,62.341988370010945,TTNP
2000-03-10,785635.375,805524.875,744613.25,770718.25,770718.25,36,860718.2375,897016.575,836975.14375,587237.570625,422788.67609375,278987.57046875,50.70087123524301,78292.14617215248,102469.31236343738,-24177.166191284894,1031307.0934669885,836975.14375,642643.1940330116,42.51497871323216,53.82568892011941,TTNP
2000-03-13,696132.625,743370.1875,696132.625,740884.0,740884.0,13,821436.475,881353.59375,842941.996875,594397.791875,428767.958125,282393.6479296875,48.035616178758396,63986.91785662039,94772.83346207398,-30785.915605453585,1016687.0184087511,842941.996875,669196.9753412488,32.73454106374735,43.24684819720727,TTNP
2000-03-14,720994.5,720994.5,616574.5625,636464.0625,636464.0625,38,764751.3875,845055.25,840455.80625,599569.061875,433491.71484375,285277.625703125,40.09175861845233,43720.12666517368,84562.29210269391,-40842.165437520234,1024235.1969995091,840455.80625,656676.4155004909,20.277633559762275,31.84238444558065,TTNP
2000-03-15,653867.375,729696.125,626519.3125,725966.875,725966.875,27,737403.325,822182.325,841947.51875,607027.625625,439160.2234375,288609.1175390625,48.025790036562285,34483.176994778914,74546.46908111092,-40063.292086332,1021451.4757706159,841947.51875,662443.5617293842,18.03212472330611,23.6814331156053,TTNP
2000-03-16,750828.75,755801.125,678729.3125,711049.75,711049.75,13,717016.5875,802541.44375,837596.690625,614486.189375,444555.25125,291859.80828125,46.91069384840032,25663.309851366794,64769.83723516209,-39106.5273837953,1025180.4982548723,837596.690625,650012.8829951278,17.04546163308035,18.451739972049634,TTNP
2000-03-17,711049.75,729696.125,663812.125,673756.875,673756.875,5,697624.3125,779171.275,825538.678125,621447.515,449701.65984375,294911.6037109375,44.150743586043475,15485.767960073892,54913.023380144456,-39427.25542007056,1022462.7989064308,825538.678125,628614.5573435691,19.88637031820934,18.32131889153199,TTNP
2000-03-20,675000.0,681215.5,576795.5625,616574.5625,616574.5625,16,672762.425,747099.45,812859.11875,627563.536875,454437.8475,297671.272109375,40.241242704448396,2773.8823704846436,44485.195178212496,-41711.31280772785,1028430.2431074221,812859.11875,597287.9943925779,14.330810828089696,17.08754759312652,TTNP
2000-03-21,596685.0625,596685.0625,519613.25,576795.5625,576795.5625,23,660828.725,712790.05625,801546.9625,632734.8075,458664.36671875,300250.6919140625,37.73780516099169,-10390.43690763216,33510.06876104356,-43900.50566867572,1040471.5583132347,801546.9625,562622.3666867653,11.323272159412568,15.180151101903926,TTNP
2000-03-22,580524.875,641436.4375,571823.1875,624033.125,624033.125,10,640441.975,688922.65,794958.5625,638502.763125,463338.3996875,303066.29953125,42.32621431998973,-16817.71412658249,23444.512183518353,-40262.22631010084,1045547.9289889991,794958.5625,544369.1960110009,14.617484348666318,13.423855778722919,TTNP
2000-03-23,624033.125,733425.4375,606629.8125,725966.875,725966.875,17,643425.4,680220.99375,793342.540625,646259.669375,468907.460625,306385.3604296875,50.75914453788566,-13530.208083007135,16049.568130213254,-29579.77621322039,1045270.3059944855,793342.540625,541414.7752555145,28.01904668838345,17.986601065487505,TTNP
2000-03-24,730939.25,835359.125,730939.25,773204.4375,773204.4375,32,663314.9125,680469.6125,788743.09375,655110.49875,474750.0021875,309921.962734375,54.10796255763925,-7032.097700342536,11433.234964102096,-18465.33266444463,1038606.2152330568,788743.09375,538879.9722669432,43.712654839928014,28.783061958992658,TTNP
2000-03-27,778176.8125,808011.0625,735911.625,794337.0,794337.0,5,698867.4,685814.9125,783584.253125,664334.255625,480878.455,313520.7195703125,55.56392773788239,-175.0592501028441,9111.576121261107,-9286.635371363951,1028462.1194927644,783584.253125,538706.3867572357,59.22800008792245,43.65323387207803,TTNP
2000-03-28,805524.875,820442.0,753314.9375,770718.25,770718.25,9,737651.9375,699240.33125,772147.790625,672687.846875,486745.8584375,316976.52078125,53.52021011474125,3315.1424901146675,7952.289395031819,-4637.146904917152,996102.5121107781,772147.790625,548193.0691392219,67.62287118712898,56.85450870499321,TTNP
2000-03-29,765745.875,766988.9375,718508.3125,728453.0625,728453.0625,7,758535.925,699488.95,760835.6375,680220.99625,492140.88625,320239.6424609375,49.97767187023197,2640.2697225915035,6889.885460543756,-4249.615737952253,969068.4999858355,760835.6375,552602.7750141644,69.7870746026167,65.54598195922277,TTNP
2000-03-30,716022.125,716022.125,633977.875,637707.1875,637707.1875,10,740883.9875,692154.69375,747348.06875,685616.02375,496727.9028125,323042.819296875,43.34399316733779,-5157.552471024683,4480.397874230069,-9637.95034525475,950733.7457006396,747348.06875,543962.3917993604,59.088649613814816,65.49953180118689,TTNP
2000-03-31,640193.375,684944.75,611602.1875,616574.5625,616574.5625,9,709558.0125,686436.4625,732803.86875,689593.92375,501091.1621875,325721.6866015625,41.94763406725726,-12893.975244131056,1005.5232505578438,-13899.4984946889,929813.682007411,732803.86875,535794.055492589,44.75065720705516,57.87546047449562,TTNP
2000-04-03,616574.5625,631491.6875,571823.1875,586740.3125,586740.3125,6,668038.675,683453.0375,715276.24375,692900.553125,505168.51,328257.598125,39.98899225357026,-21188.27541970869,-3433.236483495463,-17755.038936213226,898272.8634915649,715276.24375,532279.6240084352,29.790023649029006,44.543110156633055,TTNP
2000-04-04,584254.125,595442.0,457458.5625,584254.125,584254.125,14,630745.85,684198.89375,698494.475,695411.6025,509220.9959375,330781.0787109375,39.822123354140295,-27643.525267586112,-8275.294240313593,-19368.23102727252,864088.2369025166,698494.475,532900.7130974834,28.507039893306303,34.349240249796885,TTNP
2000-04-05,576795.5625,671270.6875,527071.8125,661325.9375,661325.9375,25,617320.425,687928.175,688425.4125,699737.56875,513857.7359375,333689.918359375,47.180404687903014,-26237.85249577975,-11867.805891406824,-14370.046604372925,836408.1376714469,688425.4125,540442.6873285531,36.25327461334254,31.516779385226005,TTNP
2000-04-06,666298.3125,725966.875,666298.3125,719751.375,719751.375,12,633729.2625,687306.625,683763.809375,704585.635,518991.71375,336859.8078125,51.974458284960555,-20176.816392560722,-13529.607991637604,-6647.2084009231185,821260.3098443504,683763.809375,546267.3089056495,52.302625685207055,39.02098006395202,TTNP
2000-04-07,735911.625,740884.0,671270.6875,696132.625,696132.625,6,649640.875,679599.44375,680034.528125,709408.84,523727.901875,339911.603515625,49.99882106587975,-17082.322962488164,-14240.150985807715,-2842.171976680449,811822.3881799516,680034.528125,548246.6680700483,62.17105061863999,50.24231697239659,TTNP
2000-04-10,691160.25,691160.25,633977.875,633977.875,633977.875,5,659088.3875,663563.53125,674689.221875,713411.601875,527705.8021875,342615.33265625,45.13646388672701,-19421.405625964166,-15276.401913839005,-4145.003712125161,804833.2277921375,674689.221875,544545.2159578626,59.7587703158465,58.077482206564575,TTNP
2000-04-11,633977.875,633977.875,576795.5625,594198.875,594198.875,8,661077.3375,645911.59375,672575.9625,717290.054375,531335.63625,345113.951328125,42.30113565876832,-24205.94724975922,-17062.31098102305,-7143.6362687361725,806453.1653449154,672575.9625,538698.7596550847,48.68420798747385,56.871342973986835,TTNP
2000-04-12,590469.625,606629.8125,556906.0625,556906.0625,556906.0625,4,640193.3625,628756.89375,664122.921875,719651.9325,534567.6803125,347419.89046875,39.77835993979378,-30653.593710000277,-19780.567526818493,-10873.026183181784,804632.9823832522,664122.921875,523612.86136674776,36.4035027512474,48.28216035152264,TTNP
2000-04-13,551933.6875,579281.75,551933.6875,556906.0625,556906.0625,5,607624.3,620676.78125,656415.7375,720149.17,537874.31,349713.398671875,39.77835993979377,-35355.83986876451,-22895.621995207697,-12460.217873556812,802580.5071517341,656415.7375,510250.967848266,29.96574840662817,38.351153048449866,TTNP
2000-04-14,546961.3125,546961.3125,459944.75,468646.40625,468646.40625,8,562127.05625,605883.965625,646160.2140625,718930.938125,540248.619375,351590.47046875,34.182831468195616,-45677.67664706975,-27452.032925580108,-18225.64372148964,813297.1584676541,646160.2140625,479023.269657346,18.93174397603311,28.433665044636285,TTNP
2000-04-17,431353.59375,462430.9375,375414.375,425138.125,425138.125,11,520359.10625,589723.746875,636588.3921875,716892.264375,541976.52,353256.216328125,31.807530895918617,-56714.78856286942,-33304.58405303797,-23410.20450983145,829366.424400975,636588.3921875,443810.35997402505,14.392619497239624,21.096703959967027,TTNP
2000-04-18,440055.25,522099.4375,390331.5,497237.5625,497237.5625,23,500966.84375,581022.090625,632610.4921875,715972.374375,544412.9840625,355276.24390625,39.3310595975284,-58964.25401185348,-38436.51804480107,-20527.73596705241,833281.2902647762,632610.4921875,431939.6941102238,16.371310189341944,16.56522455420495,TTNP
2000-04-19,517127.0625,551933.6875,492265.1875,524585.625,524585.625,5,494502.75625,567348.059375,627638.1171875,714928.175625,546961.3265625,357445.442734375,41.94735367983388,-57873.086582859745,-42323.83175241281,-15549.254830446938,833766.7937199272,627638.1171875,421509.4406550728,28.949352956134902,19.904427547572215,TTNP
2000-04-20,529558.0,532044.1875,502209.9375,517127.0625,517127.0625,3,486546.95625,547085.628125,617196.1265625,713834.253125,549372.92875,359583.56421875,41.42270109499661,-56953.64601504011,-45249.794604938266,-11703.851410101845,823501.0473356083,617196.1265625,410891.20578939177,37.64171691879096,27.65412668808933,TTNP
2000-04-24,512154.6875,512154.6875,477348.0625,479834.25,479834.25,4,488784.525,525455.790625,602527.6171875,711895.026875,551312.1553125,361535.221640625,38.809008631073425,-58559.16741045157,-47911.66916604093,-10647.498244410643,804039.3986701239,602527.6171875,401015.83570487605,36.054415602938334,34.215161825954794,TTNP
2000-04-25,484806.625,492265.1875,466160.21875,473618.78125,473618.78125,5,498480.65625,509419.88125,586491.70625,708936.46375,553015.1940625,363430.93984375,38.37440716907452,-59645.534473404055,-50258.44222751355,-9387.092245890504,775022.1442367844,586491.70625,397961.2682632156,31.405890320798495,35.03400761417599,TTNP
2000-04-26,487292.8125,507182.3125,484806.625,499723.75,499723.75,6,498977.89375,499972.36875,572941.98125,705207.18125,554904.696875,365444.751953125,41.34535495221476,-57734.50791904039,-51753.65536581892,-5980.85255322147,744776.7787129492,572941.98125,401107.18378705066,29.818589004945867,32.426298309560956,TTNP
2000-04-27,494751.375,569337.0,489779.0,549447.5,549447.5,6,503950.26875,499226.5125,563991.703125,702273.47875,557303.868125,367707.1828125,46.62381035127477,-51612.75483036181,-51725.4752587275,112.72042836569017,720453.9239855186,563991.703125,407529.48226448137,36.16779426835638,32.464091198033636,TTNP
2000-04-28,586740.3125,643922.625,569337.0,641436.4375,641436.4375,9,528812.14375,507679.55,564178.165625,699140.88125,560796.961875,370410.911953125,54.738783379299285,-38890.181130338926,-49158.41643304979,10268.235302710862,720999.8169767979,564178.165625,407356.51427320216,55.29486364258609,40.427082305296175,TTNP
2000-05-01,643922.625,735911.625,636464.0625,735911.625,735911.625,10,580027.61875,534406.071875,570145.01875,695560.77125,565048.3434375,373574.58609375,61.2540561271544,-20942.677591798478,-43515.26866479953,22572.59107300105,742771.8321960218,570145.01875,397518.2053039783,77.29033043411494,56.2509961150192,TTNP
2000-05-02,733425.4375,733425.4375,653867.375,657596.6875,657596.6875,7,616823.2,557651.928125,573687.8375,691309.39,568118.7853125,376352.901015625,54.278971032300035,-12889.92564460251,-37390.20006076012,24500.274416157612,750391.794954972,573687.8375,396983.88004502805,87.50926966449963,73.36482124706696,TTNP
2000-05-03,636464.0625,641436.4375,590469.625,599171.25,599171.25,5,636712.7,567845.296875,574433.69375,687232.04125,570530.3871875,378863.950625,49.72940500685059,-11094.614425066044,-32131.082933621306,21036.468508555263,751435.4308891841,574433.69375,397431.9566108159,80.11493730765868,81.63817913542448,TTNP
2000-05-04,615331.5,638950.25,606629.8125,638950.25,638950.25,7,654613.25,579281.759375,573314.909375,684895.02375,573327.348125,381573.895234375,52.64003064266858,-6388.343647080823,-26982.53507631321,20594.191429232385,748377.8495927043,573314.909375,398251.9691572958,71.14941584159108,79.59120760458319,TTNP
2000-05-05,638950.25,663812.125,636464.0625,648895.0,648895.0,4,656104.9625,592458.553125,569772.090625,682707.1775,576261.049375,384345.99453125,53.366957587643235,-1834.9794347324641,-21953.02394799706,20118.044513264595,735454.2233542553,569772.090625,404089.9578957446,70.34481539040873,73.86972284655288,TTNP
2000-05-08,653867.375,653867.375,611602.1875,616574.5625,616574.5625,3,632237.55,606132.584375,565794.1875,677734.80125,578784.5296875,386956.491640625,50.646173748459134,-824.8859129812336,-17727.396340993895,16902.51042801266,722739.9475505403,565794.1875,408848.4274494596,71.47770182469873,70.99064435223289,TTNP
2000-05-09,606629.8125,606629.8125,544475.125,546961.3125,546961.3125,6,610110.475,613466.8375,561443.359375,670723.75125,580698.8940625,389206.4915625,45.2903460597971,-5577.295422572293,-15297.376157309574,9720.080734737281,715382.909732542,561443.359375,407503.80901745794,57.09452666094106,66.30568129201622,TTNP
2000-05-10,554419.875,554419.875,471132.59375,492265.1875,492265.1875,12,588729.2625,612720.98125,556346.675,660580.105,582128.451875,391195.441796875,41.57058200582938,-13600.357911026105,-14957.97250805288,1357.6145970267753,712346.7375955967,556346.675,400346.6124044034,35.03298042742275,54.53506963768756,TTNP
2000-05-11,497237.5625,529558.0,497237.5625,497237.5625,497237.5625,12,560386.725,607499.9875,553363.25,651430.93375,583620.164375,393171.96109375,42.03665633437584,-19334.586551141925,-15833.29531667069,-3501.291234471235,711474.3852313306,553363.25,395252.11476866936,17.050687293683087,36.39273146068235,TTNP
2000-05-12,497237.5625,517127.0625,497237.5625,504696.125,504696.125,10,531546.95,593825.95625,550752.753125,643375.685,585012.429375,395198.204140625,42.77403855603962,-23011.89361617691,-17269.014976571932,-5742.878639604976,710261.5610807785,550752.753125,391243.94516922167,11.827954248771173,21.30387398995905,TTNP
2000-05-15,502209.9375,509668.5,497237.5625,502209.9375,502209.9375,10,508674.025,570455.7875,552430.9296875,635270.7125,586504.141875,397212.01625,42.57959026125267,-25829.059195720823,-18981.02382040171,-6848.035375319112,709130.5954800701,552430.9296875,395731.2638949299,12.514510688356326,13.797717410270243,TTNP
2000-05-16,507182.3125,514640.875,477348.0625,483563.53125,483563.53125,12,495994.46875,553052.471875,555352.2,626196.126875,587734.8046875,399132.596328125,41.07155674636404,-29229.35455922992,-21030.689968167353,-8198.664591062567,704444.4602518869,555352.2,406259.9397481131,10.239210659909865,11.5272251990125,TTNP
2000-05-17,479834.25,484806.625,469889.5,476104.96875,476104.96875,4,492762.425,540745.84375,554295.5703125,617320.43625,588953.0365625,400978.59078125,40.454365743056584,-32155.290618284373,-23255.61009819076,-8899.680520093614,705307.4861192898,554295.5703125,403283.65450571023,6.256123017713346,9.669948121993226,TTNP
2000-05-18,479834.25,479834.25,454972.375,456215.46875,456215.46875,4,484558.00625,522472.365625,550877.0625,609190.601875,589897.7878125,402687.844921875,38.780778483997395,-35667.87538685085,-25738.063155922777,-9929.812230928073,707418.6193703345,550877.0625,394335.50562966545,2.4912534664742307,6.32886238136586,TTNP
2000-05-19,456215.46875,456215.46875,425138.125,427624.3125,427624.3125,15,469143.64375,500345.296875,546401.925,601483.419375,590444.7490625,404266.57421875,36.44660777844228,-40294.204973199405,-28649.2915193781,-11644.913453821304,711434.0042492326,546401.925,381369.84575076756,1.1951257587590167,3.3141674143155773,TTNP
2000-05-22,427624.3125,435082.875,387845.3125,412707.1875,412707.1875,13,451243.09375,479958.559375,543045.571875,594323.198125,590780.384375,405783.148828125,35.25435867775737,-44649.59903688339,-31849.353022879157,-12800.246014004231,715901.385350231,543045.571875,370189.7583997691,3.4193127453623813,2.3685639901985893,TTNP
2000-05-23,417679.5625,445027.625,415193.375,427624.3125,427624.3125,16,440055.25,468024.859375,540745.8484375,588058.004375,591227.898125,407368.09359375,37.45763454064471,-46363.147388352256,-34752.11189597378,-11611.035492378476,718392.6184967186,540745.8484375,363099.0783782813,8.076624957610846,4.230354487244128,TTNP
2000-05-24,428867.40625,432596.6875,422651.9375,430110.5,430110.5,21,430856.35625,461809.390625,537265.1859375,583930.933125,591749.9975,409021.408515625,37.83731785979933,-46978.98772197199,-37197.48706117342,-9781.50066079857,720626.5461512904,537265.1859375,353903.82572370954,12.912912912912985,8.136283538628783,TTNP
2000-05-25,430110.5,479834.25,430110.5,474861.875,474861.875,9,434585.6375,459571.821875,533535.9046875,578908.833125,592968.229375,410836.325625,44.382420846142814,-43356.200373987725,-38429.22972373628,-4926.9706502514455,718778.7484167357,533535.9046875,348293.0609582643,20.81333670118724,13.934291523903736,TTNP
2000-05-26,474861.875,492265.1875,472375.6875,482320.4375,482320.4375,7,445524.8625,457334.253125,525580.1046875,574334.246875,594410.218125,412700.966484375,45.41399740364393,-39428.761421874806,-38629.136063363985,-799.6253585108207,705184.7592984992,525580.1046875,345975.45007650094,30.40247129032183,21.376240301474066,TTNP
2000-05-30,482320.4375,522099.4375,467403.3125,519613.25,519613.25,6,466906.075,459074.584375,514765.1859375,571251.374375,596349.4446875,414733.425,50.3705895730924,-32927.45228364534,-37488.79930742025,4561.347023774913,666255.2287496895,514765.1859375,363275.1431253104,51.66552538919683,34.29377779356868,TTNP
2000-05-31,517127.0625,522099.4375,504696.125,504696.125,504696.125,6,482320.4375,461187.84375,507120.1578125,569013.805625,598288.67125,416647.789609375,48.474495555607476,-28648.56247695675,-35720.75194132755,7072.1894643708,643705.5043216463,507120.1578125,370534.81130335375,68.24747871487864,50.10515846479914,TTNP
2000-06-01,507182.3125,530801.125,504696.125,520856.34375,520856.34375,5,500469.60625,465662.98125,503204.4125,567895.02125,600314.914375,418580.800625,50.64212995087619,-23680.542329528893,-33312.71001896782,9632.167689438924,633347.719980077,503204.4125,373061.10501992295,84.86802529482482,68.26034313296681,TTNP
2000-06-02,525828.75,629005.5,524585.625,616574.5625,616574.5625,13,528812.14375,481698.890625,502085.628125,567745.85,603124.3065625,420961.325390625,61.08486726825395,-11882.713740181935,-29026.71076321064,17143.997023028707,627853.0542353884,502085.628125,376318.20201461157,90.11498636575881,81.07683012515413,TTNP
2000-06-05,616574.5625,696132.625,606629.8125,686187.875,686187.875,16,569585.63125,507555.246875,503950.271875,566950.27,606604.9696875,423627.76203125,66.61670594543713,3049.213516317075,-22611.5259073051,25660.739423622173,639123.002157379,503950.271875,368777.5415926209,94.8876709829212,89.95689421450165,TTNP
2000-06-06,696132.625,743370.1875,678729.3125,733425.4375,733425.4375,20,612348.06875,539627.071875,509792.815625,566154.69,610632.594375,426536.601953125,69.75821473243951,18481.506654413883,-14392.919394961302,32874.426049375186,671440.7351973761,509792.815625,348144.89605262387,96.27411757388076,93.75892497418697,TTNP
2000-06-07,733425.4375,733425.4375,696132.625,712292.8125,712292.8125,20,653867.40625,568093.921875,518059.390625,564513.80625,614424.0309375,429339.77875,66.73270555850883,28675.92570386955,-5779.150375195131,34455.07607906468,701857.2555963879,518059.390625,334261.5256536121,95.07857530083409,95.41345461921206,TTNP
2000-06-08,704834.25,720994.5,702348.0625,708563.5625,708563.5625,13,691408.85,595939.228125,528874.309375,563270.7125,617979.2796875,432111.878359375,66.18716177661796,36038.72495111986,2584.424690067868,33454.30026105199,729969.0756299908,528874.309375,327779.5431200091,92.89044121033731,94.7477113616841,TTNP
2000-06-09,703591.1875,728453.0625,655110.5,728453.0625,728453.0625,8,713784.55,621298.346875,540435.084375,563270.7125,621745.854375,434890.193359375,67.70362441421715,42983.228920320165,10664.185536118328,32319.04338420184,758771.1966651255,540435.084375,322098.9720848744,92.42424082609323,93.4644191124216,TTNP
2000-06-12,733425.4375,748342.5625,724723.75,727209.9375,727209.9375,12,721988.9625,645787.296875,551560.775,565060.7675,625338.395625,437562.845234375,67.49985988864239,47835.075575160095,18098.36354392668,29736.712031233415,783718.1536700836,551560.775,319403.39632991643,93.22356556680965,92.84608253441347,TTNP
2000-06-13,723480.6875,728453.0625,671270.6875,676243.125,676243.125,9,710552.5,661450.284375,560262.434375,566254.13875,627924.03125,439999.309453125,59.582301253611526,47025.522235502955,23883.795282241936,23141.72695326102,797362.0118005301,560262.434375,323162.8569494698,89.1078348125227,91.58521373514192,TTNP
2000-06-14,678729.3125,689917.125,633977.875,637707.1875,637707.1875,7,695635.375,674751.390625,567969.6171875,567273.47625,630087.0146875,442286.602265625,54.3876996369587,42781.26153080852,27663.28853195525,15117.97299885327,804616.1902811042,567969.6171875,331323.0440938958,78.91789330125697,87.08309789352984,TTNP
2000-06-15,641436.4375,641436.4375,606629.8125,614088.375,614088.375,8,676740.3375,684074.59375,574868.7875,567870.16125,631640.881875,444511.740234375,51.428233382012536,37084.32851111004,29547.49652778621,7536.831983323831,808425.5720104643,574868.7875,341312.00298953574,65.10311648032106,77.7096148647003,TTNP
2000-06-16,619060.75,661325.9375,569337.0,651381.1875,651381.1875,15,661325.9625,687555.25625,584627.0734375,567671.26625,633704.4175,446861.187578125,55.54178096738964,35173.23123344185,30672.64346891734,4500.587764524513,813806.0045672819,584627.0734375,355448.14230771817,60.97782028932145,68.33294335696655,TTNP
2000-06-19,651381.1875,676243.125,648895.0,661325.9375,661325.9375,9,648149.1625,685069.0625,596312.1546875,566502.7575,635544.19625,449247.927734375,56.59738712952949,34068.41164286481,31351.797103706835,2716.6145391579776,815910.3963466929,596312.1546875,376713.91302830697,60.66159555171661,62.24751077378644,TTNP
2000-06-20,666298.3125,711049.75,663812.125,698618.8125,698618.8125,15,652624.3,681588.4,610607.7359375,566552.48125,637980.660625,451790.054921875,60.39504677127162,35789.49844064226,32239.33737109392,3550.1610695483396,817385.6525970787,610607.7359375,403829.81927792134,69.78808361999549,63.80916648701125,TTNP
2000-06-21,696132.625,711049.75,693646.4375,706077.375,706077.375,8,666298.3375,680966.85625,624530.3890625,567994.47125,640703.0365625,454350.828515625,61.12762695888997,37325.05577860866,33256.481052596864,4068.5747260117932,817164.8861908261,624530.3890625,431895.89193417394,74.99621871738186,68.48196596303139,TTNP
2000-06-22,711049.75,713535.9375,696132.625,696132.625,696132.625,5,682707.1875,679723.7625,637831.4953125,570033.14625,643661.6003125,456706.491640625,59.5460793986143,37309.45761572069,34067.07636522163,3242.3812504990638,810649.1135104795,637831.4953125,465013.8771145207,77.17876729128768,73.98768987622175,TTNP
2000-06-23,696132.625,706077.375,681215.5,682458.5625,682458.5625,10,688922.6625,675124.3125,648211.3296875,572544.19625,646098.064375,458825.966796875,57.34893572424981,35781.24942410516,34409.91097699833,1371.3384471068275,804804.6274661864,648211.3296875,491618.03190881363,71.71296658055714,74.62931752974231,TTNP
2000-06-26,681215.5,711049.75,678729.3125,703591.1875,703591.1875,8,697375.7125,672762.4375,659274.8671875,575477.89875,647813.534375,461051.105078125,59.816634586290675,35861.96523495787,34700.32182859024,1161.643406367628,797626.8876615879,659274.8671875,520922.8467134121,69.67593069442567,72.85588818875692,TTNP
2000-06-27,703591.1875,783149.1875,703591.1875,755801.125,755801.125,23,708812.175,680718.2375,671084.2609375,581220.993125,650075.965625,463537.293046875,65.17719772091772,39681.416052748915,35696.54067342197,3984.8753793269425,799714.8353460104,671084.2609375,542453.6865289897,75.13458487694395,72.17449405064235,TTNP
2000-06-28,765745.875,830386.75,765745.875,812983.4375,812983.4375,24,730193.3875,698245.8625,686498.6265625,588977.899375,652935.081875,466315.608046875,69.91151777456714,46783.20539941988,37913.873618621554,8869.331780798326,805180.920557226,686498.6265625,567816.332567774,85.1808832408987,76.66379960408955,TTNP
2000-06-29,810497.25,895027.625,805524.875,871408.8125,871408.8125,25,765248.625,723977.90625,704026.25,596461.324375,656216.849375,469404.696328125,73.8268950912008,56474.85710522288,41626.07031594182,14848.786789281061,823221.4628904707,704026.25,584831.0371095293,91.09690813120524,83.8041254163494,TTNP
2000-06-30,872651.9375,875138.125,812983.4375,855248.625,855248.625,32,799806.6375,744364.65,715959.953125,603074.584375,659001.38,472468.922890625,71.07202209709168,62135.31163706037,45727.918580165526,16407.39305689484,845118.4894503653,715959.953125,586801.4167996347,91.28922673831748,89.18900603680724,TTNP
2000-07-03,850276.25,850276.25,820442.0,820442.0,820442.0,3,823176.8,760276.25625,722672.659375,609140.883125,661487.568125,475427.486484375,65.41048269627805,63085.449100613245,49199.42468425507,13886.024416358174,858715.704406994,722672.659375,586629.614343006,85.87786210712501,89.42133232554933,TTNP
2000-07-05,822928.1875,852762.4375,822928.1875,829143.625,829143.625,10,837845.3,773328.7375,727458.56875,616127.070625,664011.04875,478317.679765625,66.13673549242168,63805.08302105358,52120.556351614774,11684.526669438805,871195.0611384587,727458.56875,583722.0763615413,81.55216319167931,86.2397506790407,TTNP
2000-07-06,831629.8125,832872.9375,778176.8125,798066.3125,798066.3125,11,834861.875,782527.63125,731747.24375,622616.02125,665776.2425,481114.641171875,61.194920675910595,61162.67346560315,53928.97977441245,7233.693691190696,878504.5228678723,731747.24375,584989.9646321278,75.69974701195865,81.04325743692108,TTNP
2000-07-07,803038.6875,831629.8125,803038.6875,822928.1875,822928.1875,7,825165.75,795207.1875,737465.475,629080.11,667143.645625,484203.729609375,63.54191821750889,60378.682520841714,55218.9203236983,5159.762197143413,888998.3182549692,737465.475,585932.6317450308,73.56902604845669,76.94031208403165,TTNP
2000-07-10,825414.375,865193.375,825414.375,855248.625,855248.625,5,825165.75,812486.19375,743805.253125,635196.1325,668734.805625,487473.066640625,66.38799440693676,61654.63696559169,56506.06365207698,5148.573313514717,903679.4561948152,743805.253125,583931.0500551849,74.57726502241485,74.61534602761016,TTNP
2000-07-11,860221.0,901243.125,850276.25,854005.5,854005.5,15,831878.45,827527.625,750145.03125,639447.51375,669294.1975,490705.110703125,66.17401968219076,61852.53276172804,57575.35747400719,4277.175287720849,916796.5468225721,750145.03125,583493.5156774279,77.42456877818523,75.19028661635235,TTNP
2000-07-12,852762.4375,871408.8125,810497.25,829143.625,829143.625,7,831878.45,834861.875,757790.05625,641312.15375,668436.4625,493881.215546875,61.87849303372205,59319.42368164426,57924.17071553461,1395.2529661096487,924207.6010794177,757790.05625,591372.5114205823,76.38812333825453,76.12998571295164,TTNP
2000-07-13,795580.125,808011.0625,745856.375,769475.125,769475.125,15,826160.2125,830511.04375,764378.453125,643549.7225,667429.55625,496790.055234375,52.98841180274617,51898.90889033477,56719.11835049464,-4820.209460159866,921427.8097821161,764378.453125,607329.0964678839,62.38358985767093,72.06542732470366,TTNP
2000-07-14,768232.0625,775690.625,693646.4375,719751.375,719751.375,23,805524.85,815345.3,769661.603125,645961.325,666596.683125,499506.215390625,46.936653681239264,41527.10774169816,53680.71622873534,-12153.608487037185,912608.2625282707,769661.603125,626714.9437217293,42.271860838601604,60.34785801150912,TTNP
2000-07-17,714779.0,778176.8125,711049.75,770718.25,770718.25,10,788618.775,806892.2625,775628.45625,648596.685,666745.854375,502427.486171875,52.877372195370796,36993.54293588095,50343.281570164465,-13349.738634283516,907891.4746872518,775628.45625,643365.4378127482,32.11452786819935,45.58999285482406,TTNP
2000-07-18,760773.5,763259.6875,735911.625,755801.125,755801.125,10,768977.9,800428.175,780352.215625,650734.8075,666720.9925,505280.386796875,51.075039912553954,31830.055775358807,46640.63641120333,-14810.580635844526,902294.2587847831,780352.215625,658410.1724652168,28.50053190821258,34.29564020500461,TTNP
2000-07-19,758287.3125,763259.6875,734668.5,740884.0,740884.0,11,751325.975,791602.2125,782465.475,653220.99625,665477.89875,507990.331640625,49.26660727369257,26231.88286297978,42558.885701558625,-16327.002838578846,900055.7662696613,782465.475,664875.1837303387,29.940115253525047,30.185058343312424,TTNP
2000-07-20,740884.0,791850.8125,740884.0,780663.0,780663.0,15,753563.55,789861.88125,786194.75625,657895.03,664309.390625,510861.878671875,53.94917876870148,24720.16467962903,38991.141497172706,-14270.976817543677,898468.8310189364,786194.75625,673920.6814810636,31.536921400379708,29.99252285403921,TTNP
2000-07-21,785635.375,786878.4375,748342.5625,748342.5625,748342.5625,5,759281.7875,782403.31875,788805.253125,663016.5775,661798.34125,513621.547265625,49.917796595866434,20675.790294614737,35328.07125666111,-14652.280962046374,894836.0472687851,788805.253125,682774.458981215,30.339316790238712,30.60545114804792,TTNP
2000-07-24,753314.9375,770718.25,703591.1875,725966.875,725966.875,5,750331.5125,769475.14375,790980.66875,667591.16375,659511.04875,516343.923046875,47.28351195679552,15486.54423462227,31359.765852253342,-15873.221617631072,889729.8875109302,790980.66875,692231.4499890697,27.944107569956714,29.94011525352514,TTNP
2000-07-25,720994.5,723480.6875,691160.25,696132.625,696132.625,5,738397.8125,753687.85625,790607.740625,671419.89375,657397.789375,518941.989453125,43.952941271870934,8864.470606598188,26860.70680312231,-17996.23619652412,890721.1657904584,790607.740625,690494.3154595415,14.76100830272924,24.348144220974984,TTNP
2000-07-26,688674.0625,763259.6875,656353.5625,747099.4375,747099.4375,15,739640.9,745483.4375,790172.65625,676317.68375,655794.198125,521807.320859375,50.382757830925605,7640.945307073882,23016.754503912623,-15375.809196838742,890960.7264498813,790172.65625,689384.5860501187,18.33051987448918,20.34521191572514,TTNP
2000-07-27,752071.8125,752071.8125,708563.5625,720994.5,720994.5,4,727707.2,740635.375,785573.209375,681066.303125,653631.215,524542.127578125,47.384286052388,4512.821407935815,19315.96788471726,-14803.146476781447,890103.9348129098,785573.209375,681042.4839370901,21.93955139819849,18.34369319180573,TTNP
2000-07-28,716022.125,723480.6875,666298.3125,671270.6875,671270.6875,6,712292.825,735787.30625,775566.303125,684969.6175,651145.026875,527071.82359375,42.22897350449966,-1955.9880162655609,15061.576704520696,-17017.564720786257,883573.6316653398,775566.303125,667558.9745846601,23.18105295592862,21.15037474287219,TTNP
2000-07-31,675000.0,693646.4375,661325.9375,677486.1875,677486.1875,4,702596.6875,726464.1,766678.18125,689395.031875,649292.816875,529626.381640625,43.062870787509446,-6506.029724500142,10748.055418716529,-17254.08514321667,876239.4677926733,766678.18125,657116.8947073268,14.104641809337648,19.741748721155016,TTNP
2000-08-01,675000.0,732182.3125,667541.4375,718508.3125,718508.3125,5,707071.825,722734.81875,761581.496875,695212.711875,648348.065625,532435.7740625,48.36082871092173,-6724.314199903281,7253.581494992566,-13977.895694895848,870143.591328701,761581.496875,653019.4024212989,18.96720060128047,18.75096512218234,TTNP
2000-08-02,713535.9375,720994.5,706077.375,708563.5625,708563.5625,1,699364.65,719502.775,755552.49375,701129.839375,647726.51875,535257.597421875,47.21388249426693,-7612.017829351244,4280.461630123804,-11892.479459475047,861804.9519764872,755552.49375,649300.0355235129,29.78079363626731,20.950878682295237,TTNP
2000-08-03,686187.875,701105.0,663812.125,694889.5,694889.5,4,694143.65,710925.425,750393.653125,706475.143125,647266.57375,538017.2659375,45.61204933994364,-9311.573888555751,1562.0545263878926,-10873.628414943643,857900.1419431014,750393.653125,642887.1643068985,35.98538722887017,28.244460488806073,TTNP
2000-08-04,703591.1875,783149.1875,703591.1875,770718.25,770718.25,5,714033.1625,713162.99375,747783.15625,713287.298125,648609.115625,541050.415234375,54.77520720818019,-4488.003007436171,352.0430196230798,-4840.046027059251,850548.678067803,747783.15625,645017.634432197,50.45874239760104,38.7416410875796,TTNP
2000-08-07,800552.5,803038.6875,768232.0625,795580.125,795580.125,5,737651.95,720124.31875,744799.73125,719701.663125,649305.248125,544232.73578125,57.314470928697226,1325.5767770014936,546.7497710987625,778.8270059027311,837924.8826601825,744799.73125,651674.5798398174,69.25311208840343,51.89908057162497,TTNP
2000-08-08,805524.875,812983.4375,793093.9375,795580.125,795580.125,3,753066.3125,730069.06875,741878.4625,725966.856875,650150.551875,547352.9015625,57.31447092869723,5865.269465355785,1610.453709950167,4254.815755405618,824150.6222683905,741878.4625,659606.3027316096,89.40261537044903,69.70482328548458,TTNP
2000-08-09,790607.75,795580.125,740884.0,750828.75,750828.75,5,761519.35,730442.0,737962.71875,730591.166875,650921.270625,550311.465234375,51.301325836802256,5785.257817025296,2445.414531365193,3339.8432856601034,810076.2118600194,737962.71875,665849.2256399806,81.37387529278148,80.00986758387806,TTNP
2000-08-10,755801.125,758287.3125,725966.875,733425.4375,733425.4375,3,769226.5375,731685.09375,736160.234375,735165.753125,652089.779375,553263.8134375,49.14208448972182,4268.343331102398,2810.000291312634,1458.3430397897641,806820.485744038,736160.234375,665499.983005962,66.13757964968913,78.97135677097329,TTNP
2000-08-11,730939.25,835359.125,730939.25,810497.25,810497.25,8,777182.3375,745607.75,740697.528125,740958.57125,654426.79625,556545.581484375,57.64431125633622,9179.414251463488,4083.883083342805,5095.531168120682,817910.6826418905,740697.528125,663484.3736081094,65.21165386231532,70.90770293492871,TTNP
2000-08-14,825414.375,852762.4375,768232.0625,830386.75,830386.75,5,784143.6625,760897.80625,743680.953125,745234.815,656490.3325,559914.36609375,59.52482221924142,14509.13745970698,6168.93395861564,8340.20350109134,829441.3780729668,743680.953125,657920.5281770332,74.64169466563173,68.6636427258788,TTNP
2000-08-15,845303.875,855248.625,810497.25,845303.875,845303.875,5,794088.4125,773577.3625,748156.090625,748417.135,657683.7025,563295.5815625,60.92601463419414,19709.470315627637,8877.04123001804,10832.429085609598,844648.6136592063,748156.090625,651663.5675907936,89.86350368231437,76.57228407008722,TTNP
2000-08-16,850276.25,870165.75,830386.75,842817.6875,842817.6875,5,812486.2,787002.775,753252.775,750604.98,658379.835,566564.91859375,60.54978323438488,23360.867478350294,11773.80647968449,11587.060998665804,858078.7696731084,753252.775,648426.7803268917,90.12805363677201,84.87775066157279,TTNP
2000-08-17,844060.75,875138.125,830386.75,875138.125,875138.125,2,840828.7375,805027.6375,757976.53125,753861.88625,659187.84625,570033.150625,63.68898142434374,28533.69653771026,15125.784491289643,13407.912046420617,875109.6917502772,757976.53125,640843.3707497228,93.92552078279584,91.30569270062749,TTNP
2000-08-18,865193.375,872651.9375,835359.125,840331.5,840331.5,3,846795.5875,811988.9625,762575.978125,756497.245,659883.97875,573314.91859375,58.3079391941004,29484.71564076771,17997.570721185257,11487.144919582453,884942.0810593795,762575.978125,640209.8751906205,90.14472748657151,91.3994339687132,TTNP
2000-08-21,837845.3125,880110.5,830386.75,852762.4375,852762.4375,5,851270.725,817707.19375,768915.75625,758983.4325,661127.0725,576633.979375,59.620120270243206,30885.449660077342,20575.146508963673,10310.303151113669,896082.4429460312,768915.75625,641749.0695539687,90.29524737613808,91.45516521516856,TTNP
2000-08-22,852762.4375,852762.4375,815469.625,837845.3125,837845.3125,8,849779.0125,821933.7125,776001.390625,761196.14,663128.45375,579928.17828125,57.289964830915494,30440.94982152991,22548.30717147692,7892.642650052989,901943.128159923,776001.390625,650059.653090077,83.78183929651966,88.0739380530765,TTNP
2000-08-23,832872.9375,834116.0,810497.25,834116.0,834116.0,2,848038.675,830262.4375,780352.21875,764353.5975,665303.868125,583197.51515625,56.693406480692964,29448.29453695251,23928.30464457204,5519.989892380472,908000.1698400825,780352.21875,652704.2676599175,80.58658184067872,84.88788950444557,TTNP
2000-08-24,834116.0,862707.1875,830386.75,862707.1875,862707.1875,6,845552.4875,843190.6125,787437.853125,768853.5975,668063.536875,586616.0234375,60.121853466916534,30615.758550039143,25265.79542566546,5349.963124373684,916840.229378426,787437.853125,658035.4768715741,81.03769914962852,81.80204009560903,TTNP
2000-08-25,850276.25,895027.625,842817.6875,890055.25,890055.25,4,855497.2375,851146.4125,798377.08125,774372.935,671121.548125,590171.27203125,63.12869779630773,33363.152622400085,26885.266865012385,6477.885757387699,923570.5798294432,798377.08125,673183.5826705568,86.57071507238419,82.73166535423054,TTNP
2000-08-28,885082.875,924861.875,857734.8125,867679.5625,867679.5625,12,858480.6625,854875.69375,807886.75,778698.9025,673185.084375,593521.41015625,59.19589577850862,33350.50735006295,28178.314962022498,5172.192388040454,923426.0161858667,807886.75,692347.4838141333,85.67283364958898,84.4270826238673,TTNP
2000-08-29,872651.9375,902486.1875,868922.625,897513.8125,897513.8125,7,870414.3625,860096.6875,816837.025,783422.66,674962.70875,596977.21125,62.54627304513204,35340.47749452735,29610.74746852347,5729.730026003883,931020.1822034756,816837.025,702653.8677965244,84.8529411764707,85.69882996614804,TTNP
2000-08-30,887569.0625,892541.4375,873895.0,888812.125,888812.125,7,881353.5875,864696.13125,825849.453125,787226.52625,676889.50375,600308.7028125,60.97371896036432,35802.67871888529,30849.133718595833,4953.545000289458,932640.6157452043,825849.453125,719058.2905047957,79.63674676519405,83.38750719708467,TTNP
2000-08-31,893784.5,933563.5625,893784.5,933563.5625,933563.5625,5,895524.8625,870538.675,837783.15625,791776.25,679885.360625,603795.58140625,65.74385566506916,39326.70969273965,32544.648913424597,6782.060779315052,936398.8920119047,837783.15625,739167.4204880953,89.22008009852739,84.56992268006412,TTNP
2000-09-01,934806.625,949723.75,924861.875,942265.1875,942265.1875,8,905966.85,880732.04375,846360.503125,796698.90125,683366.02375,607350.83,66.5987538290723,42333.68171279365,34502.45547329841,7831.226239495241,949871.5579112706,846360.503125,742849.4483387294,92.01769914614643,86.95817533662272,TTNP
2000-09-05,947237.5625,947237.5625,885082.875,909944.75,909944.75,7,914419.8875,886450.275,852078.734375,801248.625,686896.410625,610732.04546875,60.55397882719154,41628.86783434264,35927.73794550726,5701.129888835385,956369.7105813865,852078.734375,747787.7581686135,88.6904761904763,89.97608514505013,TTNP
2000-09-06,909944.75,909944.75,855248.625,900000.0,900000.0,6,914917.125,892665.74375,857299.728125,805176.80125,690327.35,614100.83,58.78595174339348,39808.946786162094,36703.979713638226,3104.9670725238684,960199.8913060633,857299.728125,754399.5649439368,76.78571428571439,85.83129654077914,TTNP
2000-09-07,895027.625,974585.625,875138.125,969613.25,969613.25,9,931077.35,906215.46875,868238.953125,809453.04375,695337.0184375,617792.81890625,66.22088703574818,43482.61323803011,38059.7064185166,5422.906819513511,970049.7021198943,868238.953125,766428.2041301057,77.56132756132767,81.01250601250622,TTNP
2000-09-08,974585.625,993232.0625,942265.1875,954696.125,954696.125,8,935303.8625,915414.3625,879302.4875,812287.2975,700632.5984375,621304.55921875,63.574269422741004,44675.34349817701,39382.833834448684,5292.509663728328,967256.1864223536,879302.4875,791348.7885776465,80.05565412879027,78.1342319919442,TTNP
2000-09-11,944751.375,969613.25,904972.375,944751.375,944751.375,6,935801.1,920883.975,886015.19375,813754.14875,705107.7365625,624760.3603125,61.80095869648229,44307.38465928158,40367.74399941527,3939.640659866316,972418.2647998233,886015.19375,799612.1227001767,83.11687443051655,80.24461870687826,TTNP
2000-09-12,942265.1875,964640.875,942265.1875,947237.5625,947237.5625,4,943259.6625,928839.775,891857.734375,815593.9275,709334.2559375,628147.79125,62.08568745910535,43712.49870676489,41036.694940885194,2675.8037658796966,978227.1763049104,891857.734375,805488.2924450896,75.7369484992541,79.63649235285372,TTNP
2000-09-13,942265.1875,987016.5625,937292.8125,983287.3125,983287.3125,8,959917.125,937417.125,898756.90625,818850.83375,713995.8584375,631684.39359375,66.0386025995456,45624.035368391196,41954.16302638639,3669.8723420048045,990994.1405739033,898756.90625,806519.6719260967,80.73080843656776,79.86154378877956,TTNP
2000-09-14,994475.125,1001933.6875,982044.1875,984530.375,984530.375,4,962900.55,946988.95,905842.540625,821958.56875,719042.8196875,635177.4875,66.16958021614901,46700.90770592308,42903.51196229373,3797.3957436293495,1001511.0353719488,905842.540625,810174.0458780512,85.92851670627006,80.7987578806974,TTNP
2000-09-15,972099.4375,972099.4375,871408.8125,904972.375,904972.375,12,952955.8,944129.83125,907334.253125,824096.69,723356.355625,638185.77484375,52.27409719779299,40665.899905346334,42455.98955090425,-1790.0896455579132,1001965.9564399312,907334.253125,812702.5498100689,72.28464534254879,79.64799016179563,TTNP
2000-09-18,895027.625,929834.25,811740.3125,827900.5625,827900.5625,12,929585.6375,932693.36875,906712.70625,824196.1375,726638.12375,640771.4103125,42.87979781949838,29326.009606827865,39829.993562088974,-10503.983955261108,1003240.8495358287,906712.70625,810184.5629641714,43.8191840484893,67.34411536576947,TTNP
2000-09-19,816712.6875,862707.1875,800552.5,854005.5,854005.5,15,910939.225,927099.44375,906774.859375,824171.275,729683.70375,643493.7859375,46.39381989173878,22189.725787682924,36301.94000720776,-14112.214219524838,1003165.4741290419,906774.859375,810384.2446209581,22.9794155013921,46.361081630810155,TTNP
2000-09-20,850276.25,895027.625,835359.125,867679.5625,867679.5625,4,887817.675,923867.4,908266.571875,824444.75625,731946.135,646371.5484375,48.19175181179074,17436.55426798039,32528.86285936229,-15092.308591381898,1001205.7011425048,908266.571875,815327.4426074952,22.791091584254627,29.863230378045433,TTNP
2000-09-21,855248.625,865193.375,836602.1875,860221.0,860221.0,4,862955.8,912928.175,909571.821875,825066.30375,733189.22875,649118.78609375,47.260643363533305,12918.867273706477,28606.863742231126,-15687.996468524649,998974.7355424718,909571.821875,820168.9082075283,29.835385773890582,25.20196428651253,TTNP
2000-09-22,850276.25,942265.1875,834116.0,939779.0,939779.0,6,869917.125,911436.4625,913425.4125,828472.38125,736011.051875,652064.91859375,56.83974827155196,15578.652480201796,26001.22148982526,-10422.569009623465,1001042.2845078916,913425.4125,825808.5404921083,44.03292181069971,32.2197997229484,TTNP
2000-09-25,1049171.25,1164530.375,1030276.25,1137679.5,1137679.5,37,931872.9125,930729.275,925806.625,836830.94375,741396.134375,655963.26078125,70.96638841873921,33271.92975047359,27455.363141954927,5816.56660851866,1056237.774736568,925806.625,795375.475263432,63.79612322934516,45.888143604645244,TTNP
2000-09-26,1133701.625,1185414.375,1103867.375,1154585.625,1154585.625,22,991988.9375,951464.08125,940151.928125,844508.29125,746552.488125,659939.918125,71.81508700647555,48103.6534835872,31585.021210281382,16518.63227330582,1101339.238493512,940151.928125,778964.6177564882,84.58279956197765,64.1372815340076,TTNP
2000-09-27,1154585.625,1219226.5,1153591.125,1178453.0,1178453.0,22,1054143.625,970980.65,954198.8875,852961.32875,751848.068125,664054.55875,73.0143926527484,61079.71021484607,37483.95901119432,23595.75120365175,1144424.9612744655,954198.8875,763972.8137255344,91.62462449580607,80.00118242904306,TTNP
2000-09-28,1193171.25,1245082.875,1189392.25,1223204.375,1223204.375,13,1126740.3,994848.05,970918.5,862607.73625,757914.36625,668349.44796875,75.14956793949293,74119.98161153216,44811.16353126189,29308.81808027027,1191566.3689995066,970918.5,750270.6310004934,92.44307499339794,89.55016635039397,TTNP
2000-09-29,1218232.0,1298784.5,1213259.625,1292817.625,1292817.625,15,1197348.025,1033632.575,988881.203125,872850.82875,765372.929375,673035.91171875,78.05793397603139,89045.24003786419,53657.97883258235,35387.261205281844,1249341.5232196802,988881.203125,728420.8830303198,94.71398553486586,92.9272283413567,TTNP
2000-10-02,1287845.25,1287845.25,1121768.0,1192574.625,1192574.625,39,1208327.05,1070099.98125,1001396.675,881735.47,772376.02375,677252.2378125,66.06715133072663,91727.46541418857,61271.87614890359,30455.58926528498,1275397.8093759122,1001396.675,727395.5406240879,90.85444205773332,92.67050086199912,TTNP
2000-10-03,1187602.25,1194364.625,1103867.375,1108839.75,1108839.75,22,1199177.875,1095583.40625,1011341.425,889392.9275,778492.045625,681056.105,58.04595018012751,86103.8916729705,66238.27925371697,19865.61241925352,1285781.111242508,1011341.425,736901.738757492,79.78709383045127,88.45184047435022,TTNP
2000-10-04,1088950.25,1089944.75,1022320.4375,1036243.125,1036243.125,12,1170735.9,1112439.7625,1018153.58125,896195.1375,783807.515625,684409.9725,52.1359700285822,74925.53313870588,67975.73003071475,6949.803107991131,1287924.1427317166,1018153.58125,748383.0197682835,62.62142937426754,77.75432175415078,TTNP
2000-10-05,1035248.625,1112817.625,1000442.0,1056132.625,1056132.625,20,1137321.55,1132030.925,1022479.55,902375.80125,789346.7425,687925.4421875,53.53189219560465,66900.33447922568,67760.65092041694,-860.3164411912585,1291772.2320782873,1022479.55,753186.8679217128,53.49301797823785,65.30051372765229,TTNP
2000-10-06,1056331.5,1074033.125,969613.25,974585.625,974585.625,11,1073675.15,1135511.5875,1023474.025,907447.62375,794256.9634375,690995.8840625,47.42490240123084,53345.21490864456,64877.56371806246,-11532.348809417905,1291903.605650588,1023474.025,755044.4443494121,44.510982500789595,53.5418099510984,TTNP
2000-10-09,979558.0,982541.4375,904972.375,974386.75,974386.75,16,1030037.575,1119182.3125,1024955.79375,913509.945,799239.78125,694096.40890625,47.41069718565944,42101.31963358936,60322.31490116784,-18220.99526757848,1291954.1424387475,1024955.79375,757957.4450612523,38.80494130388994,45.60298059430587,TTNP
2000-10-10,969414.375,974585.625,932817.6875,954696.125,954696.125,15,999208.85,1099193.3625,1025328.721875,919054.14375,804224.5878125,697061.1878125,45.943365877715465,31241.450747052208,54506.142070344715,-23264.691323292507,1291912.332432397,1025328.721875,758745.1113176032,30.355706856476605,37.890543553718786,TTNP
2000-10-11,954696.125,1057524.875,930828.75,1047779.0,1047779.0,16,1001516.025,1086125.9625,1028553.30625,925639.5575,810426.1346875,700435.441875,53.30123719142653,29802.39306390134,49565.39226905604,-19762.9992051547,1294584.388301294,1028553.30625,762522.224198706,34.039598480780874,34.400082213715876,TTNP
2000-10-12,1042806.625,1042806.625,875138.125,940773.5,940773.5,39,978444.2,1057882.875,1026365.4625,930283.75625,815706.7978125,703243.59109375,45.61472616028617,19799.24652509205,43612.16312026324,-23812.91659517119,1294519.9798182317,1026365.4625,758210.9451817684,29.141494961008842,31.178933432755514,TTNP
2000-10-13,920884.0,950519.3125,897016.5625,904972.375,904972.375,21,964521.55,1019098.35,1026365.4625,934485.41375,820480.2784375,705854.08828125,43.36166405977286,8880.460814912803,36665.82265919315,-27785.36184428035,1294519.9798182317,1026365.4625,758210.9451817684,22.839009559895022,28.67336766722832,TTNP
2000-10-16,885082.875,999447.5,880110.5,989502.75,989502.75,13,967544.75,998791.1625,1034445.571875,938861.10375,826074.2009375,708912.09921875,49.68138076630977,6967.818611041061,30726.221849562735,-23758.403238521674,1287506.4362857093,1034445.571875,781384.7074642907,16.51017313673475,22.83022588587961,TTNP
2000-10-17,1014364.625,1014364.625,920884.0,929834.25,929834.25,9,962572.375,980890.6125,1038237.009375,941546.18625,830623.9246875,711796.07703125,45.79684030830378,630.0240796768339,24706.982295585556,-24076.958215908722,1282489.5076800657,1038237.009375,793984.5110699343,15.649451345673356,18.332878014101112,TTNP
2000-10-18,914917.125,964640.875,865193.375,964640.875,964640.875,9,945944.75,973730.3875,1043085.075,944927.40125,835447.1290625,714928.67359375,48.3345820096781,-1566.0673517872347,19452.372366110998,-21018.439717898233,1277244.3746853515,1043085.075,808925.7753146484,20.947293141849844,17.70230587475272,TTNP
2000-10-19,1004419.875,1004419.875,919889.5,934806.625,934806.625,18,944751.375,961597.7875,1046814.35625,948606.95875,839599.0628125,717974.25375,46.33221461196808,-5648.745056190295,14432.148881650739,-20080.893937841036,1271384.9198515709,1046814.35625,822243.7926484292,17.43905469651911,18.011933061347506,TTNP
2000-10-20,937790.0625,969414.375,921082.875,921281.75,921281.75,7,948013.25,956267.4,1045889.49375,952364.085,843764.9190625,721026.79515625,45.413721903115764,-9861.958413700457,9573.3274225805,-19435.285836280957,1272359.9997825099,1045889.49375,819418.9877174902,18.81521193428184,19.06718659088367,TTNP
2000-10-23,924861.875,934806.625,885082.875,897016.5625,897016.5625,8,929516.0125,948530.38125,1033856.346875,954094.47125,847526.52125,723920.7178125,43.738428405672366,-14986.20653239137,4661.420631586126,-19647.627163977497,1265064.5917324838,1033856.346875,802648.1020175164,15.453753060250875,17.23600656368401,TTNP
2000-10-24,901988.9375,916906.0625,833370.1875,861215.5,861215.5,9,915792.2625,939182.31875,1019187.840625,954711.04625,849972.930625,726548.61859375,41.31669502127288,-21686.073075156077,-608.0781097623158,-21077.994965393762,1255074.3660355897,1019187.840625,783301.3152144103,13.28502985570597,15.851331616746299,TTNP
2000-10-25,866187.875,901591.1875,850276.25,852066.3125,852066.3125,6,893277.35,919611.05,1002868.50625,954846.295,851631.715,729118.34234375,40.696551711983666,-27417.971243132488,-5970.056736436351,-21447.914506696136,1237581.1241616213,1002868.50625,768155.8883383786,10.19480462029229,12.977862512083114,TTNP
2000-10-26,852066.3125,878121.5625,816464.0625,868176.8125,868176.8125,13,879951.3875,912351.38125,985117.128125,955353.4775,852979.22875,731805.9115625,42.33778010156005,-30311.151047180872,-10838.275598585255,-19472.875448595616,1203631.1065498698,985117.128125,766603.1497001303,13.061723831081594,12.180519435693354,TTNP
2000-10-27,860221.0,875138.125,818453.0625,822430.9375,822430.9375,11,860181.225,904097.2375,961597.79375,954299.33375,854080.61,734252.32046875,39.034360470424154,-35881.70472787763,-15846.961424443729,-20034.7433034339,1140184.362611948,961597.79375,783011.224888052,10.565336674241458,11.273955041871849,TTNP
2000-10-30,795580.125,827403.3125,755801.125,805524.875,805524.875,16,841882.8875,885699.45,942245.30625,953603.20125,855050.223125,736514.75140625,37.858714025476,-41185.822087649954,-20914.733557084975,-20271.08853056498,1099078.9103235614,942245.30625,785411.7021764385,13.469103090833869,12.365387865385708,TTNP
2000-10-31,800552.5,859823.1875,800552.5,836950.25,836950.25,16,837029.8375,876411.05,928650.83125,953286.9575,856135.195,738940.5246875,41.3922337332716,-42365.24797251262,-25204.836440170504,-17160.411532342114,1071913.5563429703,928650.83125,785388.1061570297,15.743188123318314,13.259209296131282,TTNP
2000-11-01,841922.625,936596.6875,841922.625,928839.75,928839.75,17,852384.525,872830.9375,923280.6625,955106.84625,858151.493125,741744.944375,50.29278342589415,-35476.28821880079,-27259.12679589656,-8217.161422904232,1057793.265458356,923280.6625,788768.059541644,37.22579149102937,22.14602756839392,TTNP
2000-11-02,928839.75,972596.6875,928839.75,953502.75,953502.75,11,869449.7125,874700.55,918149.16875,957494.58125,860924.089375,744424.0603125,52.38298663380323,-27707.248090179986,-27348.751054753247,-358.4970354267389,1039149.4066371971,918149.16875,797148.9308628028,57.21967279462027,36.72955080298939,TTNP
2000-11-03,958475.125,997856.375,940773.5,990497.25,990497.25,13,903062.975,881622.1,918944.75,960050.3825,864451.99,747269.50234375,55.411750595790195,-18353.51296843798,-25549.703437490192,7196.190469052213,1041616.5072383964,918944.75,796272.9927616036,78.0512814066952,57.49891523078168,TTNP
2000-11-06,999447.5,1009392.25,964640.875,984729.3125,984729.3125,6,938903.8625,890393.375,919461.878125,961943.86375,868158.399375,749899.640625,54.82620658598619,-11276.051542931353,-22694.973058578424,11418.921515647071,1043147.160183249,919461.878125,795776.596066751,85.8351011763322,73.70201845921595,TTNP
2000-11-07,979558.0,1028287.3125,979558.0,1018342.5625,1018342.5625,7,975182.325,906106.08125,922644.2,964957.12375,871828.013125,752766.2153125,57.63572627646273,-2921.131035278784,-18740.204653918496,15819.073618639712,1052892.9152554257,922644.2,792395.4847445743,92.46471082233052,85.45036446845272,TTNP
2000-11-08,1013370.1875,1018342.5625,994475.125,1000442.0,1000442.0,4,989502.775,920943.65,920277.35,967015.6875,875219.17375,755381.685,55.650740838985726,2230.070998184383,-14546.14952349792,16776.220521682302,1042837.8485823686,920277.35,797716.8514176314,92.13530358191014,90.1450385268577,TTNP
2000-11-09,995469.625,995469.625,909944.75,950718.25,950718.25,6,988945.875,929197.79375,920774.5875,968253.81,877740.168125,757860.414375,50.452785075570375,2273.9321811178233,-11182.133182574771,13456.065363692594,1043743.6814945077,920774.5875,797805.4935054923,85.888076742728,90.16269704898963,TTNP
2000-11-10,944751.375,946740.3125,906961.3125,924861.875,924861.875,3,975818.8,939440.8875,921769.0625,968079.77625,879928.013125,760315.52484375,47.94498306908575,219.76578961417545,-8901.753388136982,9121.519177751157,1044532.4176006583,921769.0625,799005.7073993417,74.4525506147599,84.15864364646609,TTNP
2000-11-13,895027.625,895027.625,781657.4375,816464.0625,816464.0625,9,942165.75,940534.80625,913117.128125,965563.75375,881131.3275,762396.46390625,39.15756412607897,-10039.247232670663,-9129.252157043718,-909.9950756269445,1039891.2406337564,913117.128125,786343.0156162437,51.94646334137594,70.76236356628802,TTNP
2000-11-14,833370.1875,840331.5,775690.625,796375.6875,796375.6875,10,897772.375,936477.35,906444.2,963292.3725,882270.49875,764184.2815625,37.77577884606314,-19565.019575114013,-11216.405640657777,-8348.613934456236,1042691.7103714629,906444.2,770196.689628537,33.06568215193186,53.15489870268931,TTNP
2000-11-15,800552.5,840331.5,775690.625,818453.0625,818453.0625,16,861374.5875,925438.68125,899134.809375,961661.43375,883419.1175,765616.3259375,40.27038461965679,-25044.11021862249,-13981.94655625072,-11062.16366237177,1037773.8831481758,899134.809375,760495.7356018241,20.04865384231647,35.020266445208165,TTNP
2000-11-16,801546.9375,812486.1875,745856.375,755801.125,755801.125,12,822391.1625,905668.51875,890184.534375,957385.19125,883419.1175,766747.5415625,35.874916742301664,-34049.31744395115,-17995.420733790805,-16053.896710160345,1041031.3984978118,890184.534375,739337.6702521883,13.801443641123257,22.305259878457274,TTNP
2000-11-17,760773.5,773701.6875,709259.6875,735911.625,735911.625,14,784601.1125,880209.95625,880916.028125,953009.50125,882648.399375,767791.740625,34.584371415508805,-42303.2796011864,-22856.992507269922,-19446.287093916475,1045165.1509011709,880916.028125,716666.905348829,11.622648110599256,15.15758186467974,TTNP
2000-11-20,733922.625,733922.625,696132.625,715027.625,715027.625,10,764313.825,853239.7875,871816.58125,948415.02625,881084.5875,768650.7184375,33.23254638799889,-49953.93052664213,-28276.380111144364,-21677.550415497764,1050977.1841063686,871816.58125,692655.9783936315,5.8546189214707285,10.426236891064493,TTNP
2000-11-21,713038.6875,740884.0,711049.75,721988.9375,721988.9375,10,749436.475,823604.425,864855.253125,943910.05375,879751.990625,769376.6853125,34.15642754843905,-54823.436316937674,-33585.79135230303,-21237.644964634645,1055569.3565374203,864855.253125,674141.1497125798,7.275716480105774,8.250994504058665,TTNP
2000-11-22,697127.0625,711049.75,692154.6875,696132.625,696132.625,13,724972.3875,793173.4875,857058.56875,938166.96,878508.896875,769998.2325,32.36504767620487,-60076.41949945479,-38883.91698173338,-21192.502517721405,1061483.2975360497,857058.56875,652633.8399639502,4.885492133167861,6.005275844914866,TTNP
2000-11-24,697127.0625,721988.9375,697127.0625,719005.5,719005.5,4,717613.2625,770002.2125,849600.003125,932856.4625,877407.515625,770709.2821875,35.58352925649349,-61682.756243598415,-43443.68483410639,-18239.071409492026,1062564.6852297129,849600.003125,636635.3210202871,5.652007331067054,5.937738648113641,TTNP
2000-11-27,745856.375,775690.625,742872.9375,742872.9375,742872.9375,6,719005.525,751803.31875,845622.103125,929614.47375,876855.581875,771315.9121875,38.85333773964234,-60334.38966144761,-46821.82579957463,-13512.563861872979,1063386.1101425025,845622.103125,627858.0961074976,8.086788163848668,6.20809587602794,TTNP
2000-11-28,747845.3125,748839.75,696132.625,716022.125,716022.125,9,719204.425,741759.125,841146.965625,927376.905,875786.52125,771465.0834375,36.60236196030953,-60732.350861626444,-49603.930811984996,-11128.420049641449,1065599.0287812161,841146.965625,616694.9024687838,10.131334877131625,7.956710124015861,TTNP
2000-11-29,716022.125,716022.125,691160.25,697127.0625,697127.0625,11,714232.05,731834.2625,834155.80625,924239.33625,874205.305625,771470.055625,35.062910377173324,-61859.33569525229,-52055.011788638454,-9804.323906613834,1067239.5839615236,834155.80625,601072.0285384766,8.12220542723872,8.780109489406415,TTNP
2000-11-30,676243.125,716022.125,636464.0625,716022.125,716022.125,18,718209.95,721591.16875,823514.925,921206.1875,872825.471875,771059.8346875,37.87672789434103,-60530.052893161424,-53750.02000954305,-6780.032883618376,1057765.2985439769,823514.925,589264.5514560232,11.63963215560726,9.964390819992614,TTNP
2000-12-01,716022.125,781259.6875,712044.1875,761569.0625,761569.0625,6,726722.6625,722167.9625,813918.240625,919233.14875,872149.72625,770293.094375,44.15815597294165,-55165.41690413677,-54033.09938846179,-1132.3175156749785,1041718.4670253426,813918.240625,586118.0142246573,25.328811524993924,15.030216369280046,TTNP
2000-12-04,765745.875,765745.875,707071.8125,711845.3125,711845.3125,5,720517.1375,719761.33125,799985.64375,914674.475,871573.428125,769501.4921875,39.466539582389366,-54300.25575143506,-54086.530661056444,-213.72509037861892,1016697.9446148871,799985.64375,583273.342885113,37.00042774630439,24.65629047563527,TTNP
2000-12-05,712044.1875,790607.75,712044.1875,790607.75,790607.75,11,735434.2625,727319.34375,790279.565625,907733.04,872281.991875,769439.3375,48.75426286110008,-46720.57315884612,-52613.33916061438,5892.766001768257,989726.1346240032,790279.565625,590832.9966259969,53.65666838714526,38.66196921948127,TTNP
2000-12-06,813480.6875,880110.5,807513.8125,825414.375,825414.375,12,761091.725,737661.8875,780633.15625,901149.615,872828.953125,769787.40375,52.24157792077187,-37473.050350876525,-49585.281398666804,12112.23104779028,951662.5861367771,780633.15625,609603.7263632229,63.37880341175558,51.34529984840182,TTNP
2000-12-07,815469.625,815668.5,765745.875,775491.6875,775491.6875,5,772985.6375,745597.79375,769385.640625,893090.38875,873025.85875,769873.425625,47.27263531691373,-33783.23347453703,-46424.87181384085,12641.63833930382,907541.8595892456,769385.640625,631229.4216607544,70.07400260092987,62.36982479994365,TTNP
2000-12-08,795580.125,865193.375,795580.125,865193.375,865193.375,9,793710.5,760216.58125,765109.396875,885930.16875,874268.9525,769873.425625,55.46862079344778,-23351.667021854664,-41810.23085544362,18458.563833588953,884581.2226111275,765109.396875,645637.5711388724,76.16326560626756,69.87202387298441,TTNP
2000-12-11,894033.125,939779.0,875337.0,895027.625,895027.625,8,830346.9625,775432.05,763617.684375,877974.36875,875412.59875,769860.9946875,57.817171833571734,-12532.731288022595,-35954.73094195941,23421.999653936815,875582.8337135587,763617.684375,651652.5350364412,78.72822511052185,74.98849777257317,TTNP
2000-12-12,890055.25,894033.125,821436.4375,835359.125,835359.125,5,839297.2375,787365.75,764562.4375,870830.05875,876282.764375,769040.5528125,51.91951909629733,-8673.414330883184,-30498.467619744166,21825.05328886098,878595.0791292301,764562.4375,650529.7958707699,81.565744952002,78.81907855626388,TTNP
2000-12-13,840331.5,849281.75,768729.3125,775690.625,775690.625,5,829352.4875,795222.10625,763528.184375,864167.07625,876780.001875,768145.5253125,46.780588873767606,-10310.77096753032,-26460.928289301395,16150.157321771076,876760.3148642272,763528.184375,650296.0538857727,65.57377758555016,75.28924921602474,TTNP
2000-12-14,775690.625,775690.625,709060.75,710850.8125,710850.8125,7,816424.3125,794704.975,758148.071875,857659.23,876927.18375,767162.4865625,41.9244535186768,-16648.505272965762,-24498.44368603427,7849.938413068507,870653.0299310817,758148.071875,645643.1138189184,45.33333992713997,64.15762082156411,TTNP
2000-12-15,710850.8125,734917.125,709856.375,727756.875,727756.875,12,788937.0125,791323.75625,756745.859375,851091.715,876733.758125,766263.978125,43.569302096237024,-20075.608301179018,-23613.87660906322,3538.268307884202,870029.2391144476,756745.859375,643462.4796355524,33.5081997074412,48.13843907337718,TTNP
2000-12-18,732729.3125,774099.4375,732729.3125,771712.6875,771712.6875,14,764274.025,797310.49375,758535.9125,847034.25625,877240.94,765436.0775,47.715624504794484,-19025.43208908208,-22696.187705066994,3670.755615984912,871577.0337296522,758535.9125,645494.7912703478,33.07103720644612,37.3041922803425,TTNP
2000-12-19,771712.6875,771712.6875,710055.25,710055.25,710055.25,13,739213.25,789255.24375,758287.29375,841747.62625,877628.785625,764386.90625,42.94856920226163,-22904.372440412524,-22737.8246521361,-166.5477882764244,871731.2382987367,758287.29375,644843.3492012632,32.98360745366647,33.187614789184664,TTNP
2000-12-20,705082.875,705281.75,656353.5625,686585.625,686585.625,21,721392.25,775372.36875,756517.128125,836385.41625,877719.78,763506.2984375,41.258859270528866,-27554.630579598364,-23701.185837628553,-3853.4447419698117,873229.1940669308,756517.128125,639805.0621830693,26.506379229210552,30.853674629774446,TTNP
2000-12-21,686187.875,689171.25,624530.375,638453.0625,638453.0625,12,706912.7,761668.50625,753633.15,828198.8975,876919.2275,762633.6465625,37.96039561734412,-34723.61694984825,-25905.67206007249,-8817.944889775757,878721.1354022038,753633.15,628545.1645977963,13.115129893145577,24.20170552534093,TTNP
2000-12-22,643425.4375,661325.9375,636464.0625,661325.9375,661325.9375,13,693626.5125,741281.7625,750749.171875,822609.94625,876446.85125,762086.685,40.39885510816908,-38120.01661941898,-28348.540971941788,-9771.475647477193,881432.1632689824,750749.171875,620066.1804810176,8.918335235785348,16.17994811938056,TTNP
2000-12-26,661325.9375,671270.6875,636663.0,657348.0625,657348.0625,8,670753.5875,717513.80625,746472.928125,817657.46,876071.436875,761669.0053125,40.10363541296349,-40663.92072954518,-30811.616923462465,-9852.303806082713,883356.987204764,746472.928125,609588.8690452359,8.832810135175206,10.288758421368776,TTNP
2000-12-27,656353.5625,667292.8125,652375.6875,662320.4375,662320.4375,17,661206.625,700209.9375,743787.84375,811113.81375,874987.45875,761798.2871875,40.687111112120085,-41796.94479611644,-33008.68249799326,-8788.262298123183,884994.3767831262,743787.84375,602581.3107168738,11.356466397487743,9.702537256149498,TTNP
2000-12-28,666099.4375,694143.625,662320.4375,687182.3125,687182.3125,23,661325.9625,691359.10625,743290.60625,806260.775,873903.480625,761604.364375,43.643237728814604,-40225.0397793717,-34451.953954268945,-5773.085825102753,885219.0654220667,743290.60625,601362.1470779332,14.090432855443481,11.426569796035542,TTNP
2000-12-29,716022.125,732530.375,701105.0,703491.6875,703491.6875,14,674333.6875,690623.19375,742664.084375,801037.79125,872982.59625,761566.5740625,45.56005091457136,-37234.052489564754,-35008.37366132811,-2225.678828236647,885177.9229209961,742664.084375,600150.2458290039,18.9695051538027,14.805468135578039,TTNP
2001-01-02,698519.3125,701105.0,600663.0,616375.6875,616375.6875,12,665343.6375,679485.075,735404.415625,794669.1725,871638.065625,761279.668125,38.10485073258006,-41415.79119425081,-36289.85716791265,-5125.93402633816,887777.8227968077,735404.415625,583031.0084531923,16.759019310767002,16.606319106671126,TTNP
2001-01-03,611403.3125,639447.5,601657.4375,616574.5625,616574.5625,19,657188.9375,663971.2625,730640.878125,788575.02875,870469.556875,761279.668125,38.12974068088923,-44204.24270140659,-37872.73427461144,-6331.508426795153,891389.0992219092,730640.878125,569892.6570280909,12.267741667075716,15.998755377215204,TTNP
2001-01-04,621546.9375,625524.875,556906.0625,592707.1875,592707.1875,15,643266.2875,652236.45625,720745.85,782488.84125,868291.65625,761359.22625,36.24593610281961,-47789.12501953251,-39856.012423595654,-7933.112595936858,889666.777409351,720745.85,551824.922590649,9.37318475690341,12.799981911582108,TTNP
2001-01-05,590718.25,590917.125,540994.5,566850.8125,566850.8125,16,619199.9875,640262.975,707817.671875,776601.5475,865656.296875,761073.3146875,34.27059841973036,-52115.80489818344,-42307.97091851321,-9807.833979670235,882206.2180774331,707817.671875,533429.1256725669,11.285254078305115,10.975393500761479,TTNP
2001-01-08,566850.8125,566850.8125,428419.875,457060.78125,457060.78125,37,569913.80625,622123.746875,691896.1265625,768701.436875,861773.8659375,759728.78421875,27.4338607957322,-63669.92063048051,-46580.36086090667,-17089.55976957384,894521.9684165615,691896.1265625,489270.28470843856,11.913723051407715,10.857387295538812,TTNP
2001-01-09,476950.28125,477348.0625,437569.0625,447513.8125,447513.8125,35,536141.43125,600742.534375,671012.1484375,760288.176875,857820.8271875,758100.33109375,26.930750781637,-72758.28891783033,-51815.946472291405,-20942.342445538925,883734.5624889395,671012.1484375,458289.7343860605,8.313174498341391,10.504050542684807,TTNP
2001-01-10,432596.6875,477348.0625,430607.75,477348.0625,477348.0625,40,508296.13125,582742.534375,650128.1703125,753386.519375,853842.9265625,756515.38640625,31.178275260557342,-76669.71092167625,-56786.69936216837,-19883.011559507875,852540.6999618942,650128.1703125,447715.64066310576,9.978779896851343,10.068559148866882,TTNP
2001-01-11,487292.8125,542983.4375,479734.8125,539005.5,539005.5,35,497555.79375,570411.040625,635310.4890625,748056.131875,850829.6665625,755356.82265625,39.06220927137199,-73941.94441845932,-60217.74837342656,-13724.196045032753,824255.2579902165,635310.4890625,446365.7201347834,19.338193493845992,12.543382629679641,TTNP
2001-01-12,512154.6875,526872.9375,493259.65625,505790.0625,505790.0625,17,485343.64375,552271.815625,621815.4609375,741432.928125,847359.9428125,754243.50765625,36.62793740008324,-73611.82670889108,-62896.564040519464,-10715.262668371615,807248.6139468526,621815.4609375,436382.3079281474,25.964684985665997,18.427219458787842,TTNP
2001-01-16,517127.0625,555911.625,517127.0625,550939.25,550939.25,11,504119.3375,537016.571875,613819.8828125,733874.918125,844490.8821875,753809.66796875,41.925682275180634,-68912.66167479753,-64099.78356737508,-4812.8781074224535,796983.6506449452,613819.8828125,430656.1149800548,34.030962155751645,26.444613545087947,TTNP
2001-01-17,576795.5625,613591.1875,556906.0625,593303.875,593303.875,26,533277.35,534709.390625,607097.2328125,726670.940625,842082.7609375,753693.31453125,46.44940145768962,-61066.13594523934,-63493.05404294793,2426.9180977085925,782756.1165390388,607097.2328125,431438.3490859611,39.982568013929296,33.32607171844905,TTNP
2001-01-18,588331.5,591712.6875,566850.8125,591712.6875,591712.6875,11,556150.275,532223.203125,598097.2328125,718695.249375,839372.8159375,753718.17640625,46.303510587187006,-54349.5950067509,-61664.362235708526,7314.767228957629,756715.4243749867,598097.2328125,439479.04125001334,49.40048518548372,41.138005118388286,TTNP
2001-01-19,581767.9375,589723.75,556906.0625,578784.5,578784.5,13,564106.075,530830.934375,591533.6953125,710576.353125,836260.1084375,753690.82828125,45.06503160524596,-49499.28763321426,-59231.34731520967,9732.059681995408,741717.2077355483,591533.6953125,441350.1828894518,52.452583024920365,47.27854540811119,TTNP
2001-01-22,583756.875,631491.6875,583756.875,619756.875,619756.875,13,586899.4375,536121.540625,588192.2578125,702604.639375,833780.8815625,753482.98296875,49.66042258236559,-41866.643250720226,-55758.40650231178,13891.763251591554,732631.7340381127,588192.2578125,443752.78158688726,57.7690142377837,53.20736081606265,TTNP
2001-01-23,646408.8125,720994.5,646408.8125,680221.0,680221.0,26,612755.7875,558437.5625,590280.6546875,696200.219375,831607.9534375,753285.33109375,55.56741586452072,-30586.18946670671,-50723.96309519077,20137.773628484058,738719.0084457356,590280.6546875,441842.3009292644,68.55857221326735,59.59338982532387,TTNP
2001-01-24,666298.3125,729944.75,650386.75,691160.25,691160.25,17,632327.0625,582802.20625,591772.3703125,691009.059375,829631.4346875,753260.46921875,56.560567390054416,-20527.01981294446,-44684.5744387415,24157.55462579704,743597.5859801641,591772.3703125,439947.154644836,81.12295167231389,69.15017937445505,TTNP
2001-01-25,701105.0,724972.375,689171.25,719005.5,719005.5,7,657785.625,606967.95,594855.2421875,686891.931875,827485.8540625,753685.60734375,59.06852175005382,-10190.70433135936,-37785.800417265076,27595.096085905716,754199.207537253,594855.2421875,435511.27683774696,89.85771173656849,79.84641187404998,TTNP
2001-01-26,719005.5,719005.5,676243.125,696132.625,696132.625,9,681255.25,622680.6625,596545.8515625,684485.303125,825024.5284375,754195.27609375,56.19831552693809,-3800.9348875947762,-30988.827311331017,27187.89242373624,759396.0213238703,596545.8515625,433695.6818011297,90.76517595217767,87.24861312035341,TTNP
2001-01-29,715027.625,777679.5625,708066.3125,765745.875,765745.875,11,710453.05,648676.24375,600474.0296875,683872.706875,823582.5396875,755239.47515625,62.21589668471839,6801.803963076556,-23430.701056449503,30232.50501952606,775234.4125944267,600474.0296875,425713.6467805733,93.90664087015251,91.50984285296629,TTNP
2001-01-30,770718.25,788618.8125,763756.875,785436.4375,785436.4375,13,731496.1375,672125.9625,604571.2671875,683212.374375,822436.9040625,756382.12703125,63.73359867351744,16602.036778125912,-15424.15348953442,32026.19026766033,792171.194985393,604571.2671875,416971.3393896071,94.81966482708339,93.16382721647125,TTNP
2001-01-31,785436.4375,785436.4375,755801.125,773900.5625,773900.5625,14,748044.2,690185.63125,612447.5109375,683574.363125,820479.7771875,757908.3978125,62.15833287780224,23170.844120080466,-7705.153967611441,30875.998087691907,814071.4312191956,612447.5109375,410823.5906558045,96.96924265506674,95.2318494507676,TTNP
2001-02-01,765745.875,775690.625,763756.875,775690.625,775690.625,16,759381.225,708583.425,620403.3140625,684369.943125,818689.7221875,759661.1603125,62.31398960752439,28196.087403719197,-524.905693345313,28720.99309706451,834238.0221038962,620403.3140625,406568.6060211038,96.65633733415257,96.14841493876763,TTNP
2001-02-02,780663.0,786828.75,711049.75,712839.75,712839.75,16,762722.65,721988.95,626409.9421875,684326.185625,816370.6059375,760739.17125,53.926571920173174,26798.175874903798,4939.71062030451,21858.465254599287,843519.2415965154,626409.9421875,409300.6427784845,87.64860367828533,93.75806122250161,TTNP
2001-02-05,720994.5,720994.5,661325.9375,666099.4375,666099.4375,13,742793.3625,726623.20625,631372.3734375,683208.395625,813559.2246875,761446.7403125,48.679098938530615,21668.981789650512,8285.56485417371,13383.416935476802,847343.5247888672,631372.3734375,415401.2220861328,71.61174814282987,85.30556305175598,TTNP
2001-02-06,666099.4375,679624.3125,646408.8125,675248.625,675248.625,20,720755.8,726125.96875,642281.765625,682790.715625,810478.8378125,762237.348125,49.710669293848476,18133.29218679224,10255.110320697417,7878.181866094825,843467.2465138535,642281.765625,441096.28473614645,56.76177095324505,72.00737425812014,TTNP
2001-02-07,676243.125,701105.0,668287.3125,679226.5,679226.5,3,701820.9875,724932.59375,653867.4,681995.135625,807425.7990625,763234.309375,50.17955337027102,15473.841162481229,11298.856489054178,4174.98467342705,834490.6587229616,653867.4,473244.1412770385,50.329035267445136,59.56751812117341,TTNP
2001-02-08,684198.875,697127.0625,669281.75,676044.1875,676044.1875,4,681891.7,720636.4625,663802.20625,680658.560625,805136.5171875,764246.43640625,49.77968399879927,12960.025930756237,11631.09037739459,1328.9355533616472,825346.3388245943,663802.20625,502258.0736754058,49.63706307246685,52.24262309771907,TTNP
2001-02-09,671270.6875,676243.125,651381.1875,658342.5625,658342.5625,5,670992.2625,716857.45625,669769.059375,679504.969375,803440.9371875,765039.53046875,47.511665472123774,9430.724527772167,11191.017207470106,-1760.292679697939,820915.3838034256,669769.059375,518622.7349465743,35.40995577217995,45.125351370697366,TTNP
2001-02-12,653370.1875,721988.9375,653370.1875,721988.9375,721988.9375,6,682170.1625,712481.7625,680579.003125,680002.206875,802120.7715625,765902.23765625,55.38287179289182,11635.333405459649,11279.880447068015,355.45295839163373,813037.8748692569,680579.003125,548120.1313807432,35.52900737844164,40.19200874102953,TTNP
2001-02-13,721988.9375,755801.125,686386.75,686585.625,686585.625,8,684437.5625,702596.68125,687361.321875,679413.476875,800309.8321875,766127.98359375,50.81778398878667,10405.798812132678,11105.064120080948,-699.2653079482698,805713.660662465,687361.321875,569008.983087535,29.930076998804722,33.62301338314216,TTNP
2001-02-14,691558.0,711049.75,651381.1875,707071.8125,707071.8125,13,690006.625,695913.80625,693049.71875,678323.531875,798778.3403125,765983.78453125,53.22065115879659,10958.129414943396,11075.677179053437,-117.54776411004059,803440.7722192002,693049.71875,582658.6652807998,41.35197653704629,35.60368697143094,TTNP
2001-02-15,706077.375,718011.0625,686187.875,698121.5625,698121.5625,4,694422.1,688156.9,698370.1625,678049.056875,796361.7659375,766186.40890625,52.02476321007775,10552.008042046451,10970.94335165204,-418.9353096055893,798491.3997004284,698370.1625,598248.9252995716,35.757579752947656,35.67987776293295,TTNP
2001-02-16,681215.5,695138.125,638453.0625,695138.125,695138.125,6,701781.2125,686386.7375,704187.84375,676139.664375,791936.3521875,766666.24328125,51.60847149906386,9875.575963086681,10751.86987393897,-876.2939108522878,788037.8500481844,704187.84375,620337.8374518156,38.923106615788406,38.67755430192751,TTNP
2001-02-20,708066.3125,714033.125,634475.125,653370.1875,653370.1875,6,688057.4625,685113.8125,705868.509375,672698.780625,786924.1978125,766738.34296875,46.05259563227785,5901.150391672854,9781.725977485747,-3880.5755858128923,784036.8798899915,705868.509375,627700.1388600086,28.83803033895214,34.50623890256279,TTNP
2001-02-21,638453.0625,655359.125,623933.6875,636464.0625,636464.0625,7,678033.15,681235.35625,703680.6625,669918.228125,781504.3084375,766676.18828125,43.988379221619155,1371.397873993381,8099.6603567872735,-6728.262482793893,786885.1332630074,703680.6625,620476.1917369926,19.280912503275673,29.014016486005463,TTNP
2001-02-22,633480.6875,640442.0,576994.5,583359.125,583359.125,10,653290.6125,671648.61875,698290.60625,664281.543125,775105.8559375,766510.11109375,38.19672354517938,-6429.473305088701,5193.833624412078,-11623.306929500779,796631.2156688886,698290.60625,599949.9968311113,7.7091918643736745,18.609378235533885,TTNP
2001-02-23,588331.5,621546.9375,563867.375,617171.25,617171.25,7,637100.55,665761.325,693198.89375,658724.415625,768349.3921875,766861.16078125,43.31425888247843,-9770.73308009503,2200.9202835106566,-11971.653363605687,797109.5377823384,693198.89375,589288.2497176616,12.832494790687617,13.274199719445711,TTNP
2001-02-26,636464.0625,676243.125,601657.4375,668287.3125,668287.3125,8,631730.3875,666755.8,691806.628125,655382.979375,763106.5190625,767741.27140625,50.04821077651216,-8199.54719920142,120.82678696824087,-8320.373986169661,796267.454989422,691806.628125,587345.8012605781,28.403113972017934,16.3149335423598,TTNP
2001-02-27,663314.9375,663513.8125,611602.1875,628508.3125,628508.3125,6,626758.0125,657407.7375,684944.75,652439.333125,758303.2046875,768397.62515625,45.51665176194001,-10048.372538111638,-1913.013078047735,-8135.3594600639035,787080.2275290827,684944.75,582809.2724709173,38.61831665005951,26.617975137588413,TTNP
2001-02-28,623535.9375,643425.4375,590718.25,616574.5625,616574.5625,6,622780.1125,650406.63125,676501.65625,650553.808125,754106.5190625,768957.01734375,44.223006776809804,-12334.351108048577,-3997.2806840479034,-8337.070424000674,771694.5819233193,676501.65625,581308.7305766807,38.514689313369985,35.1787066451492,TTNP
2001-03-01,606629.8125,609613.25,556906.0625,585745.875,585745.875,5,623257.4625,638274.0375,667093.921875,647713.588125,749402.6515625,769374.69703125,40.98254772173498,-16444.066071867594,-6486.637761611842,-9957.428310255753,759059.5905361052,667093.921875,575128.2532138948,25.213308618588513,34.11543819400606,TTNP
2001-03-02,581767.9375,593701.6875,570828.75,581767.9375,581767.9375,12,616176.8,626638.675,657397.7875,643914.693125,745474.4746875,769865.7190625,40.569457349850566,-19793.859806234366,-9148.082170536347,-10645.77763569802,742127.2396462327,657397.7875,572668.3353537673,18.153715349372256,27.293904427110306,TTNP
2001-03-05,586740.3125,598674.0625,570033.125,574607.75,574607.75,3,597440.8875,614585.6375,650486.1875,641205.743125,741476.6846875,770358.23296875,39.791971138593134,-22763.95407325984,-11871.256551081045,-10892.697522178794,738486.6137685168,650486.1875,562485.7612314832,11.966674637788094,18.44456620191634,TTNP
2001-03-06,569834.25,589723.75,532044.1875,537812.125,537812.125,7,579301.65,603029.83125,644071.821875,638230.273125,737307.8446875,770766.21625,35.976335520912876,-27766.796258840943,-15050.364492633025,-12716.431766207917,744420.3785905505,644071.821875,543723.2651594495,8.167201216502484,12.762530401221,TTNP
2001-03-07,544773.5,545966.875,514143.65625,527071.8125,527071.8125,6,561401.1,592090.60625,636662.98125,636002.648125,732100.7728125,771263.45375,34.92365509219047,-32226.748298725346,-18485.64125385149,-13741.107044873857,747989.8467650169,636662.98125,525336.115734983,6.114353607626998,8.749409820639247,TTNP
2001-03-08,522099.4375,531049.75,487292.8125,497237.5625,497237.5625,7,543699.4375,583478.45,627563.534375,632720.880625,727665.4134375,771686.105625,32.112786719637555,-37733.69649750972,-22335.252302583136,-15398.444194926586,752415.5672167632,627563.534375,502711.50153323694,4.609670649931059,6.2970751580202355,TTNP
2001-03-09,497237.5625,508176.78125,488287.28125,506784.53125,506784.53125,8,528702.75625,572439.778125,619100.5515625,629709.61,723683.535,772081.90671875,33.94494067763731,-40856.66186410701,-26039.53421488791,-14817.1276492191,752325.8515849471,619100.5515625,485875.2515400528,6.441304176367562,5.721776144641929,TTNP
2001-03-12,499226.53125,499226.53125,397790.0625,407734.8125,407734.8125,22,495328.16875,546384.528125,606570.1640625,624617.8975,717865.855625,771970.02828125,26.080576731080505,-50739.2286827903,-30979.473108468388,-19759.755574321913,767032.1413900706,606570.1640625,446108.18673492945,5.517962351161916,5.522979059153568,TTNP
2001-03-13,402762.4375,466408.84375,386055.25,462430.9375,462430.9375,39,480251.93125,529776.790625,593592.2640625,620122.87,713191.8225,771907.87359375,35.03170924766684,-53540.53198879247,-35491.684884533206,-18048.847104259265,756580.8136255827,593592.2640625,430603.7144994172,12.829105155280956,8.262790560936867,TTNP
2001-03-14,407734.8125,465215.46875,402762.4375,451690.59375,451690.59375,14,465175.6875,513288.39375,581847.5125,615086.848125,708062.3196875,771754.724375,34.157035889877214,-55981.91633692756,-39589.73117501208,-16392.185161915484,750106.7598043408,581847.5125,413588.26519565907,17.503014969452792,11.950027491965278,TTNP
2001-03-15,449502.75,475359.125,441546.96875,449701.65625,449701.65625,10,455668.50625,499683.971875,568979.0046875,611753.3675,703211.27,771405.16640625,33.987798916871796,-57415.37297621369,-43154.8595352524,-14260.513440961295,736326.1311428205,568979.0046875,401631.87823217944,23.623481569196187,17.985200564643367,TTNP
2001-03-16,447513.8125,447513.8125,414696.125,421657.46875,421657.46875,10,438643.09375,483672.925,555155.8,607855.025625,698215.0271875,770989.973125,31.609639187541887,-60121.28845740692,-46548.1453196833,-13573.143137723615,723220.9770119211,555155.8,387090.62298807903,19.127532021609056,20.084676186752734,TTNP
2001-03-19,426629.84375,462430.9375,423646.40625,454475.125,454475.125,8,447991.15625,471659.6625,543122.65,605090.384375,693789.6128125,770658.06703125,37.15157817421492,-58938.232128342905,-49026.162681415226,-9912.069446927679,703668.6755801077,543122.65,382576.6244198923,20.449533019186692,21.06684886999737,TTNP
2001-03-20,449502.75,457458.5625,406143.65625,413701.65625,413701.65625,7,438245.3,459248.615625,531139.2234375,602027.40125,689314.474375,769643.7025,33.5175077030051,-60592.259780747525,-51339.382101281684,-9252.87767946584,692755.036712495,531139.2234375,369523.4101625049,17.26077299467617,18.94594601182403,TTNP
2001-03-21,414099.4375,423646.40625,362983.4375,373922.65625,373922.65625,12,422691.7125,443933.7,518012.153125,600364.63875,684533.0378125,768082.37640625,30.393854948838282,-64370.89386988786,-53945.68445500292,-10425.209414884943,685807.0775283226,518012.153125,350217.22872167744,14.53070703950268,17.41367101778857,TTNP
2001-03-22,288397.78125,383867.40625,288397.78125,377900.5625,377900.5625,60,408331.49375,432000.0,507739.225,598972.37375,679630.2753125,766304.75203125,31.085505885096783,-66280.46487853193,-56412.64053970872,-9867.824338823208,683253.3573806098,507739.225,332225.0926193901,15.284683478045826,15.692054504074948,TTNP
2001-03-23,392817.6875,427624.3125,379889.5,426629.84375,426629.84375,14,409325.96875,423984.53125,498212.1546875,597958.009375,675672.264375,764876.4371875,39.07232970673552,-63133.99847643217,-57756.91212705341,-5377.086349378762,669567.9923954473,498212.1546875,326856.3169795526,26.45403206058948,18.75647419271272,TTNP
2001-03-26,432795.59375,462430.9375,432795.59375,442541.4375,442541.4375,16,406939.23125,427465.19375,486924.8609375,596028.728125,672042.43,763546.3265625,41.45815319967467,-58680.04155482771,-57941.53801260827,-738.5035422194414,640833.7463380576,486924.8609375,333015.9755369425,44.85543520384547,28.86471691416031,TTNP
2001-03-27,452486.1875,471779.0,445524.875,468397.78125,468397.78125,12,417878.45625,428061.878125,478919.334375,595280.8825,668356.9053125,762246.05015625,45.2125724027361,-52459.1414275897,-56845.05869560455,4385.917268014855,618529.7457637993,478919.334375,339308.92298620066,59.9668221339351,43.75876313279007,TTNP
2001-03-28,463425.40625,489281.78125,453480.65625,484309.40625,484309.40625,11,439955.80625,431323.759375,472306.0765625,593948.285625,663911.601875,761031.5475,47.446208910761065,-45718.08843414008,-54619.664643311655,8901.576209171573,596934.1009450831,472306.0765625,347678.0521799168,74.38871908741554,59.73699214173209,TTNP
2001-03-29,477348.0625,491270.71875,422651.9375,431801.09375,431801.09375,14,450735.9125,429533.703125,464608.8375,590718.23,658694.5853125,759809.33734375,41.44182235214329,-44104.33009529335,-52516.597733708,8412.267638414647,578843.5417600651,464608.8375,350374.133239935,77.11315378390456,70.48956500175179,TTNP
2001-03-30,442541.4375,453480.65625,430011.0625,441546.96875,441546.96875,13,453719.3375,431522.653125,457597.7890625,587714.915625,653205.0825,758828.53625,42.8865402575638,-41559.927350096696,-50325.263656985735,8765.33630688904,558662.4588145905,457597.7890625,356533.1193104095,77.54978160210464,76.35055149114164,TTNP
2001-04-02,436574.59375,446519.34375,397790.0625,404751.375,404751.375,9,446161.325,426550.278125,449104.9703125,584234.253125,647405.303125,757781.85125,38.976690045182856,-42028.09305001277,-48665.82953559114,6637.736485578367,537115.4134141664,449104.9703125,361094.5272108336,66.95400017335169,73.87231185312037,TTNP
2001-04-03,407734.8125,407734.8125,361988.9375,384861.875,384861.875,8,429454.14375,423666.3,441457.4578125,579536.353125,641070.49625,756449.2546875,37.012428035471345,-43502.56369182718,-47633.17636683835,4130.6126750111725,523698.22328630136,441457.4578125,359216.69233869866,60.1307201623842,68.2115006459469,TTNP
2001-04-04,374917.125,396596.6875,367955.8125,384861.875,384861.875,12,409564.6375,424760.221875,434346.9609375,573629.170625,634914.695,755066.934375,37.012428035471345,-44162.02002154698,-46938.94509778007,2776.925076233092,510083.0507200158,434346.9609375,358610.8711549842,50.816993313035454,59.30057121625717,TTNP
2001-04-05,397790.0625,447314.90625,397790.0625,446519.34375,446519.34375,5,412508.2875,431622.1,431811.05,568736.3525,629872.7059375,753806.43703125,46.67431772999726,-39256.872687036346,-45402.53061563133,6145.657928594985,502158.89819809207,431811.05,361463.2018019079,57.67974022327823,56.20915123289935,TTNP
2001-04-06,441546.96875,472375.6875,423646.40625,452088.40625,452088.40625,17,414616.575,434167.95625,429076.24375,563398.010625,625144.97125,752536.4921875,47.45827540265935,-34522.181069547485,-43226.46070641456,8704.279636867075,491341.2639648091,429076.24375,366811.2235351909,68.725493307028,59.07407561444728,TTNP
2001-04-09,452088.40625,482320.4375,452088.40625,459447.5,459447.5,8,425555.8,435858.5625,431661.878125,558664.308125,621574.805625,751353.0665625,48.53497684259534,-29832.199462460296,-40547.608457623704,10715.408995163409,494459.82415468217,431661.878125,368863.9320953178,80.98039300255788,69.12854217762141,TTNP
2001-04-10,472375.6875,536022.125,472375.6875,512353.59375,512353.59375,14,451054.14375,440254.14375,434158.0109375,553596.4625,618734.5846875,750502.54171875,55.58214447516029,-21597.315232264227,-36757.549812551806,15160.234580287579,505091.3803810351,434158.0109375,363224.6414939649,85.14725252696572,78.28437961218391,TTNP
2001-04-11,546961.3125,551933.6875,504397.78125,510165.75,510165.75,13,476114.91875,442839.778125,437081.76875,548091.04875,615651.7115625,749535.41453125,55.245250946145006,-15073.8884538227,-32420.817540805983,17346.929086983284,515128.5909088269,437081.76875,359034.94659117307,84.25531964933465,83.4609883929528,TTNP
2001-04-12,507182.3125,556707.1875,505392.25,540596.6875,540596.6875,7,494930.3875,453719.3375,441626.5203125,543424.97125,613499.6671875,748459.39234375,58.97035841420971,-7363.620169245172,-27409.37806649382,20045.757897248648,531737.0233112812,441626.5203125,351516.0173137188,86.72616347387002,85.37624521672352,TTNP
2001-04-16,542983.4375,542983.4375,515138.125,518320.4375,518320.4375,10,508176.79375,461396.684375,446459.66875,538277.5675,611323.7553125,746986.07734375,55.339209452779755,-3015.91857683548,-22530.68616856215,19514.76759172667,541974.6112358185,446459.66875,350944.72626418155,83.34091142719028,84.77413151679838,TTNP
2001-04-17,523093.9375,548950.25,523093.9375,540795.5625,540795.5625,7,524446.40625,475001.103125,450775.690625,534836.68375,609581.4346875,745333.01109375,58.13984046287036,2217.657241455163,-17581.01748655869,19798.67472801385,554773.7421495863,450775.690625,346777.6391004136,87.94687965817292,86.00465151974447,TTNP
2001-04-18,537016.5625,609016.5625,537016.5625,606629.8125,606629.8125,21,543301.65,497177.896875,460422.0984375,533647.29125,608427.8434375,744089.91703125,65.05296368646715,11544.499751609284,-11755.914038925093,23300.413790534378,583005.077036847,460422.0984375,337839.119838153,90.38273362243763,87.22350823593366,TTNP
2001-04-19,601657.4375,602453.0625,560884.0,578784.5,578784.5,25,557025.4,516570.159375,470665.190625,531718.00875,607254.3621875,742881.62953125,60.5017595897919,16499.015253848454,-6104.928180370383,22603.94343421884,596809.5674835044,470665.190625,344520.81376649556,92.87462174332246,90.4014116746444,TTNP
2001-04-20,564861.875,575801.125,556906.0625,564861.875,564861.875,9,561878.4375,528404.4125,480013.25625,529430.71625,605712.9259375,741560.22078125,58.30531094515128,19082.098450715654,-1067.522854153175,20149.62130486883,604978.8767722773,480013.25625,355047.63572772266,89.64036242235404,90.96590592937143,TTNP
2001-04-23,567845.3125,567845.3125,536022.125,539005.5,539005.5,5,566015.45,537096.121875,485632.0390625,526689.9425,603674.2515625,740264.91671875,54.35845438738739,18825.804961643298,2911.1427090061197,15914.66225263718,610596.764684751,485632.0390625,360667.31344024895,80.51529493243262,87.67675969936977,TTNP
2001-04-24,543977.875,549944.75,528066.3125,537016.5625,537016.5625,4,565259.65,544853.028125,490355.7953125,524263.4225,601884.1959375,738835.35859375,54.055330656865394,18251.804450698954,5979.2750573446865,12272.529393354267,615590.1397176312,490355.7953125,365121.4509073688,74.63874258180806,81.5981333121983,TTNP
2001-04-25,559889.5,611602.1875,545966.875,593701.6875,593701.6875,9,562674.025,552987.8375,496620.990625,521697.6775,600849.9421875,737527.62390625,60.76972502203471,22115.98149254371,9206.61634438449,12909.365148159219,629158.8121683626,496620.990625,364083.16908163746,77.8061835659639,77.65340702673494,TTNP
2001-04-26,596685.0625,619160.25,594696.125,605635.375,605635.375,6,568044.2,562534.8,502687.2890625,520078.6725,599746.0746875,736285.77328125,62.02785940543482,25843.41172199417,12533.975419906426,13309.436302087743,643277.4253121545,502687.2890625,362097.15281284554,84.94744529139578,79.13079047972265,TTNP
2001-04-27,610607.75,656154.6875,610607.75,656154.6875,656154.6875,10,586302.7625,574090.6,513904.96875,519060.33,598691.9309375,735420.82859375,66.87152914208856,32499.281853649183,16527.036706654977,15972.245146994206,665456.0129558039,513904.96875,362353.92454419617,94.9034418607253,85.88569023936174,TTNP
2001-04-30,656154.6875,721988.9375,656154.6875,701105.0,701105.0,18,618722.6625,592369.05625,526882.8703125,519119.99875,598584.5278125,735078.97796875,70.47972281855242,40929.41264792415,21407.511894908814,19521.90075301534,694977.0391322589,526882.8703125,358788.70149274124,94.9052924056881,91.58539318593647,TTNP
2001-05-01,713038.6875,728154.6875,689171.25,725966.875,725966.875,14,656512.725,610886.1875,542943.6453125,519736.57375,597938.1190625,735110.05546875,72.27816418958216,49051.06739958783,26936.22299584462,22114.844403743213,722296.7143462714,542943.6453125,363590.57627872855,96.88523962670654,95.56465796437338,TTNP
2001-05-02,725966.875,735911.625,702099.4375,725966.875,725966.875,6,682965.7625,622819.89375,559998.8953125,521188.5075,596943.6440625,734886.29859375,72.27816418958216,54855.20069619501,32520.018535914696,22335.182160280314,740845.5940979761,559998.8953125,379152.1965270238,95.44721878066412,95.74591693768632,TTNP
2001-05-03,706077.375,706077.375,674254.125,678232.0625,678232.0625,12,697485.1,632764.65,574667.4046875,522023.8675,595971.0478125,734498.45328125,63.64428487720575,54969.56281523267,37009.92739177829,17959.635423454376,743504.8678889942,574667.4046875,405829.9414860058,89.52734949141949,93.95326929959678,TTNP
2001-05-04,683204.4375,700110.5,657546.9375,689171.25,689171.25,10,704088.4125,645195.5875,586800.0,524140.11,594210.8265625,734239.88953125,64.68537421231957,55305.37073966116,40669.016061354865,14636.354678306292,751891.2793520901,586800.0,421708.72064790985,82.53239171468017,89.16898666225465,TTNP
2001-05-07,669281.75,696132.625,661325.9375,688375.6875,688375.6875,12,701542.55,660132.60625,598614.3640625,525564.19875,592144.3071875,733778.45296875,64.54062294335047,54874.74380592676,43510.16161026924,11364.582195657516,757141.6332794753,598614.3640625,440087.09484552464,76.3468042582741,82.80218182145798,TTNP
2001-05-08,698320.4375,714033.125,679226.5,714033.125,714033.125,9,699155.8,677834.2625,611343.6453125,526479.115,590931.0471875,733606.90578125,67.09782230570838,55958.751976864995,45999.87968358839,9958.872293276603,763900.4266940444,611343.6453125,458786.86393095553,81.54673356642246,80.14197651312564,TTNP
2001-05-09,709060.75,727756.875,699116.0,725171.25,725171.25,5,698996.675,690981.21875,621984.528125,528412.37375,590425.8534375,733602.92765625,68.17092430508788,57058.850948661566,48211.67393660302,8847.177012058542,775125.6285960639,621984.528125,468843.42765393597,87.14511743759766,81.67955175409814,TTNP
2001-05-10,755801.125,755801.125,716022.125,717613.25,717613.25,9,706872.9125,702179.00625,632356.903125,530433.1475,590493.4778125,733710.33078125,66.58396604531136,56667.59115791903,49902.857380866226,6764.733777052803,781856.5173791565,632356.903125,482857.2888708434,89.17920188687299,85.95701763029776,TTNP
2001-05-11,716022.125,720000.0,666298.3125,672265.1875,672265.1875,11,703491.7,703790.05625,638940.328125,532163.53375,589938.5609375,733336.15953125,57.87801044860033,52097.75481294503,50341.836867281985,1755.9179456630445,783201.6033212936,638940.328125,494679.05292870646,80.46090349114529,85.59507427187204,TTNP
2001-05-14,692154.6875,693149.1875,656353.5625,675049.75,675049.75,5,700826.5125,701184.53125,646776.79375,534029.17,588971.9315625,733106.43578125,58.239087332677975,48145.82243653585,49902.633981132756,-1756.8115445969088,780629.7773329058,646776.79375,512923.8101670941,69.35559506217571,79.66523348006473,TTNP
2001-05-15,678232.0625,679226.5,643425.4375,650386.75,650386.75,8,688097.2375,693626.51875,652256.353125,535544.75,588375.2465625,733002.01609375,53.837125338728455,42533.48997710948,48428.8051803281,-5895.315203218619,776966.9020438499,652256.353125,527545.8042061501,53.13442092335606,67.65030649222575,TTNP
2001-05-16,650187.875,658342.5625,635469.625,651580.125,651580.125,16,673379.0125,686187.84375,654503.86875,537820.11,588025.1915625,732872.48578125,54.01823145403546,37746.84927554056,46292.41399937059,-8545.56472383003,777452.0323016236,654503.86875,531555.7051983764,41.434557523623596,54.64152450305185,TTNP
2001-05-17,656353.5625,685193.375,656353.5625,680419.875,680419.875,14,665940.3375,686406.625,659585.6375,540887.07125,588444.8596875,732682.04359375,58.27816576358133,35867.07551476103,44207.34630244868,-8340.270787687645,777909.7548278447,659585.6375,541261.5201721552,33.38081007004879,42.649929505676205,TTNP
2001-05-18,676243.125,689171.25,664309.375,675646.4375,675646.4375,20,666616.5875,685054.14375,665124.865625,544455.24875,588588.0646875,732517.45796875,57.33141787290534,33604.78965643211,42086.834973245364,-8482.045316813252,775283.5519435434,665124.865625,554966.1793064566,32.98765523325888,35.93434094231048,TTNP
2001-05-21,675646.4375,720994.5,673259.6875,715425.4375,715425.4375,12,674691.725,687759.11875,673945.8625,548628.066875,589168.8384375,732620.13765625,62.760644079838556,34622.6364665,40593.99527189629,-5971.3588053962885,769593.6897466851,673945.8625,578298.035253315,45.73002497267973,37.36616342532919,TTNP
2001-05-22,716419.875,720994.5,701701.6875,716022.125,716022.125,10,687818.8,687958.01875,682896.140625,554793.813125,589705.8553125,732346.65703125,62.83703080521157,35073.13383659313,39489.82298483566,-4416.689148242527,756599.8221914471,682896.140625,609192.4590585529,55.59229434243466,44.769991516124485,TTNP
2001-05-23,710055.25,713038.6875,684198.875,696729.3125,696729.3125,6,696848.6375,685113.825,688047.521875,559479.780625,589801.3253125,731852.40296875,58.64810198791314,33487.366005907184,38289.331589049965,-4801.965583142781,749474.1203197131,688047.521875,626620.9234302868,61.432514899811586,54.251611404975385,TTNP
2001-05-24,694740.3125,713038.6875,685193.375,704088.375,704088.375,4,701582.3375,683761.3375,692970.171875,564527.73625,589807.2921875,731394.94421875,59.75030489232829,32450.380628521787,37121.54139694433,-4671.1607684225455,741646.7213386183,692970.171875,644293.6224113817,58.292006526415314,58.43893858955391,TTNP
2001-05-25,701105.0,708265.1875,687182.3125,704884.0,704884.0,4,707429.85,687023.21875,695406.6375,569631.383125,590692.3753125,731165.22046875,59.874829049732156,31331.59145104303,35963.55140776407,-4631.959956721039,741264.8198765679,695406.6375,649548.455123432,55.20660633333758,58.31037591985489,TTNP
2001-05-29,701105.0,706077.375,674254.125,674254.125,674254.125,2,699195.5875,686943.65625,694064.09375,574683.31625,591269.1709375,730869.36390625,53.06799471453192,27654.583218533546,34301.75776991797,-6647.174551384422,740741.2261166722,694064.09375,647386.9613833278,48.98069776686358,54.159770208872224,TTNP
2001-05-30,674254.125,674254.125,626519.3125,629502.75,629502.75,10,681891.7125,684855.25625,689240.8875,578183.86875,591637.1265625,729964.39140625,45.01584024076181,20888.674110800726,31619.14103809452,-10730.466927293794,741354.0081407744,689240.8875,637127.7668592255,30.741677798799714,44.97632729966702,TTNP
2001-05-31,634475.125,641436.4375,622541.4375,622541.4375,622541.4375,10,667054.1375,681951.3875,684069.615625,582360.664375,592194.0328125,728925.16484375,43.89997155756418,14794.382227411028,28254.189275957822,-13459.807048546794,740892.2592293739,684069.615625,627246.9720206261,11.51302611574083,30.411800560468098,TTNP
2001-06-01,622541.4375,622541.4375,598674.0625,601657.4375,601657.4375,14,646567.95,674075.14375,680240.884375,586915.36,593639.999375,727706.93265625,40.644896631942586,8185.095056921593,24240.370432150576,-16055.275375228983,747484.5763439443,680240.884375,612997.1924060558,1.5822280418722727,14.612310652137664,TTNP
2001-06-04,615580.125,628707.1875,603646.4375,620353.5625,620353.5625,14,629661.8625,668545.85625,676800.0,591764.42,595368.396875,726594.61203125,44.60485871059222,4405.029951188597,20273.30233595818,-15868.272384769582,748742.3612812281,676800.0,604857.6387187719,6.72083790849215,6.605364022035142,TTNP
2001-06-05,624530.375,663314.9375,624530.375,663314.9375,663314.9375,7,627474.025,663334.80625,675546.9625,596498.121875,597228.065625,725535.49609375,52.45455929859104,4820.358942979714,17182.713657362485,-12362.35471438277,747512.1833272805,675546.9625,603581.7416727196,24.336012260148085,10.87969273683756,TTNP
2001-06-06,658342.5625,696132.625,634276.25,686187.875,686187.875,11,638811.05,660351.38125,674154.7,601371.050625,598699.889375,724764.77796875,56.02723537905333,6915.448079648195,15129.260541819627,-8213.812462171432,744137.9000712677,674154.7,604171.4999287322,47.371257290235555,26.142702486291984,TTNP
2001-06-07,681215.5,696928.1875,679226.5,696132.625,696132.625,7,653529.2875,660291.7125,672702.76875,605925.7475,600603.315,723981.62890625,57.52177600789062,9271.404547640355,13957.689342983773,-4686.2847953434175,739525.5495771742,672702.76875,605879.9879228259,68.02168007833261,46.57631654290547,TTNP
2001-06-08,696132.625,696132.625,682209.9375,684795.5625,684795.5625,3,670156.9125,658362.43125,671061.884375,609935.470625,601941.878125,723216.38015625,55.21771619426754,10107.201301222318,13187.591734631482,-3080.390433409164,734939.6653184759,671061.884375,607184.1034315241,73.87532847893887,63.089421949169065,TTNP
2001-06-11,687182.3125,687182.3125,635469.625,649988.9375,649988.9375,5,676083.9875,652872.925,669948.071875,614299.2275,602508.72875,722295.74484375,48.760101605966426,7870.249170253985,12124.123221755983,-4253.874051501998,734476.6145165258,669948.071875,605419.5292334743,64.01081789786774,68.63594215171314,TTNP
2001-06-12,652176.8125,652176.8125,608618.8125,636861.875,636861.875,6,670793.375,649133.7,668038.678125,618205.525625,602960.220625,721166.51828125,46.54906970288336,4980.788820689078,10695.456341542602,-5714.6675208535235,734092.3194951884,668038.678125,601985.0367548115,48.58297839017329,62.156374922326684,TTNP
2001-06-13,636464.0625,656154.6875,636464.0625,638055.25,638055.25,4,661166.85,649988.95,667422.103125,622871.603125,603552.928125,719906.51828125,46.78531109908057,2755.403489027871,9107.445771039656,-6352.042282011786,734347.7780073518,667422.103125,600496.4282426483,36.59240994950438,49.72873541251519,TTNP
2001-06-14,633480.6875,633480.6875,596685.0625,600663.0,600663.0,7,642072.925,647801.10625,664876.246875,627187.625625,603361.989375,718571.43546875,40.713375099952806,-2002.3901866500964,6885.478579501705,-8887.868766151802,737638.0661080582,664876.246875,592114.4276419417,23.797046091638688,36.324144810438845,TTNP
2001-06-15,596685.0625,596685.0625,561878.4375,566453.0625,566453.0625,12,618404.425,644280.66875,659177.90625,630819.449375,602224.31,716916.13171875,36.09753670169069,-8436.18491617951,3821.145880365462,-12257.330796544973,743163.0344813431,659177.90625,575192.7780186569,13.724099376843265,24.70451847266217,TTNP
2001-06-18,560884.0,571823.1875,537016.5625,556508.3125,556508.3125,8,599708.3,637896.14375,653221.0,633019.22875,600877.790625,715254.61265625,34.860250236973506,-14174.081813489669,222.10034159443558,-14396.182155084105,747907.4796452037,653221.0,558534.5203547963,6.308870501956029,14.610005323479385,TTNP
2001-06-19,573812.125,578784.5,541988.9375,551933.6875,551933.6875,8,582722.6625,626758.01875,645046.4125,635016.134375,599207.0725,713346.46328125,34.278204552002926,-18872.984433165868,-3596.9166133576255,-15276.067819808242,744927.2386388403,645046.4125,545165.5863611597,8.229957350521929,9.420975743107132,TTNP
2001-06-20,552928.1875,555911.625,535027.625,552928.1875,552928.1875,18,565697.25,613432.05,636891.715625,636885.748125,597775.028125,711399.77828125,34.5341077051183,-22260.050765582593,-7329.543443802619,-14930.507321779975,738871.2539066495,636891.715625,534912.1773433504,10.857982817277666,8.465603556585265,TTNP
2001-06-21,552928.1875,556906.0625,539005.5,541988.9375,541988.9375,13,553962.4375,598017.68125,629154.696875,637478.455,595537.45875,709559.99921875,33.011463481282235,-25532.706145503675,-10970.17598414283,-14562.530161360844,735199.8771087113,629154.696875,523109.5166412888,8.228205952515268,9.105382040105011,TTNP
2001-06-22,541988.9375,541988.9375,502209.9375,522099.4375,522099.4375,11,545091.7125,581748.06875,620055.25,637717.12875,592904.08875,707670.49640625,30.38800947485794,-29392.40815375524,-14654.622418065313,-14737.785735689928,729980.3836391188,620055.25,510130.1163608812,8.523588169854728,9.20325897988261,TTNP
2001-06-25,517127.0625,519911.59375,492265.1875,503801.09375,503801.09375,10,534550.26875,567129.284375,610001.1046875,636981.216875,590203.0940625,705341.435625,28.16997762406352,-33541.131927698734,-18431.924319992,-15109.207607706736,723768.4728450074,610001.1046875,496233.7365299926,6.716928403521675,7.822907508630613,TTNP
2001-06-26,524088.40625,555911.625,513348.0625,549944.75,549944.75,23,534152.48125,558437.571875,603785.6359375,637613.703125,587945.6353125,703317.67875,40.052793780720116,-32728.34598788002,-21291.208653569603,-11437.137334310417,716409.5626767653,603785.6359375,491161.7091982348,14.677913685930456,9.972810086435675,TTNP
2001-06-27,566850.8125,586740.3125,555911.625,566850.8125,566850.8125,20,536937.00625,551317.128125,600653.0390625,638134.808125,586485.7459375,701428.1759375,43.7259285579067,-30369.943516650237,-23106.95562618573,-7262.987890464508,713725.8406850724,600653.0390625,487580.2374399277,23.46819781982894,14.954346636427081,TTNP
2001-06-28,586740.3125,604640.875,576795.5625,599668.5,599668.5,21,548472.91875,551217.678125,599509.3921875,637995.581875,585821.4365625,699690.330625,50.11565647503565,-25558.160885155085,-23597.1966779796,-1960.964207175486,712135.3226843455,599509.3921875,486883.4616906545,39.95669878753887,26.034270097766143,TTNP
2001-06-29,604640.875,613591.1875,586740.3125,596884.0,596884.0,18,563429.83125,554260.771875,599270.7203125,638357.571875,585037.7903125,697758.3140625,49.60103407109092,-21719.109981446294,-23221.57933867294,1502.4693572266442,711897.6623837439,599270.7203125,486643.7782412561,51.84078813265924,38.421894913342406,TTNP
2001-07-02,602651.9375,603646.4375,582563.5625,587734.8125,587734.8125,9,580216.575,557383.421875,597639.7828125,638815.030625,584122.8734375,695774.33625,47.86193042442857,-19193.645057099522,-22415.992482358255,3222.347425258733,709942.5273857063,597639.7828125,485337.0382392938,59.0631483634205,50.28687842787292,TTNP
2001-07-03,582762.4375,597480.6875,572817.6875,596486.1875,596486.1875,4,589524.8625,561838.671875,594298.3453125,639964.644375,583327.2934375,694231.9053125,49.6793670652341,-16298.158064439194,-21192.425598774444,4894.267534335249,702487.3770495141,594298.3453125,486109.313575486,65.29673662040238,58.73355770549409,TTNP
2001-07-05,598475.125,601657.4375,574806.625,596685.0625,596685.0625,8,595491.7125,566214.359375,589823.2046875,641158.014375,582710.7184375,693075.8278125,49.722258312605845,-13828.015456919791,-19719.54357040351,5891.5281134837205,689508.5155627105,589823.2046875,490137.8938122896,72.70692618818474,65.68893705733592,TTNP
2001-07-06,594099.4375,596088.375,557303.875,571823.1875,571823.1875,10,589922.65,569197.784375,583607.7328125,640720.444375,581209.0609375,691664.91625,44.603867238207805,-13718.417796248803,-18519.31841557257,4800.900619323766,670711.6615188775,583607.7328125,496503.80410612246,75.14736223422128,71.05034168093617,TTNP
2001-07-09,566850.8125,602651.9375,566850.8125,586740.3125,586740.3125,5,587893.9125,575661.871875,578704.9703125,640342.543125,580210.6078125,690260.22,48.058732367908554,-12286.245352176018,-17272.70380289326,4986.45845071724,652495.981359147,578704.9703125,504913.95926585305,76.50270071268052,74.7856630450289,TTNP
2001-07-10,589723.75,591712.6875,551933.6875,564861.875,564861.875,7,583319.325,581767.95,574448.6171875,638516.686875,578788.5084375,688783.424375,43.74913246080041,-12769.447193974629,-16372.052481109533,3602.605287134904,640741.0949323856,574448.6171875,508156.1394426144,67.75953835121912,73.13653376604036,TTNP
2001-07-11,564861.875,564861.875,531447.5,551933.6875,551933.6875,9,574408.825,581966.84375,570202.2078125,635533.260625,577326.6296875,686844.1978125,41.38735827576093,-14033.811774369795,-15904.404339761586,1870.5925653917911,630574.9342446285,570202.2078125,509829.4813803714,62.2950597288848,68.8524329309282,TTNP
2001-07-12,558895.0,581767.9375,558895.0,572817.6875,572817.6875,7,569635.35,582563.53125,566940.3296875,632470.276875,576103.4253125,684019.88875,46.41932575844223,-13198.52121172368,-15363.227714154005,2164.7065024303247,618736.7367175104,566940.3296875,515143.92265748966,58.46993156179778,62.84150988063396,TTNP
2001-07-13,573016.5625,597679.5625,573016.5625,577193.375,577193.375,5,570709.3875,580316.01875,565766.8484375,629494.806875,575341.6571875,681132.9275,47.43754078825382,-12044.623093277565,-14699.506789978717,2654.883696701152,615475.4074316722,565766.8484375,516058.28944332775,61.85791105506386,60.87430078191554,TTNP
2001-07-16,572221.0,582762.4375,558895.0,559292.8125,559292.8125,6,565219.8875,576556.9,565408.8359375,627116.021875,574569.9446875,678037.1265625,43.77281978998887,-12431.276298560202,-14245.860691695014,1814.5843931348118,615195.5469736035,565408.8359375,515622.1249013964,60.7422477701374,60.3566967956664,TTNP
2001-07-17,556906.0625,576795.5625,556906.0625,571823.1875,571823.1875,3,566612.15,574965.7375,566174.5796875,624769.060625,574454.5853125,674780.220625,46.86713167208805,-11592.968681063037,-13715.282289568619,2122.313608505581,615861.1579509607,566174.5796875,516488.0014240393,54.995273815056635,59.198477546752684,TTNP
2001-07-18,572221.0,576795.5625,564861.875,573613.25,573613.25,7,570948.0625,572678.44375,567258.5578125,622473.811875,574019.0053125,671184.19875,47.31320715399231,-10661.264351900667,-13104.478702035029,2443.2143501343617,616599.8405924734,567258.5578125,517917.27503252676,48.77251008092579,54.83667722204,TTNP
2001-07-19,569834.25,575801.125,533038.6875,541988.9375,541988.9375,9,564782.3125,567208.83125,566711.5953125,619032.928125,572756.0215625,667931.2703125,40.79679274050667,-12332.53786207945,-12950.090534043913,617.5526719644622,616911.2402709734,566711.5953125,516511.9503540266,37.77237904008154,47.18005431202138,TTNP
2001-07-20,527071.8125,547756.875,525082.875,546961.3125,546961.3125,9,558735.9,564722.64375,566960.2140625,615468.729375,571940.5515625,665121.878125,42.14602578798809,-13104.74174769444,-12981.020776774018,-123.72097092042168,616714.9111392286,566960.2140625,517205.5169857715,30.670898393717664,39.07192917157506,TTNP
2001-07-23,541988.9375,556707.1875,507182.3125,541988.9375,541988.9375,5,555275.125,560247.50625,567954.6890625,611956.243125,571194.6953125,662650.6071875,41.13641754841495,-13957.059700837824,-13176.228561586779,-780.8311392510459,614792.5907551356,567954.6890625,521116.78736986447,25.71310682419882,31.38546141933273,TTNP
2001-07-24,240662.984375,243845.296875,225745.859375,237679.5625,237679.5625,248,488446.4,527529.275,554648.6125,603264.530625,567714.0321875,658558.341875,15.95164855522642,-38741.167103433516,-18289.216269956127,-20451.95083347739,704577.853903708,554648.6125,404719.37109629204,22.490874381555695,26.29162653315745,TTNP
2001-07-25,233701.65625,253591.15625,232707.1875,238674.03125,238674.03125,66,421458.55625,496203.309375,539085.0765625,594537.01625,564283.093125,654878.78390625,16.132352011617186,-57638.08944616874,-26158.99090519865,-31479.09854097009,742735.376731979,539085.0765625,335434.776393021,14.351542975027138,20.85184139359394,TTNP
2001-07-26,238674.03125,253591.15625,238674.03125,245635.359375,245635.359375,38,362187.840625,463485.0765625,523024.30390625,586441.9884375,560993.36921875,651235.026953125,17.46997851769737,-71231.20653724426,-35173.43403160777,-36057.77250563649,762836.7538977184,523024.30390625,283211.8539147816,3.9577830833105128,13.600066813297836,TTNP
2001-07-27,246033.15625,248618.78125,238674.03125,240662.984375,240662.984375,13,300928.175,429832.0375,505074.028125,578223.645625,558021.8778125,647664.86125,17.25824313502639,-81465.9896537594,-44431.9451560381,-37034.044497721305,771517.0388476178,505074.028125,238631.01740238228,4.239272189487976,7.51619941594193,TTNP
2001-07-30,245635.359375,245635.359375,233900.546875,236685.078125,236685.078125,7,239867.403125,397571.2640625,487064.08203125,569348.9496875,555118.01046875,643609.391640625,17.07989782697295,-88873.63288289506,-53320.282701409495,-35553.35018148557,774144.4833807966,487064.08203125,199983.68068170344,4.076304365153356,4.091119879317336,TTNP
2001-07-31,238475.140625,238674.03125,227535.90625,228729.28125,228729.28125,21,238077.346875,363261.8734375,469113.80546875,560410.6065625,552432.92765625,640049.170546875,16.708016956636477,-94299.18749537575,-61516.063660202744,-32783.123835173006,773164.3963062798,469113.80546875,165063.21463122015,2.5846690223453197,3.6334151923289384,TTNP
2001-08-01,233701.65625,235690.609375,219779.0,228729.28125,228729.28125,12,236088.396875,328773.4765625,450725.96015625,550676.6834375,549652.37515625,636667.955078125,16.708016956636477,-97475.34353084781,-68707.91963433176,-28767.423896516048,766013.9388735131,450725.96015625,135437.98143898678,2.0372449225116527,2.899406103336831,TTNP
2001-08-02,228729.28125,234298.34375,222762.4375,226939.21875,226939.21875,14,232349.16875,297268.5046875,432238.66796875,540895.0253125,547844.41921875,632855.137421875,16.613624597982867,-98995.75175201992,-74765.48605786939,-24230.265694150527,754410.4836950178,432238.66796875,110066.85224248224,1.7143874843874076,2.1121004764148483,TTNP
2001-08-03,227734.8125,238475.140625,223756.90625,237679.5625,237679.5625,19,231752.484375,266340.3296875,415531.48671875,531714.0303125,545596.90546875,629394.363984375,19.55039840967959,-98202.01850077853,-79452.79254645122,-18749.22595432731,741648.092724462,415531.48671875,89414.88071303791,3.1183183072323133,2.2899835713771792,TTNP
2001-08-06,238475.140625,247624.3125,235690.609375,239668.515625,239668.515625,28,232349.171875,236108.2875,398177.896875,522425.633125,543476.6846875,625769.5021875,20.1115118282897,-96302.37347059476,-82822.70873127993,-13479.66473931483,722940.1436127169,398177.896875,73415.65013728302,4.185855679649741,3.0061871570898755,TTNP
2001-08-07,242453.03125,245436.46875,239071.828125,242850.828125,242850.828125,25,235173.48125,236625.4140625,382077.34453125,513184.9696875,541408.17640625,622309.723203125,21.060204863187664,-93462.72496010206,-84950.71197704435,-8512.012983057706,704105.5974961299,382077.34453125,60049.0915663701,5.688470942533489,4.330881643138569,TTNP
2001-08-08,244441.984375,245635.359375,230917.125,233701.65625,233701.65625,15,236167.95625,236128.1765625,366165.74296875,504373.9203125,539528.61828125,618871.822734375,20.313332595434176,-90902.67530846142,-86141.10464332777,-4761.570665133651,684477.4031003276,366165.74296875,47854.08283717238,5.394571610386026,5.089632744189807,TTNP
2001-08-09,235491.71875,235491.71875,227734.8125,229922.65625,229922.65625,11,236764.64375,234556.90625,349020.99140625,496382.3184375,537283.09359375,615536.353203125,19.99787042894631,-88162.46916762087,-86545.37754818638,-1617.09161943449,657757.0817021255,349020.99140625,40284.901110374485,4.541102987401346,5.208048513440342,TTNP
2001-08-10,231513.8125,233502.765625,223756.90625,228729.28125,228729.28125,12,234974.5875,233363.5359375,331597.78671875,488506.0753125,535433.36984375,612373.922109375,19.892808124387507,-85106.08151690394,-86257.5183419299,1151.4368250259577,625851.4068907797,331597.78671875,37344.16654672037,11.204487648222281,7.046720748669938,TTNP
2001-08-13,229524.859375,229524.859375,224751.375,227734.8125,227734.8125,3,232587.846875,232468.509375,315019.88671875,481027.6228125,533971.49140625,609252.264609375,19.79945790118572,-81820.93677327214,-85370.20202819834,3549.2652549261984,593002.5920086894,315019.88671875,37037.18142881064,17.670224924762653,11.13860518679548,TTNP
2001-08-14,228729.28125,229524.859375,214806.625,225348.0625,225348.0625,16,229087.29375,232130.3875,297696.13046875,473127.5128125,532445.96640625,606038.120859375,19.56219095797744,-78505.06910491933,-83997.17544354254,5492.106338623213,551649.9736591815,297696.13046875,43742.287278318574,25.726511818887246,18.200408130624115,TTNP
2001-08-15,226541.4375,228132.59375,216795.578125,221569.0625,221569.0625,13,226660.775,231414.365625,280093.92109375,464292.5953125,530395.35859375,603033.811484375,19.170474833065988,-75313.98111284894,-82260.53657740382,6946.555464554884,501873.58223760757,280093.92109375,58314.25994989241,23.56965070477241,22.322129149474154,TTNP
2001-08-16,220773.484375,220773.484375,212817.671875,218784.53125,218784.53125,15,224433.15,230598.896875,263933.70078125,454944.5284375,528157.78953125,600100.109765625,18.870627503618376,-72177.68981008328,-80243.96722393972,8066.277413856442,451485.2284951203,263933.70078125,76382.17306737977,21.440794703914694,23.578985742524836,TTNP
2001-08-17,218784.53125,218784.53125,207845.296875,214607.734375,214607.734375,7,221608.840625,228291.7140625,247316.021875,445314.030625,525619.8890625,596988.3971875,18.405584754464112,-69231.13552233146,-78041.40088361807,8810.265361286612,383465.46525329666,247316.021875,111166.57849670338,18.047635680973176,21.019360363220144,TTNP
2001-08-20,218187.84375,218187.84375,210629.828125,217193.375,217193.375,4,219500.553125,226044.2,231076.24375,435961.986875,522948.72875,593430.1653125,19.72444668949527,-65927.36085361041,-75618.59287761654,9691.232024006124,248304.0900572616,231076.24375,213848.39744273838,19.21430410751437,19.56757816413413,TTNP
2001-08-21,218585.640625,222563.53125,203867.40625,206850.828125,206850.828125,6,215801.10625,222444.2,229534.80703125,427099.2246875,520699.22609375,589696.905703125,18.440476178218084,-63412.67092536905,-73177.40848716703,9764.737561797985,249433.24838963157,229534.80703125,209636.36567286844,15.772736547775388,17.678225445421027,TTNP
2001-08-22,211823.203125,212022.09375,205259.671875,206850.828125,206850.828125,9,212857.459375,219759.1171875,227943.646875,418499.00375,518352.2646875,585778.67359375,18.44047617821808,-60719.82074312444,-70685.89093835851,9966.070195234075,249669.8591970162,227943.646875,206217.43455298382,12.37879038975325,15.788610348347717,TTNP
2001-08-23,204861.875,210828.734375,204066.296875,206850.828125,206850.828125,10,210470.71875,217451.934375,226004.4203125,409874.9153125,516373.25921875,581889.281171875,18.44047617821808,-57918.07406765505,-68132.32756421782,10214.253496562771,247990.05120056076,226004.4203125,204018.78942443925,6.818173702579898,11.656566880036229,TTNP
2001-08-24,209834.25,222762.4375,203867.40625,207845.296875,207845.296875,17,209118.23125,215363.5359375,224363.5359375,402018.56125,514603.0934375,577836.79484375,19.073122079934816,-54983.607523425104,-65502.583556059275,10518.976032634171,246625.0276248585,224363.5359375,202102.0442501415,7.720044590325959,8.972336227553084,TTNP
2001-08-27,208839.78125,217591.15625,208044.203125,215403.3125,215403.3125,12,208760.21875,214130.3859375,223299.44765625,394997.56625,512908.5078125,573911.60140625,23.90424174272583,-51455.01160531421,-62693.06916591026,11238.057560596048,245133.77652387237,223299.44765625,201465.11878862765,14.653665547621705,9.730627946842569,TTNP
2001-08-28,217790.0625,218784.53125,200883.984375,201878.453125,201878.453125,6,207765.74375,211783.425,221956.90625,387904.9690625,510462.09890625,570167.402421875,21.43793232931682,-49182.96641613543,-59991.0486159553,10808.082199819866,245523.90500164236,221956.90625,198389.90749835764,13.338789245287508,11.90416646107844,TTNP
2001-08-29,202872.921875,207248.625,197502.765625,201878.453125,201878.453125,5,206771.26875,209814.3640625,220614.36484375,380903.864375,507959.999375,566552.4853125,21.43793232931682,-46842.384385683254,-57361.31576990089,10518.931384217634,245507.12692031323,220614.36484375,195721.60276718676,14.215756290014845,14.06940369430807,TTNP
2001-08-30,199889.5,201679.5625,192331.484375,195712.703125,195712.703125,6,204543.64375,207507.18125,219053.0390625,373759.5546875,505322.65140625,563448.728515625,20.328985279474445,-44966.63340016449,-54882.37929595361,9915.745895789121,245995.87571537498,219053.0390625,192110.20240962502,8.039716341566427,11.864753958956308,TTNP
2001-08-31,192132.59375,198895.03125,191138.125,193922.65625,193922.65625,8,201759.115625,205438.6734375,216865.19375,366798.2290625,502138.34203125,560436.463359375,20.00543697244907,-43127.38342261943,-52531.38012128677,9403.996698667339,244500.090736325,216865.19375,189230.29676367503,9.499831204641124,10.585101278740849,TTNP
2001-09-04,189944.75,196906.078125,174033.15625,184972.375,184972.375,52,195672.928125,202216.5734375,214130.38671875,360055.6878125,498886.40828125,557269.059921875,18.42630425871699,-41908.878002347716,-50406.87969749896,8498.001695151244,242995.64149519714,214130.38671875,185265.13194230286,12.188461243611608,9.909336263273103,TTNP
2001-09-05,184972.375,186364.640625,175027.625,179403.3125,179403.3125,11,191177.9,199471.821875,210958.0109375,353567.7321875,495274.47453125,554387.070859375,17.50063773856876,-40920.87016022776,-48509.67779004472,7588.807629816962,240439.67043564073,210958.0109375,181476.35143935925,12.831618598385125,11.506637015546003,TTNP
2001-09-06,175226.515625,178209.9375,167867.40625,171447.515625,171447.515625,6,185091.7125,195931.490625,207845.30390625,345997.7875,491805.7453125,551564.7503125,16.245112843539754,-40315.105702324916,-46870.76337250076,6555.657670175846,240081.52009336487,207845.30390625,175609.0877191351,12.587567688569791,12.535882510188891,TTNP
2001-09-07,171447.515625,183580.109375,171049.71875,171248.625,171248.625,19,180198.896875,192371.2703125,204911.60234375,338085.74375,488110.2759375,548845.8553125,16.21379646889133,-39396.938433856005,-45375.99838477181,5979.0599509158055,239191.7525581603,204911.60234375,170631.4521293397,7.900517102527272,11.106567796494113,TTNP
2001-09-10,173038.671875,177016.578125,166077.34375,166872.921875,166872.921875,7,174788.95,188274.0328125,201818.784375,329429.8321875,483712.70703125,546070.275234375,15.505597213612718,-38577.667593216756,-44016.3322264608,5438.664633244043,238051.3454690738,201818.784375,165586.22328092618,4.694889171358692,8.39432465415197,TTNP
2001-09-17,151160.21875,159911.609375,151160.21875,155138.125,155138.125,13,168822.1,182247.5140625,198188.95,320594.9146875,479476.24328125,543365.302734375,13.768692973825738,-38432.26634236588,-42899.519049641814,4467.252707275933,237705.837304769,198188.95,158672.06269523103,4.3728312294198295,5.656079167768649,TTNP
2001-09-18,158917.125,158917.125,135248.625,143204.421875,143204.421875,28,161582.321875,176380.1109375,194081.76796875,311704.306875,475259.66875,540486.29734375,12.264135896720113,-38832.349755888776,-42086.08519089121,3253.7354350024325,238254.66456354858,194081.76796875,149908.87137395144,5.349990683674492,4.805903694817722,TTNP
2001-09-19,144198.890625,144198.890625,131270.71875,139027.625,139027.625,21,155098.34375,170095.028125,189954.69609375,302555.135625,471259.89,537467.07078125,11.778985223888682,-39036.4632949066,-41476.16081169429,2439.697516787688,238309.58585687814,189954.69609375,141599.80633062188,7.7082425164633905,5.810354809852622,TTNP
2001-09-20,137237.5625,137436.46875,129281.765625,134055.25,134055.25,8,147659.66875,163929.2828125,185718.23203125,293302.539375,467230.276875,534557.23640625,11.210436848761312,-39148.178024394525,-41010.564254234334,1862.386229839809,237920.93874922773,185718.23203125,133515.52531327226,7.6341673367439915,6.897466845627342,TTNP
2001-09-21,129281.765625,133259.671875,125502.765625,131270.71875,131270.71875,15,140539.228125,157664.0890625,181551.38125,284491.49,462605.9671875,531727.9546875,10.893338876279751,-39011.698575709626,-40610.79111852939,1599.092542819766,237064.0615880888,181551.38125,126038.70091191119,6.664987981427185,7.3357992782115735,TTNP
2001-09-24,135248.625,139027.625,125303.8671875,131270.71875,131270.71875,9,135765.746875,152293.9234375,177255.2484375,275382.098125,457862.320625,528804.19765625,10.893338876279751,-38460.19247117636,-40180.671389058785,1720.4789178824285,234346.31000006906,177255.2484375,120164.18687493095,6.266085722667564,6.855080346946298,TTNP
2001-09-25,132066.296875,132066.296875,119337.015625,126298.34375,126298.34375,34,132384.53125,146983.4265625,173227.62421875,266610.8275,452563.7571875,525627.8440625,10.29051665451397,-37986.46469729784,-39741.830050706594,1755.365353408757,232714.12556661537,173227.62421875,113741.12287088462,7.306342740127214,6.7458054814073725,TTNP
2001-09-26,129082.875,129281.765625,119337.015625,119337.015625,119337.015625,67,128446.409375,141772.3765625,168851.93359375,257958.8940625,446746.07734375,522665.302578125,9.498059081740784,-37737.73589642666,-39341.01121985061,1603.2753234239499,230632.1305792195,168851.93359375,107071.7366082805,5.245220688261392,6.272549717018774,TTNP
2001-09-27,122320.4453125,127093.921875,118342.5390625,124309.390625,124309.390625,14,126497.2375,137078.453125,164724.86171875,248988.728125,440729.5025,519333.81078125,14.559333887685511,-36716.14654079906,-38816.0382840403,2099.891743241242,226827.0861573554,164724.86171875,102622.63728014461,5.349681893666335,5.967081774018364,TTNP
2001-09-28,124309.390625,132265.1875,119337.015625,124309.390625,124309.390625,87,125104.971875,132822.1,160548.06640625,239931.0484375,434712.92765625,515828.285859375,14.559333887685508,-35497.338395611674,-38152.298306354576,2654.959910742902,221717.59704876767,160548.06640625,99378.53576373232,5.455622656260843,5.350175079396241,TTNP
2001-10-01,129082.875,129082.875,109790.0546875,111381.21875,111381.21875,32,121127.071875,128446.409375,155346.96171875,230972.8165625,429044.41921875,512507.733515625,12.458422687827184,-35169.21081438952,-37555.680807961566,2386.469993572049,214635.76079609653,155346.96171875,96058.1626414035,6.174402474326462,5.659902341417932,TTNP
2001-10-02,111381.21875,125303.8671875,104419.890625,124309.390625,124309.390625,88,120729.28125,126556.90625,151468.50859375,222022.540625,423395.800625,508803.31359375,24.232663039739247,-33480.03491526231,-36740.551629421716,3260.5167141594065,208166.14811114618,151468.50859375,94770.86907635383,12.017965149391443,7.882663426659634,TTNP
2001-10-03,124309.390625,137635.359375,121723.7578125,137436.46875,137436.46875,40,124349.171875,126397.790625,148246.409375,213299.005,417886.4084375,505015.3578125,33.94726421374429,-30727.893321470183,-35538.01996783141,4810.126646361226,200248.73394082423,148246.409375,96244.08480917574,24.253806744518368,14.148724789412142,TTNP
2001-10-04,139027.625,157127.078125,135248.625,147977.90625,147977.90625,37,129082.875,127790.05625,145859.66953125,205418.784375,412225.85625,501578.45171875,40.540254695237756,-27380.569214408315,-33906.52981714679,6525.9606027384725,193091.65299834285,145859.66953125,98627.68606415714,49.69990137750167,28.65722442380388,TTNP
2001-10-05,147182.328125,148176.796875,134254.140625,148176.796875,148176.796875,13,133856.35625,129480.6640625,143572.3765625,197443.0940625,406455.91171875,498440.882578125,40.66060132632992,-24430.126639480557,-32011.24918161354,7581.122542132984,185393.38926061906,143572.3765625,101751.36386438092,68.08868486489297,47.34746432897106,TTNP
2001-10-08,147182.328125,147182.328125,133259.671875,139226.515625,139226.515625,5,139425.415625,130276.24375,141285.08359375,189387.845625,400672.044375,495582.76109375,37.02852962650047,-22554.10287975674,-30119.819921242182,7565.717041485441,178555.11973445278,141285.08359375,104015.04745304721,74.94143978878272,64.24334201039251,TTNP
2001-10-09,139226.515625,141812.15625,134254.140625,140618.78125,140618.78125,11,142687.29375,131708.2875,139345.85703125,187446.63,395355.5803125,492647.070625,37.956948303643415,-20716.192956841987,-28239.094528362144,7522.901571520157,172262.45029451564,139345.85703125,106429.26376798435,71.66964206469822,71.5665889061247,TTNP
2001-10-10,143005.53125,151160.21875,139226.515625,151160.21875,151160.21875,26,145432.04375,134890.6078125,138331.4921875,185696.35375,390116.685,489544.30828125,44.615101994244746,-18199.24067584792,-26231.1237578593,8031.88308201138,168351.4671972276,138331.4921875,108311.51717777237,74.46539351645994,73.69215845664701,TTNP
2001-10-11,147182.328125,162895.03125,147182.328125,158121.546875,158121.546875,32,147460.771875,138271.8234375,137675.13828125,183946.0775,385194.03296875,486784.639765625,48.54234357716259,-15464.551138877083,-24077.809234062857,8613.258095185774,165263.13248473225,137675.13828125,110087.14407776772,83.0650630190424,76.40003286673357,TTNP
2001-10-12,159116.015625,159116.015625,139226.515625,147182.328125,147182.328125,20,147261.878125,140559.1171875,136690.60859375,182076.464375,380150.055,484087.62328125,43.341443453683496,-14018.398141092213,-22065.92701546873,8047.528874376516,161283.1978786674,136690.60859375,112098.0193088326,84.54840622195024,80.69295425248424,TTNP
2001-10-15,144994.46875,145193.375,137237.5625,142011.046875,142011.046875,17,147818.784375,143622.1,136034.2546875,180182.98375,374765.96671875,481605.413203125,41.099665489426215,-13138.142323556007,-20280.370077086183,7142.227753530176,159286.5983613053,136034.2546875,112781.91101369473,76.41723107584812,81.34356677228031,TTNP
2001-10-16,137237.5625,144000.0,137237.5625,139226.515625,139226.515625,8,147540.33125,145113.8125,135835.359375,178392.9284375,369401.7675,478994.91609375,39.902837798450946,-12520.888636613876,-18728.473788991723,6207.585152377847,158906.31720996427,135835.359375,112764.40154003573,65.64625441348973,75.53729723709608,TTNP
2001-10-17,141215.46875,141215.46875,128685.0859375,129082.875,129082.875,16,143124.8625,144278.453125,135338.121875,176400.0003125,363538.341875,476353.59015625,35.81169481570367,-12703.77644015936,-17523.53431922525,4819.757879065892,158540.73405509492,135338.121875,112135.5096949051,55.32879133912596,65.79742560948799,TTNP
2001-10-18,132265.1875,132265.1875,117348.0625,120132.59375,120132.59375,12,135527.071875,141493.921875,134641.9890625,174263.8678125,357579.4465625,473642.6509375,32.632489380512,-13416.274774103425,-16702.082410200885,3285.807636097459,158773.61299193816,134641.9890625,110510.36513306186,42.85713649505805,54.6107274158913,TTNP
2001-10-19,123314.9140625,123314.9140625,115558.0078125,118342.5390625,118342.5390625,20,129759.1140625,138510.49609375,133995.580078125,171877.12734375,351795.578828125,470798.4520703125,32.02023412679757,-13964.404329625395,-16154.546794085787,2190.142464460392,159125.74554769625,133995.580078125,108865.41460855376,30.952375862713126,43.0461012322991,TTNP
2001-10-22,121325.96875,137237.5625,118342.5390625,131867.40625,131867.40625,28,127730.3859375,137774.58515625,134025.414453125,169721.10515625,346073.369140625,467940.3306640625,41.02372712780731,-13155.805267517251,-15554.79848877208,2398.9932212548283,159143.98342282037,134025.414453125,108906.84548342964,28.378015526060977,34.06250929461078,TTNP
2001-10-23,136839.78125,136839.78125,124906.078125,125303.8671875,125303.8671875,11,124945.85625,136243.09375,133975.690625,167370.1659375,340277.5678125,465484.9715625,38.367960955425225,-12895.95093874287,-15023.028978766237,2127.078040023367,159159.1012411199,133975.690625,108792.28000888007,26.283848353266237,28.538079914013508,TTNP
2001-10-24,126298.34375,129281.765625,121922.6484375,122121.546875,122121.546875,9,123553.590625,133339.2265625,134114.9171875,165138.56375,334756.24203125,463012.706484375,37.113444162389015,-12799.259270885494,-14578.275037190087,1779.0157663045939,159002.1150565909,134114.9171875,109227.71931840907,22.969193037712774,25.877018972346722,TTNP
2001-10-25,119337.015625,122718.234375,117944.75,118740.328125,118740.328125,22,123275.1375,129401.1046875,133836.4640625,162914.9171875,329648.6178125,460642.8721875,35.77499641912353,-12847.370037995715,-14232.094037351213,1384.7239993554977,159274.78949360043,133836.4640625,108398.13863139955,13.725492461332754,20.992844617437317,TTNP
2001-10-26,119138.125,119337.015625,111580.109375,115955.8046875,115955.8046875,19,122797.790625,126278.45234375,133418.784765625,160659.44765625,324582.761484375,458388.3971484375,34.66623246625255,-12960.782109372725,-13977.831651755516,1017.0495423827906,159728.50059530788,133418.784765625,107109.06893594211,9.705126284795014,15.466603927946908,TTNP
2001-10-29,117348.0625,141215.46875,117348.0625,135049.71875,135049.71875,34,123434.253125,125582.31953125,134602.209765625,158805.74578125,319916.684296875,456778.3418359375,46.834258807237184,-11378.77526447583,-13458.020374299578,2079.245109823749,158892.13142193772,134602.209765625,110312.2881093123,20.328750098771312,14.586456281633088,TTNP
2001-10-30,137038.671875,137038.671875,119337.015625,119933.703125,119933.703125,40,122360.2203125,123653.03828125,134383.425390625,156697.45859375,314912.485703125,455140.4412890625,40.416693828427405,-11215.474563893062,-13009.511212218275,1794.0366483252128,159115.05331722437,134383.425390625,109651.79746402563,23.514211925645103,17.8493627697372,TTNP
2001-10-31,139226.515625,148773.484375,137237.5625,142209.9375,142209.9375,107,126377.8984375,124965.74453125,134622.098828125,155110.27609375,309701.435703125,453464.7506640625,51.05966107360116,-9182.699198035974,-12244.148809381815,3061.449611345841,159558.26139315256,134622.098828125,109685.93626309742,42.1502121397655,28.664391388060697,TTNP
2001-11-01,145193.375,147182.328125,137436.46875,138629.828125,138629.828125,58,130355.7984375,126815.46796875,134154.694921875,153507.18203125,304225.855234375,451462.8723046875,49.528460249393866,-7771.015551589124,-11349.522157823278,3578.506606234154,158413.20267211643,134154.694921875,109896.18717163356,51.147154641810744,38.937192902407176,TTNP
2001-11-02,142011.046875,144000.0,137237.5625,137237.5625,137237.5625,21,134612.15,128704.9703125,133607.733203125,151959.77859375,298636.904609375,449620.1098046875,48.91413398330123,-6687.500943386171,-10417.117914935856,3729.6169715496853,157056.73053020655,133607.733203125,110158.73587604347,68.71544141601174,54.00426939919606,TTNP
2001-11-05,147182.328125,147182.328125,140419.890625,144596.6875,144596.6875,19,136521.54375,129977.8984375,133876.241796875,150507.84484375,293234.915859375,447588.3969921875,52.283162396291125,-5175.329943302524,-9368.76032060919,4193.430377306666,157696.49301957863,133876.241796875,110055.99057417136,76.82707829911476,65.56322478564582,TTNP
2001-11-06,146983.421875,160110.5,143403.3125,153745.859375,153745.859375,39,143283.975,132822.09765625,134532.595703125,149445.74546875,288272.485078125,445390.6069140625,56.15456703824589,-3201.7539965896867,-8135.359055805289,4933.6050592156025,159742.69565129062,134532.595703125,109322.4957549594,81.54641085659152,75.69631019057273,TTNP
2001-11-07,158917.125,175823.203125,157127.078125,171049.71875,171049.71875,67,149051.93125,137714.91484375,135527.070703125,148729.72328125,283614.363515625,443287.2920703125,62.37252600122504,-238.65296003015828,-6556.017836650263,6317.364876620105,164561.49342478998,135527.070703125,106492.64798146005,89.40831752793265,82.59393556121303,TTNP
2001-11-08,175027.625,178011.046875,164685.078125,165082.875,165082.875,30,154342.540625,142349.16953125,135875.137109375,147894.36421875,278884.639765625,441218.7839453125,59.25210191571407,1609.5971023458987,-4922.8948488510305,6532.491951196929,166126.08989963343,135875.137109375,105624.18431911657,86.66461006223477,85.87311281558637,TTNP
2001-11-09,165082.875,165082.875,154143.640625,159116.015625,159116.015625,27,158718.23125,146665.190625,136471.821484375,146919.77859375,274469.169921875,438915.5796484375,56.2229587084337,2563.324499052542,-3425.650979270316,5988.975478322858,168033.71605437543,136471.821484375,104909.92691437453,81.55515424404072,85.87602727806943,TTNP
2001-11-12,159116.015625,172839.78125,154143.640625,165480.65625,165480.65625,12,162895.025,149708.284375,137645.301953125,145921.32546875,270459.445859375,436341.8779296875,58.651199377788465,3789.055762864824,-1982.7096308432879,5771.765393708112,171598.37042288066,137645.301953125,103692.23348336932,77.74450910014637,81.98809113547401,TTNP
2001-11-13,170453.03125,176618.78125,169060.78125,173038.671875,173038.671875,21,166753.5875,155018.78125,139335.909765625,145344.52984375,266624.749453125,433751.2700390625,61.3900193650836,5309.125027813308,-524.3426991119684,5833.467726925277,176637.60301082866,139335.909765625,102034.21652042131,81.7365230494703,80.34539546455251,TTNP
2001-11-14,177613.265625,182983.421875,169657.453125,173834.25,173834.25,13,167310.49375,158181.2125,141573.478515625,144783.64578125,262843.755078125,431025.4137890625,61.677766570895685,6503.02455843889,881.1307523982034,5621.893806040687,181428.10954791133,141573.478515625,101718.84748333867,86.94643912144727,82.14249042368803,TTNP
2001-11-15,178806.625,179005.53125,164287.296875,170055.25,170055.25,11,168304.96875,161323.7546875,144069.611328125,144270.49671875,259015.025703125,428395.0269140625,59.41275731333558,7062.8486971519305,2117.4743413489487,4945.374355802982,184489.51795988498,144069.611328125,103649.70469636502,86.66821234298008,85.11705817129928,TTNP
2001-11-16,170254.140625,177016.578125,163093.921875,177016.578125,177016.578125,11,171885.08125,165301.65625,147003.31328125,143932.37515625,255365.302109375,425451.3804296875,62.16883203767748,7976.288671104849,3289.237207300129,4687.05146380472,188040.69256248377,147003.31328125,105965.93400001623,86.03822562149954,86.55095902864235,TTNP
2001-11-19,177016.578125,178408.84375,174033.15625,177016.578125,177016.578125,8,174192.265625,168543.6453125,149260.771875,143773.25921875,251914.473515625,422409.2811328125,62.16883203767748,8601.048893761938,4351.599544592491,4249.449349169447,191663.86254120446,149260.771875,106857.68120879555,85.96152889757998,86.22265562068658,TTNP
2001-11-20,174232.046875,182784.53125,174232.046875,180000.0,180000.0,12,175584.53125,171169.059375,151995.578515625,143785.19296875,248676.462578125,419439.7783203125,63.40400267415912,9230.509515288024,5327.381538731597,3903.127976556427,194917.58687151264,151995.578515625,109073.57015973738,90.35327261749175,87.4510090455238,TTNP
2001-11-21,182983.421875,184773.484375,176022.09375,178408.84375,178408.84375,11,176499.45,171904.971875,154809.943359375,143924.41953125,244961.103515625,416453.3694140625,62.23690279563707,9491.555833973252,6160.216397779928,3331.339436193324,196900.99663894056,154809.943359375,112718.89007980944,89.01522973711415,88.44334375072869,TTNP
2001-11-23,180000.0,186961.328125,179005.53125,184972.375,184972.375,4,179482.875,173893.921875,158121.545703125,144198.89453125,241142.319140625,413814.0325390625,65.09142168978313,10111.499963040318,6950.473110832007,3161.0268522083115,198736.08686407603,158121.545703125,117507.00454217399,91.93854694579925,90.43568310013512,TTNP
2001-11-26,189944.75,189944.75,180000.0,183381.21875,183381.21875,11,180755.803125,176320.4421875,161492.81640625,144529.06046875,236979.446328125,411400.4414453125,63.83173676598858,10355.050563157944,7631.388601297194,2723.661961860749,198588.62968089414,161492.81640625,124397.00313160587,89.41160600914135,90.12179423068498,TTNP
2001-11-27,184773.484375,186961.328125,180000.0,186762.4375,186762.4375,10,182704.975,178448.6203125,164078.45234375,145161.54671875,232878.230703125,408958.0105078125,65.36561463769621,10697.587138028932,8244.628308643541,2452.9588293853903,200646.47904761857,164078.45234375,127510.42563988139,90.91169010530719,90.75394768674931,TTNP
2001-11-28,182983.421875,189149.171875,181193.375,184773.484375,184773.484375,9,183659.671875,179622.1015625,167320.44140625,145992.92796875,228848.617421875,406485.7454296875,63.65546242189822,10685.38349710987,8732.779346336807,1952.6041507730624,198801.9232348899,167320.44140625,135838.9595776101,87.52138405784326,89.28156005743064,TTNP
2001-11-29,182983.421875,183977.90625,168265.1875,183977.90625,183977.90625,25,184773.484375,180636.4671875,169408.83984375,146891.93359375,224723.534609375,404025.4140234375,62.946053100293796,10490.586566223326,9084.34079031411,1406.2457759092158,199459.21108456777,169408.83984375,139358.46860293223,86.66668703381958,88.36658706565673,TTNP
2001-11-30,178011.046875,185966.84375,178011.046875,185966.84375,185966.84375,13,184972.378125,182227.6265625,171775.690625,147930.16546875,220616.352421875,401663.5354296875,64.02544614721934,10377.078725030471,9342.888377257383,1034.1903477730884,199088.34094355133,171775.690625,144463.04030644865,85.92593368484137,86.70466825883479,TTNP
2001-12-03,180994.46875,180994.46875,177215.46875,180994.46875,180994.46875,8,184495.028125,182625.415625,173963.5359375,148924.64046875,216708.065234375,398958.5630859375,59.369221584013474,9773.234077656787,9428.957517337263,344.2765603195239,196441.41204102754,173963.5359375,151485.6598339725,79.62962558852702,84.07408210239605,TTNP
2001-12-04,178011.046875,179005.53125,170055.25,177016.578125,177016.578125,10,182545.85625,182625.415625,175584.53046875,149839.55765625,212610.827890625,396410.7178515625,55.86877010695615,8871.435924271034,9317.453198724017,-446.01727445298275,193588.03781964417,175584.53046875,157581.0231178558,69.13579690139558,78.2304520582547,TTNP
2001-12-05,178806.625,179005.53125,174033.15625,176221.0,176221.0,10,180835.359375,182247.515625,176708.2875,150838.01078125,208724.419140625,393756.4637890625,55.16817674619671,8000.33500296573,9054.02955957236,-1053.6945566066297,191667.24686010228,176708.2875,161749.32813989773,55.80247660735177,68.1892996990915,TTNP
2001-12-06,178011.046875,179005.53125,175027.625,178209.9375,178209.9375,5,179681.765625,182227.625,177066.2984375,152015.46921875,204987.181640625,391156.9056640625,56.632328190703355,7385.338298205577,8720.291307299003,-1334.9530090934259,191807.56325082382,177066.2984375,162325.03362417617,52.345685334425866,59.094652947724455,TTNP
2001-12-07,176022.09375,176221.0,169657.453125,175027.625,175027.625,16,177493.921875,181233.15,177563.5359375,153029.83390625,201009.281015625,388556.3531640625,53.615199089518114,6565.480187089124,8289.329083257027,-1723.8488961679031,191290.39494425608,177563.5359375,163836.67693074394,45.45929042120172,51.20248412099317,TTNP
2001-12-10,170055.25,172640.890625,163491.71875,164088.390625,164088.390625,6,174112.70625,179303.8671875,177812.1546875,153825.41390625,196878.231171875,386109.9441796875,44.78295588522111,4975.675446902867,7626.598355986195,-2650.922909083328,190319.47734914592,177812.1546875,165304.8320258541,29.91484920202578,42.5732749858845,TTNP
2001-12-11,165082.875,166077.34375,158917.125,164088.390625,164088.390625,11,171527.06875,177036.4625,177742.54140625,154879.55734375,192926.186953125,383748.0658203125,44.7829558852211,3673.3990784161724,6835.95850047219,-3162.559422056018,190535.85627740982,177742.54140625,164949.2265350902,16.70497467867654,30.693038100634727,TTNP
2001-12-12,164088.390625,164088.390625,155138.125,161104.96875,161104.96875,8,168503.8625,174669.6109375,177145.85625,155615.46890625,188819.004765625,381636.7950390625,42.56509737430649,2373.2412147480645,5943.415043327365,-3570.173828579301,191746.58430564392,177145.85625,162545.1281943561,12.021692956106321,19.547172278936262,TTNP
2001-12-13,157127.078125,165082.875,157127.078125,162298.34375,162298.34375,7,165321.54375,172501.6546875,176569.0609375,156112.70640625,184705.855703125,379362.4305078125,43.76480720797602,1422.7515356377407,5039.282341789441,-3616.5308061517,192498.49491116425,176569.0609375,160639.62696383576,18.126971349071287,15.617879661284762,TTNP
2001-12-14,160110.5,162895.03125,158121.546875,158121.546875,158121.546875,6,161940.328125,169717.125,175972.37578125,156315.57921875,180867.181796875,376811.6016796875,40.57060151500749,328.660423393012,4097.157958110155,-3768.497534717143,193633.03665364915,175972.37578125,158311.71490885087,15.49539477314837,15.214686359442041,TTNP
2001-12-17,156132.59375,161104.96875,153944.75,159116.015625,159116.015625,14,160945.853125,167529.2796875,175077.34765625,156534.36359375,176988.728828125,374464.6401953125,41.66234176037235,-452.94804544135695,3187.1367573998527,-3640.0848028412097,194190.2737772874,175077.34765625,155964.4215352126,14.677531791203299,16.099965971141035,TTNP
2001-12-18,155138.125,167071.828125,155138.125,166077.34375,166077.34375,11,161343.64375,166435.35625,174530.3859375,157071.38015625,173229.612890625,372212.1541015625,48.75853123623118,-504.83792933789664,2448.741820052303,-2953.5797493901996,194012.56157374385,174530.3859375,155048.21030125613,20.449788908882468,16.874238491078092,TTNP
2001-12-19,163093.921875,166872.921875,159116.015625,162895.03125,162895.03125,10,161701.65625,165102.759375,173675.1375,157516.90515625,172481.767578125,370097.8998828125,46.00364387143767,-793.5989445920277,1800.2736671234368,-2593.8726117154647,193618.11441179263,173675.1375,153732.1605882074,26.84259258056748,20.656637760217794,TTNP
2001-12-20,162895.03125,164883.984375,160309.390625,160508.28125,160508.28125,8,161343.64375,163332.59375,172780.109375,157703.86640625,171700.110078125,367991.6016015625,43.99587382782379,-1201.1883560350689,1199.9812624917356,-2401.1696185268047,193388.5943376439,172780.109375,152171.6244123561,30.03440688044199,25.77559612329736,TTNP
2001-12-21,162099.453125,174033.15625,162099.453125,170055.25,170055.25,11,163730.384375,162835.35625,172034.253125,157942.54046875,170944.308984375,365968.8391015625,52.85860232288392,-745.254480601172,810.934113873154,-1556.188594474326,191889.70954839815,172034.253125,152178.79670160182,38.83357656230934,31.903525341106313,TTNP
2001-12-24,170055.25,186762.4375,170055.25,184574.578125,184574.578125,8,168822.096875,164883.975,172093.92109375,158690.38546875,170383.424921875,364202.6513671875,62.562034274193145,778.6885996458877,804.4850110277008,-25.796411381813073,192092.07433742785,172093.92109375,152095.76785007212,60.62789686303578,43.16529343526241,TTNP
2001-12-26,188950.28125,198497.234375,186961.328125,190939.21875,190939.21875,14,173794.471875,167569.0578125,172302.76015625,159668.94890625,169925.966328125,362521.9883984375,65.87771751278035,2471.507773917576,1137.889563605676,1333.6182103119,192984.82127645626,172302.76015625,151620.69903604375,80.2182335916139,59.89323567231971,TTNP
2001-12-27,192928.171875,208640.890625,192928.171875,200486.1875,200486.1875,20,181312.703125,171507.1796875,173088.3953125,160894.14234375,169643.535390625,361038.2315234375,70.14846382339246,4531.206824712601,1816.5530158270608,2714.65380888554,196605.1145701909,173088.3953125,149571.67605480913,87.15329796374151,75.9998094727971,TTNP
2001-12-28,200287.296875,204662.984375,196906.078125,198696.125,198696.125,10,188950.271875,175146.9578125,173824.30625,162286.40734375,169343.203828125,359497.7894921875,68.41931723034195,5950.496459099406,2643.3417044815296,3307.1547546178763,199481.75544650777,173824.30625,148166.85705349222,83.31492008882009,83.56215054805854,TTNP
2001-12-31,198895.03125,199690.609375,194320.4375,195116.015625,195116.015625,9,193962.425,178846.4046875,174281.76484375,163786.07578125,169024.971796875,358434.6955078125,64.96995353409436,6709.070821264584,3456.4875278381405,3252.5832934264436,201089.3525764334,174281.76484375,147474.1771110666,80.72725461758002,83.73182422338057,TTNP
2002-01-02,194121.546875,195116.015625,177016.578125,182983.421875,182983.421875,15,193644.19375,181233.1453125,174381.2125,165078.8934375,168478.010390625,357037.4579296875,54.873576431607596,6259.0965799835685,4017.009338267226,2242.0872417163423,201302.1873889501,174381.2125,147460.2376110499,70.06058757002116,78.03425409214044,TTNP
2002-01-03,182784.53125,184574.578125,180994.46875,183977.90625,183977.90625,6,192251.93125,183023.2015625,174729.27890625,166121.1034375,167921.104296875,355698.8944921875,55.48423137209956,5914.556009692373,4396.518672552255,1518.0373371401174,201955.82043964372,174729.27890625,147502.73737285627,61.09090001874949,70.62624740211692,TTNP
2002-01-04,181988.953125,189546.96875,179403.3125,182187.84375,182187.84375,7,188592.2625,184952.4828125,175027.62109375,167258.78296875,167314.474453125,354361.3254296875,54.06600946464945,5434.417460208468,4604.098430083498,830.3190301249697,202443.11895841802,175027.62109375,147612.12322908198,53.21211629514924,61.454534627973324,TTNP
2002-01-07,179204.421875,183977.90625,176221.0,179005.53125,179005.53125,9,184654.14375,186802.2078125,175067.40078125,168396.46265625,166767.513203125,353148.0657421875,51.543638262290195,4742.450164057751,4631.768776878349,110.68138717940201,202503.55429761967,175067.40078125,147631.24726488034,50.78788027682109,55.03029886357331,TTNP
2002-01-08,174232.046875,179204.421875,170651.9375,176817.671875,176817.671875,9,180994.475,187478.45,175156.903125,169558.00953125,166236.463359375,351759.7784765625,49.82266968318754,3971.735435859242,4499.762108674528,-528.0266728152856,202603.6306248936,175156.903125,147710.17562510644,45.99165596756048,49.99721751317697,TTNP
2002-01-09,180994.46875,180994.46875,169856.359375,170254.140625,170254.140625,9,178448.61875,186046.40625,175465.190625,170643.97625,165651.711953125,350542.5408984375,44.97158454036128,2799.050629597041,4159.61981285903,-1360.5691832619896,202543.7376310075,175465.190625,148386.64361899247,36.27619100472666,44.35190908303611,TTNP
2002-01-10,175027.625,175624.3125,169259.671875,172243.09375,172243.09375,3,176101.65625,184176.79375,175872.92578125,171387.84375,165096.794765625,349534.1430859375,46.66625650186112,2007.0453967181384,3729.104929630852,-1722.0595329127136,202495.71267767306,175872.92578125,149250.13888482694,29.233913514662788,37.167253495650016,TTNP
2002-01-11,173038.671875,179005.53125,173038.671875,173436.46875,173436.46875,5,174351.38125,181471.821875,176489.50078125,172457.8990625,164577.678828125,348511.8226171875,47.706848597326314,1458.8541698561166,3275.054777675905,-1816.2006078197883,202273.62141406414,176489.50078125,150705.38014843588,23.846763152276235,29.78562255722193,TTNP
2002-01-14,169259.671875,173038.671875,161104.96875,161104.96875,161104.96875,12,170771.26875,177712.70625,176429.83203125,172835.7996875,163973.037890625,347184.1982421875,39.19646701232223,29.02509844166343,2625.8488418290567,-2596.8237433873933,202350.20264888578,176429.83203125,150509.46141361422,16.35010953460767,23.143595400515604,TTNP
2002-01-15,161104.96875,164088.390625,158121.546875,161900.546875,161900.546875,8,167787.84375,174391.159375,176618.78203125,173301.2140625,163404.198046875,345780.9937890625,39.94085449678127,-1028.0772022214078,1895.0636330189636,-2923.1408352403714,202053.0928908624,176618.78203125,151184.47117163762,10.613091601328804,16.936654762737607,TTNP
2002-01-16,159116.015625,159911.609375,150165.75,151160.21875,151160.21875,11,163969.059375,171208.8390625,176220.9921875,173579.6671875,162769.722890625,344194.8059765625,33.906007057493895,-2701.3535879008123,975.7801888350084,-3677.133776735821,202953.5480765088,176220.9921875,149488.4362984912,3.0603241007607314,10.007841745565774,TTNP
2002-01-17,150762.4375,153944.75,144397.796875,147182.328125,147182.328125,10,158956.90625,167529.28125,175276.24140625,173631.38,162069.612421875,342509.1705859375,31.978788696863784,-4298.865067132225,-79.14886235843824,-4219.716204773787,204587.15080167045,175276.24140625,145965.33201082953,4.600478743660222,6.091298148583291,TTNP
2002-01-18,150961.328125,151955.796875,143403.3125,147580.109375,147580.109375,8,153785.634375,164068.5078125,174510.4953125,173508.065,161476.905234375,341088.0656640625,32.39262113429983,-5469.75487203282,-1157.2700642933146,-4312.484807739505,205808.10247627544,174510.4953125,143212.88814872454,4.580543222916578,4.080448689112548,TTNP
2002-01-22,149171.265625,152154.703125,144397.796875,151359.109375,151359.109375,11,151836.4625,161303.865625,174053.03671875,173114.2528125,160921.988046875,339637.1263671875,36.35419036719728,-6023.326600977365,-2130.481371630125,-3892.84522934724,206405.59573891098,174053.03671875,141700.477698589,9.141856268626384,6.1076260784011,TTNP
2002-01-23,151359.109375,158718.234375,147977.90625,158718.234375,158718.234375,6,151200.0,159493.921875,173486.1859375,172986.96,160440.662109375,338406.9606640625,43.31950525920886,-5801.342039882904,-2864.6535052806807,-2936.688534602223,206489.7852681009,173486.1859375,140482.5866068991,18.664921086870773,10.79577352613795,TTNP
2002-01-24,159116.015625,159116.015625,155535.90625,158121.546875,158121.546875,5,152592.265625,158280.6625,172163.534375,172967.070625,159943.424609375,337273.2590234375,42.909462209869986,-5608.909354810225,-3413.5046751865893,-2195.4046796236353,205403.027129781,172163.534375,138924.04162021898,26.823605589341863,18.210127648279713,TTNP
2002-01-25,155138.125,155138.125,149569.0625,150165.75,150165.75,4,153188.95,156072.928125,170124.8609375,172660.7725,159291.048984375,336099.7783984375,37.77524033831576,-6028.874274142901,-3936.578594977852,-2092.2956791650495,203509.20397114276,170124.8609375,136740.51790385722,27.250962619737354,24.24649643198337,TTNP
2002-01-28,155138.125,155138.125,147381.21875,154939.21875,154939.21875,3,154660.771875,154223.203125,167847.5125,172298.7834375,158821.656640625,334641.8777734375,42.240818277947,-5908.411968501634,-4330.945269682608,-1577.4666988190256,198759.12539494908,167847.5125,136935.89960505094,26.417016389137785,26.830528199405705,TTNP
2002-01-29,154939.21875,156928.171875,147977.90625,148176.796875,148176.796875,9,154024.309375,152930.3859375,165321.54609375,171785.634375,158284.640078125,333122.3197265625,38.07234576357895,-6286.152796349634,-4721.986775016014,-1564.16602133362,193905.90927766718,165321.54609375,136737.1829098328,20.017641036424706,24.56187334843332,TTNP
2002-01-30,148176.796875,148176.796875,134850.828125,140221.0,140221.0,18,150324.8625,150762.43125,162576.7953125,171188.949375,157729.723046875,331526.1872265625,33.84121302460948,-7145.116981457308,-5206.612816304272,-1938.5041651530355,189694.9919917881,162576.7953125,135458.59863321192,18.51613924112611,21.650265555562907,TTNP
2002-01-31,141016.578125,142607.734375,136243.09375,139226.515625,139226.515625,8,146545.85625,149569.0609375,160388.95,170433.148125,157182.761640625,329660.5518359375,33.34239428778868,-7816.000871710246,-5728.490427385467,-2087.510444324779,187628.82800001057,160388.95,133149.07199998945,11.590166444673443,16.707982240741458,TTNP
2002-02-01,139226.515625,141016.578125,136243.09375,139226.515625,139226.515625,3,144358.009375,148773.4796875,158151.38046875,169677.346875,156725.303046875,327805.8556640625,33.34239428778867,-8252.550918242196,-6233.302525556813,-2019.248392685383,184613.92075061123,158151.38046875,131688.84018688876,11.176800360346292,13.76103534871532,TTNP
2002-02-04,138629.828125,139027.625,126895.03125,127690.609375,127690.609375,8,138908.2875,146784.5296875,155426.51875,168631.1590625,156208.176015625,325741.3252734375,27.824776195770855,-9420.774377283,-6870.79689590205,-2549.97748138095,182640.26443733388,155426.51875,128212.77306266609,7.835753226420536,10.200906677146795,TTNP
2002-02-05,122718.234375,133060.78125,122320.4453125,131270.71875,131270.71875,12,135527.071875,144775.690625,153039.778125,167688.3965625,155806.408046875,323806.0766796875,31.607400637237976,-9943.09714431173,-7485.256945583986,-2457.840198727745,179934.17158764802,153039.778125,126145.384662352,12.468957429978188,10.49383700558171,TTNP
2002-02-06,131270.71875,131270.71875,120928.1796875,121325.96875,121325.96875,8,131748.065625,141036.4640625,150265.19296875,166415.4684375,155307.181484375,321708.7287109375,27.3236340102722,-11032.32612538198,-8194.670781543584,-2837.655343838396,178204.24455151014,150265.19296875,122326.14138598986,8.99673698363089,9.767149213343243,TTNP
2002-02-07,126298.34375,128287.2890625,122320.4453125,124309.390625,124309.390625,9,128764.640625,137655.2484375,147967.95546875,165234.031875,154881.546171875,319297.1266015625,30.372398921218185,-11521.992372654873,-8860.135099765841,-2661.857272889032,176504.0822591746,147967.95546875,119431.82867832542,11.235111735281967,10.900268716297054,TTNP
2002-02-08,129281.765625,130276.2421875,126497.234375,128685.0859375,128685.0859375,3,126656.3546875,135507.18203125,145790.055078125,164072.48484375,154617.01578125,317046.62953125,34.6991943369775,-11425.270947468089,-9373.16226930629,-2052.108678161798,173209.88139979105,145790.055078125,118370.22875645896,10.069442242358965,10.10043032042398,TTNP
2002-02-11,130077.3515625,131270.71875,125303.8671875,128287.2890625,128287.2890625,4,126775.690625,132841.9890625,143532.59609375,162942.7609375,154467.844453125,314863.7566015625,34.48936360956501,-11251.022619216703,-9748.734339288374,-1502.2882799283288,168828.1869566267,143532.59609375,118237.00523087331,16.145827686049483,12.483460554563512,TTNP
2002-02-12,130276.2421875,130276.2421875,126497.234375,128287.2890625,128287.2890625,3,126179.0046875,130853.03828125,141891.712109375,161828.94859375,154360.44109375,312810.165546875,34.48936360956501,-10986.286491735227,-9996.244769777744,-990.0417219574829,166667.16643906865,141891.712109375,117116.25777968131,19.618048913781454,15.277772947396675,TTNP
2002-02-13,123314.9140625,128883.9765625,123314.9140625,127292.8203125,127292.8203125,2,127372.375,129560.2203125,140161.32578125,160655.468125,154292.816796875,310761.5468359375,33.89509110015945,-10733.0031412385,-10143.596444069895,-589.4066971686043,163918.45154318184,140161.32578125,116404.20001931813,18.74040081184749,18.168092470559515,TTNP
2002-02-14,128287.2890625,129082.875,119933.703125,119933.703125,119933.703125,14,126497.2375,127630.9390625,138600.0,159434.2528125,154179.446640625,308392.7069140625,29.802714906299933,-10999.300426989066,-10314.737240653729,-684.5631863353374,163344.4192909146,138600.0,113855.5807090854,12.31679392731995,16.891747884316334,TTNP
2002-02-15,119337.015625,119535.9140625,111381.21875,119337.015625,119337.015625,22,124627.6234375,125641.9890625,137207.734375,158280.6615625,154060.109609375,305961.2151171875,29.491796893730708,-11130.188751414826,-10477.827542805948,-652.3612086088779,162976.20181021286,137207.734375,111439.26693978715,11.715601298228217,14.257598679131924,TTNP
2002-02-19,117546.9609375,118939.2265625,114364.640625,118143.6484375,118143.6484375,7,122598.8953125,124687.29296875,135735.911328125,157119.11453125,153978.56265625,303271.159921875,28.843681142261225,-11201.094208569906,-10622.48087595874,-578.6133326111667,162316.3459282727,135735.911328125,109155.47672797726,11.948539578182581,11.993644934576954,TTNP
2002-02-20,118541.4375,123314.9140625,117745.859375,123116.0234375,123116.0234375,6,121564.6421875,123871.8234375,134323.75703125,156017.23625,154016.352734375,300381.2150390625,35.23065732795671,-10732.342424761824,-10644.453185719356,-87.88923904246803,160430.810391061,134323.75703125,108216.70367143898,24.47507827201099,16.0464063828073,TTNP
2002-02-21,130276.2421875,131270.71875,119535.9140625,119535.9140625,119535.9140625,6,120013.2609375,123692.81796875,132364.641015625,154907.40203125,153968.61796875,297349.060234375,32.938212189079344,-10528.373627763911,-10621.237274128267,92.8636463643561,156673.97354122126,132364.641015625,108055.30849002875,27.82492252182009,21.416180124004594,TTNP
2002-02-22,124309.390625,124309.390625,118342.5390625,122320.4453125,122320.4453125,22,120490.609375,123493.9234375,130574.5859375,154072.043125,153948.728515625,294330.8280859375,36.40435207618236,-10026.459699885032,-10502.28175927962,475.822059394588,152152.81553781562,130574.5859375,108996.35633718438,34.88824692788459,29.06274924057193,TTNP
2002-02-25,122320.4453125,126895.03125,120331.4921875,124309.390625,124309.390625,4,121485.084375,123056.35390625,129281.76796875,153276.463125,154078.010234375,291561.2147265625,38.836116176802534,-9360.298338870125,-10273.88507519772,913.5867363275956,149030.74951410157,129281.76796875,109532.78642339846,42.23937239356125,34.98418061442201,TTNP
2002-02-26,127292.8203125,128287.2890625,121524.859375,121524.859375,121524.859375,9,122161.3265625,122380.1109375,127611.05,152484.8609375,154050.164921875,288722.9827734375,36.71921136953235,-8953.8348270907,-10009.875025576317,1056.0401984856162,143711.67259734464,127611.05,111510.42740265535,50.067106556139386,42.39824195919511,TTNP
2002-02-27,124110.5,127292.8203125,121325.96875,121524.859375,121524.859375,3,121843.09375,121703.86796875,126278.453125,151669.39125,153891.048828125,285888.7286328125,36.71921136953236,-8533.34250501747,-9714.568521464547,1181.2260164470772,139505.13618072262,126278.453125,113051.77006927738,53.87764949515125,48.72804281495067,TTNP
2002-02-28,122320.4453125,129281.765625,120331.4921875,129281.765625,129281.765625,9,123792.2640625,121902.7625,125731.49140625,151092.595625,153704.087421875,282964.9718359375,46.19460340557405,-7487.866340942797,-9269.228085360197,1781.3617444173997,137422.2369210429,125731.49140625,114040.7458914571,63.999980098376945,55.9815787165559,TTNP
2002-03-01,129281.765625,129281.765625,121325.96875,125303.8671875,125303.8671875,6,124388.9484375,122439.77890625,125035.358984375,150416.35265625,153475.358125,279965.634921875,42.666343559178834,-6900.754505517412,-8795.53336939164,1894.7788638742277,134952.44353872235,125035.358984375,115118.27443002764,70.3333181452526,62.73698257959364,TTNP
2002-03-04,127292.8203125,128883.9765625,124309.390625,125303.8671875,125303.8671875,10,124587.84375,123036.4640625,124339.2265625,149600.883125,153336.131640625,277004.0880078125,42.666343559178834,-6362.12552328367,-8308.851800170047,1946.7262768863766,131832.34331283835,124339.2265625,116846.10981216165,76.66665619212826,70.33331814525265,TTNP
2002-03-05,127093.921875,129082.875,125502.765625,125900.5546875,125900.5546875,4,125462.9828125,123812.1546875,124249.723828125,148860.99359375,153188.949375,274272.26484375,43.41815518719504,-5820.020901610114,-7811.0856204580605,1991.064718847946,131622.37270271298,124249.723828125,116877.07495353703,70.99999633391161,72.66665689043087,TTNP
2002-03-06,127093.921875,136044.203125,125104.96875,134453.03125,134453.03125,8,128048.6171875,124945.85546875,124408.839453125,148339.88859375,153021.8775,271569.28125,52.9429154199036,-4646.721191306206,-7178.212734627689,2531.4915433214837,132484.56250619885,124408.839453125,116333.11640005115,78.84944564993117,75.50536605865706,TTNP
2002-03-07,139226.515625,142209.9375,134453.03125,134453.03125,134453.03125,7,129082.8703125,126437.5671875,125065.192578125,147627.84421875,152785.19234375,268989.61265625,52.94291541990359,-3674.5151938737254,-6477.473226476896,2802.958032603171,134107.8937535037,125065.192578125,116022.4914027463,80.46234844247697,76.7705968087733,TTNP
2002-03-08,137237.5625,138232.046875,132861.875,137834.25,137834.25,3,131588.946875,127988.94765625,125741.435546875,146693.03765625,152691.7115625,266420.88328125,56.31472301858762,-2601.213669459423,-5702.2213150734015,3101.0076456139786,136345.05495282434,125741.435546875,115137.81614092566,84.22425403806974,81.17868271015935,TTNP
2002-03-11,142806.625,143204.421875,137237.5625,139823.203125,139823.203125,13,134492.8140625,129540.32890625,126298.34140625,145670.71734375,152669.833125,263717.899921875,58.211559504438114,-1572.001528742112,-4876.177357807143,3304.1758290650314,138509.90920329478,126298.34140625,114086.77360920522,81.94771953214627,82.21144067089772,TTNP
2002-03-12,139226.515625,141016.578125,135845.296875,136441.984375,136441.984375,4,136601.1,131032.04140625,126706.076171875,144389.83328125,152641.9878125,261021.87765625,53.92491311802882,-1017.4510449466179,-4104.432095235038,3086.98105028842,139677.0018707237,126706.076171875,113735.15047302628,81.26814548508823,82.48003968510147,TTNP
2002-03-13,140022.09375,140022.09375,135447.515625,137038.671875,137038.671875,4,137118.228125,132583.42265625,127143.6453125,143156.68421875,152721.54578125,258129.943828125,54.56082540057281,-523.7802836259652,-3388.3017329132235,2864.5214492872583,140867.03798433952,127143.6453125,113420.25264066046,78.23956754563021,80.48514418762163,TTNP
2002-03-14,135447.515625,138033.15625,135447.515625,137038.671875,137038.671875,17,137635.35625,133359.11328125,127630.937890625,141995.13734375,152890.6065625,255235.0265625,54.560825400572824,-131.03219103996526,-2736.847824538572,2605.8156334986065,142017.0266466802,127630.937890625,113244.84913456981,73.68114266261709,77.72961856444523,TTNP
2002-03-15,135447.515625,137834.25,133259.671875,136243.09375,136243.09375,8,137317.125,134453.0359375,128446.407421875,141060.33078125,153069.612109375,252432.59546875,53.42071731400884,114.70475119739422,-2166.5373093913786,2281.242060588773,142843.76650516936,128446.407421875,114049.04833858064,72.60288652445261,74.84119891090005,TTNP
2002-03-18,134651.9375,143204.421875,134651.9375,143204.421875,143204.421875,12,137993.36875,136243.09140625,129639.777734375,140244.86109375,153182.982265625,249628.175703125,61.0835930859008,861.2461404010537,-1560.9806194328921,2422.226759833946,144757.68142834725,129639.777734375,114521.87404040276,80.86955729713708,75.71786216140232,TTNP
2002-03-19,148176.796875,149171.265625,143403.3125,146187.84375,146187.84375,14,139942.540625,138271.8203125,131041.9875,139524.86109375,153391.82203125,246834.694921875,63.82994041403659,1674.3222371799638,-913.9200481103209,2588.2422852902846,146822.41028275134,131041.9875,115261.56471724866,86.40679755170686,79.95974712443224,TTNP
2002-03-20,149171.265625,149171.265625,141812.15625,142408.84375,142408.84375,11,141016.575,139067.4015625,132006.628515625,138792.92734375,153594.695,244175.468515625,58.22490430908638,1990.8083843750646,-332.9743616132438,2323.7827459883083,148086.94309538064,132006.628515625,115926.31393586934,88.45649828563239,85.24428437815884,TTNP
2002-03-21,144994.46875,153745.859375,143602.203125,153546.96875,153546.96875,12,144318.234375,140976.7953125,133707.18125,138327.51328125,153942.76140625,241795.689609375,67.33063083496124,3104.5917374837736,354.5388582061597,2750.052879277614,151277.11312985054,133707.18125,116137.24937014945,88.23127808152758,87.698191306289,TTNP
2002-03-22,157922.65625,157922.65625,148176.796875,156530.390625,156530.390625,11,148375.69375,142846.409375,135417.678515625,138053.03828125,154348.507265625,239465.634375,69.26323357916596,4179.827827668865,1119.5966520987008,3060.2311755701644,154788.9853598386,135417.678515625,116046.37167141141,90.26540900818316,88.98439512511443,TTNP
2002-03-25,157127.078125,157922.65625,153149.171875,154143.640625,154143.640625,7,150563.5375,144278.453125,136909.391015625,137691.04921875,154539.446484375,237228.065390625,65.90436532063654,4784.219888894557,1852.521299457872,2931.698589436685,157202.25240908578,136909.391015625,116616.52962216425,94.52224511725082,91.00631073565391,TTNP
2002-03-26,156132.59375,158519.34375,154143.640625,156331.484375,156331.484375,7,152592.265625,146267.403125,138649.722265625,137348.94953125,154903.424296875,234907.955,67.46203254767173,5377.754254368861,2557.5678904400697,2820.1863639287917,159332.85528330618,138649.722265625,117966.5892479438,91.90507090809797,92.2309083445107,TTNP
2002-03-27,157127.078125,159116.015625,154342.546875,156132.59375,156132.59375,13,155337.015625,148176.7953125,140380.108984375,137249.50203125,155042.650859375,232372.04328125,67.1616463798163,5765.6231888074835,3199.1789501135527,2566.444238693931,160832.3218696517,140380.108984375,119927.89609909829,89.53133768834697,91.98621790456531,TTNP
2002-03-28,158519.34375,158519.34375,136243.09375,139425.421875,139425.421875,26,152512.70625,148415.4703125,140887.291796875,136799.99953125,155050.606796875,229638.231015625,47.87671290257384,4671.038150959619,3493.550790282766,1177.4873606768533,160706.7699614061,140887.291796875,121067.81363234391,67.98512383928664,83.14051081191059,TTNP
2002-04-01,139226.515625,139226.515625,135248.625,137038.671875,137038.671875,9,148614.3625,148495.028125,141474.03203125,136517.56859375,155048.617890625,226842.76125,45.85119473886637,3569.830065455317,3508.806645317276,61.02342013804082,160070.4942983905,141474.03203125,122877.56976410953,42.365974522745574,66.62747868345978,TTNP
2002-04-02,137237.5625,137237.5625,132464.09375,132464.09375,132464.09375,6,144278.453125,147420.9953125,141832.043359375,136223.20390625,154927.291953125,224081.10390625,42.16878815494922,2301.4547626761196,3267.336268789045,-965.8815061129253,159417.73844829595,141832.043359375,124246.34827045407,12.820515919489543,41.05720476050731,TTNP
2002-04-03,131270.71875,131270.71875,125303.8671875,127093.921875,127093.921875,8,138430.940625,145511.603125,141891.71171875,135813.48015625,154660.772578125,221466.628828125,38.28194596645302,853.0962446847116,2784.488263968178,-1931.3920192834667,159267.6263486416,141891.71171875,124515.79708885841,6.636495259362125,20.607661900532474,TTNP
2002-04-04,124309.390625,129082.875,120331.4921875,123911.6015625,123911.6015625,7,131986.7421875,143661.87890625,141364.640234375,135264.53,154189.39140625,218901.8774609375,36.15519386486024,-545.239784307807,2118.542654312981,-2663.782438620788,160190.18858361768,141364.640234375,122539.09188513232,4.841628319553807,8.09954649946855,TTNP
2002-04-05,124309.390625,124707.1796875,120530.390625,121524.859375,121524.859375,11,128406.6296875,140459.66796875,140718.231640625,134520.6625,153753.81125,216319.2255078125,34.6025314544745,-1824.9840295662289,1329.837317537139,-3154.8213471033678,161258.41682792094,140718.231640625,120178.04645332904,5.867266969313225,5.781796849409777,TTNP
2002-04-08,120331.4921875,124309.390625,120331.4921875,122320.4453125,122320.4453125,13,125462.984375,137038.6734375,139942.54140625,133804.64046875,153385.855546875,213927.512734375,35.59539493687024,-2743.3695710984466,515.1959398100217,-3258.5655109084682,161977.16562596278,139942.54140625,117907.91718653725,5.8119657775328335,5.506953688800014,TTNP
2002-04-09,124309.390625,124309.390625,120729.28125,120928.1796875,120928.1796875,7,123155.8015625,133717.12734375,138997.790234375,133219.8890625,152940.33078125,211699.8883203125,34.605268826930626,-3542.7028563889617,-296.3838194297749,-3246.3190369591866,162540.53407162035,138997.790234375,115455.04639712963,3.2478657959102777,4.975699514252171,TTNP
2002-04-10,125900.5546875,134254.140625,125900.5546875,128287.2890625,128287.2890625,13,123394.475,130912.7078125,138590.05546875,132686.85046875,152492.816953125,209558.783203125,43.54433345303917,-3541.536986102161,-945.4144527642521,-2596.122533337909,162574.0571194778,138590.05546875,114606.05381802222,9.059831573443022,6.03988771562877,TTNP
2002-04-11,128287.2890625,129082.875,122917.125,123712.7109375,123712.7109375,10,123354.696875,127670.71953125,137923.757421875,132197.56875,151991.6015625,207417.6783203125,39.89373171998859,-3865.1877702238708,-1529.3691162561759,-2335.818653967695,162768.11776144448,137923.757421875,113079.39708230551,10.256413355386355,7.521370241579945,TTNP
2002-04-12,125701.65625,125701.65625,122718.234375,124309.390625,124309.390625,4,123911.603125,126159.11640625,137287.293359375,131879.3365625,151534.14296875,205274.5843359375,40.59332072197179,-4027.1142183793418,-2028.918136680809,-1998.1960816985327,162832.06613272053,137287.293359375,111742.52058602948,13.162392886928716,10.826212605252756,TTNP
2002-04-15,129281.765625,129281.765625,119337.015625,121325.96875,121325.96875,13,123712.7078125,124587.84609375,136541.437109375,131521.325625,150977.236875,203171.2694921875,38.19925431560993,-4346.080397493992,-2492.3505888434456,-1853.7298086505461,163018.6899115737,136541.437109375,110064.18430717631,7.9914577449378426,10.470087995751031,TTNP
2002-04-16,123116.0234375,123314.9140625,119337.015625,121723.7578125,121723.7578125,9,123871.8234375,123513.8125,135467.40390625,131171.27046875,150424.308671875,201169.39109375,38.71821667440422,-4514.722232014086,-2896.8249174775738,-1617.8973145365126,162513.00202160873,135467.40390625,108421.80579089126,7.085473331991696,9.413107987952811,TTNP
2002-04-17,122121.546875,122121.546875,118541.4375,118740.328125,118740.328125,9,121962.43125,122678.453125,134095.028125,130992.26484375,149811.711953125,199244.087265625,36.25895320810654,-4833.393590461288,-3284.1386520743167,-1549.2549383869714,161606.91942725817,134095.028125,106583.13682274186,3.832504903100162,6.303145326676628,TTNP
2002-04-18,121325.96875,121723.7578125,116353.59375,119337.015625,119337.015625,26,121087.2921875,122220.99453125,132941.43671875,130753.59078125,149220.993671875,197091.04859375,37.11920102634363,-4980.384471404686,-3623.3878159403907,-1356.9966554642956,160893.48406841152,132941.43671875,104989.38936908846,6.513657744626879,5.810545326572973,TTNP
2002-04-19,119337.015625,121325.96875,118740.328125,119337.015625,119337.015625,15,120092.8171875,122002.21015625,131230.9390625,130713.81171875,148564.640078125,194853.479609375,37.119201026343625,-5038.791748822972,-3906.468602516907,-1132.3231463060652,158095.64093522914,131230.9390625,104366.23718977085,9.275557110718145,6.540573252815122,TTNP
2002-04-22,119337.015625,119337.015625,114762.4296875,116353.59375,116353.59375,11,119098.3421875,121405.525,129222.09921875,130554.69578125,147894.363828125,192436.905078125,34.425083786840304,-5265.1240758735075,-4178.199697188227,-1086.9243786852803,154158.52012224137,129222.09921875,104285.67831525861,11.830818577858198,9.2066778110678,TTNP
2002-04-23,114762.4296875,115160.21875,113370.1640625,113966.8515625,113966.8515625,6,117546.9609375,120709.3921875,127213.259765625,130260.33109375,147166.40796875,190022.3193359375,32.39914225627265,-5572.843947341884,-4457.128547218958,-1115.7154001229255,150191.75437864015,127213.259765625,104234.76515260985,8.435381322455864,9.847252337010795,TTNP
2002-04-24,114165.7421875,118143.6484375,110585.6328125,117944.75,117944.75,12,117387.8453125,119675.13828125,125293.923046875,130053.4803125,146498.120625,187673.3690234375,38.857578818403056,-5433.101590118051,-4652.3231557987765,-780.7784343192743,144290.8347615537,125293.923046875,106297.0113321963,14.037627630771093,11.434609177028443,TTNP
2002-04-25,116353.59375,116751.3828125,114165.7421875,115756.90625,115756.90625,12,116671.8234375,118879.5578125,123275.138671875,129802.87265625,145815.910625,185269.7226171875,36.77648025657677,-5436.229995824542,-4809.10452380393,-627.1254720206125,136411.61114411574,123275.138671875,110138.66619963426,18.59944951989556,13.690819491040898,TTNP
2002-04-26,116353.59375,118143.6484375,111779.0078125,113370.1640625,113370.1640625,26,115478.453125,117785.63515625,121972.37578125,129524.41953125,145089.943828125,182853.148125,34.59947106565096,-5567.1250751293555,-4960.708634069015,-606.4164410603407,133515.05828192653,121972.37578125,110429.69328057347,21.568634570352064,18.06857057367296,TTNP
2002-04-29,115955.8046875,115955.8046875,107403.3125,108596.6875,108596.6875,10,113927.071875,116512.70703125,120550.2765625,129297.67921875,144365.966015625,180537.015625,30.686941166875524,-5987.025332275516,-5165.971973710315,-821.053358565201,131298.6348725894,120550.2765625,109801.91825241059,12.68597457909565,17.618019556447816,TTNP
2002-04-30,107801.1015625,124309.390625,101436.4609375,119138.125,119138.125,22,114961.3265625,116254.14375,119883.978125,129293.70140625,143787.181484375,178199.0046875,45.37673211544,-5406.866413147582,-5214.150861597768,-192.71555154981343,129144.77821691839,119883.978125,110623.1780330816,26.593540909959046,20.282716686468977,TTNP
2002-05-01,122320.4453125,122320.4453125,113370.1640625,116353.59375,116353.59375,5,114643.0953125,116015.4703125,119346.96171875,129257.9003125,143188.507421875,175956.46328125,42.79657302142545,-5112.837087185268,-5193.888106715268,81.0510195300003,128105.09718536402,119346.96171875,110588.82625213597,40.52912019139951,26.602878560151463,TTNP
2002-05-02,116950.2734375,117348.0625,114563.5390625,115955.8046875,115955.8046875,7,114682.875,115677.34921875,118949.171875,129114.6959375,142565.96609375,173776.5738671875,42.42544385269798,-4855.938741776787,-5126.298233727572,270.359491950785,127563.39218991465,118949.171875,110334.95156008535,56.42859260477142,41.18375123537672,TTNP
2002-05-03,117944.75,117944.75,111977.8984375,117348.0625,117348.0625,4,115478.4546875,115478.45390625,118740.33203125,129070.93890625,141989.17046875,171499.2257421875,44.247785199849204,-4488.263474812571,-4998.6912819445715,510.42780713200045,127296.97929166394,118740.33203125,110183.68477083606,58.42651245491093,51.79474175036068,TTNP
2002-05-06,115359.1171875,117944.75,109988.953125,113767.953125,113767.953125,6,116512.7078125,115219.88984375,118312.707421875,128899.8890625,141485.96609375,169182.0986328125,40.681942911373675,-4434.643275911119,-4885.881680737881,451.2384048267613,126965.23475723292,118312.707421875,109660.1800865171,58.54037724932601,57.798494103002845,TTNP
2002-05-07,112375.6875,113370.1640625,102629.8359375,110187.84375,110187.84375,6,114722.6515625,114841.9890625,117775.690625,128617.458125,140946.960625,166936.5737890625,37.43322142696067,-4627.688673912402,-4834.243079372785,206.55440546038335,127024.86486011304,117775.690625,108526.51638988697,53.91304199321328,56.959977232483475,TTNP
2002-05-08,109392.265625,114165.7421875,109392.265625,113966.8515625,113966.8515625,4,114245.303125,114444.19921875,117059.66875,128466.29796875,140475.579453125,164647.292109375,42.64018692634347,-4424.738562814702,-4752.342176061169,327.6036132464669,125078.34603419859,117059.66875,109040.9914658014,48.98551269155175,53.812977311363746,TTNP
2002-05-09,113966.8515625,113966.8515625,99646.40625,99845.3046875,99845.3046875,22,111023.203125,112853.0390625,115866.2984375,128032.706875,139851.0490625,162278.4523828125,31.942332254757144,-5341.812858247387,-4870.236312498413,-471.57654574897424,126307.41554835689,115866.2984375,105425.1813266431,31.283320496393078,44.72729172705277,TTNP
2002-05-10,100441.9921875,101436.4609375,92883.9765625,97856.3515625,97856.3515625,12,107124.8609375,111301.6578125,114543.646484375,127404.19859375,139248.397109375,160057.789453125,30.771347949290266,-6158.1059275094885,-5127.810235500629,-1030.29569200886,126898.15051800333,114543.646484375,102189.14245074667,23.803956744488378,34.6909299774778,TTNP
2002-05-13,99447.515625,100839.78125,98453.0390625,99447.515625,99447.515625,9,104260.7734375,110386.740625,113449.723828125,126887.0715625,138651.712109375,157820.22046875,32.8908852238113,-6600.543467643511,-5422.356881929205,-1178.1865857143057,127022.70276155107,113449.723828125,99876.74489469893,12.505111449717347,22.53079623019967,TTNP
2002-05-14,100441.9921875,101635.359375,98254.140625,99248.6171875,99248.6171875,21,102072.928125,108397.78984375,112325.966796875,126365.9665625,137983.42484375,155606.5188671875,32.755881555763324,-6887.829239484767,-5715.451353440318,-1172.377886044449,126672.28325633096,112325.966796875,97979.65033741904,18.98734428966612,18.43213749462402,TTNP
2002-05-15,99447.515625,99845.3046875,96464.0859375,99447.515625,99447.515625,14,99169.0609375,106707.18203125,111361.326171875,125836.90578125,137348.9496875,154915.3586328125,33.051814625797306,-7018.550362129798,-5976.071155178213,-1042.4792069515843,126429.0653679515,111361.326171875,96293.5869757985,20.675112093706755,17.38918927769681,TTNP
2002-05-16,99248.6171875,99646.40625,94475.140625,95469.609375,95469.609375,5,98293.921875,104658.5625,110167.955859375,125057.23734375,136698.56296875,154199.3365234375,30.190188601224083,-7358.309570901503,-6252.5188383228715,-1105.7907325786318,126265.38552282838,110167.955859375,94070.52619592161,16.45569672701384,18.706051036795643,TTNP
2002-05-17,95469.609375,99447.515625,94674.03125,99447.515625,99447.515625,7,98612.1546875,102868.5078125,109173.480859375,124357.12703125,135992.485625,153468.3973046875,36.144111469445924,-7223.321448760791,-6446.679360410455,-776.642088350336,125339.57364749069,109173.480859375,93007.38807125932,16.66667081007543,17.932493210265413,TTNP
2002-05-20,100044.1953125,100044.1953125,89502.765625,95469.609375,95469.609375,12,97816.5734375,101038.6734375,108129.281640625,123509.83421875,135101.4359375,152742.4304296875,33.10359998410033,-7352.5703251603845,-6627.857553360441,-724.7127717999438,124988.3908255091,108129.281640625,91270.17245574092,15.765240931223618,16.295869489437703,TTNP
2002-05-21,99248.6171875,99248.6171875,90497.234375,92685.0859375,92685.0859375,9,96503.8671875,99288.39765625,107065.193359375,122567.071875,134118.894609375,152022.43046875,31.129529438325598,-7592.1709404288995,-6820.720230774133,-771.4507096547668,124970.20993829517,107065.193359375,89160.17678045483,16.75223175012984,16.39471449714303,TTNP
2002-05-22,90696.1328125,92486.1875,83535.9140625,86917.125,86917.125,21,93997.7890625,96583.425,105513.812109375,121576.5746875,132983.203984375,151313.3696875,27.47463015076085,-8153.493993668584,-7087.274983353023,-1066.2190103155608,124709.60500113906,105513.812109375,86318.01921761093,13.065728864900741,15.194400515418137,TTNP
2002-05-23,83734.8046875,88110.5,79558.0078125,87513.8125,87513.8125,20,92406.6296875,95350.27578125,104101.657421875,120586.0775,131871.380859375,150607.29234375,28.41102350881211,-8452.760699270395,-7360.3721265364975,-1092.3885727338975,124209.30628917261,104101.657421875,83994.00855457739,13.913595662056437,14.577185425695744,TTNP
2002-05-24,87911.6015625,88110.5,84729.28125,85723.7578125,85723.7578125,4,89661.878125,94137.01640625,102719.337109375,119559.77921875,130777.45828125,149901.2150390625,27.27336696059374,-8733.69754398099,-7635.037210025396,-1098.660333955594,123862.72143937583,102719.337109375,81575.95277937417,16.122692867389247,14.367339131448878,TTNP
2002-05-28,87513.8125,92486.1875,87314.9140625,91292.8203125,91292.8203125,9,88826.5203125,93321.546875,101854.14375,118660.77375,129860.552265625,149169.281328125,35.876244083411954,-8410.019743751618,-7790.03371677064,-619.9860269809778,123377.4536819951,101854.14375,80330.8338180049,24.149854814335626,18.062047781260507,TTNP
2002-05-29,89303.8671875,91491.7109375,84530.390625,85325.96875,85325.96875,4,87354.696875,91929.28203125,100163.5359375,117503.2046875,128874.032890625,148397.56859375,31.567608661772468,-8536.573503614622,-7939.341674139437,-597.2318294751849,121299.03128352948,100163.5359375,79028.04059147052,22.82906209488732,21.033869925537466,TTNP
2002-05-30,85325.96875,85325.96875,81745.859375,83535.9140625,83535.9140625,6,86678.4546875,90338.121875,98522.651953125,116250.16609375,127887.51359375,147600.9940234375,30.38851578662158,-8681.238806172652,-8087.7211005460795,-593.5177056265729,119470.47117065924,98522.651953125,77574.83273559075,22.896374368988887,23.291763759404017,TTNP
2002-05-31,81944.75,87116.0234375,77767.953125,78563.5390625,78563.5390625,14,84888.4,88647.51484375,96653.038671875,114973.26,126883.093671875,146825.3034375,27.334320062626272,-9092.305766226127,-8288.63803368209,-803.6677325440378,117717.69127544104,96653.038671875,75588.38606830894,12.704805694174775,19.476747386017063,TTNP
2002-06-03,79558.0078125,79558.0078125,74983.421875,74983.421875,74983.421875,7,82740.3328125,86201.10546875,94534.806640625,113401.9890625,125864.751171875,146050.607265625,25.35815558035839,-9596.344148561737,-8550.179256658019,-1046.164891903718,115368.18413279882,94534.806640625,73701.42914845118,7.117132769729782,14.239437610964552,TTNP
2002-06-04,72198.8984375,75977.8984375,71005.5234375,74784.53125,74784.53125,6,79438.675,84132.59765625,92585.635546875,111767.071875,124910.055078125,145280.883515625,25.248946229709084,-9897.751886590355,-8819.693782644486,-1078.0581039458684,113149.3034294245,92585.635546875,72021.9676643255,5.449021604230971,8.423653356045248,TTNP
2002-06-05,75381.21875,77370.1640625,70806.6328125,76574.5859375,76574.5859375,9,77688.3984375,82521.54765625,90904.97265625,110215.69078125,123953.37,144525.0823828125,28.244214697887692,-9878.306271665875,-9031.416280448764,-846.889991217111,110926.6888906202,90904.97265625,70883.2564218798,10.91386463518542,7.826673003048796,TTNP
2002-06-06,79359.1171875,82541.4375,76574.5859375,79558.0078125,79558.0078125,40,76892.8171875,81785.6359375,89184.53046875,108680.22125,123014.585390625,143796.132109375,33.05865621327605,-9512.504044626286,-9127.633833284268,-384.8702113420186,106746.1393410394,89184.53046875,71622.92159646061,20.891184050919886,12.418023430112164,TTNP
2002-06-07,77569.0625,82342.5390625,72596.6875,76574.5859375,76574.5859375,9,76495.0265625,80691.71328125,88020.99453125,107089.06109375,122169.2815625,143071.1597265625,30.830937237786156,-9355.49602150837,-9173.206270929088,-182.28975057928255,105686.40031485594,88020.99453125,70355.58874764407,23.129243702628624,18.311430796244718,TTNP
2002-06-10,75580.109375,77569.0625,70607.734375,70806.6328125,70806.6328125,11,75659.66875,79200.00078125,86668.50859375,105716.6853125,121258.342421875,142331.270234375,27.03749560850275,-9585.990315116738,-9255.763079766617,-330.2272353501212,105233.79041076775,86668.50859375,68103.22677673225,16.78476701862326,20.26839825739066,TTNP
2002-06-11,72596.6875,72596.6875,66629.8359375,66629.8359375,66629.8359375,11,74028.7296875,76733.70234375,85027.624609375,104308.50859375,120413.03859375,141591.3807421875,24.67033342506688,-9990.526731019403,-9402.715810017175,-587.8109210022285,104560.89786729301,85027.624609375,65494.35135145698,6.807447602888793,15.573819441380296,TTNP
2002-06-12,68618.78125,68618.78125,63845.3046875,63845.3046875,63845.3046875,8,71482.8734375,74585.6359375,83257.458984375,102936.1328125,119579.668359375,140824.640390625,23.211334136838627,-10415.746908937217,-9605.322029801184,-810.4248791360333,103709.98030283066,83257.458984375,62804.93766591934,0.231485459441758,7.941233360318008,TTNP
2002-06-13,64640.8828125,68618.78125,63646.41015625,66033.1484375,66033.1484375,9,68777.9015625,72835.359375,81586.740625,101714.91734375,118764.19875,140120.5519921875,26.870816634232398,-10455.669804355028,-9775.391584711953,-680.2782196430744,101935.01369408812,81586.740625,61238.46755591189,2.7586184789175276,3.2658505137494305,TTNP
2002-06-14,64839.77734375,75381.21875,64640.8828125,75381.21875,75381.21875,9,68539.228125,72517.12734375,80582.32109375,100744.3096875,118004.41984375,139463.2039453125,40.02299471173434,-9622.080483194004,-9744.729364408364,122.64888121435979,100054.65207690225,80582.32109375,61109.99011059775,16.321839921162937,6.437314619840812,TTNP
2002-06-17,76574.5859375,84530.390625,76574.5859375,83535.9140625,83535.9140625,9,71085.084375,73372.3765625,79786.741015625,99984.53078125,117252.596640625,138846.629375,48.69188434477036,-8208.813092874741,-9437.546110101639,1228.7330172268976,97314.02011476713,79786.741015625,62259.46191648287,40.131367738800854,19.737275379627178,TTNP
2002-06-18,83535.9140625,84530.390625,72198.8984375,72795.578125,72795.578125,9,72318.2328125,73173.48125,78653.039453125,98994.0334375,116399.336953125,138171.38078125,40.40789180394641,-7864.783524614642,-9122.99359300424,1258.210068389597,94859.49481526726,78653.039453125,62446.58409098275,50.36709484071341,35.60676750022581,TTNP
2002-06-19,74784.53125,76574.5859375,69016.578125,69215.46875,69215.46875,6,73392.265625,72437.56953125,77479.55859375,97959.77921875,115589.834140625,137440.4415625,38.08211875743544,-7791.210297064827,-8856.636933816357,1065.4266367515302,92828.00635054943,77479.55859375,62131.11083695057,44.71347481514914,45.070645798221214,TTNP
2002-06-20,71204.421875,71204.421875,66629.8359375,68220.9921875,68220.9921875,8,73829.834375,71303.86796875,76544.751953125,96758.45328125,114722.651875,136772.1542578125,37.437517535502316,-7724.1101973085315,-8630.131586514792,906.0213892062602,91756.92054169539,76544.751953125,61332.583364554615,28.20552764859964,41.09536576815414,TTNP
2002-06-21,68419.890625,73392.265625,67624.3125,69613.2578125,69613.2578125,10,72676.2421875,70607.73515625,75649.72421875,95676.46421875,113937.016484375,136110.82828125,38.99438646768421,-7472.450921746669,-8398.595453561167,926.1445318144979,90269.94442687239,75649.72421875,61029.5040106276,24.73498535673646,32.55132927349515,TTNP
2002-06-24,69812.15625,69812.15625,63646.41015625,64441.98828125,64441.98828125,16,68857.45703125,69971.270703125,74585.6357421875,94479.116171875,113179.2263671875,135454.47470703124,35.464271280812774,-7602.64876336632,-8239.406115522197,636.757352155877,89215.98571030234,74585.6357421875,59955.28577407266,18.095221884647152,23.678578296661158,TTNP
2002-06-25,66232.046875,67624.3125,63845.3046875,64839.77734375,64839.77734375,13,67266.296875,69792.26484375,73262.98359375,93349.39234375,112435.358984375,134809.0603125,35.94464866113483,-7586.283286562728,-8108.781549730304,522.4982631675757,86309.81666916083,73262.98359375,60216.15051833917,12.69839815044648,18.509535130610104,TTNP
2002-06-26,63646.41015625,66629.8359375,62651.93359375,65436.46484375,65436.46484375,11,66510.49609375,69951.380859375,72268.5083984375,92223.646484375,111697.4584765625,134211.38076171876,36.70572036958401,-7439.408958166037,-7974.9070314174505,535.4980732514132,84491.91572267034,72268.5083984375,60045.10107420466,7.4170196449439425,12.73687989334593,TTNP
2002-06-27,66033.1484375,71602.2109375,61657.45703125,70607.734375,70607.734375,15,66987.84453125,70408.839453125,71622.0994140625,91260.994609375,111126.6297265625,133667.40287109374,43.02397631868605,-6827.033963816313,-7745.332417897223,918.2984540809102,82708.17429679073,71622.0994140625,60536.02453133425,19.19065847617425,13.102025423854963,TTNP
2002-06-28,69812.15625,77569.0625,66629.8359375,66629.8359375,66629.8359375,41,66391.16015625,69533.701171875,71025.4142578125,90206.851015625,110480.2208984375,133143.31447265626,39.737891471970435,-6586.777259966053,-7513.62138631099,926.8441263449367,81833.96391297005,71025.4142578125,60216.864602654954,24.532281340975576,17.04665315403133,TTNP
2002-07-01,69613.2578125,72596.6875,62254.14453125,63248.6171875,63248.6171875,15,66152.4859375,67504.971484375,70438.6740234375,89085.083046875,109899.4473828125,132603.31443359374,37.141154913016805,-6593.205813815948,-7329.538271811982,736.3324579960336,81592.60780988661,70438.6740234375,59284.7402369884,22.60869649370089,22.110545436950314,TTNP
2002-07-02,64640.8828125,65237.5703125,60662.984375,61060.7734375,61060.7734375,7,65396.68515625,66331.491015625,69752.4861328125,87979.226640625,109266.9612109375,132074.25369140625,35.52356890583457,-6697.635027643482,-7203.157622978282,505.5225953347999,81428.89536256905,69752.4861328125,58076.07690305595,10.12077381863768,19.08725055110479,TTNP
2002-07-03,60861.87890625,64044.19921875,60662.984375,62850.828125,62850.828125,4,64879.5578125,65695.026953125,69066.2982421875,86956.906171875,108608.6186328125,131612.81720703124,37.90640125899281,-6560.330077335777,-7074.5921138497815,514.2620365140046,80671.18879393821,69066.2982421875,57461.4076904368,5.929947046610063,12.88647245298295,TTNP
2002-07-05,64839.77734375,67823.203125,64640.8828125,66828.7265625,66828.7265625,1,64123.75625,65555.800390625,68429.8341796875,85934.585703125,107994.0330078125,131230.93873046874,42.95191766706683,-6060.668146013937,-6871.807320282613,811.1391742686756,79014.69554720153,68429.8341796875,57844.97281217348,12.222212038645898,9.42431096796462,TTNP
2002-07-08,68817.6796875,68817.6796875,60066.296875,63845.3046875,63845.3046875,6,63566.85,64979.005078125,67793.3701171875,84896.353671875,107349.6131640625,130855.02712890625,40.30658406693953,-5838.121447445388,-6665.070145715168,826.9486982697799,77860.89861487482,67793.3701171875,57725.84161950018,16.815711418902733,11.655956834719637,TTNP
2002-07-09,64243.09375,65635.359375,59668.5078125,64243.09375,64243.09375,5,63765.7453125,64959.115625,67465.1931640625,83913.812265625,106719.1158984375,130505.96634765626,40.8298511348128,-5565.497739051847,-6445.155664382504,879.6579253306572,77546.3276063755,67465.1931640625,57384.05872174949,22.27867644282759,17.105533300125476,TTNP
2002-07-10,62651.93359375,62651.93359375,59668.5078125,59668.5078125,59668.5078125,8,63487.2921875,64441.988671875,67117.1267578125,82935.248671875,106116.4639453125,130147.95529296875,36.83134151773672,-5653.403424195916,-6286.805216345187,633.4017921492705,77754.92572688549,67117.1267578125,56479.327788739516,13.667571514602164,17.5873197921109,TTNP
2002-07-11,59668.5078125,62651.93359375,55889.50390625,59270.71875,59270.71875,9,62771.2703125,63825.4140625,66888.3974609375,81737.900546875,105515.8009765625,129787.95529296875,36.496639021801975,-5689.581610713969,-6167.3604952189435,477.7788845049745,77984.60214247006,66888.3974609375,55792.19277940494,13.71729368997019,16.55451388246672,TTNP
2002-07-12,61259.66796875,69215.46875,59668.5078125,67226.515625,67226.515625,8,62850.828125,63487.2921875,66948.0658203125,80755.358984375,105006.6296484375,129492.59615234374,46.89154594600298,-5018.437343903737,-5937.575864955902,919.1385210521648,78038.06544529801,66948.0658203125,55858.066195327,22.629960382347118,16.671608528973227,TTNP
2002-07-15,67624.3125,70607.734375,63646.41015625,70607.734375,70607.734375,6,64203.3140625,63885.08203125,66709.3916015625,79848.397578125,104481.5467578125,129248.94974609376,50.59311323201949,-4165.695042626161,-5583.199700489954,1417.504657863793,77255.25578001315,66709.3916015625,56163.52742311185,45.25992677073585,27.202393614351124,TTNP
2002-07-16,69613.2578125,79359.1171875,68817.6796875,76176.796875,76176.796875,8,66590.0546875,65177.9,66341.4357421875,79024.972265625,104047.9555859375,129008.28677734375,56.029127395125656,-3005.864093846001,-5067.732579161164,2061.8684853151626,74825.16523511417,66341.4357421875,57857.70624926084,68.87471062445219,45.58819925917845,TTNP
2002-07-17,77370.1640625,82939.2265625,74784.53125,76176.796875,76176.796875,6,69891.7125,66689.50234375,66510.4966796875,78273.149140625,103586.5191015625,128767.62380859375,56.029127395125656,-2062.909771082661,-4466.768017545463,2403.8582464628025,75614.06821232484,66510.4966796875,57406.92514705015,76.44352710190549,63.52605483236457,TTNP
2002-07-18,77569.0625,80950.2734375,75580.109375,76574.5859375,76574.5859375,6,73352.4859375,68061.878125,66878.4525390625,77600.883984375,103109.1710546875,128593.59064453124,56.426280386216355,-1268.8864901873749,-3827.191712073846,2558.305221886471,76934.65720730861,66878.4525390625,56822.247870816405,79.30375679194812,74.87399817276867,TTNP
2002-07-19,76574.5859375,78563.5390625,74784.53125,77370.1640625,77370.1640625,11,75381.215625,69116.021875,67335.9111328125,76868.950234375,102667.6241015625,128358.89451171875,57.257784612464555,-568.8633115350967,-3175.526031966096,2606.6627204309993,78378.77753906582,67335.9111328125,56293.04472655918,76.96078311030905,77.56935566805429,TTNP
2002-07-22,52707.18359375,56685.08203125,31823.205078125,32419.888671875,32419.888671875,194,67743.646484375,65973.4802734375,65476.24267578125,75520.4419140625,101776.57439453126,127833.81161132813,26.494596437690994,-3599.7062846461486,-3260.3620825021067,-339.3442021440419,84208.56486777574,65476.24267578125,46743.920483786766,52.34988599886649,69.53814196704128,TTNP
2002-07-23,35801.10546875,36795.58203125,30828.728515625,32817.6796875,32817.6796875,40,59071.823046875,62830.9388671875,63895.02724609375,74219.6684765625,100811.93353515625,127258.01047851563,26.86905630219782,-5901.543447123222,-3788.59835542633,-2112.945091696892,87432.26023184952,63895.02724609375,40357.79426033798,28.13195510462499,52.48087473793358,TTNP
2002-07-24,34806.62890625,36000.0,30629.833984375,34011.05078125,34011.05078125,48,50638.673828125,60265.1931640625,62353.59091796875,72910.9391796875,99899.00537109375,126687.18174804687,28.05319547024709,-7542.525370962838,-4539.383758533631,-3003.1416124292064,89240.9324029865,62353.59091796875,35466.24943295101,3.815996218049547,28.09927910718041,TTNP
2002-07-25,35005.5234375,36000.0,32817.6796875,35005.5234375,35005.5234375,40,42324.861328125,57838.6736328125,60832.04384765625,71626.0773046875,98996.02193359374,126166.07678710937,29.083699410843384,-8662.909112264955,-5364.088829279896,-3298.820282985059,90180.82996971,60832.04384765625,31483.2577256025,6.215231044106929,12.721060788927225,TTNP
2002-07-26,35801.10546875,36198.89453125,32022.099609375,32419.888671875,32419.888671875,18,33334.80625,54358.0109375,58922.6515625,70285.524765625,98061.2152734375,125625.08232421875,27.9622758449947,-9648.241493594076,-6220.919362142732,-3427.322131451344,90372.69796203412,58922.6515625,27472.605162965894,6.083649906175431,5.371625722777373,TTNP
2002-07-29,33414.36328125,39779.00390625,30033.1484375,38386.7421875,38386.7421875,32,34528.176953125,51135.91171875,57510.496875,69143.867421875,97100.5523828125,125061.21494140624,34.26170700762906,-9834.28576839075,-6943.592643392336,-2890.6931249984136,89969.59839769671,57510.496875,25051.39535230328,9.192182413419738,7.16368778790077,TTNP
2002-07-30,36397.7890625,40773.48046875,34209.9453125,38187.84375,38187.84375,13,35602.209765625,47337.01640625,56257.458203125,67918.673984375,96137.9005078125,124461.54642578126,34.154490947048096,-9883.841861682835,-7531.642487050436,-2352.1993746323988,89655.07230685317,56257.458203125,22859.844099396832,11.541687514767455,8.939173278120945,TTNP
2002-07-31,36596.68359375,41767.95703125,36198.89453125,37591.16015625,37591.16015625,9,36318.231640625,43478.452734375,55083.9775390625,66761.105,95135.469609375,123913.5905859375,33.81264736309854,-9857.630177448053,-7996.840025129959,-1860.7901523180935,89361.7278948345,55083.9775390625,20806.227183290503,15.162908582002757,11.965592836730053,TTNP
2002-08-01,38784.53125,40773.48046875,34806.62890625,35801.10546875,35801.10546875,13,36477.348046875,39401.1046875,53731.49140625,65623.425390625,94095.2486328125,123382.54087890625,32.753528755188796,-9867.552677093758,-8370.982555522718,-1496.5701215710396,88802.1106187187,53731.49140625,18660.87219378131,13.533835067587914,13.412810388119446,TTNP
2002-08-02,37392.265625,37392.265625,32817.6796875,34607.734375,34607.734375,9,36914.9171875,35124.86171875,52120.441796875,64577.237578125,93076.9061328125,122859.44697265625,32.03315312737705,-9858.073666607132,-8668.4007777396,-1189.6728888675316,87594.41128748804,52120.441796875,16646.472306261967,11.278196710030736,13.324980119873873,TTNP
2002-08-05,34806.62890625,36000.0,31027.625,32618.78515625,32618.78515625,5,35761.32578125,35144.7513671875,50559.1158203125,63479.33703125,92032.707265625,122377.1265234375,30.81663389808209,-9896.966987332919,-8914.114019658264,-982.8529676746548,86576.05623153513,50559.1158203125,14542.175409089868,8.145365110951905,10.985798962856924,TTNP
2002-08-06,34607.734375,35005.5234375,31226.51953125,33215.46875,33215.46875,4,34766.85078125,35184.5302734375,49007.7345703125,62429.17125,90994.475234375,121942.5408984375,31.65518578546955,-9767.05432244762,-9084.702080216135,-682.3522422314854,85205.84266725637,49007.7345703125,12809.62647336864,6.594612509570152,8.672724776851002,TTNP
2002-08-07,33812.15625,34209.9453125,31624.30859375,33613.2578125,33613.2578125,5,33971.2703125,35144.7509765625,47704.9720703125,61275.58,89968.176875,121518.8944921875,32.24479510480298,-9522.23297235289,-9172.208258643486,-350.02471370940293,84149.20117421188,47704.9720703125,11260.74296641312,6.171422273541907,6.970466631354725,TTNP
2002-08-08,32817.6796875,34209.9453125,32220.994140625,33215.46875,33215.46875,9,33454.14296875,34965.7455078125,46402.2095703125,60233.37,88868.28734375,121025.6348046875,31.947979416923257,-9253.63835863363,-9188.494278641516,-65.14407999211471,82962.1455179316,46402.2095703125,9842.273622693407,8.522448115778456,7.096160966296909,TTNP
2002-08-09,33812.15625,33812.15625,31823.205078125,33414.36328125,33414.36328125,11,33215.46875,35065.19296875,44711.601953125,59230.938984375,87740.5525390625,120566.18728515625,32.283620910555875,-8921.880184609894,-9135.171459835192,213.2912752252978,80379.55375508087,44711.601953125,9043.650151169131,16.043631171264753,10.245833853528444,TTNP
2002-08-12,33613.2578125,34209.9453125,32817.6796875,33016.57421875,33016.57421875,11,33295.0265625,34528.176171875,42832.0439453125,58319.9996875,86646.62984375,120120.662421875,31.944275220000524,-8592.014301860698,-9026.540028240293,434.52572637959565,76762.92416358889,42832.0439453125,8901.16372703611,22.059191640525132,15.541756975856183,TTNP
2002-08-13,34607.734375,34607.734375,32817.6796875,32817.6796875,32817.6796875,5,33215.46875,33991.159765625,40664.0880859375,57476.68484375,85439.336953125,119691.0491796875,31.764488893486863,-8251.523908446252,-8871.536804281484,620.0128958352325,71163.06332550046,40664.0880859375,10165.112846374534,25.988697932044975,21.36384024794502,TTNP
2002-08-14,33215.46875,34607.734375,32817.6796875,34209.9453125,34209.9453125,3,33334.80625,33653.03828125,38565.7455078125,56665.193125,84216.1325,119282.3198828125,34.54172079912233,-7779.659545703347,-8653.161352565858,873.5018068625104,64424.51614841757,38565.7455078125,12706.974867207427,28.248590015482193,25.43215986268417,TTNP
2002-08-15,34806.62890625,36994.4765625,34408.83984375,36397.7890625,36397.7890625,8,33971.2703125,33712.706640625,36556.9056640625,55861.6571875,83038.673984375,118789.060234375,38.75982228745707,-7146.77930941528,-8351.884943935742,1205.1056345204615,55649.83330337267,36556.9056640625,17463.978024752327,37.853106404301826,30.6967981172764,TTNP
2002-08-16,35005.5234375,37988.94921875,35005.5234375,36596.68359375,36596.68359375,4,34607.734375,33911.6015625,34518.231640625,55002.430703125,81841.3259765625,118372.37513671875,39.1437494635721,-6553.621961575169,-7992.232347463627,1438.610385888458,38361.54049912057,34518.231640625,30674.92278212943,47.22744374022179,37.77638005333534,TTNP
2002-08-19,37790.0546875,37790.0546875,35403.31640625,36198.89453125,36198.89453125,5,35244.1984375,34269.6125,34707.18193359375,54194.916875,80641.988984375,117842.319921875,38.62223720883559,-6045.944854018671,-7602.974848774636,1557.0299947559643,38490.372523086124,34707.18193359375,30923.99134410137,51.412413493900935,45.49765454614158,TTNP
2002-08-20,36397.7890625,37790.0546875,34806.62890625,36397.7890625,36397.7890625,6,35960.2203125,34587.84453125,34886.18740234375,53506.74,79611.71265625,117331.1597265625,39.059420307408175,-5563.426247553965,-7195.065128530501,1631.6388809765358,38633.44586024553,34886.18740234375,31138.92894444197,51.7006640588905,50.113507097671146,TTNP
2002-08-21,37193.37109375,37193.37109375,34209.9453125,35801.10546875,35801.10546875,5,36278.45234375,34806.629296875,34975.69013671875,52890.165390625,78599.3369921875,116823.97744140626,38.180795976407445,-5169.582426633708,-6789.968588151142,1620.3861615174346,38720.57266959014,34975.69013671875,31230.80760384737,57.27386874167977,53.462315431490474,TTNP
2002-08-22,35801.10546875,36397.7890625,34806.62890625,35602.2109375,35602.2109375,7,36119.33671875,35045.303515625,35005.52451171875,52325.303515625,77630.7181640625,116279.00505859376,37.874956875833874,-4817.968940637678,-6395.56865864845,1577.5997180107715,38760.3763706972,35005.52451171875,31250.6726527403,63.12925936790444,57.36793072282497,TTNP
2002-08-23,35602.2109375,36000.0,33812.15625,35403.31640625,35403.31640625,8,35880.66328125,35244.198828125,35154.6958984375,51712.706875,76713.812109375,115687.29234375,37.551024391242535,-4503.448890676256,-6017.144705054011,1513.6958143777547,38719.0260194316,35154.6958984375,31590.365777443407,65.35016200680622,61.9177633721302,TTNP
2002-08-26,36000.0,36198.89453125,32220.994140625,35403.31640625,35403.31640625,8,35721.54765625,35482.873046875,35005.524609375,50913.148828125,75828.7292578125,115009.06033203125,37.551024391242535,-4205.7086932343955,-5654.857502690088,1449.1488094556926,38251.842324256824,35005.524609375,31759.206894493185,62.284693792893044,63.5880383892013,TTNP
2002-08-27,34806.62890625,35602.2109375,33414.36328125,34209.9453125,34209.9453125,2,35283.97890625,35622.099609375,34806.6296875,49926.629453125,74955.5801171875,114354.69568359375,35.44172033375622,-4019.7058486633105,-5327.827171884733,1308.1213232214222,37718.93121844273,34806.6296875,31894.328156557265,53.283153812703624,60.30600320413436,TTNP
2002-08-28,33414.36328125,34607.734375,32817.6796875,34408.83984375,34408.83984375,2,35005.52578125,35641.9890625,34647.513671875,49158.8946875,74076.4640625,113731.1598046875,36.08610426241248,-3812.3022802111664,-5024.722193550019,1212.419913338853,37266.89412287784,34647.513671875,32028.133220872154,46.67340362982111,54.080417078472664,TTNP
2002-08-29,34806.62890625,34806.62890625,34011.05078125,34408.83984375,34408.83984375,12,34766.8515625,35443.094140625,34577.900390625,48462.762109375,73211.2706640625,113075.80072265625,36.08610426241248,-3606.361566692125,-4741.050068178441,1134.6885014863155,37144.41712422975,34577.900390625,32011.383657020247,39.52540622991752,46.49398789081416,TTNP
2002-08-30,34806.62890625,35403.31640625,33812.15625,35005.5234375,35005.5234375,5,34687.29296875,35283.978125,34597.78984375,47798.452734375,72278.4530078125,112385.63498046875,38.231227959557586,-3356.3151760667533,-4464.103089756103,1107.7879136893498,37171.07957932418,34597.78984375,32024.500108175816,42.71412709957622,42.970978986438354,TTNP
2002-09-03,31823.205078125,35602.2109375,31823.205078125,33812.15625,33812.15625,8,34369.0609375,35045.304296875,34657.4583984375,47082.430703125,71379.4474609375,111685.52451171874,35.65384970992677,-3217.358660749822,-4214.754203954847,997.3955432050252,37096.255404264826,34657.4583984375,32218.661392610175,39.48832780084244,40.57595371011213,TTNP
2002-09-04,34806.62890625,35602.2109375,32817.6796875,34408.83984375,34408.83984375,1,34408.83984375,34846.409375,34717.126953125,46481.767734375,70480.441953125,111007.2924609375,37.90783662714041,-3024.2258488405423,-3976.648532931986,952.4226840914439,37068.71894534332,34717.126953125,32365.534960906687,40.82314105266124,41.00853198436004,TTNP
2002-09-05,34806.62890625,35403.31640625,33016.57421875,33812.15625,33812.15625,2,34289.503125,34647.514453125,34727.071875,45861.2153125,69605.303828125,110291.2703515625,36.52979988118229,-2886.0455467168576,-3758.5279356889605,872.4823889721029,37061.526473136066,34727.071875,32392.617276863934,35.48388731718003,38.598452056894644,TTNP
2002-09-06,34607.734375,36596.68359375,33812.15625,36397.7890625,36397.7890625,6,34687.29296875,34727.072265625,34886.187890625,45280.441796875,68752.044140625,109588.17640625,45.73546769708328,-2538.6339113297363,-3514.549130817116,975.9152194873795,37220.642222512026,34886.187890625,32551.733558737975,50.286742865894816,42.19792374524544,TTNP
2002-09-09,35204.41796875,36596.68359375,35204.41796875,36198.89453125,36198.89453125,2,34925.9671875,34806.630078125,35025.414453125,44592.265,67926.6298046875,108869.17087890625,45.19247716872216,-2253.3812375354973,-3262.3155521607923,1008.934314625295,37324.00686883494,35025.414453125,32726.822037415055,60.75269055065966,48.84110691124491,TTNP
2002-09-10,36198.89453125,36795.58203125,34806.62890625,35602.2109375,35602.2109375,3,35283.978125,34826.51953125,35154.6962890625,43971.7125,67089.2817578125,108155.13771484375,43.52306142930831,-2051.811808422797,-3020.2148034131933,968.4029949903961,37270.38127047483,35154.6962890625,33039.01130765017,73.4567855659904,61.498739660848365,TTNP
2002-09-11,35801.10546875,36596.68359375,34806.62890625,35403.31640625,35403.31640625,1,35482.8734375,34945.856640625,35283.978125,43414.806484375,66249.944765625,107407.292421875,42.95347440936506,-1886.3708016858072,-2793.446003067716,907.0752013819088,37108.61530578372,35283.978125,33459.34094421628,71.90123348740018,68.70356986801681,TTNP
2002-09-12,34806.62890625,36596.68359375,33812.15625,35005.5234375,35005.5234375,2,35721.546875,35005.525,35323.75703125,42893.701484375,65436.4640625,106665.4139453125,41.77590778721697,-1766.9874485963082,-2588.1542921734344,821.1668435771262,37086.64372701378,35323.75703125,33560.87033548622,68.79010445319757,71.38270783552946,TTNP
2002-09-13,35801.10546875,36596.68359375,34011.05078125,36000.0,36000.0,2,35641.9890625,35164.641015625,35303.867578125,42356.684921875,64656.795546875,105911.6017578125,45.777980805563686,-1573.9854097245116,-2385.32051568365,811.3351059591382,37026.348083224104,35303.867578125,33581.38707302589,73.33330190973028,71.34154661677609,TTNP
2002-09-16,36795.58203125,36795.58203125,35005.5234375,35403.31640625,35403.31640625,1,35482.8734375,35204.4203125,35244.19921875,41728.17671875,63831.3812109375,105164.75091796875,43.831273756073266,-1452.4345216799484,-2198.7433168829093,746.3087952029609,36862.96455129071,35244.19921875,33625.43388620929,73.33330190973028,71.81890275755278,TTNP
2002-09-17,35602.2109375,35801.10546875,34408.83984375,35005.5234375,35005.5234375,1,35363.5359375,35323.75703125,35184.5306640625,41151.38109375,63023.8673828125,104419.88900390625,42.53270583457993,-1372.3831565119326,-2033.471284808714,661.0881282967814,36745.06405169983,35184.5306640625,33623.997276425165,73.33330190973028,73.33330190973034,TTNP
2002-09-18,36198.89453125,36397.7890625,32022.099609375,33414.36328125,33414.36328125,3,34965.7453125,35224.309375,35035.359375,40534.806484375,62224.309375,103657.1266015625,37.71897367559006,-1420.9553112918366,-1910.9680901053384,490.0127788135019,36671.988680727896,35035.359375,33398.730069272104,55.99996386285648,67.55552256077242,TTNP
2002-09-19,32817.6796875,35403.31640625,31624.30859375,33016.57421875,33016.57421875,5,34567.95546875,35144.751171875,34896.1328125,40001.7678125,61468.5082421875,102917.23712890624,36.60363502639484,-1474.5496562186381,-1823.6844033279983,349.1347471093602,36712.404991152056,34896.1328125,33079.860633847944,40.974321424083534,56.7691957322235,TTNP
2002-09-20,32817.6796875,33414.36328125,31823.205078125,32419.888671875,32419.888671875,2,33851.933203125,34746.9611328125,34737.01669921875,39464.7512109375,60601.32587890625,102194.25368164062,34.93491330725049,-1547.3343899579413,-1768.4144006539868,221.08001069604552,36816.49274428343,34737.01669921875,32657.540654154072,24.76920969155597,40.581164992832065,TTNP
2002-09-23,30033.1484375,31226.51953125,29436.46484375,29834.25390625,29834.25390625,5,32738.120703125,34110.4970703125,34458.56357421875,38716.9059765625,59736.13248046875,101462.31995117187,28.80640117317191,-1792.9874886929174,-1773.329018261773,-19.65847043114445,37413.678054507756,34458.56357421875,31503.449093929743,15.904356280199954,27.215962465279887,TTNP
2002-09-24,28044.19921875,30033.1484375,26850.828125,27646.408203125,27646.408203125,5,31266.29765625,33314.916796875,34070.7181640625,37857.679453125,58853.038515625,100709.5023046875,24.836182575681896,-2139.5468387921937,-1846.5725823678572,-292.97425642433655,38222.05360222652,34070.7181640625,29919.382725898475,9.596665123776207,16.75674369851078,TTNP
2002-09-25,28044.19921875,28441.98828125,27248.619140625,27845.3046875,27845.3046875,4,30152.4859375,32559.115625,33752.4861328125,36891.049609375,57958.0109375,99973.590703125,25.83689301517975,-2370.819010756961,-1951.421868045678,-419.39714271128287,38709.88234134401,33752.4861328125,28795.089924280983,7.801800162142765,11.100940522039707,TTNP
2002-09-26,29635.359375,29834.25390625,27646.408203125,29038.673828125,29038.673828125,7,29356.905859375,31962.4306640625,33483.97783203125,35948.2871484375,57110.71814453125,99298.34211914062,31.711509182399162,-2429.7997381352616,-2047.0974420635946,-382.702296071667,38836.10223155722,33483.97783203125,28131.853432505275,13.333335951967015,10.24393374596206,TTNP
2002-09-27,29436.46484375,29635.359375,27845.3046875,29237.568359375,29237.568359375,4,28720.441796875,31286.1875,33225.4142578125,35001.546796875,56301.215390625,98624.0880078125,32.66879296721509,-2432.453453809023,-2124.1686444126804,-308.28480939634255,38865.7280641621,33225.4142578125,27585.10045146291,18.666667714120194,13.26726794274339,TTNP
2002-09-30,27845.3046875,31624.30859375,27845.3046875,30828.728515625,30828.728515625,11,28919.33671875,30828.7287109375,33016.57451171875,34070.7180859375,55469.83416015625,97972.70680664062,39.924299951202904,-2279.882153581246,-2155.3113462463934,-124.57080733485236,38687.00187188704,33016.57451171875,27346.147151550453,28.666659858219408,20.222221174768936,TTNP
2002-10-01,30828.728515625,30828.728515625,27845.3046875,28044.19921875,28044.19921875,9,28998.894921875,30132.5962890625,32728.17666015625,33983.204296875,54751.82310546875,97301.43608398437,33.1849873610738,-2356.4923647935975,-2195.5475499558343,-160.94481483776326,38781.222696175544,32728.17666015625,26675.130624136953,25.333329143519666,24.222218905286486,TTNP
2002-10-02,28044.19921875,28243.09375,24066.298828125,25458.564453125,25458.564453125,13,28521.546875,29337.01640625,32280.662890625,33836.0219921875,54027.845234375,96638.121171875,28.39230154190604,-2595.921458986537,-2275.6223317619747,-320.2991272245622,39051.39539156418,32280.662890625,25509.93038968582,20.979165552852532,24.993051518197266,TTNP
2002-10-03,25060.7734375,31624.30859375,23867.40234375,29635.359375,29635.359375,20,28640.883984375,28998.894921875,32071.823046875,33748.5081640625,53329.723671875,95990.717890625,42.77085557558865,-2420.733587917057,-2304.644582992991,-116.08900492406565,38898.15398185888,32071.823046875,25245.49211189112,22.517630864315723,22.943375186896038,TTNP
2002-10-04,29635.359375,29635.359375,27248.619140625,28044.19921875,28044.19921875,10,28402.21015625,28561.3259765625,31654.1435546875,33609.2816796875,52617.6794921875,95300.55216796875,39.51563868244859,-2382.821580735359,-2320.279982541465,-62.54159819389406,38392.283041789946,31654.1435546875,24916.004067585054,29.6287433443219,24.375179920496787,TTNP
2002-10-07,28044.19921875,30629.833984375,26850.828125,29635.359375,29635.359375,8,28163.536328125,28541.4365234375,31325.966796875,33553.59109375,51919.5579296875,94634.25380859376,44.09755817928477,-2199.0336244022874,-2296.0307109136293,96.99708651134188,37780.1026364134,31325.966796875,24871.8309573366,41.3268279345336,31.157734047723807,TTNP
2002-10-08,30828.728515625,33613.2578125,29635.359375,29635.359375,29635.359375,10,28481.768359375,28740.331640625,31027.62421875,33378.5634375,51261.2154296875,93979.88919921876,44.09755817928477,-2029.9799990769206,-2242.8205685462876,212.84056946936698,37209.38886652328,31027.62421875,24845.859570976718,43.12169988435412,38.02575705440327,TTNP
2002-10-09,29038.673828125,31226.51953125,27049.724609375,30232.044921875,30232.044921875,4,29436.464453125,28979.0056640625,30769.06064453125,33219.4474609375,50569.06072265625,93280.77317382813,45.88058723667403,-1826.798055278392,-2159.6160658927083,332.81801061431634,36620.90193872072,30769.06064453125,24917.219350341784,53.77930056326759,46.075942794051834,TTNP
2002-10-10,31823.205078125,33215.46875,29834.25390625,31425.4140625,31425.4140625,9,29794.475390625,29217.6796875,30590.05517578125,33096.1325390625,49928.61876953125,92515.02735351563,49.3594704465221,-1551.5941729330698,-2038.0116873007805,486.41751436771074,36122.91259881558,30590.05517578125,25057.19775274692,64.28572669178159,53.728909046467834,TTNP
2002-10-11,30033.1484375,34011.05078125,30033.1484375,33016.57421875,33016.57421875,6,30788.950390625,29595.5802734375,30440.88388671875,33040.4419140625,49331.93365234375,91725.41413085937,53.63870514333843,-1191.366455805728,-1868.68264100177,677.3161851960419,35524.93751573004,30440.88388671875,25356.830257707465,77.68441547512072,65.24981424339003,TTNP
2002-10-14,33215.46875,34607.734375,31823.205078125,32817.6796875,32817.6796875,10,31425.414453125,29794.475390625,30311.60205078125,33004.6408203125,48790.93919921875,90887.07159179688,53.035413297286226,-911.4261676056121,-1677.2313463225385,765.8051787169263,35000.46443773524,30311.60205078125,25622.739663827262,83.69348001962301,75.2212073955085,TTNP
2002-10-15,34806.62890625,34806.62890625,33613.2578125,34408.83984375,34408.83984375,8,32380.110546875,30430.939453125,30281.76787109375,33040.4419140625,48259.88947265625,90065.63516601562,57.18426847460116,-554.782953074402,-1452.7416676729113,897.9587145985092,34857.00142580637,30281.76787109375,25706.534316381134,89.96435039937155,83.78074863137182,TTNP
2002-10-16,34408.83984375,34607.734375,33414.36328125,34011.05078125,34011.05078125,8,33135.91171875,31286.1880859375,30311.60224609375,33056.3535546875,47742.76240234375,89260.11034179687,55.85580472078912,-300.7717791189025,-1222.3476899621096,921.5759108432071,34975.086043052004,30311.60224609375,25648.118449135494,90.80809191810619,88.15530744570032,TTNP
2002-10-17,34806.62890625,40375.69140625,34806.62890625,36198.89453125,36198.89453125,12,34090.6078125,31942.5416015625,30470.71826171875,33108.0662890625,47191.82314453125,88526.18770507812,61.195358483413166,76.19626918376889,-962.638898132934,1038.8351673167028,35677.97059998503,30470.71826171875,25263.465923452473,87.92990880281998,89.56745037343264,TTNP
2002-10-18,36596.68359375,36795.58203125,34011.05078125,35602.2109375,35602.2109375,3,34607.73515625,32698.3427734375,30629.834375,33155.8011328125,46694.58556640625,87784.30922851563,59.095928490306285,323.0745813817739,-705.4962022299924,1028.5707836117663,36244.17276194377,30629.834375,25015.495988056227,79.50347419369206,86.08049163820614,TTNP
2002-10-21,35602.2109375,37193.37109375,34806.62890625,36000.0,36000.0,3,35244.19921875,33334.8068359375,30938.1216796875,33207.5138671875,46219.22642578125,87053.37000976563,60.07920468142051,544.5484596693132,-455.48726985013127,1000.0357295194444,37002.919894444465,30938.1216796875,24873.323464930534,73.09236852761636,80.17525050804288,TTNP
2002-10-22,35005.5234375,38386.7421875,35005.5234375,36795.58203125,36795.58203125,3,35721.54765625,34050.8291015625,31395.58037109375,33283.0940234375,45801.54685546875,86342.32026367188,62.04438251563573,775.3274327900945,-209.3243293220861,984.6517621121806,37770.49969607472,31395.58037109375,25020.66104611278,74.29719255620175,75.63101175917014,TTNP
2002-10-23,36795.58203125,41171.26953125,35801.10546875,39381.21484375,39381.21484375,5,36795.58046875,34965.74609375,31972.37587890625,33414.3647265625,45445.52478515625,85655.13797851563,67.62277276934965,1153.5628362859788,63.25310379952691,1090.309732486452,39010.98399905025,31972.37587890625,24933.767758762242,79.76907981751953,75.71954696711263,TTNP
2002-10-24,39580.109375,42762.4296875,39182.3203125,41966.8515625,41966.8515625,10,37949.171875,36019.88984375,32618.784765625,33569.5028515625,45117.34798828125,85013.70153320313,72.04708066748938,1643.0167187396073,379.20582678754306,1263.8108919520641,40750.64886723654,32618.784765625,24486.920664013465,86.93775927313767,80.33467721561972,TTNP
2002-10-25,41966.8515625,50320.44140625,41966.8515625,49127.0703125,49127.0703125,14,40654.14375,37630.939453125,33613.25986328125,33824.0884765625,44842.87283203125,84398.12141601562,80.14030702392395,2578.9536868301802,819.1553987960705,1759.7982880341096,44308.56090392047,33613.25986328125,22917.95882264203,92.45726875073036,86.38803594712925,TTNP
2002-10-28,49723.7578125,52309.390625,44751.3828125,45745.85546875,45745.85546875,9,42603.31484375,38923.75703125,34359.1162109375,34007.0719140625,44504.75130859375,83759.66834960938,69.85487794666835,3013.1213103418195,1257.9485811052202,1755.1727292365993,46193.53676474975,34359.1162109375,22524.69565712525,87.96251710006352,89.11918170797725,TTNP
2002-10-29,47734.8046875,48729.28125,41767.95703125,43160.22265625,43160.22265625,4,43876.24296875,39798.8953125,35114.9173828125,34146.2984765625,44170.60767578125,83169.94461914063,63.177407432222054,3112.682257562141,1628.8953163966044,1483.7869411655365,47168.33299033076,35114.9173828125,23061.50177529424,76.05986219147105,85.49321601408838,TTNP
2002-10-30,45149.171875,46740.33203125,42762.4296875,44950.27734375,44950.27734375,5,44990.05546875,40892.81796875,36089.50302734375,34317.3482421875,43912.04412109375,82585.19327148437,65.62712086645318,3298.010071537472,1962.7182674247779,1335.291804112694,48013.57069845179,36089.50302734375,24165.435356235714,66.75736422690768,76.92658117281415,TTNP
2002-10-31,44950.27734375,46740.33203125,44154.6953125,44950.27734375,44950.27734375,3,45586.740625,41767.95625,36855.24892578125,34500.3316796875,43695.24853515625,82054.14356445313,65.6271208664532,3405.625765432247,2251.2997670262716,1154.3259984059755,48988.236725227325,36855.24892578125,24722.261126335172,63.444674491565365,68.75396696998143,TTNP
2002-11-01,44950.27734375,46740.33203125,44552.484375,44950.27734375,44950.27734375,3,44751.38203125,42702.762890625,37700.55283203125,34687.2930078125,43506.29826171875,81542.98331054687,65.6271208664532,3451.1295054873335,2491.265714718484,959.8637907688494,49613.99967983358,37700.55283203125,25787.10598422893,64.0315404773116,64.74452639859494,TTNP
2002-11-04,46939.2265625,46939.2265625,42762.4296875,43558.01171875,43558.01171875,8,44313.81328125,43458.5640625,38396.68544921875,34850.3869140625,43281.54689453125,81022.87282226562,61.643327134180936,3336.387548202998,2660.290081415387,676.0974667876112,49965.79557638989,38396.68544921875,26827.575322047604,59.60484893929189,62.36035463605635,TTNP
2002-11-05,42762.4296875,44552.484375,37790.0546875,37790.0546875,37790.0546875,7,43239.7796875,43558.011328125,38804.42021484375,34898.1216796875,42905.63525390625,80455.02754882812,48.50632039776354,2748.3465643824748,2677.9013780088044,70.44518637367037,49662.631478153766,38804.42021484375,27946.208951533725,45.12967855943256,56.255355992012085,TTNP
2002-11-06,39779.00390625,41767.95703125,37790.0546875,41370.1640625,41370.1640625,5,42523.75703125,43756.90625,39361.326171875,35041.3260546875,42483.97775390625,79868.28719726563,54.9270618504957,2541.9032757551977,2650.701757558083,-108.79848180288536,49523.986233316675,39361.326171875,29198.666110433325,38.184590808941465,47.63970610255537,TTNP
2002-11-07,39381.21484375,41370.1640625,38784.53125,40375.69140625,40375.69140625,2,41608.83984375,43597.790234375,39808.8400390625,35160.6630859375,42159.77888671875,79279.55791992188,52.95193792558034,2271.861247691035,2574.9336555846735,-303.0724078936387,49300.34318889698,39808.8400390625,30317.336889228027,30.895914448015546,38.07006127212993,TTNP
2002-11-08,39381.21484375,43160.22265625,38784.53125,43160.22265625,43160.22265625,3,41250.82890625,43001.10546875,40316.0224609375,35335.6907421875,41899.22642578125,78744.53028320313,57.55434620152842,2256.5275505160753,2511.252434570954,-254.72488405487866,49375.7726838566,40316.0224609375,31256.2722380184,39.720676812131565,36.26706068969626,TTNP
2002-11-11,43955.80078125,43955.80078125,40773.48046875,41171.26953125,41171.26953125,2,40773.48046875,42543.646875,40733.701953125,35459.0056640625,41628.72919921875,78175.69053710937,53.526530145192964,2060.1356290768235,2421.029073472128,-360.8934443953044,49117.16842646224,40733.701953125,32350.235479787756,37.15825422554116,35.92494849522949,TTNP
2002-11-12,41171.26953125,44751.3828125,41171.26953125,42762.4296875,42762.4296875,1,41767.95546875,42503.867578125,41151.3814453125,35638.0111328125,41360.22091796875,77648.61870117187,56.16921160086944,2009.720140367128,2338.767286851128,-329.0471464840002,49051.19515073085,41151.3814453125,33251.567739894155,37.96771427689489,38.282215104855936,TTNP
2002-11-13,41767.95703125,43756.90625,40773.48046875,41569.0625,41569.0625,2,41807.73515625,42165.74609375,41529.28203125,35781.2155859375,41131.49166015625,77155.35901367187,53.7027132652546,1852.120649749937,2241.43795943089,-389.3173096809528,48717.73445601907,41529.28203125,34340.829606480926,30.93470085889722,35.35355645377782,TTNP
2002-11-14,41767.95703125,42961.32421875,39779.00390625,40375.69140625,40375.69140625,4,41807.73515625,41708.2875,41738.121875,35912.4862890625,40886.85080078125,76661.10489257812,51.27779051839987,1612.3407832435914,2115.61852419343,-503.2777409498385,48526.56352443651,41738.121875,34949.68022556348,26.027405982503666,31.643273706098658,TTNP
2002-11-15,40375.69140625,42165.74609375,40375.69140625,41767.95703125,41767.95703125,2,41529.28203125,41390.05546875,42046.4091796875,36019.8896484375,40650.16572265625,76173.81209960938,53.89353190555397,1517.1687350321372,1995.9285663611713,-478.7598313290341,48224.845324829825,42046.4091796875,35867.973034545175,26.7330991370517,27.898401992817597,TTNP
2002-11-18,40176.796875,44552.484375,40176.796875,43756.90625,43756.90625,3,42046.409375,41409.944921875,42434.2544921875,36171.0498828125,40381.65744140625,75754.14358398438,57.41115997869507,1583.9766835413175,1913.5381897972006,-329.56150625588316,47988.057198960174,42434.2544921875,36880.45178541483,39.79642582589745,30.852310315151005,TTNP
2002-11-19,44751.3828125,45745.85546875,43955.80078125,45348.06640625,45348.06640625,3,42563.53671875,42165.74609375,42861.8787109375,36365.9669921875,40168.83974609375,75324.53032226562,60.037866846607514,1745.198231919836,1879.8701982217276,-134.67196630189164,47906.916784695655,42861.8787109375,37816.84063717934,61.39658170676373,42.642035556571024,TTNP
2002-11-20,46342.54296875,49325.96875,45546.9609375,48729.28125,48729.28125,7,43995.58046875,42901.6578125,43329.28203125,36632.4862890625,40023.64638671875,74961.54688476563,64.98060887133133,2121.349652151781,1928.1660890077383,193.18356314404264,48718.235921396365,43329.28203125,37940.32814110363,80.88455296080629,60.692520164489224,TTNP
2002-11-21,47933.703125,48729.28125,45944.75,47535.91015625,47535.91015625,2,45427.62421875,43617.6796875,43607.7349609375,36883.0940234375,39888.39775390625,74577.67948242188,62.0629203981903,2296.682561924368,2001.8693835910642,294.813178333304,49255.61780089521,43607.7349609375,37959.85212097979,87.30633226599959,76.52915564452327,TTNP
2002-11-22,46740.33203125,50121.546875,46740.33203125,48729.28125,48729.28125,3,46819.8890625,44174.585546875,43587.8455078125,37137.6796484375,39747.18228515625,74177.90045898437,63.812748647789796,2503.076324217145,2102.1107717162804,400.96555250086476,49160.137042370596,43587.8455078125,38015.5539732544,89.33999121445049,85.84362548041888,TTNP
2002-11-25,49524.86328125,55491.7109375,46740.33203125,54099.44921875,54099.44921875,8,48888.39765625,45467.403515625,44005.5251953125,37511.6023046875,39619.88951171875,73806.96125976562,70.42380510977347,3064.6452201107168,2294.6176613951675,770.0275587155493,51183.266398334934,44005.5251953125,36827.78399229006,88.44241927961882,88.3629142533564,TTNP
2002-11-26,52707.18359375,56883.9765625,51712.70703125,55690.609375,55690.609375,6,50956.90625,46760.221484375,44632.04453125,37925.3040234375,39538.34255859375,73443.97786132812,72.05295793780103,3596.6262738579826,2555.0193838877303,1041.6068899702523,53413.570255468905,44632.04453125,35850.5188070311,91.41704465529769,89.73315171645577,TTNP
2002-11-27,55491.7109375,56685.08203125,51712.70703125,54099.44921875,54099.44921875,12,52030.93984375,48013.26015625,45089.503125,38339.0057421875,39436.90611328125,73078.01100585937,68.01809597785893,3845.5031978182815,2813.1161466738404,1032.387051144441,54794.35842860569,45089.503125,35384.64782139432,90.05228638964404,89.97058344152028,TTNP
2002-11-29,54099.44921875,54099.44921875,51712.70703125,52707.18359375,52707.18359375,1,53065.19453125,49246.409375,45477.3484375,38732.8179296875,39367.29287109375,72741.87840820312,64.60882442501612,3885.604918039957,3027.6139009470635,857.9910170928933,55733.29573160087,45477.3484375,35221.401143399125,84.53447321082996,88.667934751924,TTNP
2002-12-02,53900.55078125,56486.1875,47337.015625,48530.38671875,48530.38671875,9,53025.415625,49922.65234375,45656.35390625,39055.027890625,39259.88955078125,72387.84526367187,55.60446666997709,3539.5514732787124,3130.0014154133933,409.5500578653191,55993.90346259009,45656.35390625,35318.80434990991,70.4532032560139,81.6799876188294,TTNP
2002-12-03,46740.33203125,47734.8046875,42961.32421875,47535.91015625,47535.91015625,7,51712.7078125,50300.552734375,45855.248828125,39409.061015625,39062.98349609375,72034.80657226563,53.685984766603134,3148.758746918429,3133.7528817144002,15.00586520402885,56176.7134733297,45855.248828125,35533.784182920295,57.36434922867147,70.78400856517187,TTNP
2002-12-04,46740.33203125,47535.91015625,44950.27734375,46541.4375,46541.4375,3,49882.8734375,50419.88984375,46292.81796875,39786.9616015625,38822.32052734375,71651.93364257812,51.76268149166423,2727.367666827973,3052.475838737115,-325.1081719091417,55928.764475678465,46292.81796875,36656.87146182154,45.348845087156825,57.7221325239475,TTNP
2002-12-05,45745.85546875,47337.015625,44751.3828125,44751.3828125,44751.3828125,1,48013.26015625,50022.1,46461.87890625,40125.0831640625,38508.06638671875,71278.01098632812,48.40141430728842,2223.340461864478,2886.6487633625875,-663.3083014981094,55862.1894784639,46461.87890625,37061.5683340361,37.42156485693181,46.71158639092014,TTNP
2002-12-06,44950.27734375,46541.4375,42762.4296875,43756.90625,43756.90625,2,46223.2046875,49644.199609375,46630.9396484375,40419.4478125,38183.86748046875,70885.19329101563,46.591307891528594,1723.778675646754,2654.074745819421,-930.296070172667,55703.23552506436,46630.9396484375,37558.643771810646,29.44814172814121,37.406183890743385,TTNP
2002-12-09,43756.90625,43756.90625,38784.53125,39580.109375,39580.109375,4,44433.14921875,48729.282421875,46451.933984375,40626.2986328125,37813.92271484375,70461.54688476563,39.85048185755151,979.5481388591215,2319.1694244273613,-1339.6212855682397,55923.57832857357,46451.933984375,36980.28964017643,17.735040184404784,28.20158225649271,TTNP
2002-12-10,39580.109375,39977.90234375,37392.265625,38784.53125,38784.53125,5,42682.8734375,47197.790625,46332.5970703125,40785.4146875,37428.06638671875,70047.84524414063,38.701893031775526,321.83367255702615,1919.7022740532943,-1597.8686014962682,56122.173716504985,46332.5970703125,36543.02042412001,10.989007351516584,19.390729754687634,TTNP
2002-12-11,36994.4765625,36994.4765625,29237.568359375,30828.728515625,30828.728515625,52,39540.331640625,44711.6025390625,45735.91201171875,40841.1052734375,37412.15478515625,69594.36458984375,29.534489727464813,-831.7882348099374,1369.4041722806478,-2201.192407090585,57565.38569734938,45735.91201171875,33906.438326088115,5.764616515959002,11.496221350626897,TTNP
2002-12-12,29038.673828125,29834.25390625,28640.884765625,28839.779296875,28839.779296875,17,36358.0109375,42185.635546875,45099.4478515625,40908.7295703125,37372.37578125,69092.15465820313,27.763896040899194,-1884.806610056883,718.5620158131416,-2603.3686258700245,58953.668664846526,45099.4478515625,31245.22703827848,4.53415974507004,7.095927870848648,TTNP
2002-12-13,28839.779296875,30828.728515625,28044.19921875,30828.728515625,30828.728515625,15,33772.375390625,39997.7900390625,44622.09970703125,40932.596953125,37340.55255859375,68619.77896484375,32.144738648488804,-2529.6791132696526,68.91378999658275,-2598.592903266235,59698.43548270883,44622.09970703125,29545.76393135367,5.371596140170783,5.223457467066715,TTNP
2002-12-16,30033.1484375,32220.994140625,30033.1484375,31226.51953125,31226.51953125,8,32101.657421875,38267.4033203125,44095.02783203125,40996.243359375,37302.76251953125,68149.3922265625,33.01965528119274,-2974.3602343321327,-539.7410148691604,-2434.619219462972,60233.298152661206,44095.02783203125,27956.757511401294,7.1312919280508344,5.679015937763992,TTNP
2002-12-17,30033.1484375,30629.833984375,29436.46484375,29635.359375,29635.359375,2,30271.823046875,36477.3482421875,43388.95048828125,40996.243359375,37274.9172265625,67668.06625,31.282160557196338,-3415.7914358416892,-1114.951099063666,-2300.840336778023,60716.47556305476,43388.95048828125,26061.42541350774,8.748402564032444,7.0837635440847935,TTNP
2002-12-18,29038.673828125,30629.833984375,29038.673828125,29436.46484375,29436.46484375,10,29993.3703125,34766.8509765625,42593.37041015625,40992.26546875,37185.414453125,67142.98341796875,31.062133609983654,-3738.5819245789025,-1639.6772641667135,-2098.904660412189,60920.347211315486,42593.37041015625,24266.39360899701,7.161715009609658,7.680469833897752,TTNP
2002-12-19,29436.46484375,31823.205078125,28441.98828125,29038.673828125,29038.673828125,8,30033.14921875,33195.580078125,41608.8400390625,40968.398046875,37093.92275390625,66615.91163085938,30.598582892796372,-3980.6081500544533,-2107.8634413442614,-1872.7447087101918,60614.5486020992,41608.8400390625,22603.131476025803,4.649054601033407,6.853057391558608,TTNP
2002-12-20,31027.625,31027.625,28243.09375,28243.09375,28243.09375,8,29516.022265625,31644.198828125,40644.19921875,40904.751640625,37000.44208984375,66067.95584960938,29.645696245631182,-4188.331858296784,-2523.957124734766,-1664.3747335620183,60296.105820200675,40644.19921875,20992.292617299325,3.133902284340856,4.981557298328079,TTNP
2002-12-23,28839.779296875,29237.568359375,28044.19921875,28839.779296875,28839.779296875,7,29038.67421875,30570.1658203125,39649.72412109375,40821.2157421875,36930.828828125,65513.03873046875,31.371885066644655,-4255.749228726854,-2870.3155455331835,-1385.4336831936707,59575.503047918435,39649.72412109375,19723.94519426907,2.8627443942499347,3.5485670932081717,TTNP
2002-12-24,28839.779296875,29436.46484375,28640.884765625,28839.779296875,28839.779296875,6,28879.558203125,29575.690625,38386.740625,40741.657734375,36873.14927734375,64975.02770507812,31.371885066644655,-4260.070539135289,-3148.2665442536045,-1111.803994881685,57680.994353404036,38386.740625,19092.486896595958,3.071814302536007,3.0228203270423717,TTNP
2002-12-26,29237.568359375,29436.46484375,27845.3046875,29038.673828125,29038.673828125,5,28800.0,29396.68515625,37054.14384765625,40634.2544140625,36837.3481640625,64435.02771484375,32.016716878853934,-4199.042138368281,-3358.4216630765395,-840.6204752917411,55019.595861908696,37054.14384765625,19088.6918334038,4.862772489596723,3.5991103954609946,TTNP
2002-12-27,28243.09375,28640.884765625,27646.408203125,27646.408203125,27646.408203125,5,28521.546875,29277.348046875,35731.491796875,40506.9615625,36781.65755859375,63888.06639648438,29.898922167400766,-4214.439456703316,-3529.625221801895,-684.8142349014211,52325.23890954889,35731.491796875,19137.74468420111,3.5022282037444428,3.812271665292497,TTNP
2002-12-30,27646.408203125,28839.779296875,27049.724609375,28044.19921875,28044.19921875,14,28481.76796875,28998.8951171875,34498.342578125,40343.86765625,36725.96697265625,63347.07192382812,31.29721761144304,-4146.74246604184,-3653.048670649884,-493.693795391956,49446.716613330296,34498.342578125,19549.968542919694,4.691758736835038,4.352253143392175,TTNP
2002-12-31,27646.408203125,28640.884765625,27447.513671875,28441.98828125,28441.98828125,13,28402.209765625,28720.4419921875,33493.92265625,40200.663203125,36678.23216796875,62773.25975585938,32.74199448942736,-4014.71472801884,-3725.3818821236755,-289.3328458951646,47182.40985168283,33493.92265625,19805.435460817163,7.230762313081766,5.141583084553855,TTNP
2003-01-02,29038.673828125,31624.30859375,28441.98828125,30828.728515625,30828.728515625,6,28799.999609375,28839.77890625,32658.56357421875,40097.2377734375,36652.3758203125,62196.4641796875,40.787883569501744,-3675.127225366701,-3715.3309507722806,40.20372540557946,44765.11353228741,32658.56357421875,20552.013616150092,31.589731829905862,14.50408429327433,TTNP
2003-01-03,30629.833984375,32817.6796875,29635.359375,32022.099609375,32022.099609375,8,29396.684765625,29098.3423828125,31932.5966796875,40001.768125,36642.43107421875,61644.53045898437,44.371197135527275,-3271.9891548373416,-3626.662591585293,354.6734367479512,42227.965529188354,31932.5966796875,21637.227830186646,57.76126260998455,32.1939189176575,TTNP
2003-01-06,32220.994140625,33215.46875,31823.205078125,32419.888671875,32419.888671875,9,30351.380859375,29436.4638671875,31316.02197265625,39862.5416015625,36638.4531640625,61038.89505859375,45.55397293813893,-2887.1201526580735,-3478.754103799849,591.6339511417755,39781.079407974845,31316.02197265625,22850.964537337655,82.12685835419406,57.159284264694925,TTNP
2003-01-07,33215.46875,33215.46875,30828.728515625,31823.205078125,31823.205078125,4,31107.18203125,29794.475,30719.3369140625,39659.668671875,36614.58576171875,60415.359130859375,44.04132103934413,-2600.2816467180965,-3303.0596123834985,702.777965665402,36990.651909076645,30719.3369140625,24448.02191904835,83.57434658131244,74.48748918183044,TTNP
2003-01-08,31823.205078125,31823.205078125,28640.884765625,30232.044921875,30232.044921875,6,31465.193359375,29933.7015625,30251.93369140625,39281.7681640625,36552.9283203125,59795.80115234375,40.20715784337099,-2472.8479391814435,-3137.0172777430876,664.169338561644,35026.90611569516,30251.93369140625,25476.96126711734,72.04301994924712,79.24807496158463,TTNP
2003-01-09,30033.1484375,30232.044921875,28839.779296875,29436.46484375,29436.46484375,8,31186.740625,29993.3701171875,29784.53037109375,38955.5803515625,36481.3261328125,59161.3260546875,38.40674363759132,-2408.2911894896897,-2991.272060092408,582.9808706027184,32522.860494778375,29784.53037109375,27046.200247409128,55.913991778542105,70.51045276970066,TTNP
2003-01-10,31425.4140625,31624.30859375,29436.46484375,30033.1484375,30033.1484375,2,30788.950390625,30092.817578125,29744.7513671875,38693.0388671875,36419.668671875,58530.828828125,40.55663886060786,-2282.6689343666367,-2849.5514349472537,566.882500580617,32444.087327243647,29744.7513671875,27045.41540713135,46.23656220530464,58.064524644364724,TTNP
2003-01-13,29834.25390625,30828.728515625,29635.359375,30629.833984375,30629.833984375,1,30430.939453125,30391.16015625,29834.2541015625,38406.63,36361.98912109375,57986.85088867188,42.71015380849031,-2110.634771378587,-2701.7681022335205,591.1333308549333,32526.32598501027,29834.2541015625,27142.18221811473,48.387095071127156,50.17921635165806,TTNP
2003-01-14,30828.728515625,32220.994140625,30430.939453125,31425.4140625,31425.4140625,6,30351.38125,30729.281640625,29864.08837890625,38136.132734375,36318.23220703125,57458.784599609375,45.542989549901634,-1888.332275382214,-2539.080936863259,650.748661481045,32612.224623972077,29864.08837890625,27115.952133840423,59.13978051826384,51.25447926489864,TTNP
2003-01-15,31624.30859375,33414.36328125,31027.625,32817.6796875,32817.6796875,60,30868.508203125,31166.85078125,29943.64638671875,37893.48078125,36290.38689453125,56960.552529296874,50.18520183265599,-1581.5802725316935,-2347.580803996946,766.0005314652526,32927.00548506431,29943.64638671875,26960.28728837319,73.21909239370204,60.24865599436445,TTNP
2003-01-16,33414.36328125,36000.0,33414.36328125,34209.9453125,34209.9453125,16,31823.204296875,31504.9724609375,30172.37568359375,37706.519453125,36278.45318359375,56496.13264648437,54.373813119601955,-1212.1598754547158,-2120.4966182885,908.3367428337842,33681.28096490172,30172.37568359375,26663.470402285777,80.53092248671481,70.96326513289367,TTNP
2003-01-17,33812.15625,35005.5234375,33812.15625,34408.83984375,34408.83984375,3,32698.342578125,31743.646484375,30420.99443359375,37638.89515625,36268.50841796875,56048.61883789062,54.956492049739005,-893.0479222553186,-1875.0068790818636,981.9589568265451,34363.88473196652,30420.99443359375,26478.10413522098,84.28241525172609,79.34414337738109,TTNP
2003-01-21,34011.05078125,35204.41796875,32220.994140625,33016.57421875,33016.57421875,2,33175.690625,31803.3150390625,30619.889453125,37471.823359375,36256.57470703125,55606.07741210938,50.130352865608785,-743.9181749081545,-1648.7891382471219,904.8709633389674,34663.82217051612,30619.889453125,26575.956735733882,75.77950032295897,80.19761268713339,TTNP
2003-01-22,34607.734375,34607.734375,30232.044921875,32817.6796875,32817.6796875,5,33454.14375,31902.7625,30848.61875,37320.663125,36240.66310546875,55158.563583984374,49.46210305828379,-634.467159679938,-1445.924742533685,811.457582853747,34846.16152998051,30848.61875,26851.075970019487,68.41107962898892,76.15766506789141,TTNP
2003-01-23,32022.099609375,32817.6796875,32022.099609375,32220.994140625,32220.994140625,1,33334.806640625,32101.657421875,31017.6794921875,37101.8785546875,36218.7846484375,54715.02765625,47.41986775790174,-589.083391833843,-1274.5564723937166,685.4730805598736,34946.49837226468,31017.6794921875,27088.860612110322,57.21988541367144,67.13682178853988,TTNP
2003-01-24,32618.78515625,32618.78515625,30232.044921875,32220.994140625,32220.994140625,2,32937.01640625,32380.1103515625,31186.740234375,36922.873046875,36190.93935546875,54234.696181640626,47.419867757901734,-546.8131077170001,-1129.0077994583733,582.1946917413732,35015.870035091604,31186.740234375,27357.610433658396,51.73067316509707,59.120546069252576,TTNP
2003-01-27,32618.78515625,33016.57421875,31226.51953125,31226.51953125,31226.51953125,3,32300.55234375,32499.4474609375,31296.13251953125,36692.15484375,36165.08298828125,53772.26522460938,43.91505979467275,-586.7951832141553,-1020.5652762095297,433.7700929953744,34996.38210082832,31296.13251953125,27595.882938234183,44.14413601470901,51.0315648644926,TTNP
2003-01-28,31823.205078125,32220.994140625,30828.728515625,31823.205078125,31823.205078125,2,32061.878515625,32618.7845703125,31504.97236328125,36497.2376953125,36139.226640625,53309.834296875,46.47144283774945,-563.8341995000847,-929.2190608676407,365.384861367556,34807.82782814644,31504.97236328125,28202.11689841606,42.342338516725846,46.072382565510736,TTNP
2003-01-29,31226.51953125,32022.099609375,31027.625,31624.30859375,31624.30859375,1,31823.204296875,32638.6740234375,31683.97783203125,36322.2100390625,36117.3481640625,52861.32599609375,45.72330172304457,-555.2857500503087,-854.4323987041743,299.14664865386555,34580.20649462312,31683.97783203125,28787.749169439383,39.08908406464687,41.85851953202734,TTNP
2003-01-30,31624.30859375,32220.994140625,31226.51953125,31226.51953125,31226.51953125,1,31624.309375,32479.5580078125,31823.20439453125,36111.3812890625,36065.63546875,52408.8398046875,44.19100914036707,-573.9926650107409,-798.3444519654876,224.35178695474667,34323.27613212447,31823.20439453125,29323.132656938033,36.46828107498313,39.29990121878538,TTNP
2003-01-31,31027.625,32022.099609375,30232.044921875,31027.625,31027.625,3,31385.635546875,32161.3259765625,31833.14921875,35856.7956640625,36013.9227734375,51970.2762890625,43.407713492973,-597.9740833271971,-758.2703782378295,160.29629491063235,34318.85957091346,31833.14921875,29347.438866586544,29.345534928091364,34.96763335590722,TTNP
2003-02-03,31425.4140625,32022.099609375,30033.1484375,31027.625,31027.625,3,31345.856640625,31823.2044921875,31783.42548828125,35570.3868359375,35968.1769140625,51528.7293359375,43.40771349297299,-609.9484243634251,-728.6059874629486,118.65756309952349,34291.71166827376,31783.42548828125,29275.139308288737,21.938139340907338,29.250651781327377,TTNP
2003-02-04,31823.205078125,31823.205078125,29436.46484375,31624.30859375,31624.30859375,2,31306.07734375,31683.9779296875,31743.646484375,35228.2873828125,35930.3868359375,51090.16580078125,46.69509130336303,-564.7803601540472,-695.8408620011684,131.06050184712115,34235.47646343559,31743.646484375,29251.816505314415,23.95833655186315,25.080670273620715,TTNP
2003-02-05,30232.044921875,32022.099609375,29635.359375,31425.4140625,31425.4140625,1,31266.2984375,31544.7513671875,31723.75693359375,34906.0774609375,35894.5857421875,50665.52490234375,45.74127643832816,-538.8222626520692,-664.4371421313485,125.61487947927935,34219.07709912809,31723.75693359375,29228.436768059415,26.76767322085603,24.2213830378756,TTNP
2003-02-06,29635.359375,31823.205078125,29635.359375,31226.51953125,31226.51953125,1,31266.2984375,31445.30390625,31773.4806640625,34556.0222265625,35846.8509375,50251.8232421875,44.756730700222604,-528.210527641666,-637.191819233412,108.98129159174607,34186.18474718428,31773.4806640625,29360.77658094072,31.556939534382405,27.42764976903396,TTNP
2003-02-07,31624.30859375,31823.205078125,29635.359375,31823.205078125,31823.205078125,1,31425.414453125,31405.525,31892.81767578125,34110.49734375,35811.04982421875,49821.21551757812,48.34857331199266,-466.27815000369446,-603.0090853874685,136.73093538377407,34054.37767213591,31892.81767578125,29731.257679426588,34.23894432247891,30.854519025905876,TTNP
2003-02-10,31226.51953125,31823.205078125,30033.1484375,30232.044921875,30232.044921875,0,31266.2984375,31306.0775390625,31902.7625,33601.3260546875,35763.3150390625,49393.5912109375,40.74134650533271,-539.3720757146402,-590.2816834529028,50.909607738262594,34031.58971529655,31902.7625,29773.93528470345,29.26614452619442,31.68734279435201,TTNP
2003-02-11,29834.25390625,31624.30859375,29834.25390625,30828.728515625,30828.728515625,1,31107.182421875,31206.6298828125,31912.7072265625,33135.911640625,35737.45869140625,48980.884033203125,44.2817675781787,-542.8940148674956,-580.8041497358214,37.91013486832583,34019.398974536714,31912.7072265625,29806.015478588284,31.884268243333498,31.796452364002374,TTNP
2003-02-12,30828.728515625,31823.205078125,30232.044921875,31226.51953125,31226.51953125,1,31067.403515625,31166.8509765625,31902.7625,32706.298359375,35719.55814453125,48594.03319335938,46.57345704248841,-507.7339258933207,-566.1901049673213,58.4561790740006,34020.41079840267,31902.7625,29785.114201597335,34.75782562350609,31.969412797678103,TTNP
2003-02-13,29635.359375,31027.625,27845.3046875,30232.044921875,30232.044921875,3,30868.50859375,31067.403515625,31773.48076171875,32340.3315234375,35697.67970703125,48149.50279296875,41.93033419838346,-553.7320139019503,-563.6984867542471,9.966472852296874,33966.2926545838,31773.48076171875,29580.6688688537,45.01423781677645,37.21877722787212,TTNP
2003-02-14,28243.09375,30232.044921875,28243.09375,29038.673828125,29038.673828125,2,30311.60234375,30868.5083984375,31514.9171875,31970.386796875,35689.72390625,47712.928193359374,37.144743417908494,-678.6577596904572,-586.6903413414891,-91.96741834896807,33717.090069269994,31514.9171875,29312.744305730004,41.14218863707859,40.304750692453815,TTNP
2003-02-18,29834.25390625,29834.25390625,28243.09375,28839.779296875,28839.779296875,2,30033.14921875,30649.723828125,31236.46416015625,31616.3536328125,35701.6576171875,47277.34806640625,36.39910218130867,-784.6662950980826,-626.2855320928078,-158.38076300527484,33309.079880967896,31236.46416015625,29163.84843934461,32.05127751726845,39.4025679903746,TTNP
2003-02-19,28839.779296875,28839.779296875,27049.724609375,27646.408203125,27646.408203125,2,29396.68515625,30251.9337890625,30967.955859375,31274.254140625,35699.66865234375,46828.83979492188,32.219893893774305,-953.977043479008,-691.8238343700478,-262.15320910896014,33407.48267549808,30967.955859375,28528.42904325192,20.51280435764629,31.235423503997882,TTNP
2003-02-20,27646.408203125,29038.673828125,27248.619140625,27646.408203125,27646.408203125,1,28680.662890625,29874.033203125,30709.39228515625,30952.0441796875,35685.74599609375,46398.2320703125,32.219893893774305,-1075.7563814586065,-768.6103437877596,-307.1460376708469,33393.8122816199,30709.39228515625,28024.9722886926,15.421891250055344,22.6619910416568,TTNP
2003-02-21,27845.3046875,29834.25390625,27845.3046875,28839.779296875,28839.779296875,1,28402.209765625,29635.3591796875,30540.33154296875,30737.237578125,35681.76810546875,45991.49174804687,40.18485843376522,-1063.7105176225814,-827.630378554724,-236.08013906785743,33248.44658677996,30540.33154296875,27832.216499157545,19.846133608291115,18.593609738664355,TTNP
2003-02-24,28441.98828125,29237.568359375,27248.619140625,28839.779296875,28839.779296875,1,28362.430859375,29337.0166015625,30371.27080078125,30538.3425390625,35661.87861328125,45565.85638671875,40.18485843376523,-1042.150817835125,-870.5344664108042,-171.6163514243209,33060.696610731626,30371.27080078125,27681.844990830872,27.999986383100037,21.08933708048227,TTNP
2003-02-25,28044.19921875,29237.568359375,28044.19921875,28839.779296875,28839.779296875,2,28362.430859375,29197.7900390625,30251.9337890625,30498.5635546875,35669.8344140625,45210.82875976562,40.18485843376523,-1013.3829525562323,-899.1041636398897,-114.27878891634259,32990.3364374832,30251.9337890625,27513.531140641797,35.99999371527698,27.948704568889482,TTNP
2003-02-26,29237.568359375,30232.044921875,28441.98828125,29635.359375,29635.359375,1,28760.22109375,29078.453125,30142.54150390625,30514.47515625,35711.60236328125,44869.72379882813,45.51591957357714,-915.8304256348092,-902.4494160388737,-13.381009595935552,32794.5664822048,30142.54150390625,27490.5165256077,42.055547956060074,35.351842684812475,TTNP
2003-02-27,29436.46484375,31624.30859375,29237.568359375,31425.4140625,31425.4140625,3,29516.022265625,29098.342578125,30132.59677734375,30526.4088671875,35729.50291015625,44529.61329101562,55.19247094327386,-686.1671838800212,-859.1929696071031,173.02578572708194,32763.730858644616,30132.59677734375,27501.462696042887,60.611098787162994,46.222213486166794,TTNP
2003-02-28,31027.625,31624.30859375,29834.25390625,30828.728515625,30828.728515625,1,29913.812109375,29158.0109375,30112.7072265625,30518.453046875,35757.348203125,44187.51384765625,51.88456563545603,-546.0108736076945,-796.5565504072214,250.54567679952686,32716.33367019233,30112.7072265625,27509.08078293267,74.99997954191909,59.222208761714164,TTNP
2003-03-03,31226.51953125,31624.30859375,30828.728515625,31226.51953125,31226.51953125,2,30391.16015625,29376.7955078125,30122.651953125,30550.27625,35773.2598046875,43846.4088671875,53.86954109252399,-398.2468358389706,-716.8946074935712,318.64777165460066,32741.65476549576,30122.651953125,27503.64914075424,86.11109065303019,73.9073896607042,TTNP
2003-03-04,31425.4140625,32022.099609375,31226.51953125,31823.205078125,31823.205078125,1,30987.8453125,29675.1380859375,30162.43095703125,30598.0110546875,35795.13826171875,43528.17684570313,56.751681840294545,-230.34001805477237,-619.5836896058115,389.24367155103914,32858.24756757336,30162.43095703125,27466.61434648914,87.5555450591965,82.88887175138203,TTNP
2003-03-05,30033.1484375,31823.205078125,29834.25390625,30629.833984375,30629.833984375,1,31186.740234375,29973.4806640625,30112.7072265625,30629.8342578125,35799.11615234375,43184.0884375,50.02051645954042,-191.3618290579834,-533.9393174962458,342.57748843826244,32734.50303730651,30112.7072265625,27490.91141581849,85.1666622095327,86.2777659739199,TTNP
2003-03-06,31226.51953125,31226.51953125,29834.25390625,30232.044921875,30232.044921875,2,30948.06640625,30232.0443359375,30053.03876953125,30669.61328125,35787.1824609375,42857.90061523437,47.977773954718856,-190.37506113675772,-465.2264662243482,274.8514050875905,32606.033172944168,30053.03876953125,27500.04436611833,77.33333438078724,83.35184721650558,TTNP
2003-03-07,29834.25390625,30629.833984375,27845.3046875,28839.779296875,28839.779296875,2,30550.2765625,30232.0443359375,29933.7017578125,30669.61328125,35745.41451171875,42538.67408203125,41.577765523392394,-298.49636050176196,-431.88044507983096,133.384084578069,32479.247558690276,29933.7017578125,27388.155956934726,57.33332914351799,73.27777524461274,TTNP
2003-03-10,29436.46484375,30430.939453125,28044.19921875,28441.98828125,28441.98828125,1,29993.3703125,30192.265234375,29764.64091796875,30661.6574609375,35701.65759765625,42246.2983984375,39.938498369257694,-411.5377289372882,-427.81190185132243,16.27417291403424,32233.74488779856,29764.64091796875,27295.536948138943,42.666657763309004,59.11110709587151,TTNP
2003-03-11,28044.19921875,30232.044921875,28044.19921875,29237.568359375,29237.568359375,2,29476.24296875,30232.044140625,29714.91708984375,30665.6353515625,35649.9448828125,41954.91717773437,44.63961779473597,-431.94793753136037,-428.63910898733,-3.308828544030348,32184.421569152568,29714.91708984375,27245.412610534935,35.22220440459654,45.074063770474616,TTNP
2003-03-12,28839.779296875,30232.044921875,28839.779296875,29436.46484375,29436.46484375,4,29237.569140625,30212.1546875,29645.30390625,30701.436484375,35604.1990234375,41673.480712890625,45.7821675964475,-427.14997186396795,-428.3412815626576,1.191309698689679,32063.249386246975,29645.30390625,27227.358426253024,38.49998768696218,38.79628328495601,TTNP
2003-03-13,28839.779296875,29635.359375,28044.19921875,29237.568359375,29237.568359375,3,29038.673828125,29993.3701171875,29545.85634765625,30725.3038671875,35534.58576171875,41363.204453125,44.78673883899726,-434.389462224397,-429.5509176950055,-4.83854452939147,31856.722453964645,29545.85634765625,27234.990241347852,43.05554532651512,38.92591247269138,TTNP
2003-03-14,28044.19921875,29834.25390625,27845.3046875,29834.25390625,29834.25390625,3,29237.56875,29893.92265625,29525.966796875,30753.1491796875,35476.90619140625,41085.74587890625,48.41064563926513,-387.5122733005228,-421.143188816109,33.630915515586196,31819.650180179306,29525.966796875,27232.283413570694,45.039673192055325,42.19840206851097,TTNP
2003-03-17,29038.673828125,31226.51953125,29038.673828125,30033.1484375,30033.1484375,2,29555.80078125,29774.585546875,29575.69052734375,30737.237578125,35417.23767578125,40818.23205078125,49.59816841140403,-330.5028062855199,-403.0151123099912,72.51230602447129,31868.07998404562,29575.69052734375,27283.301070641883,47.222199815750805,45.10580611144051,TTNP
2003-03-18,30033.1484375,31226.51953125,29834.25390625,30430.939453125,30430.939453125,6,29794.475,29635.358984375,29655.24853515625,30705.414375,35353.59125,40577.569052734376,51.97900620892734,-250.3382390725019,-372.47973766249333,122.14149858999144,31950.39746103312,29655.24853515625,27360.09960927938,53.9682368966561,48.74336996815416,TTNP
2003-03-19,29436.46484375,30828.728515625,29436.46484375,30828.728515625,30828.728515625,2,30072.927734375,29655.2484375,29814.36455078125,30673.591171875,35268.06638671875,40356.7955859375,54.30360486252751,-152.94592371674662,-328.572974873344,175.62705115659736,31967.213854200632,29814.36455078125,27661.51524736187,61.9047418641905,54.36505952553256,TTNP
2003-03-20,29834.25390625,30828.728515625,29834.25390625,30232.044921875,30232.044921875,0,30271.823046875,29655.2484375,29943.64638671875,30641.76796875,35150.7183203125,40134.03315429688,50.36517489572714,-122.49712088854358,-287.3578040763839,164.86068318784032,31857.487912088884,29943.64638671875,28029.804861348613,63.49205532738629,59.78834469607772,TTNP
2003-03-21,30828.728515625,31226.51953125,29834.25390625,29834.25390625,29834.25390625,4,30271.823046875,29754.6958984375,29993.3701171875,30633.8121484375,34957.79015625,39900.33149414063,47.872442763324514,-128.97785928224766,-255.68181511755665,126.70395583530899,31840.418687012465,29993.3701171875,28146.321547362535,58.7301461120212,61.37564776786609,TTNP
2003-03-24,29834.25390625,35005.5234375,29834.25390625,34806.62890625,34806.62890625,12,31226.519140625,30391.1599609375,30291.71259765625,30741.2154296875,34848.397890625,39676.574599609376,68.71569154964476,264.07116743815277,-151.73121860641476,415.8023860445675,33016.211295515954,30291.71259765625,27567.21389979654,67.32804063737721,63.18341402559499,TTNP
2003-03-25,34806.62890625,35602.2109375,33215.46875,33613.2578125,33613.2578125,4,31862.9828125,30828.72890625,30530.3865234375,30812.8176171875,34752.9282421875,39461.767958984376,62.27935872192708,473.80850947051294,-26.623272991029197,500.4317824615421,33527.04176622311,30530.3865234375,27533.73128065189,73.06673209778184,66.37497294906018,TTNP
2003-03-26,33613.2578125,33613.2578125,30629.833984375,31823.205078125,31823.205078125,4,32061.878125,31067.4029296875,30639.77880859375,30836.6850390625,34621.65751953125,39266.8508203125,54.09450834369795,489.9368811471941,76.68875783661547,413.2481233105786,33657.41649388475,30639.77880859375,27622.141123302747,74.28773818069705,71.56083697195213,TTNP
2003-03-27,30629.833984375,32022.099609375,29038.673828125,32022.099609375,32022.099609375,4,32419.8890625,31345.8560546875,30669.6130859375,30848.61875,34492.3757421875,39093.81213867188,54.805225076911924,512.8559739150005,163.92220105229248,348.933772862708,33729.2363424984,30669.6130859375,27609.9898293766,59.82904347335646,69.06117125061186,TTNP
2003-03-28,31226.51953125,32618.78515625,30033.1484375,30430.939453125,30430.939453125,2,32539.226171875,31405.524609375,30649.7236328125,30800.8839453125,34347.18236328125,38926.7403125,48.35533870479922,398.0378606400336,210.74533296984072,187.2925276701929,33710.12255898424,30649.7236328125,27589.324706640753,46.15383905202762,60.09020690202712,TTNP
2003-03-31,30033.1484375,31823.205078125,29834.25390625,31624.30859375,31624.30859375,2,31902.762109375,31564.640625,30669.6130859375,30749.1712109375,34227.84533203125,38754.69611328125,52.8383014280919,398.74214367229433,248.34469511033143,150.3974485619629,33749.85393584789,30669.6130859375,27589.372236027117,45.29913195633467,50.427338160572994,TTNP
2003-04-01,31425.4140625,31823.205078125,30629.833984375,30629.833984375,30629.833984375,2,31306.07734375,31584.530078125,30609.94453125,30673.59109375,34156.243125,38530.93918945312,49.01962175510677,315.41855448905335,261.75946698607584,53.65908750297751,33644.3808753309,30609.94453125,27575.508187169096,39.3162242517757,43.58973175337942,TTNP
2003-04-02,34408.83984375,34806.62890625,32220.994140625,34408.83984375,34408.83984375,11,31823.204296875,31942.5412109375,30798.89482421875,30701.43640625,34086.6298828125,38285.303818359374,60.65586791737895,548.00118360345,319.0078103095507,228.99337329389937,34255.95095254893,30798.89482421875,27341.838695888575,56.410240269759676,47.0085321592901,TTNP
2003-04-03,34011.05078125,35005.5234375,32817.6796875,33613.2578125,33613.2578125,3,32141.4359375,32280.6625,30967.95546875,30717.34796875,34019.005546875,38089.39221679688,57.67142933612879,660.5137801762248,387.3090042828855,273.20477589333933,34622.64767356181,30967.95546875,27313.263263938185,63.40324195552435,53.043235492353325,TTNP
2003-04-04,33414.36328125,34806.62890625,33016.57421875,34806.62890625,34806.62890625,2,33016.573828125,32777.9,31266.29794921875,30769.0606640625,33935.469609375,37917.34801757812,60.788047010644334,836.3351464491861,477.11423271614564,359.2209137330405,35144.699444364516,31266.29794921875,27387.896454072987,80.73035521506007,66.84794581344812,TTNP
2003-04-07,34011.05078125,34806.62890625,33215.46875,34607.734375,34607.734375,2,33613.258984375,32758.010546875,31574.58525390625,30816.79546875,33869.8342578125,37749.28172851563,59.99518369472309,948.6898138687502,571.4293489466666,377.26046492208366,35486.046408770824,31574.58525390625,27663.12409904168,80.80805285434563,74.9805500083101,TTNP
2003-04-08,33414.36328125,34209.9453125,32817.6796875,33016.57421875,33016.57421875,1,34090.60703125,32698.3421875,31763.535546875,30852.5965625,33772.375703125,37566.298310546874,53.934488603833564,898.9755401078,636.9385871788933,262.03695292890677,35568.82874911893,31763.535546875,27958.242344631064,77.77775793964317,79.77205533634971,TTNP
2003-04-09,32817.6796875,33016.57421875,31027.625,31425.4140625,31425.4140625,6,33493.921875,32658.5630859375,31862.9830078125,30844.6407421875,33670.93921875,37401.215439453124,48.642634964713245,722.8507201086722,654.1210137648491,68.72970634382318,35520.92105830853,31862.9830078125,28205.044957316473,60.60604708005976,73.06395262468295,TTNP
2003-04-10,31027.625,31624.30859375,30033.1484375,31226.51953125,31226.51953125,3,33016.57421875,32579.005078125,31962.43056640625,30836.6849609375,33579.4475,37233.14915039062,48.008541321003655,560.7573433132457,635.4482796745284,-74.69093636128275,35432.79196686293,31962.43056640625,28492.06916594956,43.434336220476354,60.60604708005986,TTNP
2003-04-11,30232.044921875,31027.625,29635.359375,29635.359375,29635.359375,7,31982.3203125,32499.4470703125,31952.48583984375,30804.8617578125,33458.1215234375,37054.143623046875,43.16118040024955,300.44055594288875,568.4467349282005,-268.00617898531175,35448.23147504684,31952.48583984375,28456.740204640657,26.26262536089295,43.43433622047646,TTNP
2003-04-14,30629.833984375,30629.833984375,28441.98828125,30629.833984375,30629.833984375,3,31186.740234375,32399.999609375,31982.3201171875,30796.9059375,33326.85080078125,36854.25412109375,46.778122254241936,172.39614087702284,489.23661611796496,-316.8404752409421,35421.76594216725,31982.3201171875,28542.87429220775,25.252530362348892,31.649830647906168,TTNP
2003-04-15,29635.359375,30629.833984375,28839.779296875,29635.359375,29635.359375,4,30510.497265625,32300.5521484375,31942.54111328125,30769.060625,33169.72373046875,36669.28173828125,43.778012123286075,-9.219493792839785,389.54539413580403,-398.7648879286438,35470.11062478235,31942.54111328125,28414.97160178016,20.202030722245826,23.905728815162657,TTNP
2003-04-16,29635.359375,30430.939453125,29237.568359375,29834.25390625,29834.25390625,4,30192.265234375,31843.0935546875,31892.8173828125,30733.25953125,32980.77345703125,36502.209921875,44.544060690764674,-135.53964958782672,284.5283853910779,-420.0680349789046,35508.715079085494,31892.8173828125,28276.919686539506,24.242435964961956,23.232332349852324,TTNP
2003-04-17,29834.25390625,32419.888671875,29635.359375,31425.4140625,31425.4140625,5,30232.044140625,31624.3091796875,31952.48583984375,30733.25953125,32819.66849609375,36354.033125,50.370049981488165,-106.03366631224344,206.41597505041364,-312.4496413626571,35495.44152545718,31952.48583984375,28409.530154230317,28.282840305943882,24.242435664383986,TTNP
2003-04-21,31425.4140625,31425.4140625,29834.25390625,30033.1484375,30033.1484375,4,30311.601953125,31146.9611328125,31962.43056640625,30709.392109375,32632.70716796875,36189.9447265625,45.832817232988575,-192.77200657995127,126.57837872434065,-319.35038530429193,35482.590975788626,31962.43056640625,28442.270157023868,30.303037516899696,27.60943792926861,TTNP
2003-04-22,30232.044921875,31027.625,29635.359375,30033.1484375,30033.1484375,5,30192.26484375,30689.5025390625,31723.75654296875,30673.5909765625,32392.04416015625,36005.9668359375,45.83281723298857,-258.5325636947673,49.55619024051906,-308.0887539352864,35083.8460086284,31723.75654296875,28363.667077309092,31.313136122377603,29.96633798174049,TTNP
2003-04-23,30033.1484375,34806.62890625,29635.359375,31823.205078125,31823.205078125,50,30629.833984375,30570.165625,31634.25390625,30705.4141796875,32153.3701171875,35845.856337890626,52.24689642965463,-164.311586527514,6.78263488691244,-171.09422141442644,34881.728821016135,31634.25390625,28386.778991483865,33.33334325240372,31.64983896389377,TTNP
2003-04-24,31823.205078125,33215.46875,31823.205078125,32618.78515625,32618.78515625,18,31186.740234375,30689.502734375,31674.03291015625,30741.2153125,31938.5634765625,35687.734794921875,54.80819142807357,-25.15415845172174,0.39527621918560385,-25.549434670907345,34949.16400567035,31674.03291015625,28398.90181464215,47.12754224222024,37.25800720566729,TTNP
2003-04-25,32022.099609375,32220.994140625,30828.728515625,31624.30859375,31624.30859375,16,31226.519140625,30729.281640625,31654.143359375,30749.17109375,31727.7347265625,35547.51379882813,51.11737948897238,4.827509937593277,1.2817229628671385,3.5457869747261386,34925.40698861507,31654.143359375,28382.879730134933,55.71340022692305,45.391428573849105,TTNP
2003-04-28,31027.625,32022.099609375,30828.728515625,31226.51953125,31226.51953125,8,31465.193359375,30888.39765625,31693.92236328125,30769.0605859375,31554.6960546875,35407.29280273437,49.67636217488382,-3.4700541156489635,0.33136754716391814,-3.8014216628128814,34923.808293744594,31693.92236328125,28464.03643281791,53.12501278630071,51.988651751814764,TTNP
2003-04-29,31425.4140625,32022.099609375,30828.728515625,31624.30859375,31624.30859375,9,31783.425390625,30987.8451171875,31693.92236328125,30820.77328125,31395.5800390625,35229.281767578126,51.159115215916685,21.80101098925661,4.625296235582456,17.175714753674153,34923.808293744594,31693.92236328125,28464.03643281791,47.916671781187006,52.251694931470354,TTNP
2003-04-30,31624.30859375,33215.46875,30828.728515625,32419.888671875,32419.888671875,13,31902.762109375,31266.298046875,31783.42509765625,30892.37546875,31254.36455078125,35038.3425390625,54.07368299691673,104.8169114091761,24.663619270301187,80.15329213887492,34989.523780881726,31783.42509765625,28577.32641443078,52.08333844785367,51.04167433844722,TTNP
2003-05-01,32220.994140625,32618.78515625,31425.4140625,32022.099609375,32022.099609375,18,31783.425,31485.0826171875,31664.0880859375,30979.889296875,31127.07171875,34817.569052734376,52.39025415480724,136.93090348849728,47.117076113940406,89.81382737455687,34639.81254627059,31664.0880859375,28688.363625604412,56.25000511452034,52.08333844785377,TTNP
2003-05-02,31823.205078125,34806.62890625,31823.205078125,34408.83984375,34408.83984375,40,32340.33125,31783.4251953125,31703.8671875,31115.1379296875,31033.5910546875,34608.72926757813,60.363591033246244,350.9262048285491,107.87890185686214,243.04730297168695,34801.5254116999,31703.8671875,28606.208963300105,70.83334356237391,59.72222904158273,TTNP
2003-05-05,35602.2109375,41370.1640625,33613.2578125,38784.53125,38784.53125,33,33851.93359375,32658.5634765625,31902.7623046875,31314.03296875,31025.6352734375,34419.77899414062,70.2127794676778,863.645186094076,259.03215870430495,604.6130273897711,36090.71933167769,31902.7623046875,27714.805277697313,76.45504237459967,67.84613035049807,TTNP
2003-05-06,39381.21484375,39381.21484375,36994.4765625,37790.0546875,37790.0546875,12,35085.0828125,33434.2541015625,32061.8783203125,31493.0384765625,31015.6905078125,34221.878447265626,66.18733718160449,1176.1745175859396,442.4606304806319,733.7138871053078,36847.93932850221,32061.8783203125,27275.817312122785,81.20230730681294,76.1635644145956,TTNP
2003-05-07,37790.0546875,38784.53125,36000.0,36000.0,36000.0,8,35801.105078125,33851.93359375,32211.049609375,31636.242890625,31067.40322265625,34239.77900390625,59.567281399368696,1264.8335969019463,606.9352237648948,657.8983731370515,37284.19885824371,32211.049609375,27137.90036050629,68.03140049428563,75.22958339189951,TTNP
2003-05-08,35602.2109375,37591.16015625,35403.31640625,36795.58203125,36795.58203125,7,36755.8015625,34269.61328125,32479.5580078125,31779.44734375,31146.96125,34259.668515625,61.41448347550682,1383.3470137090553,762.2175817537269,621.1294319553284,37913.58037840632,32479.5580078125,27045.535637218683,61.915359486423455,70.38302242917409,TTNP
2003-05-09,36795.58203125,37591.16015625,35005.5234375,35801.10546875,35801.10546875,7,37034.2546875,34687.29296875,32708.2873046875,31866.961171875,31196.68501953125,34268.6187890625,57.85631503042038,1381.1033037863162,885.9947261602448,495.10857762607145,38295.04353540142,32708.2873046875,27121.53107397358,55.93221730673432,61.95965909581455,TTNP
2003-05-12,35403.31640625,36397.7890625,34806.62890625,36397.7890625,36397.7890625,7,36556.90625,35204.419921875,33046.4087890625,31978.3423828125,31248.39771484375,34275.5801171875,59.37707650862373,1411.2050336469983,991.0367876575955,420.16824598940286,38666.76892526436,33046.4087890625,27426.048652860645,57.06215817663145,58.30324498992982,TTNP
2003-05-13,35602.2109375,36397.7890625,34806.62890625,35204.41796875,35204.41796875,6,36039.77890625,35562.430859375,33275.13798828125,32057.9003515625,31304.08830078125,34289.50276367187,55.094977479776084,1323.5092072997068,1057.5312715860177,265.977935713689,38855.69475628383,33275.13798828125,27694.581220278662,50.55964257925178,54.5180060208726,TTNP
2003-05-14,35801.10546875,37790.0546875,34806.62890625,37193.37109375,37193.37109375,8,36278.453125,36039.7791015625,33653.03857421875,32165.303671875,31381.65736328125,34283.53590820313,60.24137122787296,1398.3818523860173,1125.7013877460176,272.6804646399996,39220.110595713486,33653.03857421875,28085.966552724018,53.1713079839843,53.597702913289254,TTNP
2003-05-15,37193.37109375,41767.95703125,37193.37109375,41370.1640625,41370.1640625,25,37193.36953125,36974.585546875,34229.83408203125,32380.1102734375,31504.972265625,34299.447509765625,68.42512893045804,1774.298243024743,1255.4207588017628,518.8774842229802,40447.20495350833,34229.83408203125,28012.46321055418,66.08347227666576,56.60480761330069,TTNP
2003-05-16,40773.48046875,43359.1171875,39182.3203125,42165.74609375,42165.74609375,22,38466.29765625,37750.276171875,34766.85068359375,32618.784296875,31644.1987890625,34322.32043945313,69.7043012095121,2112.064941966477,1426.7495954347055,685.3153465317714,41732.83509316829,34766.85068359375,27800.866274019216,82.4057249157636,67.22016839213796,TTNP
2003-05-19,40773.48046875,43359.1171875,40773.48046875,42762.4296875,42762.4296875,16,39739.22578125,38148.066015625,35403.31474609375,32897.2373046875,31783.42529296875,34357.127060546874,70.6642080460726,2400.2265461434363,1621.4449855764517,778.7815605669846,42833.58137075988,35403.31474609375,27973.048121427615,94.02595720465882,80.83838479902947,TTNP
2003-05-20,41767.95703125,43359.1171875,39779.00390625,40773.48046875,40773.48046875,20,40853.03828125,38446.40859375,35940.33134765625,33143.8671484375,31902.7623046875,34387.95579101562,63.44768246405137,2439.9785599300158,1785.1517004471646,654.8268594828512,43292.563221963515,35940.33134765625,28588.099473348975,88.01586194160514,88.14918135400927,TTNP
2003-05-21,39779.00390625,39779.00390625,37392.265625,38983.42578125,38983.42578125,11,41211.04921875,38744.751171875,36298.3423828125,33338.784296875,32002.20982421875,34419.77899414062,57.73314405412373,2300.520891273576,1888.2255386124468,412.2953526611293,43509.76144780278,36298.3423828125,29086.923317822217,78.54678718313927,86.86286877646783,TTNP
2003-05-22,38983.42578125,39381.21484375,36397.7890625,37790.0546875,37790.0546875,8,40495.02734375,38844.1984375,36556.905859375,33505.85609375,32103.6462890625,34442.651923828125,54.22665788944322,2069.844728679236,1924.5493766258046,145.29535205343154,43590.70692910521,36556.905859375,29523.104789644796,61.08647590818145,75.88304167764204,TTNP
2003-05-23,37392.265625,41370.1640625,36596.68359375,40773.48046875,40773.48046875,9,40216.57421875,39341.4359375,37014.364453125,33736.5743359375,32230.9391015625,34478.45303710937,60.6596058103034,2103.521646761401,1960.3438306529238,143.17781610847715,43893.83254003912,37014.364453125,30134.896366210887,58.23117882766564,65.95481397299555,TTNP
2003-05-27,40773.48046875,40972.375,37790.0546875,39182.3203125,39182.3203125,9,39500.55234375,39619.8890625,37412.1544921875,33923.5356640625,32338.342421875,34508.28729492187,56.12888629034265,1979.0047849680923,1964.0760215159576,14.928763452134717,43810.14716582073,37412.1544921875,31014.161818554276,54.595787910425514,57.97114754875762,TTNP
2003-05-28,39779.00390625,42762.4296875,39779.00390625,40972.375,40972.375,20,39540.33125,40196.684765625,37879.5578125,34142.3201953125,32439.77888671875,34546.077353515626,59.769388622122676,2001.6924633640083,1971.5993098855677,30.093153478440627,43870.855566788814,37879.5578125,31888.260058211188,64.34107641979813,59.05601438596318,TTNP
2003-05-29,41569.0625,47138.12109375,39977.90234375,44552.484375,44552.484375,37,40654.14296875,40932.59609375,38486.18759765625,34424.75109375,32565.082734375,34603.756904296875,65.86952644320326,2282.249170501964,2033.729282008847,248.51988849311692,44599.095445176674,38486.18759765625,32373.279750135825,67.42934791416963,62.12207074813117,TTNP
2003-05-30,45944.75,48729.28125,42762.4296875,44552.484375,44552.484375,34,42006.62890625,41250.828125,39112.7068359375,34699.2262109375,32686.40869140625,34662.43092773438,65.86952644320326,2476.0500188806836,2122.193429383214,353.8565894974695,45011.913693019764,39112.7068359375,33213.49997885523,73.70841593811438,68.4929467573608,TTNP
2003-06-02,49325.96875,49325.96875,43160.22265625,43756.90625,43756.90625,25,42603.3140625,41409.944140625,39580.11015625,34969.7234375,32805.745703125,34710.165732421876,63.392246631557256,2536.20627451779,2204.9959984101292,331.2102761076608,45395.195950180096,39580.11015625,33765.0243623199,70.22535687432767,70.4543735755373,TTNP
2003-06-03,43756.90625,44950.27734375,41767.95703125,42762.4296875,42762.4296875,10,43319.3359375,41409.944140625,39779.005078125,35228.286953125,32931.04955078125,34741.98893554688,60.337506415272436,2475.103144751789,2259.017427678461,216.08571707332794,45741.87589607459,39779.005078125,33816.134260175415,62.14611014191305,68.69329431811845,TTNP
2003-06-04,42762.4296875,46939.2265625,41966.8515625,43160.22265625,43160.22265625,9,43756.90546875,41648.618359375,40047.5134765625,35395.358828125,33068.28712890625,34774.80663085938,61.14407740560661,2430.756791077547,2293.365300358278,137.39149071926886,46110.74554224183,40047.5134765625,33984.281410883166,56.24867999418265,62.87338233680787,TTNP
2003-06-05,44552.484375,45745.85546875,43558.01171875,45546.9609375,45546.9609375,13,43955.80078125,42304.971875,40524.8615234375,35634.032890625,33223.42525390625,34821.54696289063,65.65677322263029,2558.7066413632274,2346.4335685592678,212.27307280395962,46739.654348414886,40524.8615234375,34310.06869846012,59.29047613385634,59.22842208998409,TTNP
2003-06-06,45745.85546875,49127.0703125,45348.06640625,45745.85546875,45745.85546875,31,44194.475,43100.551953125,40972.3751953125,35912.4858984375,33374.58546875,34868.28729492187,66.0110311286171,2645.659430930493,2406.2787410335127,239.38068989698013,47335.77258668753,40972.3751953125,34608.97780393747,65.12819924015317,60.22245178939746,TTNP
2003-06-09,45745.85546875,45745.85546875,44154.6953125,45745.85546875,45745.85546875,10,44592.26484375,43597.789453125,41469.6126953125,36186.961015625,33517.7898828125,34918.01104492188,66.01103112861709,2683.6348708372534,2461.749966994261,221.88490384299257,47691.56275153611,41469.6126953125,35247.662639088885,71.79485784948545,65.40451107449839,TTNP
2003-06-10,45745.85546875,50718.23046875,45745.85546875,49524.86328125,49524.86328125,92,45944.7515625,44632.04375,42125.96640625,36568.8394921875,33684.86171875,34987.624306640624,72.30593940231907,2984.2642874783123,2566.252831091071,418.0114563872412,48820.90442946374,42125.96640625,35431.02838303626,78.76068035342746,71.89457914768876,TTNP
2003-06-11,51513.8125,60662.984375,49127.0703125,58674.03125,58674.03125,91,49047.51328125,46402.209375,43299.4470703125,37109.8339453125,33929.502578125,35103.97788085938,81.32414881359082,3915.639602439507,2836.1301853607583,1079.5094170787488,52491.84018195755,43299.4470703125,34107.05395866744,85.25921056568687,78.6049162562,TTNP
2003-06-12,60662.984375,61657.45703125,54099.44921875,56883.9765625,56883.9765625,64,51314.91640625,47635.35859375,44283.97734375,37634.916796875,34154.2539453125,35211.38118164062,76.10256386730262,4457.930548179022,3160.490257924411,1297.4402902546108,54775.59052858826,44283.97734375,33792.36415891173,88.14077880797254,84.0535565756957,TTNP
2003-06-13,55889.50390625,55889.50390625,52707.18359375,53104.97265625,53104.97265625,18,52786.73984375,48490.607421875,44870.7177734375,38008.839453125,34355.1379296875,35305.85631835937,66.40857128329124,4530.540743366058,3434.5003550127403,1096.0403883533181,55941.436809976316,44870.7177734375,33799.998736898684,78.97410736775366,84.12469891380442,TTNP
2003-06-16,53104.97265625,53701.65625,49922.65234375,51513.8125,51513.8125,15,53940.33125,49266.298046875,45338.12109375,38366.850546875,34542.0992578125,35391.38118164062,62.78228765622739,4408.868824072531,3629.3740488246985,779.4947752478329,56698.126537510165,45338.12109375,33978.115649989835,66.25180896664311,77.78889838078983,TTNP
2003-06-17,51513.8125,53104.97265625,48729.28125,51712.70703125,51712.70703125,16,54377.9,50161.32578125,45785.6349609375,38704.972109375,34737.01638671875,35477.90051757813,63.05386918332525,4279.164532827483,3759.332145625255,519.8323872022274,57406.68831112172,45785.6349609375,34164.58161075329,57.31049497035395,67.51213710158363,TTNP
2003-06-18,51712.70703125,53303.8671875,48729.28125,48729.28125,48729.28125,18,52388.95,50718.231640625,46183.425,38987.403046875,34902.0992578125,35546.51930664063,56.405034976254065,3890.7848744266375,3785.6226913855317,105.16218304110589,57634.39026374217,46183.425,34732.459736257835,47.58826939300632,57.05019111000119,TTNP
2003-06-19,50519.3359375,50519.3359375,45546.9609375,46541.4375,46541.4375,25,50320.4421875,50817.679296875,46561.3255859375,39257.9003125,35055.2484375,35610.16571289062,52.068944975234245,3367.6305423527374,3702.024261578973,-334.3937192262356,57525.40360919394,46561.3255859375,35597.247562681056,37.70947937819211,47.53608124718419,TTNP
2003-06-20,45745.85546875,48729.28125,44950.27734375,48331.4921875,48331.4921875,17,49365.74609375,51076.24296875,47088.3974609375,39596.021875,35220.33130859375,35679.77897460938,55.10960931066976,3062.1706214418155,3574.0535335515415,-511.882912109726,57303.065697306825,47088.3974609375,36873.729224568175,30.666666404803312,38.654805058667314,TTNP
2003-06-23,50320.44140625,50320.44140625,45745.85546875,46342.54296875,46342.54296875,10,48331.4921875,51135.91171875,47366.8505859375,39898.34234375,35367.51365234375,35742.430908203125,51.221438447572744,2629.2910235464587,3385.101031550525,-755.8100080040663,57173.22234458824,47366.8505859375,37560.47882728676,26.407410659099213,31.594518814031613,TTNP
2003-06-24,48331.4921875,48331.4921875,46342.54296875,46939.2265625,46939.2265625,8,47376.79609375,50877.348046875,47754.6958984375,40244.4196875,35524.64072265625,35795.13809570312,52.30852432814099,2307.7756022062604,3169.635945681672,-861.8603434754118,56821.255136917636,47754.6958984375,38688.13665995737,24.63451570533752,27.23619758974675,TTNP
2003-06-25,47337.015625,48729.28125,46740.33203125,46740.33203125,46740.33203125,6,46979.00625,49683.978125,48043.09375,40566.6296484375,35681.76779296875,35847.845283203125,51.893369431315826,2013.7103880969153,2938.4508341647206,-924.7404460678054,56579.81528691695,48043.09375,39506.37221308305,18.558760657454798,23.20022900729725,TTNP
2003-06-26,47337.015625,47535.91015625,43955.80078125,44154.6953125,44154.6953125,11,46501.6578125,48411.05,48023.204296875,40857.0163671875,35813.03849609375,35890.607705078124,46.70392974507889,1554.1075289588553,2661.5821731235474,-1107.474644164692,56594.148816440065,48023.204296875,39452.25977730994,11.525881971882256,18.239719444891595,TTNP
2003-06-27,42762.4296875,44154.6953125,41370.1640625,41767.95703125,41767.95703125,10,45188.95078125,47277.3484375,47883.9779296875,41095.6904296875,35914.47498046875,35922.430908203125,42.48089873641577,985.9141151303629,2326.4485615249105,-1340.5344463945476,56760.91424509407,47883.9779296875,39007.041614280926,5.952375693499403,12.012339440945558,TTNP
2003-06-30,41966.8515625,47535.91015625,41966.8515625,47138.12109375,47138.12109375,18,45348.06640625,46839.779296875,48053.038671875,41409.9445703125,36071.60205078125,35983.09389648437,52.818309660976105,957.9020025567006,2052.7392497312685,-1094.837247174568,56735.80255002319,48053.038671875,39370.274793726814,10.505256613161047,9.32783809284764,TTNP
2003-07-01,45745.85546875,46342.54296875,44950.27734375,45348.06640625,45348.06640625,6,45029.834375,46203.315234375,48182.3205078125,41716.2429296875,36212.81751953125,36029.834228515625,49.61723588175589,782.2425432462041,1798.6399084342556,-1016.3973651880515,56619.66604404071,48182.3205078125,39744.9749715843,16.66667629399854,11.041436200219735,TTNP
2003-07-02,46143.64453125,46939.2265625,43756.90625,43955.80078125,43955.80078125,7,44472.928125,45725.9671875,48222.0994140625,41994.6959765625,36334.1434765625,36072.596650390624,47.22017396013241,524.6392412992718,1543.8397750072588,-1019.200533707987,56571.40301890607,48222.0994140625,39872.79580921892,21.949151765485766,16.373694890881854,TTNP
2003-07-03,43756.90625,44353.58984375,43558.01171875,43955.80078125,43955.80078125,3,44433.14921875,45467.403515625,48142.54140625,42237.347890625,36471.38103515625,36117.348037109376,47.22017396013241,316.8344977078086,1298.4387195473687,-981.6042218395601,56621.60623738178,48142.54140625,39663.47657511822,19.46127634980318,19.3590348030959,TTNP
2003-07-07,43756.90625,48132.59765625,43359.1171875,47535.91015625,47535.91015625,20,45586.73984375,45387.8453125,48232.044140625,42535.690390625,36638.4528515625,36187.955771484376,53.866834553388756,436.0066345212472,1125.9523025421445,-689.9456680208973,56645.56166011607,48232.044140625,39818.52662113393,30.147546510318573,23.852658208535914,TTNP
2003-07-08,47535.91015625,50320.44140625,47337.015625,49127.0703125,49127.0703125,13,45984.5296875,45666.298046875,48401.1048828125,42885.745625,36817.458359375,36268.50825195313,56.48943741281752,651.336536118426,1031.0291492574008,-379.6926131389748,56743.58283962039,48401.1048828125,40058.62692600461,45.878135969857226,31.828986276659734,TTNP
2003-07-09,49325.96875,50519.3359375,47734.8046875,48928.17578125,48928.17578125,5,46700.5515625,45865.19296875,48371.2705078125,43239.77875,37004.41966796875,36351.0496875,56.060425555349205,796.7534304766959,984.1740055012599,-187.42057502456396,56701.719010677305,48371.2705078125,40040.822004947695,66.42511775472526,47.483600078300434,TTNP
2003-07-10,48331.4921875,49723.7578125,46740.33203125,47337.015625,47337.015625,5,47376.79453125,45924.861328125,47804.4197265625,43554.032890625,37187.4030859375,36438.56349609375,52.61764613151676,774.6740796266022,942.2740203263284,-167.59994069972618,54667.04705699798,47804.4197265625,40941.79239612701,70.94202865962201,61.08176079473491,TTNP
2003-07-11,46939.2265625,47933.703125,45745.85546875,46939.2265625,46939.2265625,5,47973.4796875,46203.314453125,47307.1822265625,43844.4196484375,37368.39755859375,36535.027587890625,51.76181916718586,716.8147874548595,897.1821737520346,-180.36738629717513,52763.25359024878,47307.1822265625,41851.11086287622,69.56522419777302,68.97745687070683,TTNP
2003-07-14,55690.609375,55690.609375,49524.86328125,49922.65234375,49922.65234375,31,48450.828125,47018.783984375,47148.0662109375,44202.430703125,37591.16,36645.41432617188,57.36309894105136,901.3086831185356,898.0074756253348,3.3012074932007636,52078.85774104622,47148.0662109375,42217.27468082878,61.93639935492141,67.48121740410555,TTNP
2003-07-15,51712.70703125,51712.70703125,47337.015625,48530.38671875,48530.38671875,8,48331.49140625,47158.010546875,46998.894921875,44484.861640625,37799.99978515625,36742.872890625,54.20017616990863,924.5199340445688,903.3099673091816,21.209966735387184,51558.92898804609,46998.894921875,42438.860855703904,56.86393434926574,62.78851930065346,TTNP
2003-07-16,48729.28125,48729.28125,45745.85546875,48331.4921875,48331.4921875,7,48212.1546875,47456.353125,46829.8341796875,44675.800859375,37994.9169140625,36838.34250976562,53.74427197140301,916.3033169319751,905.9086372337404,10.394679698234768,50903.00772379474,46829.8341796875,42756.660635580265,52.77777929319088,57.192704332459414,TTNP
2003-07-17,48729.28125,49127.0703125,46541.4375,46541.4375,46541.4375,2,48053.0390625,47714.916796875,46720.4419921875,44850.828515625,38171.93349609375,36916.9060546875,49.69295815963816,756.6272080325652,876.0523513935053,-119.42514336094007,50700.13178060789,46720.4419921875,42740.752203767115,44.90741220621533,51.51637528289072,TTNP
2003-07-18,47535.91015625,48132.59765625,44950.27734375,45745.85546875,45745.85546875,5,47814.36484375,47893.922265625,46680.662890625,45045.745625,38340.9942578125,37005.4143359375,47.962470158705685,559.4370779628662,812.7292967073774,-253.29221874451127,50682.55701229609,46680.662890625,42678.7687689539,37.419484963255606,45.03489215422067,TTNP
2003-07-21,45546.9609375,45546.9609375,43756.90625,43756.90625,43756.90625,9,46581.215625,47516.021875,46451.93359375,45184.972109375,38482.2097265625,37096.906044921874,43.851177316061076,239.90541925626167,698.1645212171543,-458.2591019608926,50571.46163726468,46451.93359375,42332.40555023532,22.29104608900657,34.8726477528259,TTNP
2003-07-22,43756.90625,44751.3828125,41370.1640625,43160.22265625,43160.22265625,6,45507.1828125,46919.337109375,46292.817578125,45332.154453125,38599.5578125,37164.53036132813,42.66949838379846,-60.77255352534121,546.3771062686552,-607.1496597939964,50655.60551624804,46292.817578125,41930.029640001965,14.420679002031017,24.71040335143113,TTNP
2003-07-23,42762.4296875,44950.27734375,42762.4296875,43756.90625,43756.90625,2,44592.265625,46402.21015625,46133.7015625,45479.336796875,38728.83958984375,37243.09389648437,44.28632961216568,-248.0552078724577,387.4906434404326,-635.5458513128904,50620.93314835861,46133.7015625,41646.46997664139,10.79749816470561,15.836407751914464,TTNP
2003-07-24,44154.6953125,45546.9609375,43756.90625,44353.58984375,44353.58984375,3,44154.69609375,46103.867578125,46014.364453125,45662.320234375,38860.11029296875,37316.68504882813,45.92855075936099,-344.3611010034292,241.12029455166024,-585.4813955550894,50557.31958866752,46014.364453125,41471.40931758249,16.66667575914473,13.961617641960517,TTNP
2003-07-25,43756.90625,44751.3828125,43359.1171875,44751.3828125,44751.3828125,4,43955.8015625,45885.083203125,46044.198828125,45813.48046875,38989.3920703125,37392.265166015626,47.04912516454222,-384.1573206102694,116.06477151927432,-500.2220921295437,50545.557696979915,46044.198828125,41542.83995927009,20.370378452573107,15.944850792141215,TTNP
2003-07-28,46541.4375,46541.4375,42762.4296875,42762.4296875,42762.4296875,8,43756.90625,45169.0609375,46093.9224609375,45841.32578125,39110.71802734375,37454.91708984375,42.32597465465438,-569.6217610930034,-21.072535003181244,-548.5492260898222,50423.94496260902,46093.9224609375,41763.89995926598,18.05556085950114,18.364205023739725,TTNP
2003-07-29,42563.53515625,43558.01171875,38784.53125,40176.796875,40176.796875,28,43160.22109375,44333.701953125,45745.85625,45801.546796875,39210.165546875,37498.67400390625,37.11039275702587,-914.6985498063368,-199.79773796381238,-714.9008118425245,50750.743801103985,45745.85625,40740.96869889601,13.856215936860295,17.427385082978244,TTNP
2003-07-30,40574.5859375,42762.4296875,40176.796875,40972.375,40972.375,8,42603.31484375,43597.790234375,45527.0716796875,45765.745703125,39331.49150390625,37538.4530078125,39.57753891557959,-1111.1690204528932,-382.07199446162855,-729.0970259912647,50947.68141875105,45527.0716796875,40106.46194062394,10.29956198563646,14.07044626066603,TTNP
2003-07-31,39977.90234375,41569.0625,37988.94921875,40773.48046875,40773.48046875,12,41887.29296875,43020.99453125,45367.9556640625,45765.745703125,39454.80642578125,37578.23201171875,39.16389507044157,-1268.302211965689,-559.3180379624407,-708.9841740032482,51139.202128250334,45367.9556640625,39596.70919987467,12.3022675116954,12.15268181139745,TTNP
2003-08-01,38983.42578125,40773.48046875,38983.42578125,40574.5859375,40574.5859375,4,41051.93359375,42503.867578125,45198.894921875,45797.56890625,39568.1766015625,37609.0607421875,38.72799446432278,-1392.8249062481846,-726.0194116195895,-666.805494628595,51313.58232162818,45198.894921875,39084.20752212182,15.83736487190599,12.813064789746015,TTNP
2003-08-04,39977.90234375,41569.0625,39580.109375,41171.26953125,41171.26953125,7,40733.7015625,42245.30390625,44880.662890625,45865.193203125,39685.5246484375,37644.8618359375,40.85479647991212,-1426.9140819681124,-866.1983456892941,-560.7157362788183,51136.567358417706,44880.662890625,38624.75842283229,21.04745216748584,16.395694850362474,TTNP
2003-08-05,41171.26953125,44751.3828125,40773.48046875,44353.58984375,44353.58984375,18,41569.06015625,42364.640625,44641.9888671875,45936.795390625,39836.68486328125,37685.6353125,50.68624516344418,-1183.5006866550248,-929.6588138824402,-253.84187277258457,50588.218391274946,44641.9888671875,38695.75934310006,34.851624695736376,23.912147245042803,TTNP
2003-08-06,44751.3828125,44751.3828125,41767.95703125,43160.22265625,43160.22265625,4,42006.6296875,42304.972265625,44353.5912109375,46016.3534375,39969.94455078125,37723.42537109375,47.49774899681041,-1074.5023812199288,-958.627527349938,-115.87485386999083,49991.835555494414,44353.5912109375,38715.34686638058,45.564898161004045,33.82132500807549,TTNP
2003-08-07,43756.90625,43756.90625,38784.53125,42961.32421875,42961.32421875,15,42444.1984375,42165.745703125,44134.806640625,46056.132421875,40099.22630859375,37758.2319921875,46.96743319498376,-992.726349113007,-965.4472917025518,-27.279057410455266,49630.79151730742,44134.806640625,38638.82176394258,55.42092616315821,45.27914967329961,TTNP
2003-08-08,42961.32421875,42961.32421875,39977.90234375,42165.74609375,42165.74609375,2,42762.43046875,41907.18203125,43896.1326171875,46008.39765625,40216.574375,37785.0828125,44.81220149938122,-980.8086091533041,-968.5195551927022,-12.289053960601905,49298.02805070685,43896.1326171875,38494.23718366814,52.6523779451634,51.21273408977529,TTNP
2003-08-11,40176.796875,43558.01171875,39779.00390625,43359.1171875,43359.1171875,9,43200.0,41966.85078125,43567.955859375,45984.5303125,40341.87826171875,37804.97232421875,48.62077263867129,-865.0963483255764,-947.8349138192771,82.73856549370066,48209.4602974445,43567.955859375,38926.45142130549,56.58914445433549,54.88748285421911,TTNP
2003-08-12,44154.6953125,46541.4375,43955.80078125,46143.64453125,46143.64453125,17,43558.0109375,42563.535546875,43448.61875,46032.265078125,40500.9942578125,37825.8562890625,56.21382905541669,-542.4524088784892,-866.7584128311195,324.30600395263025,47678.07361865524,43448.61875,39219.163881344764,68.99224168892137,59.411254696140155,TTNP
2003-08-13,46740.33203125,46740.33203125,44950.27734375,45546.9609375,45546.9609375,7,44035.35859375,43020.994140625,43309.3921875,46087.955703125,40658.121328125,37807.9557421875,54.35993348215001,-331.0855930424077,-759.6238488733771,428.53825583096943,47040.728372971455,43309.3921875,39578.05600202855,81.50104694197573,69.0274776950776,TTNP
2003-08-14,45745.85546875,45745.85546875,41767.95703125,44751.3828125,44751.3828125,4,44393.3703125,43418.784375,43219.889453125,46119.77890625,40757.5688671875,37802.98337890625,51.90211084638866,-225.17667786550737,-652.7344146718032,427.5577368062958,46715.23933307617,43219.889453125,39724.539573173824,86.3283920112044,78.9405602140339,TTNP
2003-08-15,43756.90625,43756.90625,43756.90625,43756.90625,43756.90625,0,44711.60234375,43737.01640625,43120.4419921875,46083.9778125,40859.0053515625,37805.966796875,48.92432883663884,-218.96495525836508,-565.9805227891155,347.01556753075045,46430.95375608931,43120.4419921875,39809.930228285695,76.51515489665185,81.44819794994406,TTNP
2003-08-18,42762.4296875,44353.58984375,42165.74609375,42762.4296875,42762.4296875,4,44592.26484375,43896.132421875,43070.7181640625,46024.309296875,40968.39759765625,37795.02755859375,46.07737580987568,-290.9343575717576,-510.97128974564396,220.03693217388638,46371.356816561,43070.7181640625,39770.079511564,65.90909293799115,76.25087994861586,TTNP
2003-08-19,44353.58984375,44353.58984375,42364.640625,42762.4296875,42762.4296875,3,43916.021875,43737.01640625,43050.828515625,45964.64078125,41075.8008984375,37784.0883203125,46.077375809875676,-344.00515018114675,-477.57806183274454,133.5729116515978,46353.8633728493,43050.828515625,39747.7936584007,58.33332589403292,66.91919124289203,TTNP
2003-08-20,42762.4296875,43756.90625,41767.95703125,43558.01171875,43558.01171875,3,43518.23203125,43776.7953125,43040.8837890625,45845.30375,41207.07162109375,37777.1269921875,48.83954093742942,-318.1993111266129,-445.7023116915182,127.50300056490534,46336.544797813694,43040.8837890625,39745.222780311306,56.3636282480359,60.20201569335338,TTNP
2003-08-21,43160.22265625,44950.27734375,42762.4296875,43756.90625,43756.90625,6,43319.33671875,43856.353515625,43011.049609375,45546.96125,41328.39759765625,37778.12146484375,49.53550546687602,-278.4886277662081,-412.2595749064562,133.7709471402481,46269.22691688984,43011.049609375,39752.87230186015,59.015145411543244,57.90403318453741,TTNP
2003-08-22,43756.90625,45546.9609375,42762.4296875,44552.484375,44552.484375,5,43478.45234375,44095.02734375,43001.1046875,45300.33140625,41467.6241015625,37811.93361328125,52.32902299451485,-180.737687779947,-365.95519748115436,185.21750970120735,46239.12507920132,43001.1046875,39763.08429579868,64.99998772515153,60.126253794910276,TTNP
2003-08-25,45348.06640625,46541.4375,44154.6953125,45348.06640625,45348.06640625,3,43995.5796875,44293.922265625,43130.3865234375,45145.19328125,41577.0163671875,37831.823125,55.01102085685295,-38.62727147698024,-300.48961228031953,261.8623408033393,46522.756431833724,43130.3865234375,39738.01661504127,72.49998567934342,65.50503960534611,TTNP
2003-08-26,46342.54296875,46342.54296875,43756.90625,44552.484375,44552.484375,4,44353.590625,44134.80625,43349.1708984375,45005.96671875,41686.4086328125,37852.70708984375,51.86840054000793,9.687761839893938,-238.45413745627684,248.14189929617078,46507.721401758165,43349.1708984375,40190.620395116835,75.83331082944437,71.1110947446465,TTNP
2003-08-27,45348.06640625,46342.54296875,43955.80078125,45745.85546875,45745.85546875,7,44791.159375,44154.695703125,43587.844921875,44886.6296875,41795.8008984375,37865.63525390625,55.934826982974485,142.62871266547882,-162.2375674319257,304.8662800974045,46713.15574826018,43587.844921875,40462.53409548983,80.23807761909687,76.19045804262828,TTNP
2003-08-28,45348.06640625,48132.59765625,44950.27734375,47337.015625,47337.015625,11,45507.18125,44413.258984375,43916.0216796875,44858.784375,41923.0937109375,37896.463984375,60.70214904920908,372.0894847491654,-55.372156995707456,427.46164174487285,47166.23622049529,43916.0216796875,40665.80713887972,82.89680314344776,79.6560638639964,TTNP
2003-08-29,47734.8046875,50718.23046875,47535.91015625,48331.4921875,48331.4921875,13,46262.9828125,44870.717578125,44303.8669921875,44894.58546875,42076.242890625,37924.309296875,63.36954029971169,626.9575706010728,81.09378852364858,545.8637820774243,47713.91626057145,44303.8669921875,40893.81772380354,83.17459599959024,82.10315892071168,TTNP
2003-09-02,49325.96875,50519.3359375,48928.17578125,49524.86328125,49524.86328125,11,47098.3421875,45546.9609375,44721.5466796875,44918.452890625,42257.2373828125,37964.08830078125,66.32353720125231,914.6934223158023,247.81371528207936,666.879707033723,48518.87966574911,44721.5466796875,40924.21369362588,83.49207135984891,83.18782350096235,TTNP
2003-09-03,50718.23046875,50718.23046875,48132.59765625,49524.86328125,49524.86328125,11,48092.81796875,46223.204296875,44980.1103515625,44982.099296875,42440.2208203125,38009.83416015625,66.32353720125231,1129.703637507504,424.1916997271643,705.5119377803397,49309.03732550463,44980.1103515625,40651.18337762037,82.22224646884344,82.96297127609425,TTNP
2003-09-04,49524.86328125,49723.7578125,47933.703125,49127.0703125,49127.0703125,6,48769.0609375,46780.11015625,45278.452734375,45025.856171875,42635.1379296875,38046.6297265625,64.31835630269008,1253.5520463470675,590.063769051145,663.4882772959226,49878.52155723057,45278.452734375,40678.383911519435,85.18520296604078,83.63317359824443,TTNP
2003-09-05,49723.7578125,51712.70703125,49723.7578125,50519.3359375,50519.3359375,8,49405.525,47456.353125,45656.3533203125,45101.43625,42834.03294921875,38080.441875,67.96852169142387,1447.3627065906403,761.523556559044,685.8391500315963,50657.24846036267,45656.3533203125,40655.45818026232,85.62963404574832,84.34569449354423,TTNP
2003-09-08,50917.12890625,52309.390625,50121.546875,50917.12890625,50917.12890625,9,49922.65234375,48092.817578125,46093.9224609375,45236.684921875,43046.85064453125,38108.2871875,68.94599519033301,1614.447276008359,932.108300448907,682.338975559452,51322.819991159275,46093.9224609375,40865.02493071573,85.67156285669223,85.49546662282717,TTNP
2003-09-09,51116.0234375,51116.0234375,48729.28125,49723.7578125,49723.7578125,7,49962.43125,48530.38671875,46412.1544921875,45395.8009375,43245.74568359375,38113.2595703125,62.758645446280795,1631.7580362956505,1072.0382476182558,559.7197886773947,51710.79505726375,46412.1544921875,41113.51392711126,83.42139559656826,84.907530833003,TTNP
2003-09-10,49325.96875,50320.44140625,45745.85546875,47337.015625,47337.015625,10,49524.86171875,48808.83984375,46471.823046875,45399.778828125,43404.86169921875,38112.26509765625,52.592935546446995,1436.3296764204933,1144.8965333787032,291.4331430417901,51783.88522604527,46471.823046875,41159.760867704725,70.06028985638571,79.7177494365488,TTNP
2003-09-11,47337.015625,47734.8046875,46541.4375,46740.33203125,46740.33203125,3,49047.5140625,48908.2875,46531.4916015625,45427.624140625,43571.93353515625,38102.3203515625,50.39519436729505,1219.2491684536872,1159.7670603937,59.48210805998724,51827.44370485465,46531.4916015625,41235.539498270344,55.01835816615366,69.5000145397026,TTNP
2003-09-12,48729.28125,49127.0703125,46939.2265625,48729.28125,48729.28125,3,48689.503125,49047.5140625,46730.3865234375,45523.09375,43758.89486328125,38075.46951171875,56.86567344061865,1193.939885719541,1166.601625458868,27.338260260672996,52042.7466701284,46730.3865234375,41418.026376746595,49.24096601279576,58.10653801177843,TTNP
2003-09-15,48729.28125,48729.28125,46939.2265625,48132.59765625,48132.59765625,12,48132.596875,49027.624609375,46949.17109375,45606.6296875,43921.9887890625,38037.679453125,54.566133531349614,1112.9058318170646,1155.8624667305073,-42.95663491344271,52111.98290517745,46949.17109375,41786.359282322555,50.323012378783055,51.52744551924422,TTNP
2003-09-16,48530.38671875,50320.44140625,46939.2265625,48729.28125,48729.28125,5,47933.7015625,48948.06640625,47247.513671875,45630.497109375,44083.09375,38010.82861328125,56.46215134483163,1084.3336166448498,1141.556696713376,-57.22308006852609,52087.615978401256,47247.513671875,42407.411365348744,55.481737944883044,51.68190544548734,TTNP
2003-09-17,49723.7578125,49723.7578125,46939.2265625,48132.59765625,48132.59765625,6,48092.81796875,48808.83984375,47516.0220703125,45610.60765625,44248.176640625,37987.95568359375,54.033792574342,1001.992208485477,1113.6437990677962,-111.65159058231916,51905.97450285821,47516.0220703125,43126.06963776679,50.516310763835314,52.10702036250053,TTNP
2003-09-18,47734.8046875,48729.28125,47138.12109375,48132.59765625,48132.59765625,4,48371.27109375,48709.392578125,47744.7513671875,45594.69609375,44417.237421875,37985.96673828125,54.033792574342,926.0609945886972,1076.1272381719764,-150.06624358327917,51745.41104991976,47744.7513671875,43744.091684455234,45.583263412801806,50.52710404050678,TTNP
2003-09-19,47734.8046875,49325.96875,47734.8046875,48928.17578125,48928.17578125,4,48411.05,48550.2765625,48003.31484375,45626.519296875,44590.27609375,37992.92806640625,56.90020536455995,919.482247295331,1044.7982399966472,-125.31599270131619,51586.24305185248,48003.31484375,44420.38663564752,42.69725950238031,46.26561122633921,TTNP
2003-09-22,48729.28125,51116.0234375,48132.59765625,48530.38671875,48530.38671875,5,48490.6078125,48311.60234375,48202.2099609375,45658.3425,44751.38107421875,38002.8728125,55.05168036702087,872.1170671105574,1010.2620054194292,-138.14493830887182,51419.82588601673,48202.2099609375,44984.59403585827,42.424260458915825,43.568261124699376,TTNP
2003-09-23,49524.86328125,49922.65234375,47337.015625,49325.96875,49325.96875,10,48609.9453125,48271.8234375,48401.105078125,45646.408828125,44924.419765625,38025.7457421875,57.99115076098557,888.5341726824845,985.9164388720403,-97.38226618955582,51370.64289532906,48401.105078125,45431.56726092094,48.48487192992386,44.53546396374006,TTNP
2003-09-24,48530.38671875,49325.96875,46740.33203125,47734.8046875,47734.8046875,8,48530.38671875,48311.60234375,48560.22109375,45630.4971875,45057.6794140625,38045.635234375,50.831335321743055,764.3403652510024,941.6012241478327,-177.2608588968303,50977.51259476869,48560.22109375,46142.92959273131,42.42426045891582,44.44446428258522,TTNP
2003-09-25,47734.8046875,48331.4921875,47734.8046875,47734.8046875,47734.8046875,3,48450.828125,48411.049609375,48659.6685546875,45618.5634375,45147.1821484375,38086.4087109375,50.83133532174307,658.3270931579464,884.9463979498554,-226.61930479190903,50746.74083073676,48659.6685546875,46572.596278638244,38.38384619886359,43.09765952923448,TTNP
2003-09-26,53701.65625,53701.65625,48928.17578125,49127.0703125,49127.0703125,15,48490.60703125,48450.828515625,48749.1712890625,45670.27609375,45260.5523046875,38138.12140625,56.305785894255635,678.8298831915017,843.7230949981847,-164.89321180668298,50753.57605202074,48749.1712890625,46744.76652610426,34.36867640669802,38.39226102149254,TTNP
2003-09-29,49524.86328125,49723.7578125,47933.703125,48132.59765625,48132.59765625,5,48411.04921875,48450.828515625,48739.2265625,45718.0109375,45381.87828125,38224.64075195313,51.86384980890507,607.8262175261552,796.5437195037788,-188.71750197762356,50753.769762827185,48739.2265625,46724.683362172815,34.26767869701075,35.673400434190846,TTNP
2003-09-30,48132.59765625,49723.7578125,47337.015625,49723.7578125,49723.7578125,4,48490.60703125,48550.276171875,48749.1712890625,45837.34796875,45511.1600390625,38329.06064453125,57.62413036929277,672.1999253521499,771.674960673453,-99.47503532130315,50781.01873936816,48749.1712890625,46717.323838756834,38.98149166000942,35.872615587906125,TTNP
2003-10-01,48729.28125,49723.7578125,48729.28125,49127.0703125,49127.0703125,2,48769.06015625,48649.7234375,48729.281640625,45956.684921875,45644.4196875,38420.552353515624,54.967705018544656,667.3757656676462,750.8151216722916,-83.43935600464545,50738.023433362316,48729.281640625,46720.53984788768,36.24339152032351,36.497520625781284,TTNP
2003-10-02,48729.28125,51314.91796875,48132.59765625,49723.7578125,49723.7578125,4,49166.85078125,48808.839453125,48759.116015625,46076.021953125,45777.679375,38513.038544921874,57.09760613307009,703.5897343972538,741.3700442172841,-37.78030982003031,50807.92850971903,48759.116015625,46710.303521530965,40.5291029669583,38.58466204909714,TTNP
2003-10-03,48729.28125,49723.7578125,48729.28125,48928.17578125,48928.17578125,2,49127.071875,48808.839453125,48679.5580078125,46167.513671875,45914.916953125,38609.50262695312,53.46649309517859,660.4791520270301,725.1918657792332,-64.71271375220317,50565.91856076178,48679.5580078125,46793.19745486322,36.19046977749284,37.65432142159161,TTNP
2003-10-06,48928.17578125,49723.7578125,48729.28125,49524.86328125,49524.86328125,2,49405.525,48908.287109375,48609.9447265625,46262.98328125,46038.231875,38709.944619140624,55.73991863180009,666.7752296340987,713.5085385502064,-46.73330891610772,50247.17885641997,48609.9447265625,46972.71059670503,38.09524611146755,38.27160628530629,TTNP
2003-10-07,49723.7578125,54298.34375,48928.17578125,54099.44921875,54099.44921875,17,50280.66328125,49385.63515625,48828.729296875,46489.723671875,46165.5247265625,38835.24849609375,68.46159222800782,1029.0337101851183,776.6135728771887,252.4201373079295,51704.12228549623,48828.729296875,45953.33630825376,56.26566909930066,43.51712832942041,TTNP
2003-10-08,54895.02734375,63248.6171875,54696.1328125,59270.71875,59270.71875,49,52309.39296875,50539.2265625,49425.414453125,46871.602109375,46336.574453125,38990.38662109375,76.63673913536832,1713.650502737226,964.0209588491962,749.6295438880297,54736.3219978219,49425.414453125,44114.5069084281,71.09069148312999,55.1505355646328,TTNP
2003-10-09,61259.66796875,63845.3046875,57679.55859375,58674.03125,58674.03125,26,54099.44765625,51633.14921875,50022.0994140625,47225.635234375,46495.69046875,39139.55788085938,74.24530061314488,2182.903397155693,1207.7974465104955,975.1059506451973,56537.23994873399,50022.0994140625,43506.958879391,81.01315948758833,69.45650669000638,TTNP
2003-10-10,59270.71875,59270.71875,54895.02734375,57082.87109375,57082.87109375,8,55730.38671875,52428.729296875,50439.77890625,47551.823046875,46658.784375,39280.77333984375,68.13911075504926,2398.7451293535705,1445.9869830791106,952.7581462744599,57608.17169230812,50439.77890625,43271.386120191884,68.71205067272574,73.60530054781475,TTNP
2003-10-13,56486.1875,58475.13671875,54895.02734375,58276.2421875,58276.2421875,7,57480.6625,53443.09375,50946.9611328125,47905.856171875,46851.7125390625,39426.961181640625,70.12371634309442,2635.7134668521467,1683.9322798337178,951.7811870184289,58793.892646407636,50946.9611328125,43100.02961921737,65.89145959093445,71.87222325041624,TTNP
2003-10-14,57679.55859375,61259.66796875,56287.29296875,60066.296875,60066.296875,10,58674.03203125,54477.34765625,51513.8119140625,48283.75671875,47074.4749609375,39589.060625,72.8550847150583,2934.132185355571,1933.9722609380883,1000.1599244174827,60228.04687815766,51513.8119140625,42799.57694996734,68.33845821512709,67.6473228262625,TTNP
2003-10-15,62055.25,64640.8828125,60265.1953125,64044.19921875,64044.19921875,35,59628.728125,55969.060546875,52309.3919921875,48677.56890625,47307.1821484375,39769.060625,77.7279683307368,3451.8241639083353,2237.5426415321376,1214.2815223761977,62434.69196780647,52309.3919921875,42184.092016568524,80.36733531250512,71.53241770618895,TTNP
2003-10-16,64640.8828125,74585.6328125,62651.93359375,73591.1640625,73591.1640625,82,62612.1546875,58355.801171875,53582.3203125,49286.187734375,47651.2705859375,39994.80650390625,84.7865911355614,4579.6675059920235,2705.967614424115,1873.6998915679087,67115.01981656268,53582.3203125,40049.62080843733,90.0035144084934,79.56976931204194,TTNP
2003-10-17,72596.6875,79558.0078125,66629.8359375,68618.78125,68618.78125,67,64919.33671875,60324.86171875,54566.8505859375,49799.336875,47927.7346484375,40183.756767578125,71.98945120069861,5014.458190604695,3167.6657296602307,1846.7924609444644,69404.08670562766,54566.8505859375,39729.614466247345,86.3171670219122,85.56267224763697,TTNP
2003-10-20,68618.78125,71602.2109375,62651.93359375,67226.515625,67226.515625,19,66709.39140625,62095.026953125,55501.65703125,50300.552265625,48154.4749609375,40359.77884765625,68.85567683852578,5186.897415693202,3571.512066866825,1615.3853488263767,71039.15257869678,55501.65703125,39964.16148380322,74.38641842338512,83.56903328459697,TTNP
2003-10-21,66430.9375,72596.6875,62651.93359375,69414.3671875,69414.3671875,21,68579.00546875,63626.51875,56506.076953125,50821.657265625,48403.0937890625,40544.75124023438,70.99259630667154,5437.418899985409,3944.693433490542,1492.7254664948669,72890.92379397225,56506.076953125,40121.23011227774,64.84346671546867,75.18235072025539,TTNP
2003-10-22,70607.734375,72994.4765625,66430.9375,70607.734375,70607.734375,31,69891.7125,64760.2203125,57649.7234375,51310.9390625,48671.6020703125,40738.67388671875,72.11642131705021,5666.9289108982775,4289.140528972089,1377.7883819261888,74608.9628617893,57649.7234375,40690.48401321069,66.4829228166708,68.57093598517491,TTNP
2003-10-23,69414.3671875,74386.7421875,68618.78125,70011.046875,70011.046875,12,69175.6890625,65893.921875,58763.535546875,51800.22078125,48944.0882421875,40937.56889648437,70.64270236310307,5734.565057215783,4578.225434620827,1156.3396225949555,75896.91912548791,58763.535546875,41630.15196826208,69.24051271267112,66.85563408160358,TTNP
2003-10-24,68022.1015625,70806.6328125,65635.359375,69414.3671875,69414.3671875,12,69334.80625,67127.071484375,59777.900390625,52293.48046875,49206.6296875,41137.45840820312,69.12154914049562,5674.606791570346,4797.501706010731,877.105085559615,76911.28415425037,59777.900390625,42644.51662699962,68.9610461436947,68.22816055767892,TTNP
2003-10-27,69613.2578125,70011.046875,67027.625,67226.515625,67226.515625,5,69334.80625,68022.098828125,60732.5962890625,52762.87265625,49423.425234375,41323.42524414063,63.70479569906499,5388.433589380096,4915.6880826846045,472.7455066954917,77281.94131491151,60732.5962890625,44183.25126321349,62.10512705240465,66.76889530292354,TTNP
2003-10-28,67624.3125,68220.9921875,60265.1953125,63248.6171875,63248.6171875,17,68101.65625,68340.330859375,61408.8392578125,53172.59640625,49598.4528515625,41486.51916015625,55.23013650452705,4785.491933511614,4889.648852850007,-104.15691933839298,77191.06881783108,61408.8392578125,45626.609697793916,50.38469700959427,60.48362340189792,TTNP
2003-10-29,61259.66796875,67027.625,60662.984375,66430.9375,66430.9375,15,67266.296875,68579.0046875,62274.0326171875,53645.9665625,49805.303671875,41661.54677734375,59.83363046821183,4512.426536509105,4814.204389581826,-301.777853072721,77138.77130154813,62274.0326171875,47409.29393282687,43.68171698631701,52.05718034943869,TTNP
2003-10-30,65834.2578125,67823.203125,64839.77734375,64839.77734375,64839.77734375,12,66232.04296875,67703.866015625,63029.83359375,54071.601875,49958.4528125,41821.657265625,56.694581782628475,4120.132591504189,4675.390029966298,-555.2574384621093,76759.0085636954,63029.83359375,49300.6586238046,40.32257987878162,44.79633129156435,TTNP
2003-10-31,64839.77734375,66430.9375,63646.41015625,65436.46484375,65436.46484375,6,65436.4625,67385.634375,63855.248046875,54505.193046875,50026.0771484375,41977.78986328125,57.59305961073281,3813.425710471798,4502.997166067398,-689.5714555956001,75985.87183381166,63855.248046875,51724.62425993833,42.13767360309084,42.04732348939654,TTNP
2003-11-03,67425.4140625,69613.2578125,64640.8828125,65834.2578125,65834.2578125,12,65158.0109375,67246.40859375,64670.7177734375,54930.828515625,50115.5799609375,42134.916953125,58.21546810976172,3561.403226139053,4314.6783780817295,-753.2751519426765,74878.72347409962,64670.7177734375,54462.71207277538,36.16827453216393,39.54284267134551,TTNP
2003-11-04,65635.359375,65635.359375,62651.93359375,63447.515625,63447.515625,9,65197.790625,66649.7234375,65138.12109375,55292.8175,50219.005390625,42287.07166015625,53.17279140942753,3132.968532845429,4078.3364090344694,-945.3678761890405,74153.57548371378,65138.12109375,56122.66670378622,28.225697611914402,35.51054858238977,TTNP
2003-11-05,59668.5078125,61856.35546875,56088.3984375,59668.5078125,59668.5078125,34,63845.3046875,65555.80078125,65158.010546875,55595.13796875,50300.55234375,42421.32580078125,46.32988065125447,2460.137668067284,3754.696660841032,-1294.5589927737483,74123.21480181148,65158.010546875,56192.80629193851,20.205026743173367,28.199666295750614,TTNP
2003-11-06,57878.453125,58872.9296875,56088.3984375,58276.2421875,58276.2421875,13,62532.59765625,64382.3203125,65138.12109375,55845.745703125,50366.1876953125,42551.60204101563,44.079198832669036,1793.891297736067,3362.5355882200392,-1568.6442904839723,74162.34707813812,65138.12109375,56113.89510936188,14.568532202318691,20.9997521858022,TTNP
2003-11-07,55690.609375,57480.6640625,52707.18359375,53303.8671875,53303.8671875,25,60106.078125,62771.2703125,64949.1708984375,55965.082734375,50411.9335546875,42657.01640625,37.13983917354759,854.803499924019,2860.989170560835,-2006.1856706368162,74763.76964230319,64949.1708984375,55134.57215457181,9.987678041380319,14.920412328957505,TTNP
2003-11-10,51911.6015625,55690.609375,51314.91796875,55690.609375,55690.609375,12,58077.3484375,61617.6796875,64819.8892578125,56112.265078125,50503.4252734375,42779.33685546875,41.870367031083475,299.70498953083006,2348.732334354834,-2049.027344824004,75042.32000167591,64819.8892578125,54597.4585139491,11.224772987125576,11.92699441027491,TTNP
2003-11-11,54696.1328125,57281.76953125,53900.55078125,55690.609375,55690.609375,4,56525.9671875,60861.87890625,64601.1048828125,56235.58,50577.0164453125,42898.67387695312,41.87036703108347,-138.616692281852,1851.2625290274968,-1989.8792213093488,75392.58513481994,64601.1048828125,53809.624630805054,13.561108790790167,11.591186606432068,TTNP
2003-11-12,54497.23828125,60662.984375,54497.23828125,59668.5078125,59668.5078125,13,56525.9671875,60185.6359375,64382.3203125,56438.452890625,50710.27609375,43038.89487304688,49.25226929488555,-163.12620646806317,1448.3847819283849,-1611.510988396448,75385.44047291436,64382.3203125,53379.20015208564,26.92939038084782,17.238424052921236,TTNP
2003-11-13,59270.71875,59270.71875,56883.9765625,58475.13671875,58475.13671875,5,56565.74609375,59549.171875,63626.5189453125,56625.41421875,50825.6351953125,43175.13795898438,47.311199396028655,-275.66752327814174,1103.5743208870795,-1379.2418441652212,74057.34409951862,63626.5189453125,53195.69379110637,33.373506389665515,24.621335187101213,TTNP
2003-11-14,58674.03125,59071.82421875,55690.609375,58674.03125,58674.03125,7,57639.77890625,58872.928515625,63129.2814453125,56788.508125,50944.9721875,43313.36999023437,47.6812865382278,-344.8331789894146,813.8928209117806,-1158.7259999011953,73508.78158562156,63129.2814453125,52749.78130500344,40.457460518418976,33.586785762977485,TTNP
2003-11-17,57679.55859375,58276.2421875,53900.55078125,57480.6640625,57480.6640625,7,57997.78984375,58037.569140625,62641.9888671875,56919.778828125,51078.231875,43445.635185546875,45.61117895587795,-490.29045492856676,553.0561657437111,-1043.3466206722778,73120.92569392399,62641.9888671875,52163.052040451024,37.40363619627515,37.078201034786595,TTNP
2003-11-18,59469.61328125,63447.515625,55889.50390625,57281.76953125,57281.76953125,9,58316.021875,57420.99453125,62035.358984375,57070.9390625,51233.37,43573.92249023438,45.25850081085256,-614.5315829586325,319.53861600324234,-934.0701989618749,72277.89218681249,62035.358984375,51792.82578193752,35.50724838781421,37.78944836750282,TTNP
2003-11-19,56486.1875,56486.1875,54099.44921875,54497.23828125,54497.23828125,4,57281.76796875,56903.867578125,61229.8341796875,57214.143515625,51306.961171875,43689.28161132812,40.53317448638956,-926.996138162147,70.23166517016446,-997.2278033323114,71178.78057307936,61229.8341796875,51280.88778629564,27.89855637091405,33.60314698500118,TTNP
2003-11-20,53701.65625,55889.50390625,52906.078125,54696.1328125,54696.1328125,7,56525.9671875,56545.856640625,60464.0884765625,57373.25953125,51400.4418359375,43806.629677734374,41.006966569171475,-1145.3742613909708,-172.8895201420626,-972.4847412489082,69937.84062881043,60464.0884765625,50990.33632431457,22.826090282410604,28.743965013713005,TTNP
2003-11-21,54696.1328125,55491.7109375,52707.18359375,55491.7109375,55491.7109375,3,55889.503125,56764.641015625,59767.9556640625,57508.508125,51515.8009375,43924.97220703125,42.96447291188604,-1239.9506127937202,-386.3017386723941,-853.6488741213261,68527.92062684448,59767.9556640625,51007.99070128051,21.678738665283742,24.134461772869514,TTNP
2003-11-24,56088.3984375,57082.87109375,54895.02734375,57082.87109375,57082.87109375,4,55809.94453125,56903.8671875,59260.7734375,57687.51359375,51647.071640625,44059.22633789063,46.7688539747675,-1172.9882475788472,-543.6390404536847,-629.3492071251625,67386.28655343126,59260.7734375,51135.260321568734,31.72862251188486,25.411150486526452,TTNP
2003-11-25,55093.921875,56685.08203125,55093.921875,56486.1875,56486.1875,3,55650.828125,56983.425,58922.651953125,57842.65171875,51736.5744140625,44187.5136328125,45.54207520156508,-1154.7561598312532,-665.8624643291985,-488.8936955020547,66918.0096508405,58922.651953125,50927.294255409506,39.77684832888817,31.061403168685644,TTNP
2003-11-26,54497.23828125,55491.7109375,53701.65625,55491.7109375,55491.7109375,5,55849.72265625,56565.7453125,58375.690625,57989.833984375,51800.2208203125,44308.83958984375,43.4943237320104,-1206.6436099169732,-774.0186934467534,-432.6249164702198,65711.11691230041,58375.690625,51040.264337699606,41.53003353246768,37.678501457746954,TTNP
2003-11-28,55889.50390625,55889.50390625,55093.921875,55093.921875,55093.921875,1,55929.28046875,56227.623828125,57888.3978515625,58129.06046875,51861.87828125,44433.14897460937,42.66788900950759,-1265.2777070221127,-872.2704961618253,-393.0072108602874,64718.90146640927,57888.3978515625,51057.89423671573,36.06555600093809,39.124145954098026,TTNP
2003-12-01,53701.65625,56486.1875,52707.18359375,56486.1875,56486.1875,7,56128.17578125,56008.839453125,57440.883984375,58280.220703125,51953.37,44570.38654296875,46.49955227805153,-1185.7330585201853,-934.9630086334973,-250.77004988668796,63344.5507006985,57440.883984375,51537.21726805151,33.58629957520512,37.06062970287034,TTNP
2003-12-02,55690.609375,60464.08984375,54895.02734375,59668.5078125,59668.5078125,19,56645.303125,56227.623828125,57132.596484375,58502.983125,52080.6628125,44724.53018554687,54.05759888551004,-856.0388154372558,-919.1781699942491,63.139354556993226,61755.99704100004,57132.596484375,52509.195927749955,43.71582959314418,37.789228389762506,TTNP
2003-12-03,58674.03125,61060.7734375,58674.03125,59469.61328125,59469.61328125,7,57241.98828125,56446.408203125,56933.7013671875,58705.856015625,52176.132421875,44883.6462109375,53.54842922282253,-603.842162347355,-856.1109684648702,252.26880611751517,60719.7658658037,56933.7013671875,53147.6368685713,54.320970591890216,43.874366586746554,TTNP
2003-12-04,60464.08984375,60662.984375,58674.03125,59668.5078125,59668.5078125,10,58077.34765625,56963.53515625,56933.7013671875,58944.530078125,52287.5136328125,45043.75670898437,54.01488207836549,-383.5045694011642,-761.589688652129,378.0851192509648,60719.7658658037,56933.7013671875,53147.6368685713,64.19751290374408,54.078104362926204,TTNP
2003-12-05,58872.9296875,60265.1953125,56883.9765625,58674.03125,58674.03125,8,58793.36953125,57361.325,56953.5908203125,59163.314609375,52390.9390234375,45192.92796875,51.24406825115554,-285.83644237037515,-666.4390393957782,380.60259702540304,60771.701410075744,56953.5908203125,53135.480230549256,61.111088885049945,59.87652412689479,TTNP
2003-12-08,59469.61328125,61458.5625,56287.29296875,57679.55859375,57679.55859375,13,59032.04375,57580.109765625,57172.375390625,59334.364375,52502.320234375,45337.12686523437,48.56139344011148,-285.38958673519664,-590.2291488636619,304.8395621284652,60611.53386985609,57172.375390625,53733.21691139391,55.55553535004541,60.28804571294652,TTNP
2003-12-09,59071.82421875,60265.1953125,58475.13671875,58674.03125,58674.03125,5,58833.1484375,57739.22578125,57321.546484375,59545.193046875,52631.6019921875,45486.298125,51.306625047772734,-202.45603111805394,-512.6745253145402,310.2184941964863,60749.47165033339,57321.546484375,53893.62131841661,56.677870229674475,57.78149815492332,TTNP
2003-12-10,57679.55859375,59270.71875,54696.1328125,55690.609375,55690.609375,8,58077.34765625,57659.66796875,57321.546484375,59664.530078125,52750.9390234375,45616.574375,43.76117310244517,-373.1661752229411,-484.7728552962204,111.60668007327934,60749.47165033339,57321.546484375,53893.62131841661,49.523003247016725,53.91880294224558,TTNP
2003-12-11,54895.02734375,56685.08203125,54497.23828125,54696.1328125,54696.1328125,6,57082.87265625,57580.11015625,57072.927734375,59775.911328125,52866.298125,45732.92796875,41.56674002457161,-581.9922968125466,-504.21674359948565,-77.7755532130609,60505.1776825219,57072.927734375,53640.6777862281,41.666662947014856,49.28917880790206,TTNP
2003-12-12,55889.50390625,57281.76953125,54696.1328125,56287.29296875,56287.29296875,9,56605.525,57699.447265625,56963.535546875,59907.18203125,52991.6019921875,45860.22079101563,46.21409545361618,-612.0399602737816,-525.7813869343448,-86.2585733394368,60349.19345836448,56963.535546875,53577.877635385514,32.575759266508555,41.255141820180086,TTNP
2003-12-15,55292.81640625,60662.984375,55292.81640625,59668.5078125,59668.5078125,13,57003.31484375,58017.679296875,57013.259375,60121.988671875,53144.751171875,46002.430732421875,54.49614006212682,-358.88022234143136,-492.40115401576213,133.52093167433077,60524.812526922164,57013.259375,53501.70622307784,47.72727036022162,40.65656419124838,TTNP
2003-12-16,60066.296875,69016.578125,60066.296875,66828.7265625,66828.7265625,24,58634.25390625,58733.701171875,57480.6625,60468.0659375,53365.524609375,46177.45833984375,66.32242034562749,414.7396460937962,-310.9729939938504,725.7126400876466,63019.80761519005,57480.6625,51941.517384809944,69.01329126106846,49.77210696259957,TTNP
2003-12-17,67226.515625,67226.515625,60662.984375,63447.515625,63447.515625,12,60185.63515625,59131.49140625,57788.9498046875,60655.027265625,53572.37546875,46341.54674804687,58.57994947001103,746.3994722627685,-99.49850074252663,845.8979730052952,63905.7071089026,57788.9498046875,51672.1925004724,77.32814586597102,64.6895691624204,TTNP
2003-12-18,64640.8828125,64640.8828125,62254.14453125,63646.41015625,63646.41015625,5,61975.690625,59529.281640625,58246.4083984375,60742.54109375,53807.0716015625,46508.61857421875,58.8840135982556,1013.6071679391753,123.12263299381377,890.4845349453615,64670.77932966534,58246.4083984375,51822.037467209666,73.17071457169978,73.1707172329131,TTNP
2003-12-19,63646.41015625,64044.19921875,60861.87890625,62651.93359375,62651.93359375,6,63248.61875,59927.071875,58644.1984375,60822.099140625,54023.8671875,46677.67934570312,56.64492160541996,1132.07538414788,324.913183224627,807.162200923253,65124.972565903256,58644.1984375,52163.42430909675,63.030393783038825,71.1764180735699,TTNP
2003-12-22,62055.25,63248.6171875,60662.984375,60861.87890625,60861.87890625,5,63487.29296875,60245.30390625,58912.7068359375,60897.679296875,54224.751171875,46839.77879882813,52.75621988219763,1069.1948333524415,473.7695132501899,595.4253201022516,65292.991477551914,58912.7068359375,52532.42219432308,55.691044924440085,63.96405109305959,TTNP
2003-12-23,62651.93359375,62651.93359375,58872.9296875,60662.984375,60662.984375,8,62254.14453125,60444.19921875,59091.7125,60945.414140625,54425.63515625,46996.90587890625,52.32638111820914,991.8786576340572,577.3913421269633,414.48731550709385,65457.47203999416,59091.7125,52725.952960005845,47.48857329569328,55.403337334390756,TTNP
2003-12-24,60662.984375,60662.984375,58674.03125,59469.61328125,59469.61328125,4,61458.5640625,60822.099609375,59240.8837890625,60933.48046875,54608.61859375,47147.07162109375,49.709358804311705,824.802151713564,626.8735040442834,197.9286476692805,65494.25855170654,59240.8837890625,52987.50902641846,40.18263894250972,47.78741905421439,TTNP
2003-12-26,60662.984375,62453.0390625,58674.03125,61259.66796875,61259.66796875,2,60981.215625,61478.453125,59529.281640625,60877.78984375,54777.679375,47307.18211914063,53.468665051734085,827.2986859443627,666.9585404242993,160.3401455200634,65593.59043368483,59529.281640625,53464.972847565165,41.09587849467671,42.922363577626605,TTNP
2003-12-29,61657.45703125,62651.93359375,59668.5078125,60662.984375,60662.984375,6,60583.42578125,61916.022265625,59807.734765625,60619.22625,54952.7069921875,47461.32577148438,52.071389120586595,772.2280635645657,688.0124450523525,84.21561851221315,65533.838999235646,59807.734765625,54081.63053201435,41.09587849467671,40.791465310621085,TTNP
2003-12-30,60066.296875,61259.66796875,58077.34765625,58475.13671875,58475.13671875,12,60106.07734375,61796.68515625,59907.1822265625,60416.353359375,55107.8451171875,47603.535712890625,47.20071494413558,545.752086972825,659.560373436447,-113.80828646362193,65465.719693160725,59907.1822265625,54348.64475996428,38.81277064633542,40.334842545229655,TTNP
2003-12-31,59270.71875,59270.71875,57480.6640625,58077.34765625,58077.34765625,9,59588.95,60921.547265625,59827.62421875,60233.37,55266.9611328125,47741.76775390625,46.35177546219232,330.36178594541707,593.720655938241,-263.3588699928239,65442.807802294235,59827.62421875,54212.44063520577,31.50683629315186,37.13849514472137,TTNP
2004-01-02,58077.34765625,60265.1953125,58077.34765625,58872.9296875,58872.9296875,5,59469.61328125,60464.088671875,59797.7900390625,60022.54125,55422.0992578125,47881.98875976563,48.35253092218897,221.30912767955306,519.2383502865034,-297.92922260695036,65426.589229575504,59797.7900390625,54168.990848549496,27.07381034279695,32.46447242742811,TTNP
2004-01-05,59668.5078125,62850.828125,58872.9296875,62651.93359375,62651.93359375,9,59748.06640625,60364.641015625,59946.961328125,59863.425234375,55587.1821484375,48044.088203125,56.62692064493133,434.80597053188103,502.35187433557894,-67.54590380369791,65710.66294605513,59946.961328125,54183.25971019487,35.815789582935686,31.465478739628207,TTNP
2004-01-06,63049.72265625,63049.72265625,57679.55859375,57679.55859375,57679.55859375,36,59151.38125,59867.403515625,59897.2376953125,59616.79546875,55708.508125,48183.3147265625,46.150074795783006,200.46382780328713,441.9742650291206,-241.51043722583347,65720.85507775625,59897.2376953125,54073.620312868756,28.171326764406157,30.353642230046304,TTNP
2004-01-07,57878.453125,58276.2421875,55690.609375,57679.55859375,57679.55859375,15,58992.265625,59549.171484375,59897.2376953125,59382.099296875,55837.7898828125,48297.679375,46.150074795783006,14.577945861470653,356.4950011955906,-341.91705533411994,65720.85507775625,59897.2376953125,54073.620312868756,24.196229832044498,29.394448726462155,TTNP
2004-01-08,58674.03125,58872.9296875,57281.76953125,57281.76953125,57281.76953125,9,58833.15,59211.05,59827.624609375,59183.204375,55973.038515625,48416.02193359375,45.37123781147712,-162.9577323933554,252.60445447780137,-415.56218687115677,65740.6630357713,59827.624609375,53914.5861829787,12.247764676755539,21.538440424402108,TTNP
2004-01-09,57281.76953125,62254.14453125,57281.76953125,61856.35546875,61856.35546875,27,59429.83515625,59449.72421875,60135.9119140625,59155.359140625,56163.9777734375,48566.18768554687,54.81512658491459,64.72866549695027,215.02929668163114,-150.30063118468087,65791.35442134539,60135.9119140625,54480.4694067796,36.27623301769114,24.240075842163765,TTNP
2004-01-12,62254.14453125,64044.19921875,62254.14453125,64044.19921875,64044.19921875,20,59708.28828125,59728.17734375,60603.315234375,59107.624375,56376.79546875,48726.29818359375,58.50939515209451,416.9066420150266,255.40476574831024,161.50187626671635,65918.0936017449,60603.315234375,55288.536867005096,63.86244030345741,37.462145999301406,TTNP
2004-01-13,64441.98828125,67624.3125,63845.3046875,67027.625,67027.625,17,61577.9015625,60364.64140625,61140.3318359375,59151.381328125,56611.4916015625,48909.28161132812,62.95699058797959,926.0725646629216,389.53832553123254,536.5342391316891,66763.68166733826,61140.3318359375,55516.98200453674,89.60317288117191,63.24728206744019,TTNP
2004-01-14,68022.1015625,78961.328125,68022.1015625,78961.328125,78961.328125,44,65834.25546875,62413.260546875,62104.9728515625,59421.87859375,56963.5358203125,49145.96670898437,74.65869568252616,2266.414518992038,764.9135642233937,1501.5009547686445,71643.5399727799,62104.9728515625,52566.40573034512,98.33332678674861,83.93297999045934,TTNP
2004-01-15,78563.5390625,78563.5390625,72000.0,74983.421875,74983.421875,19,69374.5859375,64103.86796875,62512.7076171875,59604.861875,57267.8451953125,49367.7346484375,67.05479047820934,2973.386041398131,1206.608059658341,1766.77798173979,73422.67517878494,62512.7076171875,51602.74005559006,92.63531305436227,93.5239375740943,TTNP
2004-01-16,74585.6328125,74585.6328125,71602.2109375,73392.265625,73392.265625,20,71681.76796875,65555.8015625,63009.9451171875,59803.756875,57548.2871875,49562.65177734375,64.23652871447474,3366.466524292955,1638.5797525852638,1727.8867717076912,74906.86047186093,63009.9451171875,51113.02976251407,86.32477599486849,92.43113861199316,TTNP
2004-01-20,74187.84375,81546.9609375,74187.84375,81546.9609375,81546.9609375,33,75182.3203125,67445.304296875,63904.97265625,60241.3259375,57918.231953125,49802.32029296875,70.97049254163679,4286.588277708637,2168.1814576099387,2118.4068200986985,78291.61477068566,63904.97265625,49518.33054181434,86.32477599486849,88.42828834803312,TTNP
2004-01-21,83535.9140625,90298.34375,82541.4375,88508.2890625,88508.2890625,31,79478.453125,70528.17734375,65197.7904296875,60845.966875,58345.8562890625,50070.82859375,75.25404745232174,5513.951003003458,2837.3353666886424,2676.6156363148157,83115.3955823403,65197.7904296875,47280.1852770347,90.29865231517283,87.64940143496999,TTNP
2004-01-22,88508.2890625,90895.03125,81944.75,83535.9140625,83535.9140625,26,80393.3703125,73113.812890625,66331.4921875,61450.6078125,58707.8452734375,50315.4694921875,67.58293780454484,6016.0662321888085,3473.0815397886754,2542.984692400133,85809.60260998062,66331.4921875,46853.38176501938,91.30787694335909,89.31043508446685,TTNP
2004-01-23,83734.8046875,87513.8125,83337.015625,83535.9140625,83535.9140625,10,82103.86875,75739.22734375,67475.138671875,62007.51390625,59059.8894921875,50568.06619140625,67.58293780454484,6340.9021954287455,4046.6456709166896,2294.256524512056,88137.59512680737,67475.138671875,46812.68221694264,84.33989129880005,88.64880685244403,TTNP
2004-01-26,85524.859375,86718.234375,83535.9140625,85325.96875,85325.96875,10,84490.609375,78086.188671875,68767.9564453125,62600.22109375,59417.900546875,50837.56896484375,68.90628187689873,6665.938697876787,4570.504276308709,2095.4344215680776,90474.27661042433,68767.9564453125,47061.636280200684,80.79095769367288,85.47957531194406,TTNP
2004-01-27,85325.96875,88309.390625,84729.28125,86917.125,86917.125,10,85564.6421875,80373.48125,70050.829296875,63145.1934375,59791.8231640625,51116.0219921875,70.07565987344215,6971.561656229242,5050.7157522928155,1920.845903936426,92836.45785465403,70050.829296875,47265.20073909598,83.99245981321309,83.04110293522872,TTNP
2004-01-28,87116.0234375,89502.765625,84331.4921875,84928.1796875,84928.1796875,12,84848.6203125,82163.53671875,71264.0890625,63674.254296875,60149.8342578125,51392.48609375,66.69893367180781,6972.899542759173,5435.152510386087,1537.7470323730859,94500.64767627044,71264.0890625,48027.530448729565,85.04328532771588,83.27556761153399,TTNP
2004-01-29,84530.390625,86320.4453125,76574.5859375,77569.0625,77569.0625,35,83655.25,82024.31015625,72218.7853515625,64052.154921875,60420.3315234375,51627.182236328124,55.95517031902045,6307.432418470547,5609.608492002979,697.8239264675685,94835.83541988846,72218.7853515625,49601.73528323654,77.1013651295515,82.04570342349353,TTNP
2004-01-30,77966.8515625,80552.484375,76972.375,80353.59375,80353.59375,10,83018.7859375,82561.32734375,73332.59765625,64509.613515625,60714.696171875,51880.773408203124,58.6680732505277,5936.30331917353,5674.947457437089,261.3558617364415,95237.10887907003,73332.59765625,51428.08643342998,68.5993301044807,76.91466018724941,TTNP
2004-02-02,83535.9140625,85524.859375,79558.0078125,80751.3828125,80751.3828125,12,82103.86875,83297.2390625,74426.5203125,64979.00578125,61024.972421875,52135.35905273438,59.05605777257239,5609.614937881866,5661.880953526044,-52.26601564417797,95502.86297162475,74426.5203125,53350.17765337524,62.01648903112059,69.23906142171765,TTNP
2004-02-03,79160.21875,81348.0625,77171.2734375,77569.0625,77569.0625,15,80234.25625,82899.44921875,75172.3767578125,65440.442265625,61327.292890625,52366.07729492187,54.63736099068753,5035.874956808548,5536.679754182545,-500.80479737399764,95574.18913655367,75172.3767578125,54770.56437907132,55.81118890637399,62.14233601399181,TTNP
2004-02-04,78563.5390625,78563.5390625,74784.53125,76574.5859375,76574.5859375,7,78563.5375,81706.07890625,76117.128125,65878.011328125,61625.6354296875,52598.78448242188,53.29535500749033,4449.643223553852,5319.272448056807,-869.6292245029545,94874.98590265334,76117.128125,57359.27034734667,43.33743704957785,53.72170499569086,TTNP
2004-02-05,74983.421875,77767.953125,71602.2109375,71602.2109375,71602.2109375,12,77370.1671875,80512.70859375,76813.2607421875,66200.221328125,61854.3647265625,52806.62979492187,47.07001495633624,3542.979977003255,4964.013953846096,-1421.0339768428412,93725.00007680013,76813.2607421875,59901.521407574866,22.504104919660872,40.550910291870956,TTNP
2004-02-06,71005.5234375,74386.7421875,69613.2578125,71602.2109375,71602.2109375,16,75619.890625,79319.33828125,77529.2828125,66490.608125,62089.060859375,53005.52482421875,47.07001495633624,2792.255439369561,4529.662250950789,-1737.4068115812279,92126.93177149301,77529.2828125,62931.63385350699,11.706331383501057,25.849291117579977,TTNP
2004-02-09,76375.6875,77569.0625,71602.2109375,73392.265625,73392.265625,6,74148.0671875,78125.96796875,78106.0783203125,66828.7296875,62335.690703125,53209.3922265625,49.53133089289155,2315.056754592515,4086.741151679134,-1771.684397086619,90992.32815632352,78106.0783203125,65219.828484301484,9.034273630812676,14.414903311324919,TTNP
2004-02-10,72994.4765625,78563.5390625,71801.1015625,77569.0625,77569.0625,9,74148.0671875,77191.16171875,78782.321484375,67270.27671875,62630.0553515625,53439.11599609375,54.81158083466424,2247.9925015097397,3718.9914216452553,-1470.9989201355156,89950.87573249462,78782.321484375,67613.76723625539,21.495335222420618,14.078646745578167,TTNP
2004-02-11,78364.640625,78563.5390625,76773.484375,77171.2734375,77171.2734375,7,74267.4046875,76415.47109375,79289.50390625,67711.82375,62920.442109375,53668.839765625,54.2296603062979,2138.09867429093,3402.81287217439,-1264.7141978834602,89117.63624311183,79289.50390625,69461.37156938817,31.046737883711028,20.525448912314825,TTNP
2004-02-12,77569.0625,77569.0625,75580.109375,75779.0078125,75779.0078125,4,75102.7640625,76236.465625,79130.387890625,68097.68015625,63188.9504296875,53889.61326171875,52.14304824915222,1916.5698005520826,3105.5642578499287,-1188.994457297846,89076.94962327025,79130.387890625,69183.82615797975,35.461070364030604,29.3343811567208,TTNP
2004-02-13,76375.6875,76574.5859375,72198.8984375,73988.953125,73988.953125,6,75580.1125,75600.0015625,79080.664453125,68384.0890625,63443.53609375,54097.45858398438,49.50557640550194,1578.3696560210374,2800.1253374841504,-1221.755681463113,89119.17059115457,79080.664453125,69042.15831509544,30.333348128613263,32.28038545878501,TTNP
2004-02-17,72994.4765625,75580.109375,72596.6875,74784.53125,74784.53125,6,75858.565625,75003.31640625,79150.277734375,68690.387421875,63698.12171875,54311.2707421875,50.699144199021916,1358.8758358782507,2511.8754371629702,-1152.9996012847196,89048.35822009487,79150.277734375,69252.19724865514,26.333346033706388,30.709254842116803,TTNP
2004-02-18,74187.84375,75580.109375,73988.953125,75580.109375,75580.109375,6,75460.775,74804.42109375,78851.93515625,69008.619453125,63976.574765625,54517.12708984375,51.922987537902834,1234.8869003147847,2256.4777297933333,-1021.5908294785486,88802.63193957788,78851.93515625,68901.2383729221,27.9047680576604,28.19048740666007,TTNP
2004-02-19,76375.6875,82143.6484375,75580.109375,78563.5390625,78563.5390625,14,75739.228125,75003.31640625,78354.69765625,69406.409609375,64284.862109375,54716.02212890625,56.303598636893916,1361.6661777187255,2077.515419378412,-715.8492416596864,87265.0840820416,78354.69765625,69444.3112304584,39.32143995341434,31.186518014927092,TTNP
2004-02-20,78762.4296875,81149.171875,75580.109375,76773.484375,76773.484375,5,75938.1234375,75520.44375,78016.576171875,69788.288125,64561.32625,54910.93927734375,53.17302604461961,1302.6807228047983,1922.548480063689,-619.8677572588908,86622.8952516344,78016.576171875,69410.2570921156,45.65478320482603,37.626997071966976,TTNP
2004-02-23,77171.2734375,77767.953125,73193.3671875,74784.53125,74784.53125,5,76097.2390625,75838.67578125,77579.00703125,70110.498125,64827.8455859375,55104.86193359375,49.85600639244676,1082.958755589556,1754.6305351688625,-671.6717795793065,85903.63710210261,77579.00703125,69254.37696039739,47.506640252379164,44.160954470206555,TTNP
2004-02-24,74983.421875,75977.8984375,72994.4765625,75580.109375,75580.109375,6,76256.3546875,76057.46015625,77091.7140625,70508.288125,65086.4091015625,55298.7845703125,51.16821310068749,961.9354265110742,1596.091513437305,-634.1560869262307,84651.19045049453,77091.7140625,69532.23767450548,44.62964190447834,45.930355120561224,TTNP
2004-02-25,75779.0078125,76972.375,73591.1640625,73988.953125,73988.953125,6,75938.1234375,75699.44921875,76445.30546875,70894.14453125,65335.0279296875,55489.72380859375,48.43807337719242,729.2245085548639,1422.7181124608167,-693.4936039059528,82617.17650185389,76445.30546875,70273.43443564611,41.26985017675788,44.46871077787184,TTNP
2004-02-26,74585.6328125,75977.8984375,73591.1640625,73591.1640625,73591.1640625,4,74943.6484375,75341.43828125,75878.4546875,71240.221953125,65573.7019921875,55675.69068359375,47.75210851803245,506.85842814980424,1239.5461755986141,-732.6877474488099,80781.9337021994,75878.4546875,70974.97567280059,38.09525590907119,41.33158266343585,TTNP
2004-02-27,74187.84375,78165.7421875,74187.84375,77370.1640625,77370.1640625,11,75062.984375,75500.55390625,75868.509765625,71594.255078125,65858.121875,55886.5194140625,54.36407445864947,628.3225141213334,1117.301443303158,-488.9789291818247,80759.02295530814,75868.509765625,70977.99657594186,40.46122646118957,39.94211084900626,TTNP
2004-03-01,79359.1171875,83933.703125,77171.2734375,83535.9140625,83535.9140625,23,76813.2609375,76455.25,76027.62578125,71928.398828125,66198.2323828125,56118.23212890625,62.66570649164527,1208.1810143654584,1135.4773575156182,72.70365684984017,81644.60625956055,76027.62578125,70410.64530293945,61.061446239381546,46.539309536547485,TTNP
2004-03-02,83535.9140625,88508.2890625,83337.015625,86121.546875,86121.546875,22,78921.5484375,77588.9515625,76296.133984375,72381.879453125,66518.453359375,56341.98904296875,65.49997896403838,1854.978969521224,1279.3776799167395,575.6012896044845,83164.66771323227,76296.133984375,69427.60025551774,78.93470405042247,60.15245891699791,TTNP
2004-03-03,87513.8125,89303.8671875,82541.4375,83337.015625,83337.015625,16,80791.1609375,78364.6421875,76584.531640625,72775.6915625,66759.116328125,56547.845390625,60.199709091275736,2118.462293708537,1447.1946026750988,671.267691033438,84096.84128588106,76584.531640625,69072.22199536895,82.40114305617904,74.13243111532773,TTNP
2004-03-04,83337.015625,93878.453125,82939.2265625,90895.03125,90895.03125,24,84251.934375,79597.79140625,77300.55390625,73340.553515625,67081.326328125,56788.5083984375,67.81307471749135,2903.6717024740065,1738.4900226348805,1165.181679839126,87064.88208064622,77300.55390625,67536.22573185379,78.90688483960218,80.08091064873462,TTNP
2004-03-05,90099.4453125,98055.25,90099.4453125,95469.609375,95469.609375,33,87871.8234375,81467.40390625,78493.923828125,74032.708125,67465.1937109375,57061.98904296875,71.38141705776344,3850.6975944985315,2160.9315370076106,1689.766057490921,90707.61575247637,78493.923828125,66280.23190377363,80.39951420486335,80.56918070021491,TTNP
2004-03-08,97259.671875,109392.265625,96662.984375,105414.3671875,105414.3671875,46,92247.5140625,84530.3875,80184.531640625,74927.73578125,67936.5749609375,57394.14375,77.27865771455048,5342.10086708756,2797.1654030236004,2544.9354640639594,96712.82750377808,80184.531640625,63656.23577747193,88.38443966428922,82.56361290291831,TTNP
2004-03-09,106408.8359375,111580.109375,104419.890625,107204.421875,107204.421875,31,96464.0890625,87692.81875,81875.139453125,75882.431953125,68407.9562109375,57741.2155859375,78.15139051579577,6592.496957525247,3556.23171392393,3036.2652436013173,101838.60265887456,81875.139453125,61911.676247375435,89.191524595584,85.99182615491225,TTNP
2004-03-10,107005.5234375,110386.7421875,102430.9375,105613.2578125,105613.2578125,23,100919.3375,90855.24921875,83277.34921875,76769.50375,68823.646796875,58065.41447265625,75.3797595290573,7370.09337715563,4319.00404657027,3051.0893305853606,105630.5657023695,83277.34921875,60924.132735130486,87.42230814536747,88.33275746841362,TTNP
2004-03-11,102430.9375,105414.3671875,97458.5625,101834.2578125,101834.2578125,23,103107.1828125,93679.55859375,84510.4984375,77592.92921875,69106.077734375,58378.67416015625,69.11085602856741,7593.872983679088,4973.977833992033,2619.895149687055,108068.90666477248,84510.4984375,60952.09021022752,82.64605315436462,86.41996196510541,TTNP
2004-03-12,101436.4609375,103823.203125,100243.09375,102430.9375,102430.9375,11,104499.4484375,96185.6359375,85843.094921875,78472.045234375,69444.199296875,58685.96697265625,69.54157433814815,7730.257402793723,5525.233747752371,2205.023655041352,110274.14046179836,85843.094921875,61412.04938195164,78.52233833526266,82.8635665449983,TTNP
2004-03-15,102430.9375,103027.625,93480.6640625,94872.9296875,94872.9296875,24,102391.1609375,97319.3375,86887.29375,79207.956875,69720.6634375,58937.56919921875,58.42788198613472,7146.099188820357,5849.406835965968,1296.6923528543894,110985.38556312904,86887.29375,62789.20193687096,69.01729301553115,76.72856150171953,TTNP
2004-03-16,95270.71875,96464.0859375,90099.4453125,91093.921875,91093.921875,10,99169.0609375,97816.575,87702.76328125,79852.37671875,69937.458984375,59170.27638671875,53.79834160053939,6305.529033982879,5940.63127556935,364.8977584135291,111203.86620895402,87702.76328125,64201.66035354597,59.46096418254373,69.00019851111257,TTNP
2004-03-17,90497.234375,94872.9296875,90497.234375,94077.3515625,94077.3515625,6,96861.8796875,98890.60859375,88627.625390625,80480.885078125,70172.15515625,59421.87861328125,56.71432236614664,5813.0991836517205,5915.124857185824,-102.02567353410359,111597.51191054593,88627.625390625,65657.73887070408,51.76191271272387,60.080056636932966,TTNP
2004-03-18,95071.8203125,104419.890625,93679.5546875,103425.4140625,103425.4140625,14,97180.1109375,100143.646875,89870.719140625,81395.8021875,70506.298828125,59725.19353515625,64.31429249708602,6106.7605637779925,5953.451998504258,153.30856527373453,113215.36095934636,89870.719140625,66526.07732190365,58.521790772536406,56.58155588926805,TTNP
2004-03-19,103425.4140625,108000.0,103425.4140625,103425.4140625,103425.4140625,16,97379.00625,100939.22734375,91203.315625,82310.719296875,70846.409296875,60026.5194921875,64.31429249708603,6267.244430671475,6016.210484937701,251.0339457337741,114447.83083327138,91203.315625,67958.80041672863,67.13662966060478,59.140111048621726,TTNP
2004-03-22,103425.4140625,103823.203125,95867.40625,96265.1953125,96265.1953125,8,97657.459375,100024.31015625,92277.348828125,83090.3878125,71136.79609375,60280.1106640625,55.636633875045604,5750.372523757003,5963.042892701562,-212.6703689445585,114343.21674909061,92277.348828125,70211.48090715939,65.15955577829227,63.60599207047786,TTNP
2004-03-23,96464.0859375,100640.8828125,95867.40625,98850.828125,98850.828125,7,99208.840625,99188.95078125,93440.884765625,83830.277265625,71492.818203125,60545.63552734375,57.84837662846039,5486.145897698589,5867.663493700968,-381.5175960023789,114282.42570041139,93440.884765625,72599.34383083861,58.24454837274499,63.51357793721405,TTNP
2004-03-24,98453.0390625,108994.4765625,98453.0390625,107403.3125,107403.3125,16,101874.0328125,99367.95625,95111.602734375,84697.45953125,71902.541953125,60853.9228125,64.20520049381686,5898.860019473912,5873.902798855556,24.957220618355677,114771.68877562054,95111.602734375,75451.51669312947,61.12379555538168,61.50929990213968,TTNP
2004-03-25,108397.7890625,117149.171875,107005.5234375,107005.5234375,107005.5234375,42,102590.0546875,99885.0828125,96782.320703125,85497.0175,72324.1994140625,61141.32611328125,63.723837140690286,6123.255602551741,5923.773359594793,199.48224295694763,114418.10826243779,96782.320703125,79146.53314381222,66.20370081649493,61.85734824820724,TTNP
2004-03-26,105016.578125,105414.3671875,96662.984375,98850.828125,98850.828125,59,101675.1375,99527.071875,97856.35390625,85894.8075,72658.343046875,61342.21009765625,54.67431311346215,5578.766412199024,5854.771970115639,-276.00555791661554,113084.49210677833,97856.35390625,82628.21570572168,58.469496872936986,61.932331081604566,TTNP
2004-03-29,99447.515625,101635.359375,98651.9375,100044.1953125,100044.1953125,25,102430.9375,100044.1984375,98681.76796875,86396.02296875,73000.442421875,61558.01119140625,55.66652992474042,5183.794014062863,5720.576378905084,-536.7823648422209,112433.61475731566,98681.76796875,84929.92118018435,43.87254569251568,56.18191446064923,TTNP
2004-03-30,99447.515625,101436.4609375,99049.7265625,99447.515625,99447.515625,11,102550.275,100879.5578125,99348.06640625,86917.12796875,73360.442421875,61789.72390625,55.01801651508272,4767.669749693363,5529.99505306274,-762.3253033693773,111834.17543888162,99348.06640625,86861.95737361838,34.55882515756341,45.63362257433872,TTNP
2004-03-31,99447.515625,99845.3046875,93679.5546875,99845.3046875,99845.3046875,20,101038.6734375,101456.353125,100173.480859375,87283.09484375,73762.210390625,62031.3813671875,55.39113115466977,4419.046507669467,5307.805343984086,-888.7588363146187,110270.82617657461,100173.480859375,90076.1355421754,35.78431698179338,38.07189594395752,TTNP
2004-04-01,100044.1953125,101635.359375,98254.140625,98850.828125,98850.828125,14,99407.734375,100998.89453125,100571.270703125,87489.945625,74167.95625,62267.07197265625,54.18115082292032,4016.2176719508134,5049.487809577431,-1033.2701376266177,109761.23218487336,100571.270703125,91381.30922137665,34.31373256911592,34.885624902824276,TTNP
2004-04-02,98453.0390625,100243.09375,97657.4609375,100044.1953125,100044.1953125,8,99646.4078125,100660.77265625,100800.0,87820.11125,74635.35953125,62523.64654296875,55.43908072828888,3750.0395543997147,4789.598158541888,-1039.558604142173,109693.60982408859,100800.0,91906.39017591141,35.04901996178923,35.04902317089955,TTNP
2004-04-05,100044.1953125,102430.9375,100044.1953125,101834.2578125,101834.2578125,8,100004.4203125,101217.67890625,100620.99453125,88186.078125,75096.796015625,62800.11064453125,57.331420993474794,3641.5569602568285,4559.989918884876,-918.4329586280473,109276.83561158847,100620.99453125,91965.15345091154,37.21832460283733,35.52702571124753,TTNP
2004-04-06,102033.1484375,102232.046875,99646.40625,100441.9921875,100441.9921875,6,100203.315625,101376.7953125,100282.873046875,88488.39859375,75544.30984375,63060.66314453125,55.362188786577036,3404.000325697518,4328.792000247404,-924.791674549886,108394.86327770169,100282.873046875,92170.88281604831,36.03853751260241,36.1019606924097,TTNP
2004-04-07,100243.09375,100243.09375,97060.7734375,98453.0390625,98453.0390625,8,99924.8625,100481.76796875,99924.862109375,88719.116875,75932.15515625,63321.215625,52.58349431242346,3020.4255014621885,4067.118700490361,-1046.6931990281723,107688.80159340671,99924.862109375,92160.92262534329,30.563303679370023,34.606721931603296,TTNP
2004-04-08,99049.7265625,100441.9921875,98453.0390625,99447.515625,99447.515625,5,100044.2,99725.9671875,99805.525,89009.50359375,76341.8789453125,63583.7570703125,53.8312522138235,2764.8145757625753,3806.6578755448036,-1041.8432997822283,107521.62534097634,99805.525,92089.42465902364,24.576288958697035,30.392710050223197,TTNP
2004-04-12,100044.1953125,100243.09375,96464.0859375,96662.984375,96662.984375,7,99367.9578125,99507.1828125,99517.12734375,89391.38203125,76721.7684765625,63833.37033203125,49.873801772773156,2310.913898069004,3507.5090800496437,-1196.5951819806396,107250.30688365528,99517.12734375,91783.94780384473,19.209054969451408,24.78288253583953,TTNP
2004-04-13,97458.5625,97458.5625,89701.65625,92486.1875,92486.1875,16,97498.34375,98751.38203125,99397.790234375,89634.03390625,77071.8237109375,64075.02779296875,44.5796803798322,1595.7667343709763,3125.16061091391,-1529.3938765429339,107479.75837690923,99397.790234375,91315.82209184078,15.81103315214956,19.865459026766043,TTNP
2004-04-14,91889.5,93281.765625,85524.859375,86917.125,86917.125,17,94793.3703125,97498.34296875,99188.950390625,89757.34875,77368.177265625,64300.7736328125,38.68350187955545,573.0251760962128,2614.733523950371,-2041.708347854158,108272.24867528606,99188.950390625,90105.65210596395,9.086442384417388,14.702176835339493,TTNP
2004-04-15,86917.125,89104.96875,84530.390625,87314.9140625,87314.9140625,13,92565.7453125,96245.30390625,98850.828515625,89952.26578125,77696.3540234375,64501.65759765625,39.30104926221707,-203.06580817713984,2051.1736575248688,-2254.2394657020086,109098.84595057793,98850.828515625,88602.81108067208,9.29358252631909,11.397019354295388,TTNP
2004-04-16,87513.8125,87513.8125,84331.4921875,87513.8125,87513.8125,13,90179.0046875,95111.60234375,98055.2484375,90171.0503125,78024.5308203125,64712.486328125,39.62845662178904,-792.9336178422818,1482.3522024514386,-2275.2858202937205,109191.23921276724,98055.2484375,86919.25766223278,11.7727455243542,10.0509234783636,TTNP
2004-04-19,88309.390625,91491.7109375,84928.1796875,90497.234375,90497.234375,9,88945.8546875,94156.90625,97408.839453125,90548.95078125,78374.5860546875,64945.19349609375,44.467120232890124,-1008.0507138153334,984.2716191980842,-1992.3223330134176,108722.36639180862,97408.839453125,86095.31251444136,21.660545952057678,14.242291334243697,TTNP
2004-04-20,91491.7109375,94475.140625,89701.65625,89701.65625,89701.65625,10,88388.9484375,92943.64609375,97080.6625,90910.9396875,78700.77390625,65173.9227734375,43.466654509102355,-1228.5669133518822,541.7039126880909,-1770.2708260399731,108878.27418810438,97080.6625,85283.05081189563,27.106220307453697,20.179837261288565,TTNP
2004-04-21,89701.65625,91491.7109375,88508.2890625,89502.765625,89502.765625,3,88906.0765625,91849.7234375,96613.259375,91233.1496875,79030.9396875,65383.75705078125,43.20494899770189,-1403.2011718109861,152.72289578827548,-1555.9240675992617,108826.69401722535,96613.259375,84399.82473277464,30.769229662453785,26.511998640655094,TTNP
2004-04-22,90497.234375,95270.71875,90099.4453125,94475.140625,94475.140625,4,90338.121875,91451.93359375,95966.85078125,91571.27125,79420.773984375,65610.49740234375,51.127349465277696,-1127.3752925774024,-103.29674188486013,-1024.0785506925422,107152.8183544804,95966.85078125,84780.8832080196,38.095248372453966,31.990232780787192,TTNP
2004-04-23,90497.234375,93679.5546875,85922.6484375,89900.5546875,89900.5546875,15,90815.4703125,90497.2375,95111.60234375,91825.856875,79768.8403125,65815.359296875,44.91934133567833,-1263.3490483906498,-335.30720318601806,-928.0418452046317,105367.80055980565,95111.60234375,84855.40412769435,38.4615550631948,35.775344366034226,TTNP
2004-04-26,89502.765625,99049.7265625,89502.765625,97060.7734375,97060.7734375,18,92128.178125,90537.01640625,95022.099609375,92251.4921875,80174.586171875,66063.9780859375,54.277459681660275,-784.2985117954377,-425.105464907902,-359.1930468875357,105176.95315785552,95022.099609375,84867.24606089448,52.64143919730184,43.06608087765024,TTNP
2004-04-27,96464.0859375,97259.671875,93082.875,93878.453125,93878.453125,6,92963.5375,90676.24296875,94713.8125,92649.2821875,80516.685625,66298.67421875,50.195606341710445,-653.8964523627801,-470.86366239887764,-183.03278996390247,104611.19514541871,94713.8125,84816.42985458129,53.71319673674581,48.27206366574752,TTNP
2004-04-28,93281.765625,94077.3515625,89701.65625,90895.03125,90895.03125,6,93241.990625,91074.03359375,94286.18828125,92971.4921875,80830.9398046875,66503.53611328125,46.65337885895794,-782.2715530652495,-533.145240532152,-249.12631253309746,104066.87140319665,94286.18828125,84505.50515930334,57.03703315757946,54.463889697209076,TTNP
2004-04-29,89900.5546875,91491.7109375,89502.765625,89502.765625,89502.765625,6,92247.515625,91292.81875,93769.061328125,93249.9453125,81129.2823828125,66708.3980078125,45.05547576467872,-984.9994846348272,-623.516089352687,-361.48339528214024,103412.06670027744,93769.061328125,84126.05595597255,44.166672804091064,51.63896756613881,TTNP
2004-04-30,89502.765625,89502.765625,84928.1796875,86917.125,86917.125,12,91650.8296875,91233.15,93172.376171875,93417.01703125,81411.7133203125,66901.326171875,42.16698720045351,-1338.8687745011848,-766.5866263823866,-572.2821481187982,102959.52874236112,93172.376171875,83385.22360138889,30.269439736138605,43.824381899269746,TTNP
2004-05-03,85127.0703125,85524.859375,72596.6875,72596.6875,72596.6875,29,86758.0125,89443.0953125,91800.00078125,93333.48109375,81560.884609375,67031.602421875,30.503167087788896,-2743.2301124363585,-1161.915323593181,-1581.3147888431774,104586.01313033263,91800.00078125,79013.98843216736,16.68918863178637,30.375100390672046,TTNP
2004-05-04,72994.4765625,76176.796875,72795.578125,75182.3203125,75182.3203125,7,83018.7859375,87991.16171875,90467.40390625,93341.436875,81725.9675,67178.78474609375,34.050291094142295,-3605.9900233549415,-1650.7302635455333,-1955.2597598094083,104304.7104383868,90467.40390625,76630.09737411319,9.113991267613649,18.69087321184624,TTNP
2004-05-05,76176.796875,79359.1171875,73591.1640625,77569.0625,77569.0625,16,80353.5921875,86797.79140625,89323.757421875,93381.2159375,81944.75203125,67347.84552734374,37.234877810552405,-4050.452228936687,-2130.674656623764,-1919.777572312923,103452.25001201943,89323.757421875,75195.26483173056,9.523805304742671,11.775661734714262,TTNP
2004-05-06,77171.2734375,82143.6484375,74585.6328125,74983.421875,74983.421875,20,77449.7234375,84848.61953125,88150.2765625,93401.1053125,82147.624921875,67506.9615234375,35.24907873804761,-4558.7805341196945,-2616.29583212295,-1942.4847019967447,102934.26660663569,88150.2765625,73366.28651836432,12.531316551825872,10.38970437472743,TTNP
2004-05-07,74983.421875,78165.7421875,73591.1640625,74386.7421875,74386.7421875,7,74943.646875,83297.23828125,86897.237890625,93417.016875,82328.6194140625,67660.110703125,34.78800260860514,-4952.689915996758,-3083.5746488977115,-1869.1152670990464,101885.47966821722,86897.237890625,71908.99611303277,11.528812802798138,11.194644886455592,TTNP
2004-05-10,74187.84375,74187.84375,69812.15625,70209.9453125,70209.9453125,7,74466.2984375,80612.15546875,85574.5859375,93273.8125,82434.0337890625,67789.39248046876,31.665531458920988,-5538.05924036201,-3574.4715671905715,-1963.5876731714388,101520.39870026961,85574.5859375,69628.77317473039,5.716663192635089,9.925597515753063,TTNP
2004-05-11,69613.2578125,72397.7890625,69613.2578125,69613.2578125,69613.2578125,6,73352.4859375,78185.6359375,84430.939453125,92995.359375,82461.8791015625,67913.70185546875,31.23422305940488,-5981.169147025823,-4055.811083157622,-1925.358063868201,101473.12204255426,84430.939453125,67388.75686369574,2.7091519455518878,6.651542646995068,TTNP
2004-05-12,69613.2578125,70607.734375,64640.8828125,70011.046875,70011.046875,11,71840.8828125,76097.2375,83585.635546875,92673.149375,82527.5144140625,68049.94494140625,31.90016713806207,-6228.441095727947,-4490.3370856716865,-1738.1040100562604,101694.42538258736,83585.635546875,65476.84571116264,5.6558234956038556,4.6938795445969745,TTNP
2004-05-13,68618.78125,71204.421875,65635.359375,65635.359375,65635.359375,11,69971.2703125,73710.496875,82501.6578125,92319.11625,82547.40390625,68177.23775390624,28.617171825942776,-6700.250986070314,-4932.319865751412,-1767.9311203189018,102120.25148481537,82501.6578125,62883.06414018462,6.1657023130863955,4.843559251414077,TTNP
2004-05-14,66629.8359375,68419.890625,63248.6171875,64839.77734375,64839.77734375,12,68061.87734375,71502.762109375,81367.9560546875,91798.011171875,82569.28234375,68296.574765625,28.051892859010767,-7057.011706226636,-5357.258233846457,-1699.7534723801791,102275.18361821052,81367.9560546875,60460.72849116448,7.725156213070661,6.5155606739203344,TTNP
2004-05-17,65635.359375,66430.9375,64640.8828125,64839.77734375,64839.77734375,4,66987.84375,70727.07109375,80085.083203125,91185.41453125,82609.061328125,68416.90625,28.051892859010767,-7256.103305138546,-5737.027248104875,-1519.0760570336706,101729.86333945396,80085.083203125,58440.30306679604,4.243276058750731,6.044711528302627,TTNP
2004-05-18,65038.67578125,70209.9453125,64044.19921875,64044.19921875,64044.19921875,8,65874.03203125,69613.258984375,78802.2103515625,90358.011171875,82642.8734765625,68534.25431640625,27.423648520328136,-7392.8610372759285,-6068.194005939085,-1324.6670313368431,101048.10328719835,78802.2103515625,56556.317415926664,4.218853062092917,5.395761777971468,TTNP
2004-05-19,64044.19921875,66033.1484375,64044.19921875,64640.8828125,64640.8828125,6,64799.99921875,68320.441015625,77559.1162109375,89506.740390625,82694.586171875,68651.6023828125,28.713149821631472,-7368.159588739392,-6328.187122499146,-1039.972466240246,100051.49010156316,77559.1162109375,55066.742320311845,4.427076155218768,4.2964017586875025,TTNP
2004-05-20,64640.8828125,65038.67578125,62254.14453125,63248.6171875,63248.6171875,3,64322.65078125,67146.960546875,75997.7900390625,88659.447578125,82714.4756640625,68746.07751953125,27.485991091037903,-7375.9028958547715,-6537.730277170272,-838.1726186844999,97904.03630902625,75997.7900390625,54091.543769098746,4.13114447877182,4.259024565361199,TTNP
2004-05-21,63248.6171875,65038.67578125,62651.93359375,63049.72265625,63049.72265625,6,63964.63984375,66013.25859375,74655.2484375,87883.756875,82738.343046875,68845.52501953125,27.306447243183303,-7313.77994641976,-6692.940211020169,-620.8397353995906,96278.08522291273,74655.2484375,53032.41165208728,4.525504999061473,4.361241877684051,TTNP
2004-05-24,63646.41015625,64640.8828125,63049.72265625,63248.6171875,63248.6171875,6,63646.4078125,65317.12578125,72964.640625,87100.11046875,82786.0778515625,68946.961484375,27.814250266139844,-7165.89396990891,-6787.530962797917,-378.36300711099284,92502.68527474487,72964.640625,53426.59597525513,4.424490417337597,4.360379965056995,TTNP
2004-05-25,63646.41015625,63646.41015625,63049.72265625,63646.41015625,63646.41015625,8,63566.85,64720.441015625,71453.0384765625,86475.580078125,82841.7684765625,69054.3648046875,28.88425110647524,-6936.633506817394,-6817.351471601813,-119.28203521558135,88845.09981705615,71453.0384765625,54060.97713606886,5.333326263021338,4.761107226473501,TTNP
2004-05-26,63646.41015625,67027.625,63447.515625,65635.359375,65635.359375,21,63765.7453125,64282.872265625,70190.0548828125,85966.408828125,82909.3927734375,69165.746015625,34.140796254572805,-6519.300915642365,-6757.741360409923,238.4404447675579,85265.66926049015,70190.0548828125,55114.44050513486,11.083330383278687,6.947049021212572,TTNP
2004-05-27,66033.1484375,66629.8359375,63845.3046875,64243.09375,64243.09375,8,63964.640625,64143.645703125,68927.0712890625,85369.723671875,82925.304375,69256.24326171874,32.338848276532026,-6229.100833774268,-6652.013255082792,422.91242130852424,81311.36572729643,68927.0712890625,56542.776850828566,14.972221708951617,10.462959451750578,TTNP
2004-05-28,64640.8828125,66430.9375,63248.6171875,65635.359375,65635.359375,8,64481.76796875,64223.20390625,67862.9830078125,84613.922578125,83004.8623828125,69356.68525390625,35.97786014598168,-5819.685268677902,-6485.547657801814,665.8623891239122,77151.70090708457,67862.9830078125,58574.26510854042,23.749998897536717,16.60185032992237,TTNP
2004-06-01,66629.8359375,66629.8359375,64640.8828125,65436.46484375,65436.46484375,4,64919.3375,64282.87265625,67504.971875,83854.14359375,83082.4314453125,69460.1106640625,35.682612694853894,-5448.4631188169005,-6278.1307500048315,829.667631187931,76585.91889409503,67504.971875,58424.02485590498,28.518514760293385,22.41357845559394,TTNP
2004-06-02,65237.5703125,65635.359375,64640.8828125,65237.5703125,65237.5703125,4,65237.56953125,64402.209765625,67007.734375,83233.59109375,83161.989453125,69567.513984375,35.37002571338676,-5111.395036731294,-6044.783607350124,933.3885706188303,75416.92603656647,67007.734375,58598.54271343353,34.07407213434533,28.780861930725177,TTNP
2004-06-03,67624.3125,68220.9921875,66232.046875,67027.625,67027.625,16,65516.02265625,64640.883984375,66480.6625,82597.12703125,83213.7021484375,69688.8399609375,40.42808528769529,-4646.264455618861,-5765.079777003872,1118.815321385011,73357.80101321187,66480.6625,59603.52398678814,42.962961023234215,35.18518263929101,TTNP
2004-06-04,67624.3125,73790.0546875,67624.3125,71602.2109375,71602.2109375,15,66987.84609375,65476.243359375,66311.601953125,81881.105,83289.282265625,69833.0388671875,50.98524252460215,-3863.972792147644,-5384.858380032626,1520.8855878849818,72473.36927570084,66311.601953125,60149.83463054917,58.12260906152172,45.053214073033786,TTNP
2004-06-07,72994.4765625,73988.953125,72596.6875,73392.265625,73392.265625,8,68539.22734375,66510.49765625,66261.878125,81208.83984375,83352.928671875,69982.21013671876,54.39130251215288,-3064.235954902135,-4920.733895006528,1856.497940104393,72173.14434697875,66261.878125,60350.61190302125,78.64990944718953,59.91182651064852,TTNP
2004-06-08,74386.7421875,74386.7421875,71602.2109375,71602.2109375,71602.2109375,6,69772.3765625,67345.85703125,66331.49140625,80663.8675,83279.3375,70121.43666015625,50.604284210299824,-2545.5378272322705,-4445.694681451676,1900.1568542194054,72456.03778272995,66331.49140625,60206.94502977005,84.33296779711738,73.70182876860957,TTNP
2004-06-09,73591.1640625,77370.1640625,70607.734375,70607.734375,70607.734375,29,70846.409375,68041.989453125,66381.215234375,80075.13828125,83235.580625,70251.71291015625,48.580595470414245,-2189.4728908558027,-3994.4503233325013,1804.9774324766986,72626.4879360139,66381.215234375,60135.94253273611,75.74252270496818,79.57513331642507,TTNP
2004-06-10,70607.734375,71602.2109375,69414.3671875,69613.2578125,69613.2578125,6,71363.5359375,68439.779296875,66361.32578125,79478.453125,83197.790546875,70373.0388671875,46.57477580277345,-1964.8848415197572,-3588.5372269699524,1623.6523854501952,72562.61057183707,66361.32578125,60160.04099066292,59.8698747024952,73.31512173486028,TTNP
2004-06-14,70607.734375,70607.734375,67027.625,67226.515625,67226.515625,7,70488.396875,68738.121484375,66440.88359375,78826.07734375,83054.58609375,70486.4090234375,42.08381004248717,-1956.9290817377332,-3262.2155979235085,1305.2865161857753,72643.69912545732,66440.88359375,60238.06806204268,43.909032891989305,59.84047676648425,TTNP
2004-06-15,67226.515625,69613.2578125,67226.515625,69414.3671875,69414.3671875,5,69692.8171875,69116.022265625,66669.6130859375,78237.348125,82863.646875,70604.75158203125,47.117621853471206,-1753.865281119477,-2960.5455345627024,1206.6802534432254,72956.20711527548,66669.6130859375,60383.019056599514,40.302803941023235,48.02723717850261,TTNP
2004-06-16,69613.2578125,70209.9453125,67624.3125,68220.9921875,68220.9921875,2,69016.5734375,69394.475,66838.673828125,77600.8840625,82710.49765625,70709.17146484375,44.82887080312454,-1669.9806478018145,-2702.432557210525,1032.4519094087104,73101.15209205434,66838.673828125,60576.19556419566,36.27412809019357,40.1619883077354,TTNP
2004-06-17,67823.203125,69414.3671875,65635.359375,69016.578125,69016.578125,5,68698.3421875,69772.37578125,67087.2927734375,76944.53046875,82565.304296875,70812.59689453125,46.68810525394066,-1521.7624056264176,-2466.2985268937036,944.536121267286,73280.69444320633,67087.2927734375,60893.89110366866,40.166947232429784,38.91462642121556,TTNP
2004-06-18,69215.46875,70209.9453125,68220.9921875,68419.890625,68419.890625,1,68459.66875,69911.60234375,67276.2431640625,76304.0884375,82396.243515625,70907.07203125,45.45099001140097,-1435.893983345115,-2260.217618183986,824.3236348388709,73389.63782742491,67276.2431640625,61162.848500700085,37.55870258842788,37.99992597035044,TTNP
2004-06-21,59668.5078125,61657.45703125,53900.55078125,54696.1328125,54696.1328125,44,65953.5921875,68220.99453125,66848.6189453125,75428.9503125,82074.03359375,70932.92837890625,27.440970976074652,-2447.0273927162343,-2297.5795730904356,-149.44781962579873,74913.95374991084,66848.6189453125,58783.28414071415,26.95156117473688,34.89240366519821,TTNP
2004-06-22,53701.65625,54696.1328125,49524.86328125,49922.65234375,49922.65234375,18,62055.24921875,65874.033203125,66192.2654296875,74438.453046875,81723.9783203125,70936.9062890625,23.894363831231992,-3592.1300455116507,-2556.4896675746786,-1035.640377936972,77042.96919657751,66192.2654296875,55341.56166279748,13.812714833636866,26.10765953226724,TTNP
2004-06-23,49922.65234375,49922.65234375,48331.4921875,48331.4921875,48331.4921875,14,58077.34921875,63546.961328125,65446.4091796875,73471.823203125,81431.6026171875,70925.9670703125,22.834923271496336,-4575.284443550649,-2960.248622769873,-1615.0358207807758,78772.36119900548,65446.4091796875,52120.45716036953,1.6061355703435183,14.12347052623912,TTNP
2004-06-24,48729.28125,51116.0234375,48331.4921875,50519.3359375,50519.3359375,11,54377.90078125,61538.121484375,64790.05546875,72632.486171875,81133.2600390625,70923.97810546875,27.589067513763542,-5118.893266019382,-3391.9775514197745,-1726.9157145996078,79614.8084267042,64790.05546875,49965.302510795795,2.987603268644451,6.135484557541644,TTNP
2004-06-25,49127.0703125,54696.1328125,49127.0703125,54497.23828125,54497.23828125,16,51593.3703125,60026.51953125,64233.1494140625,71984.0884375,80870.71859375,70947.8455078125,35.38402837488923,-5169.137105021728,-3747.409462140165,-1421.7276428815626,79711.46431723124,64233.1494140625,48754.834510893765,9.58904029737654,4.727593045454868,TTNP
2004-06-28,54696.1328125,55889.50390625,52309.390625,52707.18359375,52707.18359375,8,51195.58046875,58574.586328125,63656.35390625,71291.933828125,80622.0998046875,70974.69634765625,33.629627938654664,-5292.3907761201845,-4056.405724936169,-1235.9850511840154,79929.5532797771,63656.35390625,47383.15453272289,14.611872637512045,9.062838734511045,TTNP
2004-06-29,53303.8671875,53701.65625,50121.546875,51116.0234375,51116.0234375,5,51434.2546875,56744.751953125,62930.387109375,70563.978046875,80367.5141796875,70996.5748046875,32.105795660394385,-5455.575051968037,-4336.239590342542,-1119.3354616254946,80058.6559014604,62930.387109375,45802.1183172896,15.296806969872359,13.165906634920347,TTNP
2004-06-30,51314.91796875,53502.76171875,50320.44140625,53502.76171875,53502.76171875,4,52468.50859375,55272.92890625,62333.701953125,69824.08859375,80186.5196875,71020.44220703124,36.736468756357866,-5330.859108307886,-4535.163493935611,-795.6956143722755,79897.11272923046,62333.701953125,44770.291177019535,15.626586142865458,15.178421916749985,TTNP
2004-07-01,54696.1328125,54696.1328125,50718.23046875,52707.18359375,52707.18359375,4,52906.078125,53641.989453125,61707.1826171875,69084.199140625,79997.5694140625,71043.31513671875,35.8585252675993,-5235.861577140437,-4675.303110576576,-560.5584665638607,79700.25831402052,61707.1826171875,43714.106920354476,17.1513743116405,16.024922474792803,TTNP
2004-07-02,52707.18359375,52906.078125,51513.8125,51911.6015625,51911.6015625,1,52388.95078125,51991.160546875,60951.3814453125,68332.375859375,79782.7627734375,71059.22673828126,34.95879481071231,-5165.230607041834,-4773.288609869627,-391.94199717220727,79254.25257517508,60951.3814453125,42648.510315449916,19.409569774411015,17.395843409639024,TTNP
2004-07-06,50917.12890625,51116.0234375,49127.0703125,49325.96875,49325.96875,2,51712.7078125,51454.144140625,59837.5693359375,67429.392421875,79500.3318359375,71065.19359375,32.136602964147855,-5257.2912325253565,-4870.089134400773,-387.20209812458324,78123.48720268217,59837.5693359375,41551.65146919283,13.517317911439733,16.69275399916378,TTNP
2004-07-07,49127.0703125,49723.7578125,44950.27734375,46342.54296875,46342.54296875,13,50758.01171875,51096.133203125,58485.083203125,66558.2321875,79192.04453125,71056.2433203125,29.206746568992166,-5507.500431821274,-4997.571393884873,-509.9290379364011,76560.8987118096,58485.083203125,40409.2676944404,8.806968352570232,13.911285346140358,TTNP
2004-07-08,45745.85546875,45944.75,42762.4296875,44552.484375,44552.484375,5,48967.95625,50718.232421875,57132.596875,65508.06640625,78879.779296875,71034.36486328125,27.581918087168216,-5783.566439525239,-5154.770403012946,-628.7960365122926,75127.87078939361,57132.596875,39137.3229606064,5.5263368478049735,9.283541037271677,TTNP
2004-07-09,44751.3828125,46740.33203125,43955.80078125,45546.9609375,45546.9609375,4,47535.91171875,50220.994921875,55879.558203125,64541.4365625,78595.359375,71019.447734375,29.914643478792293,-5854.616418472506,-5294.7396061048585,-559.8768123676473,73431.73714158374,55879.558203125,38327.37926466626,8.923465466090924,7.752256888822075,TTNP
2004-07-12,44751.3828125,55690.609375,44154.6953125,51712.70703125,51712.70703125,64,47496.1328125,49942.541796875,54984.5306640625,63757.790078125,78364.6411328125,71031.38142578125,42.32019672060983,-5351.708691724947,-5306.133423228876,-45.57526849607075,71435.19378293275,54984.5306640625,38533.867545192246,29.81346589072251,14.754422734872835,TTNP
2004-07-13,51712.70703125,52508.2890625,49723.7578125,51314.91796875,51314.91796875,18,47893.92265625,49803.315234375,54188.95078125,62994.033125,78121.98921875,71049.2819921875,41.806058419943994,-4928.436994082564,-5230.594137399614,302.1571433170502,69707.08533282441,54188.95078125,38670.81622967558,49.356726742042554,29.364552699618695,TTNP
2004-07-14,51314.91796875,51712.70703125,49723.7578125,51116.0234375,51116.0234375,3,48848.61875,49803.315234375,53274.03359375,62278.01109375,77847.5140625,71066.1880859375,41.53435541438296,-4556.51557541309,-5095.778425002309,539.2628495892186,67166.12204956143,53274.03359375,39381.94513793857,65.65656836176595,48.27558699817703,TTNP
2004-07-15,49723.7578125,51513.8125,48132.59765625,48331.4921875,48331.4921875,5,49604.4203125,49286.18828125,52279.55859375,61792.7071875,77563.094140625,71062.2101953125,37.827724260153126,-4435.3258961089305,-4963.687919223633,528.3620231147024,64495.843971532915,52279.55859375,40063.273215967085,57.07071293197424,57.36133601192761,TTNP
2004-07-16,49723.7578125,49723.7578125,45546.9609375,45745.85546875,45745.85546875,6,49644.19921875,48590.05546875,51116.0224609375,61203.977890625,77272.7073828125,71050.276484375,34.728467156080065,-4496.093311299592,-4870.168997638824,374.07568633923256,60931.044307537224,51116.0224609375,41301.000614337776,42.9292969870933,55.218859426944526,TTNP
2004-07-19,46740.33203125,47535.91015625,45348.06640625,45745.85546875,45745.85546875,5,48450.82890625,47973.480859375,49982.320703125,60567.51375,76974.36484375,71030.38697265626,34.728467156080065,-4492.465578912786,-4794.628313893617,302.16273498083046,56071.36850746235,49982.320703125,43893.27289878765,29.409479987335903,43.13649663546784,TTNP
2004-07-20,46541.4375,47535.91015625,45745.85546875,47138.12109375,47138.12109375,2,47615.46953125,47754.69609375,49604.4201171875,60010.607734375,76705.8565234375,71020.4422265625,37.905519355794404,-4327.363225003894,-4701.175296115673,373.812071111779,55407.79474883023,49604.4201171875,43801.045485544775,26.550114859660038,32.96296394469645,TTNP
2004-07-21,48331.4921875,50519.3359375,47337.015625,47337.015625,47337.015625,6,46859.66796875,47854.143359375,49475.13828125,59469.613203125,76443.3150390625,71008.508515625,38.367048287669554,-4132.828617881496,-4587.505960468838,454.6773425873416,55359.0376871725,49475.13828125,43591.2388753275,30.769227670256097,28.90960750575071,TTNP
2004-07-22,46740.33203125,46740.33203125,43955.80078125,44353.58984375,44353.58984375,15,46064.0875,47834.25390625,49276.2431640625,58952.48609375,76113.149296875,70985.6355859375,34.25424945452687,-4171.311781541939,-4504.267124683458,332.9553431415188,55556.88815884068,49276.2431640625,42995.59816928432,27.179483770615033,28.16627543351042,TTNP
2004-07-23,44552.484375,45745.85546875,42364.640625,43558.01171875,43558.01171875,6,45626.51875,47635.358984375,48928.176953125,58431.381171875,75713.3702734375,70955.801328125,33.23124398336944,-4217.391013395085,-4446.891902425783,229.5008890306981,55650.712147930906,48928.176953125,42205.6417583191,18.882509476145568,25.610406972338932,TTNP
2004-07-26,44154.6953125,45348.06640625,43955.80078125,44751.3828125,44751.3828125,3,45427.62421875,46939.2265625,48440.8841796875,57926.187890625,75299.6686328125,70909.06099609374,36.3041683869288,-4110.233845534778,-4379.560291047582,269.32644551280373,54885.175878592505,48440.8841796875,41996.59248078249,13.057792586129837,19.706595277630175,TTNP
2004-07-27,44950.27734375,47535.91015625,43756.90625,46143.64453125,46143.64453125,7,45228.72890625,46422.09921875,48112.7072265625,57536.35359375,74927.734921875,70843.425625,39.78598754824982,-3868.374914854656,-4277.323215808997,408.948300954341,54318.61529168159,48112.7072265625,41906.799161443414,18.407960490677358,16.782754184317618,TTNP
2004-07-28,45745.85546875,49127.0703125,45745.85546875,47734.8046875,47734.8046875,5,45308.28671875,46083.97734375,47943.6462890625,57194.254140625,74496.13265625,70788.7294921875,43.58169661504544,-3507.870100121174,-4123.432592671432,615.562492550258,53995.385619501954,47943.6462890625,41891.90695862304,28.85571366371903,20.10715558017544,TTNP
2004-07-29,48331.4921875,49325.96875,45745.85546875,47933.703125,47933.703125,3,46024.309375,46044.1984375,47665.193359375,56856.13265625,74020.77359375,70742.98365234376,44.05642773676425,-3169.5810382915733,-3932.6622817954603,763.081243503887,53154.51678658935,47665.193359375,42175.86993216065,36.815911210332665,28.02652845490972,TTNP
2004-07-30,48729.28125,49524.86328125,47337.015625,47337.015625,47337.015625,3,46780.11015625,46203.314453125,47396.6849609375,56521.988984375,73440.000078125,70688.28751953125,42.89045450024073,-2916.0181717493833,-3729.333459786245,813.3152880368616,52374.786172122374,47396.6849609375,42418.58374975262,43.70304403162017,36.45822296855732,TTNP
2004-08-02,46939.2265625,47933.703125,46143.64453125,47337.015625,47337.015625,3,47297.23671875,46362.43046875,47167.9556640625,56175.911640625,72841.326015625,70624.64111328125,42.890454500240736,-2684.1268299086514,-3520.292133810726,836.1653039020748,51695.21101426336,47167.9556640625,42640.70031386164,48.00070812250639,42.839887788153106,TTNP
2004-08-03,47734.8046875,48331.4921875,45944.75,46740.33203125,46740.33203125,3,47416.57421875,46322.6515625,47038.673828125,55845.7459375,72252.5967578125,70538.12177734375,41.61320143336703,-2519.4559304760623,-3320.1248931437935,800.6689626677312,51458.442389029726,47038.673828125,42618.905267220274,50.0123883722384,47.23871350878835,TTNP
2004-08-04,46143.64453125,46939.2265625,42762.4296875,43160.22265625,43160.22265625,11,46501.6578125,45904.972265625,46879.5578125,55447.9559375,71665.85640625,70385.9670703125,34.89806897201481,-2647.3212906872723,-3185.564172652489,538.2428819652168,51606.56950807418,46879.5578125,42152.54611692583,36.92456532717045,44.97922060730511,TTNP
2004-08-05,43756.90625,44552.484375,39779.00390625,40773.48046875,40773.48046875,9,45069.61328125,45546.961328125,46690.6076171875,54998.453203125,71049.2818359375,70246.74056640625,31.274715366463845,-2907.7271885372247,-3129.996775829436,222.26958729221133,52036.22384113478,46690.6076171875,41344.99139324023,22.28049555920109,36.40581641953668,TTNP
2004-08-06,40773.48046875,42563.53515625,38187.84375,38784.53125,38784.53125,8,43359.11640625,45069.61328125,46352.4861328125,54501.215625,70488.3978515625,70104.53064453125,28.60899386012552,-3237.2750269406097,-3151.452426051671,-85.82260088893872,52705.27539581458,46352.4861328125,39999.69686981042,7.951374414841183,22.385478433737603,TTNP
2004-08-09,38784.53125,38784.53125,35801.10546875,37790.0546875,37790.0546875,10,41449.72421875,44373.48046875,45656.353515625,53944.30953125,69955.3591796875,69946.40908203126,27.353568375816156,-3537.90721840263,-3228.743384521863,-309.163833880767,52536.483003679015,45656.353515625,38776.224027570985,9.203836307847391,13.145235427296583,TTNP
2004-08-10,37988.94921875,41767.95703125,37790.0546875,39779.00390625,39779.00390625,4,40057.45859375,43737.01640625,45079.5578125,53455.027734375,69412.375703125,69792.2654296875,33.626847711001844,-3574.4646134266877,-3297.887630302828,-276.5769831238599,51899.39549326237,45079.5578125,38259.72013173764,15.779242262760079,10.978150995149582,TTNP
2004-08-11,39182.3203125,42762.4296875,38784.53125,40972.375,40972.375,4,39619.8890625,43060.7734375,44572.375390625,52961.768046875,68787.8453125,69647.0720703125,37.1345970037286,-3467.174113577421,-3331.7449269577464,-135.4291866196745,51019.6427682362,44572.375390625,38125.1080130138,26.726715326113872,17.23659796557381,TTNP
2004-08-12,41370.1640625,44552.484375,41370.1640625,41767.95703125,41767.95703125,6,39818.784375,42444.198828125,44244.1986328125,52488.397890625,68171.2707421875,69508.84001953126,39.432694705491386,-3280.137416176127,-3321.4234248014227,41.286008625295835,50559.514725400906,44244.1986328125,37928.88254022409,36.71496718263254,26.40697492383553,TTNP
2004-08-13,43160.22265625,44751.3828125,42364.640625,43756.90625,43756.90625,4,40813.259375,42086.187890625,44144.751171875,52058.784609375,67646.1878515625,69391.49197265625,44.859575730411635,-2937.555594024947,-3244.6498586461275,307.0942646211806,50424.89084245905,44144.751171875,37864.61150129096,46.37680664404403,36.60616305093018,TTNP
2004-08-16,43756.90625,45944.75,43756.90625,44154.6953125,44154.6953125,4,42086.1875,41767.955859375,44065.1931640625,51601.326015625,67099.2265234375,69296.02236328126,45.90356142837592,-2603.9421546583544,-3116.508317848573,512.5661631902185,50302.35190494034,44065.1931640625,37828.034423184654,54.106274418051356,45.73268274824267,TTNP
2004-08-17,44552.484375,45745.85546875,42165.74609375,42563.53515625,42563.53515625,3,42643.09375,41350.276171875,43836.4638671875,51020.5525,66450.82875,69176.6853515625,42.4420443295669,-2439.8197043180553,-2981.170595142469,541.3508908244139,49940.175765384105,43836.4638671875,37732.751968990895,56.03863661765086,52.17390589324878,TTNP
2004-08-18,42762.4296875,43558.01171875,39779.00390625,42961.32421875,42961.32421875,10,43040.88359375,41330.386328125,43617.679296875,50411.933671875,65810.3867578125,69067.2930859375,43.587346939448786,-2251.6970649708965,-2835.275889108155,583.5788241372584,49513.96910847585,43617.679296875,37721.38948527415,54.10626493024669,54.75039198864966,TTNP
2004-08-19,43359.1171875,43558.01171875,41370.1640625,42563.53515625,42563.53515625,1,43199.99921875,41509.391796875,43528.1765625,49831.16015625,65247.513828125,68952.9284375,42.67291397493664,-2110.3796281322866,-2690.2966369129813,579.9170087806947,49431.406330329606,43528.1765625,37624.94679467039,51.805829085987625,53.98357687796175,TTNP
2004-08-20,41767.95703125,43955.80078125,40773.48046875,43756.90625,43756.90625,2,43199.99921875,42006.629296875,43538.1212890625,49294.14359375,64684.6409375,68842.5416796875,46.31187210274732,-1880.4132342059384,-2528.3199563715725,647.9067221656342,49442.18866063957,43538.1212890625,37634.053917485435,56.544732777479645,54.15227559790468,TTNP
2004-08-23,44751.3828125,45546.9609375,43756.90625,45546.9609375,45546.9609375,2,43478.45234375,42782.319921875,43577.9001953125,48812.81765625,64145.635390625,68753.03890625,51.30504525421926,-1536.0145375775392,-2329.858872612766,793.8443350352268,49524.695023147826,43577.9001953125,37631.10536747717,68.32010023524066,58.89022069956934,TTNP
2004-08-24,45546.9609375,45745.85546875,43359.1171875,43359.1171875,43359.1171875,2,43637.56875,43140.33125,43438.673828125,48335.4696875,63580.773515625,68671.491953125,45.70953315976744,-1423.2109058877322,-2148.529279267759,725.318373380027,49267.893089785175,43438.673828125,37609.454566464825,75.1672936476361,66.67737555345217,TTNP
2004-08-25,42364.640625,44154.6953125,41767.95703125,43756.90625,43756.90625,5,43796.68515625,43418.784375,43239.77890625,47822.32046875,63029.834296875,68598.8952734375,46.84466893090908,-1286.8806036420137,-1976.1995441426102,689.3189405005965,48730.72297293017,43239.77890625,37748.834839569834,80.14706793342783,74.5448206054349,TTNP
2004-08-26,43160.22265625,44751.3828125,43160.22265625,43359.1171875,43359.1171875,5,43955.8015625,43577.900390625,43011.049609375,47325.08296875,62462.983515625,68549.1715234375,45.813099202574676,-1197.1362680803577,-1820.3868889301598,623.2506208498021,48064.50998709807,43011.049609375,37957.589231651924,75.81701083100712,77.04379080402371,TTNP
2004-08-27,43756.90625,50917.12890625,43558.01171875,46740.33203125,46740.33203125,25,44552.48671875,43876.24296875,42981.2154296875,46879.558046875,61912.0442578125,68504.42013671875,54.90354935075109,-843.4546356678911,-1625.000438277706,781.5458026098149,47938.292649063646,42981.2154296875,38024.13821031136,73.7076741027253,76.55725095572012,TTNP
2004-08-30,47138.12109375,51712.70703125,47138.12109375,51116.0234375,51116.0234375,14,45666.29921875,44572.37578125,43170.1658203125,46533.480703125,61418.7845703125,68481.54720703125,63.449222835843045,-207.68361905506754,-1341.5370744331783,1133.8534553781108,48989.97911241102,43170.1658203125,37350.352528213974,79.35875499126979,76.29447997500078,TTNP
2004-08-31,51116.0234375,51513.8125,47138.12109375,50718.23046875,50718.23046875,14,47138.121875,45387.8453125,43369.0607421875,46453.92265625,60941.436484375,68436.7958203125,62.293531165245064,261.061568750476,-1021.0173457964474,1282.0789145469234,49892.66623514525,43369.0607421875,36845.45524922976,85.07769880687931,79.38137596695817,TTNP
2004-09-01,50320.44140625,50320.44140625,48729.28125,48729.28125,48729.28125,4,48132.596875,45964.641015625,43647.513671875,46430.055234375,60434.254140625,68388.06654296875,56.72965920905211,466.6743956636419,-723.4789975044296,1190.1533931680715,50574.63100889117,43647.513671875,36720.39633485883,87.35042743220667,83.92896041011863,TTNP
2004-09-02,47138.12109375,48132.59765625,46939.2265625,47337.015625,47337.015625,4,48928.1765625,46441.9890625,43975.6904296875,46410.165703125,59940.994453125,68331.38146484375,53.15093543698082,511.3849150894748,-476.5062149856487,987.8911300751236,50948.826469175496,43975.6904296875,37002.554390199504,76.66666230227683,83.03159618045432,TTNP
2004-09-03,47337.015625,47337.015625,44552.484375,46740.33203125,46740.33203125,9,48928.1765625,46740.331640625,44373.48046875,46334.585625,59483.5358984375,68277.6798046875,51.647199897886786,492.98808476681734,-282.6073550351555,775.5954398019728,51016.574663155516,44373.48046875,37730.386274344484,65.55555846514888,76.52421606654417,TTNP
2004-09-07,45745.85546875,48132.59765625,45348.06640625,46939.2265625,46939.2265625,6,48092.8171875,46879.558203125,44830.9390625,46183.425390625,59083.7569140625,68225.96708984375,52.13333518747493,488.8227462973082,-128.32133476866272,617.1440810659709,50826.09866136259,44830.9390625,38835.77946363742,60.55556064734383,67.59259380492323,TTNP
2004-09-08,47337.015625,48132.59765625,45745.85546875,46541.4375,46541.4375,3,47257.45859375,47197.790234375,45169.0607421875,46060.11046875,58676.0221484375,68186.1880859375,51.02833688067041,448.25621406281425,-13.005825002367317,461.26203906518157,50733.7156956489,45169.0607421875,39604.40578872611,57.020211518461515,61.043776876984786,TTNP
2004-09-09,47337.015625,47535.91015625,45944.75,46939.2265625,46939.2265625,1,46899.44765625,47516.022265625,45467.4033203125,45976.57453125,58270.2762890625,68147.4035546875,52.121220354724876,443.0974463399252,78.2148292660912,364.882617073834,50731.77552770237,45467.4033203125,40203.03111292263,56.36364287415244,57.9798050133193,TTNP
2004-09-10,47734.8046875,50519.3359375,47734.8046875,50519.3359375,50519.3359375,7,47535.91171875,48232.044140625,45904.972265625,45916.906015625,57870.4973046875,68122.5416796875,60.63572526587312,719.5989038636981,206.49164418561259,513.1072596780855,51319.302554305155,45904.972265625,40490.64197694485,65.69697035920235,59.69360825060547,TTNP
2004-09-13,51314.91796875,53104.97265625,50917.12890625,52309.390625,52309.390625,8,48649.7234375,48788.95,46332.596484375,45908.95015625,57496.5746484375,68098.67427734374,64.07572947368459,1070.8269279479791,379.3587009380859,691.4682270098932,52321.25242439672,46332.596484375,40343.940544353274,79.1153553077883,67.05865618038108,TTNP
2004-09-14,51712.70703125,52707.18359375,50917.12890625,51712.70703125,51712.70703125,5,49604.41953125,48848.618359375,46710.4970703125,45904.972265625,57118.6740625,68074.806875,62.1267910290451,1286.2037321826938,560.7277071870075,725.4760249956863,53045.57652940197,46710.4970703125,40375.41761122303,89.56724034056936,78.12652200252005,TTNP
2004-09-15,52110.49609375,52309.390625,51513.8125,51513.8125,51513.8125,3,50598.89453125,48928.1765625,47158.0109375,45948.729140625,56689.06078125,68054.9173828125,61.45577836660118,1424.4224198203447,733.4666497136749,690.9557701066698,53522.52712553461,47158.0109375,40793.4947494654,88.23391014959758,85.63883526598512,TTNP
2004-09-16,52309.390625,54298.34375,49922.65234375,53900.55078125,53900.55078125,7,51991.159375,49445.303515625,47704.972265625,46099.889296875,56329.0607421875,68048.95052734375,66.1767726892236,1706.8757568461951,928.1484711401789,778.7272857060162,54404.250760787254,47704.972265625,41005.69377046275,89.3385203980531,89.04655696274006,TTNP
2004-09-17,54696.1328125,56486.1875,53701.65625,55889.50390625,55889.50390625,8,53065.19296875,50300.55234375,48371.270703125,46326.6296875,55917.348046875,68045.967109375,69.52644103022575,2067.3824581417066,1155.9952685404844,911.3871896012222,55527.73312878121,48371.270703125,41214.808277468794,91.76542695920169,89.7792858356175,TTNP
2004-09-20,54696.1328125,55690.609375,54696.1328125,54696.1328125,54696.1328125,4,53542.54140625,51096.132421875,48918.23203125,46509.613125,55525.52484375,68021.105234375,65.34492037114995,2231.073120246263,1371.0108388816402,860.0622813646228,56250.39351005286,48918.23203125,41586.07055244714,92.09876299845689,91.0675701185706,TTNP
2004-09-21,54696.1328125,54696.1328125,51712.70703125,52707.18359375,52707.18359375,6,53741.43671875,51672.928125,49276.2431640625,46529.50265625,55143.6463671875,67987.2930859375,58.97829460332882,2175.2328395419026,1531.8552390136927,643.37760052821,56614.229338583005,49276.2431640625,41938.256989541995,82.77779014354921,88.88066003373598,TTNP
2004-09-22,53104.97265625,53104.97265625,51116.0234375,51712.70703125,51712.70703125,2,53781.215625,52190.055078125,49693.92265625,46537.4584375,54765.74578125,67947.51408203125,56.03835500132952,2027.3628899639298,1630.9567692037401,396.40612076018965,56573.8217641875,49693.92265625,42814.02354831249,71.11112129468759,81.99589147889795,TTNP
2004-09-23,50320.44140625,51712.70703125,49723.7578125,51116.0234375,51116.0234375,4,53224.31015625,52607.734765625,50061.878515625,46537.4584375,54407.734765625,67909.72404296875,54.28972444527515,1840.8078235286084,1672.9269800687139,167.88084345989455,56397.98828759034,50061.878515625,43725.76874365966,61.11112565907749,71.66667903243814,TTNP
2004-09-24,50718.23046875,51513.8125,47734.8046875,49325.96875,49325.96875,3,51911.603125,52488.398046875,50360.22109375,46557.34796875,54175.027578125,67867.95609375,49.31781304684771,1530.8721944293793,1644.516022940847,-113.64382851146775,55920.18194064207,50360.22109375,44800.26024685793,50.23810981204108,60.820118921935425,TTNP
2004-09-27,48729.28125,48729.28125,46342.54296875,47734.8046875,47734.8046875,4,50519.3375,52030.939453125,50409.9447265625,46597.126953125,53900.552421875,67813.2599609375,45.34272539455429,1143.6688310960308,1544.3465845718838,-400.677753475853,55856.14686719341,50409.9447265625,44963.742585931584,36.41094354392826,49.253393005015646,TTNP
2004-09-28,47138.12109375,47734.8046875,46143.64453125,47734.8046875,47734.8046875,2,49524.86171875,51633.14921875,50240.8837890625,46636.9059375,53602.20984375,67773.4809375,45.34272539455429,827.2711096115454,1400.9314895798161,-573.6603799682707,55797.71353009012,50240.8837890625,44684.05404803488,23.737978691925715,36.79567734929839,TTNP
2004-09-29,47138.12109375,49723.7578125,46143.64453125,47138.12109375,47138.12109375,3,48609.94453125,51195.580078125,50061.8783203125,46636.9059375,53323.7568359375,67735.69087890624,43.80709788081522,522.3548746494926,1225.2161665937515,-702.8612919442589,55774.14934308113,50061.8783203125,44349.607297543866,15.038343262952187,25.062421832935424,TTNP
2004-09-30,47734.8046875,48530.38671875,47138.12109375,47337.015625,47337.015625,3,47854.14296875,50539.2265625,49992.2650390625,46636.9059375,53053.2595703125,67690.9394921875,44.48205329978918,293.37385687695496,1038.8477046503922,-745.4738477734372,55800.919664116205,49992.2650390625,44183.61041400879,12.71166361609812,17.16266185699204,TTNP
2004-10-01,47734.8046875,48729.28125,46740.33203125,47535.91015625,47535.91015625,1,47496.13125,49703.8671875,50002.209765625,46700.55234375,52826.51921875,67630.27650390625,45.19102675681451,126.4957131733754,856.3773063549888,-729.8815931816134,55793.30110791101,50002.209765625,44211.11842333899,11.538468801684246,13.096158560244888,TTNP
2004-10-04,47138.12109375,49127.0703125,47138.12109375,48331.4921875,48331.4921875,3,47615.46875,49067.403125,50081.7677734375,46796.021953125,52613.7015625,67537.79033203125,48.048869891195054,57.77441546346381,696.6567281766838,-638.88231271322,55733.4676241584,50081.7677734375,44430.067922716604,15.384625068912307,13.21158582889826,TTNP
2004-10-05,48928.17578125,48928.17578125,46740.33203125,48729.28125,48729.28125,2,47814.3640625,48669.612890625,50171.2705078125,46875.579921875,52400.88390625,67464.19916015625,49.46762991851695,35.00700582790887,564.3267837069288,-529.31977787902,55675.85034205285,50171.2705078125,44666.69067357215,19.87180528241406,15.598299717670239,TTNP
2004-10-06,48132.59765625,49723.7578125,46143.64453125,49127.0703125,49127.0703125,4,48212.15390625,48411.04921875,50300.5521484375,46935.2484375,52235.801015625,67391.6024609375,50.911339405613674,48.502812314836774,461.1619894285104,-412.65917711367365,55574.68501155076,50300.5521484375,45026.419285324235,25.000009442189498,20.08547993117199,TTNP
2004-10-07,49723.7578125,50917.12890625,48729.28125,50121.546875,50121.546875,3,48769.06015625,48311.6015625,50459.6681640625,46982.98328125,52088.6187109375,67328.95052734375,54.41752156355649,137.85517494915985,396.5006265326403,-258.64545158348045,55505.64799663269,50459.6681640625,45413.68833149232,31.837610879455543,25.569808534686402,TTNP
2004-10-08,49127.0703125,51314.91796875,49127.0703125,49127.0703125,49127.0703125,4,49087.2921875,48291.71171875,50390.0548828125,47006.850625,51931.491640625,67270.276484375,50.53071090749827,126.95812444956391,342.59212611602504,-215.63400166646113,55469.12761247108,50390.0548828125,45310.98215315393,35.132179959226754,30.656600093623968,TTNP
2004-10-11,50718.23046875,50718.23046875,46740.33203125,48729.28125,48729.28125,3,49166.85,48391.159375,50211.0494140625,47034.6959375,51778.3424609375,67210.60796875,49.02239564315018,85.24127221255912,291.12195533533185,-205.88068312277272,55259.18489515174,50211.0494140625,45162.913932973264,37.89775063897688,34.955847159219765,TTNP
2004-10-12,49325.96875,49723.7578125,46939.2265625,47734.8046875,47734.8046875,5,48967.9546875,48391.159375,50012.154296875,47042.65171875,51609.2816796875,67151.93392578125,45.375801538600044,-27.745745462729246,227.34841517571962,-255.09416063844887,55121.048231395696,50012.154296875,44903.260362354304,33.53266679724425,35.52086579848267,TTNP
2004-10-13,47138.12109375,47734.8046875,44751.3828125,45149.171875,45149.171875,8,48172.375,48192.264453125,49693.922265625,47010.828515625,51428.2872265625,67071.3814453125,37.55401064477682,-322.2134538070386,117.43604137916796,-439.64949518620654,55168.813576566165,49693.922265625,44219.03095468383,23.865541019958783,31.76531948539335,TTNP
2004-10-14,44552.484375,45149.171875,43756.90625,43756.90625,43756.90625,4,46899.446875,47834.253515625,49186.7400390625,47022.7621875,51235.3590625,66986.8510546875,34.14128276975382,-660.313748620305,-38.11391662072663,-622.1998319995784,54883.75564050863,49186.7400390625,43489.724437616365,11.484585966931455,22.960931261378207,TTNP
2004-10-15,44751.3828125,46143.64453125,43558.01171875,43955.80078125,43955.80078125,3,45865.19296875,47476.242578125,48590.0548828125,47086.40859375,51042.4308984375,66914.254375,35.04934228346736,-901.8159685752034,-210.854327011622,-690.9616415635815,53835.90948166405,48590.0548828125,43344.200283960956,3.6701771884848426,13.006768058458405,TTNP
2004-10-18,43955.80078125,44751.3828125,42165.74609375,42961.32421875,42961.32421875,3,44711.6015625,46939.22578125,48003.314453125,47169.944453125,50835.5800390625,66838.6742578125,32.62700481909698,-1160.08146818573,-400.6997552464436,-759.3817129392864,53005.47572461571,48003.314453125,43001.15318163429,4.6079407046685406,6.587567953361657,TTNP
2004-10-19,42961.32421875,43756.90625,41767.95703125,42165.74609375,42165.74609375,2,43597.78984375,46282.872265625,47476.242578125,47257.45828125,50600.88390625,66755.13833984375,30.793481129318508,-1412.6708528585223,-603.0939747688593,-809.576878089663,52604.64995585826,47476.242578125,42347.83520039174,5.996826183877265,4.7583146923435935,TTNP
2004-10-20,43756.90625,43756.90625,41370.1640625,43160.22265625,43160.22265625,7,43200.0,45686.1875,47048.618359375,47325.08265625,50390.0551953125,66657.67978515624,35.66071225394698,-1515.138242099507,-785.5028282349888,-729.6354138645181,52118.64712880285,47048.618359375,41978.58958994716,10.287438467552336,6.964068452032758,TTNP
2004-10-21,43756.90625,44950.27734375,41767.95703125,41767.95703125,41767.95703125,3,42802.21015625,44850.828515625,46581.2150390625,47340.994296875,50151.381171875,66578.12177734375,32.241952871607374,-1689.2163519937312,-966.2455329867373,-722.9708190069939,51786.94728976743,46581.2150390625,41375.48278835758,8.722237928567358,8.33550085999903,TTNP
2004-10-22,42762.4296875,43756.90625,41767.95703125,43558.01171875,43558.01171875,3,42722.65234375,44293.92265625,46292.8171875,47376.795390625,49932.596640625,66507.51404296875,40.182261679683734,-1663.555621403808,-1105.7075506701515,-557.8480707336564,51497.44705515981,46292.8171875,41088.18731984018,14.666691805549235,11.225456067223021,TTNP
2004-10-25,43756.90625,43756.90625,42165.74609375,42165.74609375,42165.74609375,1,42563.53671875,43637.569140625,46014.3642578125,47344.9721875,49701.8783984375,66431.93392578125,36.59066697186195,-1735.5570860823136,-1231.677457752584,-503.8796283297297,51470.434775655194,46014.3642578125,40558.293739969806,11.333354544265509,11.574094759460747,TTNP
2004-10-26,42762.4296875,43756.90625,41767.95703125,43359.1171875,43359.1171875,1,42802.2109375,43200.000390625,45795.5798828125,47329.060625,49465.1933203125,66339.447734375,41.42363024824252,-1676.9923676129692,-1320.740439724661,-356.2519278883083,51308.775274883796,45795.5798828125,40282.3844907412,16.666686306418686,14.222244218744521,TTNP
2004-10-27,42961.32421875,43558.01171875,41966.8515625,42563.53515625,42563.53515625,4,42682.8734375,42941.43671875,45566.8505859375,47329.060625,49174.8065625,66232.0444140625,39.27448886538942,-1675.4625380559228,-1391.6848593909133,-283.7776786650095,51216.16862517435,45566.8505859375,39917.53254670065,13.33334904513496,13.777796631939763,TTNP
2004-10-28,42364.640625,43756.90625,41966.8515625,43558.01171875,43558.01171875,3,43040.884375,42921.547265625,45377.900390625,47340.994375,48876.4640234375,66114.69634765625,43.23875679532851,-1575.838899792645,-1428.5156674712596,-147.32323232138538,51030.54361914855,45377.900390625,39725.25716210145,18.468103355262045,16.156046235605274,TTNP
2004-10-29,42364.640625,42563.53515625,40773.48046875,41569.0625,41569.0625,7,42643.09453125,42682.8734375,45079.5580078125,47321.104921875,48576.1325390625,65927.73501953125,37.90856333624119,-1638.4905294320488,-1470.5106398634175,-167.97988956863128,50873.208907301574,45079.5580078125,39285.90710832342,14.764398584708507,15.521950328368547,TTNP
2004-11-01,41966.8515625,43160.22265625,41569.0625,41966.8515625,41966.8515625,4,42603.315625,42583.426171875,44761.3259765625,47285.303828125,48289.7237109375,65762.65216796874,39.51452327505828,-1637.1718464779333,-1503.8428811863207,-133.32896529161258,50504.502566519535,44761.3259765625,39018.14938660546,16.478688082655527,16.570396674208737,TTNP
2004-11-02,42563.53515625,42961.32421875,41370.1640625,41767.95703125,41767.95703125,3,42285.08359375,42543.647265625,44413.259765625,47209.72375,48011.270703125,65604.530625,38.97176338768048,-1633.347691710711,-1529.7438432911988,-103.60384841951213,49993.81481981058,44413.259765625,38832.70471143942,14.850111627316757,15.364399431560308,TTNP
2004-11-03,42165.74609375,42165.74609375,40773.48046875,41171.26953125,41171.26953125,4,42006.63046875,42344.751953125,44015.4697265625,47165.966796875,47750.7182421875,65402.65216796875,37.31579341238994,-1659.3369129989514,-1555.6624572327494,-103.67445576620207,49322.799112767716,44015.4697265625,38708.140340357284,14.356272289633957,15.228357333202124,TTNP
2004-11-04,40773.48046875,40773.48046875,39580.109375,40176.796875,40176.796875,7,41330.3875,42185.6359375,43518.2322265625,47094.364609375,47458.3425390625,65160.99470703125,34.671522748077244,-1740.1201682048486,-1592.5539994271692,-147.56616877767942,48279.43070087379,43518.2322265625,38757.033752251205,12.34569787081903,13.850693929256627,TTNP
2004-11-05,39779.00390625,41569.0625,39182.3203125,40773.48046875,40773.48046875,10,41171.27109375,41907.1828125,43100.552734375,47042.651875,47183.867421875,64947.1825390625,37.53180012956491,-1735.9827718624074,-1621.2397539142169,-114.74301794819053,47246.16557044124,43100.552734375,38954.93989830876,15.368247551935013,14.023405904129378,TTNP
2004-11-08,41767.95703125,41767.95703125,39182.3203125,39182.3203125,39182.3203125,5,40614.36484375,41608.840234375,42623.2046875,46891.491640625,46885.52484375,64725.4145703125,33.33978455610314,-1839.8880974845742,-1664.9694226282884,-174.91867485628586,46229.955756950105,42623.2046875,39016.4536180499,12.899117137603902,13.537687520119361,TTNP
2004-11-09,39182.3203125,41767.95703125,38784.53125,39182.3203125,39182.3203125,14,40097.2375,41191.160546875,42195.58046875,46652.817578125,46593.149140625,64494.696328125,33.33978455610315,-1900.3280181573791,-1712.0411417341065,-188.2868764232726,45264.69264192941,42195.58046875,39126.46829557059,11.345932148162591,13.20443227923388,TTNP
2004-11-10,39779.00390625,40375.69140625,38585.63671875,39779.00390625,39779.00390625,6,39818.784375,40912.707421875,41927.0720703125,46434.033046875,46443.9778515625,64259.00572265625,36.42787349463344,-1878.426381369325,-1745.3181896611502,-133.1081917081749,44851.843943280124,41927.0720703125,39002.30019734487,9.842822445164476,11.362623910310367,TTNP
2004-11-11,39977.90234375,41370.1640625,39977.90234375,41171.26953125,41171.26953125,5,40017.67890625,40674.033203125,41797.790234375,46282.8728125,46356.4640234375,64040.221171875,43.05658725441112,-1728.7964863773304,-1742.0138490043862,13.217362627055763,44614.175188011046,41797.790234375,38981.40528073896,26.509476522240465,15.899410371855888,TTNP
2004-11-12,41171.26953125,41171.26953125,39977.90234375,40972.375,40972.375,6,40057.4578125,40614.364453125,41648.6189453125,46155.58,46282.8728515625,63857.237734375,42.376795235275274,-1607.729933120041,-1715.1570658275173,107.42713270747618,44303.40256566453,41648.6189453125,38993.83532496046,39.74355003795767,25.365283001787578,TTNP
2004-11-15,40773.48046875,43756.90625,39977.90234375,42961.32421875,42961.32421875,7,40813.25859375,40713.81171875,41648.6189453125,46079.99984375,46207.292734375,63670.27638671875,50.750601760943745,-1335.892896073783,-1639.3042318767705,303.4113358029874,44303.40256566453,41648.6189453125,38993.83532496046,60.2563744244984,42.16980032823222,TTNP
2004-11-16,43756.90625,49524.86328125,43756.90625,48729.28125,48729.28125,41,42722.65078125,41409.944140625,41976.795703125,46115.8009375,46149.6131640625,63510.16587890625,66.12474911553714,-647.5693814099213,-1440.9572617834006,793.3878803734792,46049.96986715121,41976.795703125,37903.621539098785,74.49880541327987,58.166243291912025,TTNP
2004-11-17,46740.33203125,50718.23046875,46740.33203125,50519.3359375,50519.3359375,23,44870.7171875,42344.75078125,42344.7513671875,46195.35890625,46127.7346875,63374.91724609375,69.3251309353501,41.891516904041055,-1144.3875060459122,1186.2790229499533,47855.11262105591,42344.7513671875,36834.39011331909,91.90108619042026,75.55208867606622,TTNP
2004-11-18,49723.7578125,51314.91796875,47138.12109375,48132.59765625,48132.59765625,11,46262.9828125,43140.330859375,42662.9833984375,46219.226328125,46097.9004296875,63232.7073046875,61.04407069313511,391.1949616155107,-837.2710125136276,1228.4659741291384,48712.139474887284,42662.9833984375,36613.827321987716,88.6959715433128,85.03195438233769,TTNP
2004-11-19,47337.015625,49922.65234375,46740.33203125,47734.8046875,47734.8046875,7,47615.46875,43836.46328125,42871.823046875,46163.535703125,46040.220859375,63113.3702734375,59.76273565638408,628.6749169550822,-544.0818266198856,1172.756743574968,49306.28435618573,42871.823046875,36437.361737564264,81.7452121390083,87.44742329091383,TTNP
2004-11-22,46939.2265625,47734.8046875,46740.33203125,46939.2265625,46939.2265625,4,48411.04921875,44612.15390625,43110.4970703125,46056.132421875,45982.5412890625,62990.0553515625,57.17775823924056,744.1054028541184,-286.4443807250848,1030.5497835792032,49772.58957358786,43110.4970703125,36448.40456703714,70.8333231042929,80.42483559553806,TTNP
2004-11-23,46939.2265625,48729.28125,46939.2265625,47734.8046875,47734.8046875,6,48212.15390625,45467.40234375,43329.2814453125,45976.574375,45940.7733203125,62861.768046875,59.08369033800538,889.5274812325224,-51.25000833356333,940.7774895660857,50290.35118396342,43329.2814453125,36368.21170666158,69.79164876584586,74.12339466971575,TTNP
2004-11-24,46939.2265625,49723.7578125,46939.2265625,49127.0703125,49127.0703125,4,47933.70078125,46402.208984375,43657.458203125,45928.83953125,45938.7843359375,62719.5580859375,62.25017183684285,1104.389017212954,179.87779677574017,924.5112204372139,51048.75644110344,43657.458203125,36266.159965146566,73.43748337780926,71.35415174931607,TTNP
2004-11-26,49723.7578125,52309.390625,49723.7578125,52309.390625,52309.390625,7,48769.059375,47516.02109375,44095.0271484375,45897.016328125,45998.4528125,62595.248671875,68.29068496537334,1514.002507457306,446.7027389120533,1067.2997685452526,52391.69107564492,44095.0271484375,35798.36322123007,84.89581926840272,76.04165047068601,TTNP
2004-11-29,52110.49609375,52508.2890625,50121.546875,50718.23046875,50718.23046875,11,49365.74453125,48490.606640625,44552.485546875,45793.590859375,46060.1102734375,62469.94478515625,62.873413710733004,1690.7410129056443,695.5103937107715,995.2306191948728,53241.26132596077,44552.485546875,35863.70976778924,89.9851047718455,82.77280247268588,TTNP
2004-11-30,50519.3359375,52707.18359375,46740.33203125,49127.0703125,49127.0703125,9,49803.31328125,49107.18125,44910.496484375,45682.209609375,46095.9113671875,62345.63537109375,57.9249597138413,1683.0134931668072,893.0110136019787,790.0024795648285,53732.650515511385,44910.496484375,36088.34245323861,87.26356698310326,87.38149700778388,TTNP
2004-12-01,49524.86328125,52110.49609375,47734.8046875,51314.91796875,51314.91796875,11,50519.3359375,49365.744921875,45387.84453125,45654.364296875,46091.9334765625,62228.2873046875,62.31672391739791,1832.3086854008652,1080.870547961756,751.4381374391091,54506.351491530906,45387.84453125,36269.33757096909,83.61773237113987,86.95546804202961,TTNP
2004-12-02,51712.70703125,52309.390625,48729.28125,51513.8125,51513.8125,8,50996.684375,49465.192578125,45904.9716796875,45650.38640625,46093.922421875,62107.9558203125,62.69791091334268,1944.2630728588774,1253.5490529411804,690.714019917697,55180.05027767203,45904.9716796875,36629.89308170297,84.77845198221732,85.21991711215354,TTNP
2004-12-03,50917.12890625,52707.18359375,50519.3359375,52309.390625,52309.390625,6,50996.684375,49882.871875,46511.6013671875,45674.25375,46105.85609375,61976.685078125,64.25546711024585,2073.284701803379,1417.49618271362,655.7885190897589,55795.78166350717,46511.6013671875,37227.42107086782,92.18748849232952,86.86122428189564,TTNP
2004-12-06,52508.2890625,54298.34375,52309.390625,53701.65625,53701.65625,9,51593.36953125,50479.55703125,47158.01015625,45761.7675,46159.557734375,61861.3259375,66.86309970885667,2261.806772038479,1586.3583005785918,675.4484714598871,56553.689910201625,47158.01015625,37762.33040229837,93.94652319362292,90.30415455605664,TTNP
2004-12-07,55889.50390625,55889.50390625,50320.44140625,52707.18359375,52707.18359375,6,52309.3921875,51056.352734375,47834.2533203125,45861.215078125,46229.171015625,61750.93919921875,63.3103321329015,2304.4025209031533,1729.967144643504,574.4353762596493,56772.145590988104,47834.2533203125,38896.36104963689,85.47732408987206,90.53711192527489,TTNP
2004-12-08,52309.390625,52309.390625,49723.7578125,51116.0234375,51116.0234375,4,52269.61328125,51394.474609375,48430.9384765625,45928.839453125,46282.8726953125,61628.61876953125,58.00008590124247,2184.5841063139014,1820.8905369775835,363.693569336318,56533.073973178325,48430.9384765625,40328.802979946675,69.1276959368026,82.85051440676591,TTNP
2004-12-09,51712.70703125,51712.70703125,46740.33203125,50519.3359375,50519.3359375,8,52070.71796875,51533.701171875,48967.955078125,45996.46375,46316.68484375,61511.27068359375,56.09979931289097,2018.2147318486604,1860.3553759517988,157.85935589686164,56066.697129593245,48967.955078125,41869.213026656755,51.44927164969969,68.68476389212483,TTNP
2004-12-10,50320.44140625,53104.97265625,49922.65234375,53104.97265625,53104.97265625,20,52229.834375,51613.259375,49564.640234375,46111.822890625,46374.3644140625,61408.8397265625,61.921798543597085,2071.1303763491233,1902.5103760312636,168.62000031785965,55907.61491472031,49564.640234375,43221.66555402969,52.89854329939933,57.82517029530059,TTNP
2004-12-13,53701.65625,55491.7109375,53701.65625,54696.1328125,54696.1328125,15,52428.7296875,52011.049609375,50250.828125,46255.02734375,46477.78984375,61295.4695703125,64.99809634554616,2215.916031925284,1965.1915072100678,250.72452471521638,55622.136285480025,50250.828125,44879.519964519975,65.94201661010993,56.76327718640304,TTNP
2004-12-14,55690.609375,58674.03125,55093.921875,58276.2421875,58276.2421875,21,53542.54140625,52925.966796875,51016.5740234375,46453.92234375,46624.9721484375,61169.1712109375,70.72826600566619,2589.692253166715,2090.0916564013974,499.60059676531773,56379.36853432573,51016.5740234375,45653.77951254926,84.39613224266667,67.74556405072536,TTNP
2004-12-15,59270.71875,62055.25,56685.08203125,61458.5625,61458.5625,13,55611.04921875,53940.33125,51653.0380859375,46708.50796875,46792.0439453125,61045.8562890625,74.69406330331478,3106.885018348272,2293.4503287907723,813.4346895574995,58574.01359356974,51653.0380859375,44732.06257830526,93.24235576570838,81.19350153949505,TTNP
2004-12-16,61060.7734375,66033.1484375,59867.40234375,65436.46484375,65436.46484375,21,58594.475,55332.596484375,52398.89453125,47034.695859375,46984.9721484375,60956.35353515625,78.59745695472945,3794.0124712728793,2593.5627572871936,1200.4497139856858,61532.03249990626,52398.89453125,43265.75656259374,96.55925961626765,91.39924920821427,TTNP
2004-12-17,65635.359375,67425.4140625,60066.296875,61657.45703125,61657.45703125,16,60304.971875,56267.403125,53075.1375,47265.4140625,47124.198671875,60810.1656640625,67.88472255707994,3987.664268763401,2872.383059582435,1115.281209180966,62826.4927417872,53075.1375,43323.78225821279,88.37549402606423,92.72570313601346,TTNP
2004-12-20,60662.984375,61259.66796875,56088.3984375,59071.82421875,59071.82421875,14,61180.11015625,56804.419921875,53641.9884765625,47464.309140625,47235.5798828125,60628.17673828125,61.68924170695386,3887.6809880934306,3075.442645284634,812.2383428087965,63403.74386910957,53641.9884765625,43880.23308401544,76.21266362649398,87.04913908960866,TTNP
2004-12-21,57480.6640625,60464.08984375,55690.609375,60464.08984375,60464.08984375,8,61617.6796875,57580.110546875,54318.231640625,47699.0053125,47366.850625,60403.4253515625,63.6148463238562,3876.106376593103,3235.575391546328,640.5309850467752,64002.52092965764,54318.231640625,44633.94235159236,66.02564259933963,76.87126675063264,TTNP
2004-12-22,58872.9296875,64044.19921875,58077.34765625,63646.41015625,63646.41015625,10,62055.24921875,58833.14921875,55113.8119140625,48017.237421875,47529.9445703125,60185.63529296875,67.62090700330397,4076.7261061687022,3403.8055344708027,672.9205716978995,65113.229294199715,55113.8119140625,45114.39453392528,69.23077552556346,70.48969391713239,TTNP
2004-12-23,62254.14453125,64044.19921875,61259.66796875,64044.19921875,64044.19921875,7,61776.79609375,60185.635546875,55859.668359375,48395.13796875,47702.9832421875,59977.79,68.09379907797845,4219.180849640543,3566.8805975047508,652.3002521357921,66181.74610930997,55859.668359375,45537.59060944003,77.2435952515347,70.83333779214597,TTNP
2004-12-27,64044.19921875,64640.8828125,59668.5078125,61657.45703125,61657.45703125,5,61776.79609375,61040.883984375,56327.0716796875,48753.148984375,47887.9555859375,59776.90599609375,62.22190744085675,4092.313470171015,3671.967172038004,420.34629813301126,66809.12309717492,56327.0716796875,45845.02026220008,79.16666745351601,75.21367941020476,TTNP
2004-12-28,60464.08984375,62651.93359375,59469.61328125,62651.93359375,62651.93359375,7,62492.81796875,61836.4640625,56923.7568359375,49127.071640625,48106.7401171875,59578.0109765625,63.629239482456214,4025.6113633766945,3742.6960103057418,282.91535307095273,67419.38568401431,56923.7568359375,46428.12798786069,77.56410099040409,77.99145456515164,TTNP
2004-12-29,60464.08984375,62453.0390625,59867.40234375,62055.25,62055.25,3,62811.05,62214.36484375,57570.1658203125,49508.95015625,48339.4473046875,59413.922578125,62.133632373881255,3879.8772737842664,3770.1322630014465,109.74501078281992,67649.631425486,57570.1658203125,47490.70021513899,74.35897435897442,77.02991426763155,TTNP
2004-12-30,61657.45703125,63646.41015625,61657.45703125,62651.93359375,62651.93359375,5,62612.1546875,62333.701953125,58137.0166015625,49918.67390625,48588.06609375,59271.71263671875,63.068483830277685,3769.0817093738515,3769.9221522759276,-0.8404429020761199,68018.79757751983,58137.0166015625,48255.23562560518,74.56293942348493,75.49533825762119,TTNP
2004-12-31,63447.515625,64441.98828125,62254.14453125,64044.19921875,64044.19921875,7,62612.1546875,62194.475390625,58763.5359375,50336.3534375,48830.718046875,59121.546875,65.22577660514088,3750.3874941306567,3766.0152206468733,-15.627726516216626,68473.58661316328,58763.5359375,49053.48526183671,74.04268879188544,74.3215341914483,TTNP
2005-01-03,63646.41015625,64441.98828125,58674.03125,61259.66796875,61259.66796875,7,62532.596875,62154.696484375,59211.0498046875,50726.18765625,49033.5909765625,58910.71814453125,57.9365826596386,3470.8737215711153,3706.986920831722,-236.1131992606065,68506.15314780104,59211.0498046875,49915.946461573956,66.02986591851712,71.54516471129587,TTNP
2005-01-04,60861.87890625,63646.41015625,58872.9296875,60066.296875,60066.296875,11,62015.46953125,62254.14375,59529.2818359375,51056.353359375,49216.574375,58693.92255859375,55.09487405164401,3117.1296390492935,3589.015464475236,-471.8858254259426,68477.43615392258,59529.2818359375,50581.12751795243,54.21681343678073,64.76312271572779,TTNP
2005-01-05,58475.13671875,61458.5625,52906.078125,53701.65625,53701.65625,17,60344.75078125,61577.900390625,59579.00546875,51287.0715625,49316.021875,58481.10486328125,42.98528219636778,2296.7362522980184,3330.5596220397924,-1033.823369741774,68384.89071945587,59579.00546875,50773.12021804413,30.92251802308048,50.38973245945947,TTNP
2005-01-06,52906.078125,56287.29296875,49922.65234375,52508.2890625,52508.2890625,9,58316.021875,60464.08828125,59648.61875,51470.055,49399.5578125,58249.39216796875,41.15859678446083,1532.6068858712606,2970.969074806086,-1438.3621889348256,68204.24988628466,59648.61875,51092.98761371535,19.180096570394554,34.77314267675195,TTNP
2005-01-07,51911.6015625,55491.7109375,51911.6015625,52906.078125,52906.078125,4,56088.39765625,59350.276171875,59767.955859375,51676.905859375,49502.9832421875,57976.90599609375,42.04272522897957,948.1968871224162,2566.414637269352,-1618.217750146936,67865.20654336036,59767.955859375,51670.705175389645,13.507483120620185,21.203365904698433,TTNP
2005-01-10,51116.0234375,54298.34375,50718.23046875,50917.12890625,50917.12890625,6,54019.88984375,58276.243359375,59658.563671875,51824.088203125,49582.5412890625,57696.4640234375,38.89577206592083,320.85752720953315,2117.3032152573883,-1796.4456880478551,68161.8548320296,59658.563671875,51155.27251172041,13.933259244111563,15.540279645042126,TTNP
2005-01-11,50917.12890625,52508.2890625,48530.38671875,51314.91796875,51314.91796875,7,52269.6140625,57142.541796875,59489.5029296875,52019.0053125,49670.0551171875,57458.78447265625,39.86525181678918,-142.57170451377897,1665.3282313031548,-1807.8999358169337,68500.03982452396,59489.5029296875,50478.96603485103,14.770333097725617,14.070358487485814,TTNP
2005-01-12,50121.546875,51116.0234375,48331.4921875,50320.44140625,50320.44140625,5,51593.37109375,55969.0609375,59091.712890625,52186.077109375,49735.69046875,57210.165703125,38.23211632060325,-583.3639998296057,1215.5897850766025,-1798.9537849062083,68944.46707363949,59091.712890625,49238.95870761051,12.07861368471189,13.594068675516382,TTNP
2005-01-13,50917.12890625,52707.18359375,49325.96875,52110.49609375,52110.49609375,3,51513.8125,54914.9171875,58624.3095703125,52392.927890625,49801.3258203125,56973.48060546875,42.77634065992137,-779.2696806345484,816.6178919343723,-1595.8875725689209,68862.96103004426,58624.3095703125,48385.65811058074,17.54993266986835,14.799626484101978,TTNP
2005-01-14,52508.2890625,53303.8671875,50519.3359375,52309.390625,52309.390625,2,51394.475,53741.436328125,57967.955859375,52615.6903125,49890.8285546875,56735.80103515625,43.275693430278864,-908.010240816373,471.6922653842232,-1379.7025062005962,68057.62043763082,57967.955859375,47878.29128111918,20.019062485518912,16.54920294669974,TTNP
2005-01-18,52309.390625,53502.76171875,50718.23046875,52508.2890625,52508.2890625,5,51712.70703125,52866.2984375,57510.4974609375,52862.32015625,49978.3423828125,56504.08833984375,43.803812563870956,-982.6611149951059,180.82158930835737,-1163.4827043034634,67718.50251009541,57510.4974609375,47302.49241177959,24.596002189011344,20.721665781466225,TTNP
2005-01-19,51911.6015625,52707.18359375,48928.17578125,51513.8125,51513.8125,4,51752.4859375,52011.05,57132.596875,53077.126796875,50059.8893359375,56261.43642578125,41.712693299162126,-1109.2813135397519,-77.1989912612645,-1032.0823222784875,67636.7212805579,57132.596875,46628.4724694421,23.45678982411593,22.69061816621542,TTNP
2005-01-20,52110.49609375,52110.49609375,45546.9609375,47138.12109375,47138.12109375,8,51116.021875,51354.696484375,56466.2984375,53236.2428125,50063.8672265625,55987.9557421875,34.01769409019066,-1544.9017942252758,-370.7395518540668,-1174.162242371209,67705.46901385525,56466.2984375,45227.12786114475,18.033358412191877,22.02871680843974,TTNP
2005-01-21,46740.33203125,47734.8046875,45149.171875,46342.54296875,46342.54296875,4,49962.43125,50738.121875,55601.105078125,53379.447265625,50016.132421875,55717.45849609375,32.83177373288117,-1932.0590948281751,-683.0034604488885,-1249.0556343792866,67155.84441518699,55601.105078125,44046.36574106302,11.45323722035067,17.647795152219516,TTNP
2005-01-24,44950.27734375,48132.59765625,44154.6953125,45944.75,45944.75,3,48689.503125,50041.9890625,54696.1326171875,53502.7621875,49968.3976171875,55454.91705078125,32.226813303410424,-2245.10246921987,-995.4232622030847,-1249.679207016785,66299.06205214934,54696.1326171875,43093.203182225654,7.930098075529647,12.472231236024088,TTNP
2005-01-25,44950.27734375,47734.8046875,44552.484375,47734.8046875,47734.8046875,4,47734.80625,49723.756640625,54000.0,53634.032890625,49958.4528515625,55196.35349609375,37.782515412731094,-2321.9827735812287,-1260.7351644787136,-1061.247609102515,65519.09626573269,54000.0,42480.90373426731,12.019630252536293,10.46765518280556,TTNP
2005-01-26,47734.8046875,48530.38671875,45745.85546875,47337.015625,47337.015625,3,46899.446875,49325.96640625,53234.2541015625,53761.325703125,49958.4528515625,54949.72365234375,37.05556349203261,-2387.4877489517385,-1486.0856813733185,-901.40206757842,64381.09189662738,53234.2541015625,42087.416306497624,18.700941186275355,12.883556504780453,TTNP
2005-01-27,47933.703125,49922.65234375,47337.015625,48928.17578125,48928.17578125,3,47257.4578125,49186.73984375,52577.900390625,53880.662734375,49980.3312890625,54731.93359375,41.8732301849651,-2284.6713183422908,-1645.802808767113,-638.8685095751778,63098.13139693501,52577.900390625,42057.66938431499,29.674806315402567,20.131792584738093,TTNP
2005-01-28,49922.65234375,52508.2890625,47933.703125,50917.12890625,50917.12890625,5,48172.375,49067.403125,51991.16015625,53924.4196875,50020.1103125,54551.93361328125,47.302764351127365,-2019.4180670859714,-1720.5258604308847,-298.89220665508674,61454.38409974401,51991.16015625,42527.93621275599,45.00048316811013,31.125410223262705,TTNP
2005-01-31,50917.12890625,52508.2890625,50917.12890625,52508.2890625,52508.2890625,2,49485.0828125,49087.29296875,51414.3646484375,53964.19875,50079.778828125,54377.90048828125,51.227709263767395,-1661.6551020180705,-1708.7517087483218,47.096606730251324,59109.82886485057,51414.3646484375,43718.90043202443,66.044557758164,46.90661574722558,TTNP
2005-02-01,52707.18359375,52906.078125,49723.7578125,49922.65234375,49922.65234375,4,49922.65234375,48828.729296875,50847.5138671875,53999.99984375,50109.6130859375,54189.9446875,45.320543764904606,-1568.6818607737878,-1680.737739153415,112.0558783796273,57092.02600981938,50847.5138671875,44603.00172455562,72.57684946994,61.207296798738064,TTNP
2005-02-02,50718.23046875,53303.8671875,50718.23046875,53303.8671875,53303.8671875,3,51116.02265625,49007.734765625,50509.3923828125,54111.38109375,50137.4583984375,54003.9778515625,52.95953107349052,-1208.2363211433767,-1586.2374555514075,378.0011344080308,55278.686842636744,50509.3923828125,45740.09792298825,82.97873822223994,73.86671515011467,TTNP
2005-02-03,52508.2890625,53502.76171875,49127.0703125,49127.0703125,49127.0703125,6,51155.8015625,49206.6296875,50280.6630859375,54155.13796875,50105.6351953125,53801.104921875,44.65948369987884,-1245.2586682005422,-1518.0416980812345,272.7830298806923,54850.23138296281,50280.6630859375,45711.09478891219,70.92198907555951,75.4925255892465,TTNP
2005-02-04,50718.23046875,51911.6015625,48928.17578125,49325.96875,49325.96875,7,50837.56953125,49504.972265625,50121.5470703125,54186.96125,50081.7678125,53600.2209375,45.10072459009075,-1244.2072565706767,-1463.274809779123,219.06755320844627,54590.2725655949,50121.5470703125,45652.8215750301,68.79433483556586,74.23168737778845,TTNP
2005-02-07,50121.546875,52110.49609375,49524.86328125,52110.49609375,52110.49609375,6,50758.0109375,50121.546875,50081.76796875,54246.629765625,50087.7346484375,53388.39771484375,50.99193942833232,-1007.076963552172,-1372.0352405337328,364.95827698156086,54463.96365689169,50081.76796875,45699.57228060831,64.53901242667308,68.0851121125995,TTNP
2005-02-08,52707.18359375,53104.97265625,50121.546875,50320.44140625,50320.44140625,5,50837.56875,50380.110546875,50051.93359375,54206.85078125,50051.9335546875,53190.4971484375,47.46565588597868,-952.6108462179836,-1288.150361670583,335.5395154525993,54419.07294488286,50051.93359375,45684.79424261714,68.79433483556586,67.37589403260161,TTNP
2005-02-09,50320.44140625,50320.44140625,47933.703125,48729.28125,48729.28125,8,49922.6515625,50519.337109375,49922.6517578125,54167.071796875,49980.331328125,52948.8396875,44.518592959739635,-1026.0121531217665,-1235.7227199608196,209.71056683905317,54285.66755860751,49922.6517578125,45559.63595701749,66.66666666666673,66.66667130963525,TTNP
2005-02-10,47933.703125,49127.0703125,45348.06640625,46143.64453125,46143.64453125,7,49325.96640625,50240.883984375,49713.8119140625,54107.40328125,49894.8064453125,52710.16564453125,40.15551097168882,-1278.0894719566786,-1244.1960703599914,-33.89340159668723,54370.632971333,49713.8119140625,45056.990856792,45.39006855110836,60.28369001778034,TTNP
2005-02-11,46740.33203125,49127.0703125,46740.33203125,48132.59765625,48132.59765625,2,49087.2921875,49962.430859375,49514.9169921875,54043.756875,49849.0605859375,52496.3534765625,44.649339306455126,-1302.3578972893665,-1255.8284357458665,-46.52946154350002,54084.268619501476,49514.9169921875,44945.565364873524,36.737594417665214,49.59810987848012,TTNP
2005-02-14,46143.64453125,48729.28125,45745.85546875,46143.64453125,46143.64453125,4,47893.921875,49325.96640625,49206.6296875,53936.353515625,49793.3699609375,52279.55787109375,41.308778712540544,-1465.19286275185,-1297.7013211470633,-167.4915416047868,53812.07093339483,49206.6296875,44601.18844160516,23.67756152240383,35.26840816372582,TTNP
2005-02-15,45348.06640625,47138.12109375,45348.06640625,46143.64453125,46143.64453125,2,47058.5625,48948.065625,48888.3974609375,53813.03859375,49743.646171875,52075.69046875,41.30877871254055,-1576.0727603335472,-1353.37560898436,-222.69715134918715,53416.22108350413,48888.3974609375,44360.57383837087,19.837391524925867,26.750849154998324,TTNP
2005-02-16,45944.75,46939.2265625,45348.06640625,46541.4375,46541.4375,4,46620.99375,48271.82265625,48639.7787109375,53669.83421875,49715.800859375,51945.41421875,42.30994720720271,-1613.2507593894843,-1405.350639065385,-207.90012032409936,53109.345246055695,48639.7787109375,44170.2121758193,11.382102527205921,18.299018524845227,TTNP
2005-02-17,47933.703125,49723.7578125,46740.33203125,49723.7578125,49723.7578125,6,47337.01640625,48331.49140625,48769.060546875,53610.165703125,49735.690390625,51818.12140625,49.701868761742176,-1370.133887460208,-1398.3072887443495,28.17340128414162,53206.87271709002,48769.060546875,44331.24837665998,26.01626172038546,19.07858525750577,TTNP
2005-02-18,49127.0703125,49723.7578125,47734.8046875,48132.59765625,48132.59765625,2,47337.01640625,48212.154296875,48858.56328125,53550.4971875,49739.6683203125,51670.93908203125,46.49405928737566,-1290.9737992682058,-1376.8405908491209,85.8667915809151,53167.33960302694,48858.56328125,44549.78695947305,34.14635548346865,23.848239910353367,TTNP
2005-02-22,48132.59765625,50718.23046875,48132.59765625,50320.44140625,50320.44140625,6,48172.37578125,48033.148828125,49077.3478515625,53546.519296875,49771.4915234375,51547.6241796875,51.16156322313964,-1039.712988869709,-1309.4150704532385,269.70208158352943,53212.97871047008,49077.3478515625,44941.716992654925,49.59350489221611,36.58537403202343,TTNP
2005-02-23,49524.86328125,50121.546875,48132.59765625,48729.28125,48729.28125,2,48689.503125,47874.0328125,49127.0716796875,53459.00546875,49785.4141796875,51419.336875,47.88961579074918,-957.9378024307734,-1239.1196168487454,281.18181441797196,53220.63961086531,49127.0716796875,45033.503748509684,45.52845801067451,43.08943946211978,TTNP
2005-02-24,49723.7578125,49723.7578125,47734.8046875,48530.38671875,48530.38671875,2,49087.29296875,47854.143359375,49186.740234375,53335.690546875,49795.3589453125,51310.93908203125,47.4808499213883,-898.8184844665884,-1171.059390372314,272.24090590572564,53208.35726167021,49186.740234375,45165.12320707979,47.82155233057216,47.64783841115428,TTNP
2005-02-25,49127.0703125,49325.96875,46740.33203125,46740.33203125,46740.33203125,1,48490.6078125,47913.812109375,49077.348046875,53104.97234375,49779.44734375,51196.574453125,43.85291196514928,-985.0533701417517,-1133.8581863262016,148.80481618444992,53237.77451725833,49077.348046875,44916.921576491666,33.4792575619905,42.276422634412405,TTNP
2005-02-28,47138.12109375,48729.28125,45944.75,47734.8046875,47734.8046875,4,48411.04921875,47874.0328125,48918.2318359375,52830.4971875,49769.502578125,51085.1932421875,46.307433037561324,-962.0594832616989,-1099.498445713301,137.43896245160204,53028.14696321078,48918.2318359375,44808.31670866422,29.914521736678267,37.07177720974699,TTNP
2005-03-01,46939.2265625,48729.28125,46143.64453125,48530.38671875,48530.38671875,2,48053.03828125,48112.70703125,48719.33671875,52492.375625,49763.5357421875,50999.66837890625,48.256263748490305,-869.6154556261972,-1053.5218476958803,183.90639206968308,52485.70736856831,48719.33671875,44952.96606893168,35.9924007301822,33.12872667628367,TTNP
2005-03-02,48530.38671875,51314.91796875,47734.8046875,49127.0703125,49127.0703125,7,48132.59609375,48411.049609375,48679.5576171875,52241.767890625,49753.5909765625,50921.10484375,49.729976528955966,-739.6789597650422,-990.7532701097127,251.0743103446705,52410.89437526063,48679.5576171875,44948.22085911437,51.12059249836128,39.009171655073935,TTNP
2005-03-03,49922.65234375,51712.70703125,49723.7578125,50519.3359375,50519.3359375,6,48530.3859375,48808.839453125,48540.3310546875,52070.718125,49767.5136328125,50849.50263671875,53.08740817748491,-518.3835475118249,-896.2793255901352,377.8957780783103,51741.18202161599,48540.3310546875,45339.48008775901,67.94751949944232,51.68683757599528,TTNP
2005-03-04,51513.8125,52508.2890625,49922.65234375,51116.0234375,51116.0234375,9,49405.52421875,48948.066015625,48639.7787109375,51883.756796875,49791.3810546875,50784.8617578125,54.490260527491465,-291.49744335318246,-775.3229491427446,483.82550578956216,52025.61291036251,48639.7787109375,45253.94451151248,75.04627903826541,64.70479701202301,TTNP
2005-03-07,50121.546875,51712.70703125,49723.7578125,51513.8125,51513.8125,4,50161.32578125,49286.1875,48749.1708984375,51641.10484375,49829.1711328125,50719.22640625,55.446776548727016,-78.68330612515274,-635.9950205392263,557.3117144140735,52351.09390059149,48749.1708984375,45147.24789628351,82.63887771271675,75.21089208347483,TTNP
2005-03-08,52309.390625,52707.18359375,49325.96875,51712.70703125,51712.70703125,4,50797.78984375,49425.4140625,48729.2814453125,51394.475,49894.806484375,50661.54685546875,55.94535589542703,104.81432304067857,-487.8331518232453,592.6474748639239,52260.43916204377,48729.2814453125,45198.12372858124,84.38437258430916,80.68984311176378,TTNP
2005-03-09,51314.91796875,52906.078125,50718.23046875,52309.390625,52309.390625,3,51434.25390625,49783.425,48828.72890625,51207.513671875,49980.331328125,50607.8451953125,57.48254860211719,294.98449783680553,-331.26962189123515,626.2541197280407,52634.85475465842,48828.72890625,45022.603057841574,88.00870102548566,85.0106504408372,TTNP
2005-03-10,52707.18359375,53701.65625,51911.6015625,53303.8671875,53303.8671875,4,51991.16015625,50260.773046875,49057.458203125,51020.55234375,50073.8119921875,50558.1214453125,59.988412828593276,519.9480415051512,-161.02608921195787,680.9741307171091,53333.05408778488,49057.458203125,44781.86231846512,90.92893880636036,87.7740041387184,TTNP
2005-03-11,53502.76171875,61657.45703125,52906.078125,59270.71875,59270.71875,26,53622.09921875,51513.81171875,49713.8119140625,50964.86171875,50236.9059375,50536.24298828125,71.02342337914536,1166.2643551597794,104.43199966238961,1061.8323554973897,55690.56651587315,49713.8119140625,43737.05731225185,90.37016221080101,89.76926734754902,TTNP
2005-03-14,59071.82421875,59071.82421875,54497.23828125,55889.50390625,55889.50390625,9,54497.2375,52329.281640625,50101.6572265625,50829.613125,50374.143515625,50487.5137109375,60.79180712152085,1389.6202332491885,361.4696463797494,1028.150586869439,56601.47924221837,50101.6572265625,43601.83521090663,80.9910343959228,87.43004513769472,TTNP
2005-03-15,56685.08203125,56685.08203125,52309.390625,53701.65625,53701.65625,4,54895.02734375,52846.40859375,50479.5578125,50622.762265625,50479.5578515625,50434.8065234375,55.24591047996048,1374.2488690514438,564.0254909140883,810.2233781373554,56893.236672428626,50479.5578125,44065.87895257138,65.82279519487246,79.06133060053209,TTNP
2005-03-16,53701.65625,53701.65625,49723.7578125,50718.23046875,50718.23046875,7,54576.7953125,53005.524609375,50708.287109375,50411.933515625,50569.0605859375,50360.22087890625,48.71899641071202,1108.5507422549053,672.9305411822518,435.6202010726536,56805.61211991564,50708.287109375,44610.96209883436,47.67933066381807,64.83105341820443,TTNP
2005-03-17,51116.0234375,52707.18359375,48530.38671875,48530.38671875,48530.38671875,8,53622.09921875,52806.6296875,50807.7345703125,50181.2153125,50618.7843359375,50275.69048828125,44.5613123918222,713.2207911493024,680.9885911756619,32.23219997364049,56691.095513096974,50807.7345703125,44924.37362752803,32.067513695415954,48.52321318470215,TTNP
2005-03-18,47933.703125,50121.546875,46939.2265625,48729.28125,48729.28125,7,51513.81171875,52567.95546875,50758.0107421875,50081.7678125,50684.4196875,50193.14904296875,45.0206625512305,411.2277061246932,627.0364141654682,-215.80870804077495,56693.7532117862,50758.0107421875,44822.2682725888,21.167375321643863,33.638073226959285,TTNP
2005-03-21,49723.7578125,50121.546875,47734.8046875,47734.8046875,47734.8046875,4,49882.871875,52190.0546875,50738.12109375,49986.298125,50728.1765625,50096.68494140625,43.09782464935041,90.60561793020315,519.7502549184152,-429.144636988212,56711.46625943357,50738.12109375,44764.77592806643,12.842590855835283,22.02582662429836,TTNP
2005-03-22,47734.8046875,50519.3359375,47138.12109375,49127.0703125,49127.0703125,6,48967.9546875,51931.491015625,50678.4525390625,49910.71796875,50793.8119140625,49984.30923828125,46.5402903320031,-50.56264197067503,405.6876755405971,-456.25031751127216,56691.00746874138,50678.4525390625,44665.89760938362,12.312307817416924,15.440757998298684,TTNP
2005-03-23,49524.86328125,50320.44140625,47138.12109375,47933.703125,47933.703125,5,48411.04921875,51493.922265625,50638.6736328125,49851.049453125,50837.568828125,49857.01642578125,44.078751399594154,-255.78572503294708,273.3929954258883,-529.1787204588354,56712.499730360476,50638.6736328125,44564.84753526452,9.009005183392523,11.387967952214902,TTNP
2005-03-24,47337.015625,48729.28125,47138.12109375,47734.8046875,47734.8046875,5,48251.9328125,50937.016015625,50598.89453125,49779.4471875,50899.22625,49737.67939453125,43.664231481246404,-429.52464580785454,132.8094671791397,-562.3341129869942,56737.505952693566,50598.89453125,44460.283109806434,9.009005183392523,10.11010606140065,TTNP
2005-03-28,47337.015625,48729.28125,46740.33203125,47138.12109375,47138.12109375,2,47933.70078125,49723.75625,50618.783984375,49715.80078125,50950.9389453125,49620.331328125,42.37674947054374,-608.3487063630382,-15.422167529295905,-592.9265388337424,56709.6507097235,50618.783984375,44527.91725902649,4.942940011181701,7.65365012598891,TTNP
2005-03-29,46939.2265625,47933.703125,45745.85546875,46541.4375,46541.4375,5,47695.02734375,48788.949609375,50559.115625,49604.419609375,50998.67375,49504.9722265625,41.0725276472817,-789.1189697596856,-170.16152797537387,-618.9574417843116,56783.7360766647,50559.115625,44334.495173335294,4.357355050247299,6.103100081607168,TTNP
2005-03-30,45944.75,45944.75,44751.3828125,44751.3828125,44751.3828125,4,46819.88984375,47893.922265625,50370.1654296875,49453.259453125,51034.4748828125,49392.5965625,37.35791652185166,-1064.551670058936,-349.0395563920863,-715.5121136668497,57042.93808813428,50370.1654296875,43697.39277124072,2.555557552264134,3.951950871231038,TTNP
2005-03-31,43955.80078125,44751.3828125,43756.90625,44154.6953125,44154.6953125,3,46064.08828125,47237.56875,50121.5466796875,49286.187578125,51074.2538671875,49266.298203125,36.18319700197624,-1315.813880606118,-542.3944212348927,-773.4194593712252,57311.54017630244,50121.5466796875,42931.55318307255,2.407409720938524,3.106774107816646,TTNP
2005-04-01,44154.6953125,44751.3828125,40176.796875,42762.4296875,42762.4296875,7,45069.61328125,46660.773046875,49733.7013671875,49111.159921875,51094.143359375,49139.005390625,33.53353363093058,-1608.7406323954347,-755.663663467001,-853.0769689284336,57600.9743291396,49733.7013671875,41866.428405235405,5.302138046588472,3.421701773263704,TTNP
2005-04-04,42762.4296875,43160.22265625,39977.90234375,41966.8515625,41966.8515625,5,44035.359375,45984.530078125,49276.2427734375,49007.73453125,51121.988671875,49003.7567578125,32.08754247050422,-1883.3733438269992,-981.2055995390007,-902.1677442879985,57804.99055458218,49276.2427734375,40747.49499229282,9.270390530355664,5.659979432627547,TTNP
2005-04-05,42563.53515625,42961.32421875,41767.95703125,41767.95703125,41767.95703125,5,43080.66328125,45387.8453125,48788.95,48916.2428125,51147.8450390625,48870.49708984375,31.719299388985924,-2092.9447089078312,-1203.5534214127667,-889.3912874950645,57847.82680825981,48788.95,39730.073191740186,12.877477242143243,9.150001939695786,TTNP
2005-04-06,42165.74609375,43558.01171875,41966.8515625,42364.640625,42364.640625,2,42603.31484375,44711.60234375,48321.5466796875,48844.640625,51173.70140625,48808.83962890625,34.16043025415921,-2185.68888536538,-1399.9805142032894,-785.7083711620905,57688.193076635354,48321.5466796875,38954.90028273964,14.566073043690187,12.237980272063025,TTNP
2005-04-07,42364.640625,43160.22265625,41966.8515625,42961.32421875,42961.32421875,2,42364.640625,44214.364453125,47854.143359375,48749.171015625,51191.601953125,48774.03298828125,36.60137319702695,-2185.844874993192,-1557.15338636127,-628.6914886319223,57310.67646457872,47854.143359375,38397.610254171275,20.031774200943463,15.825108162258957,TTNP
2005-04-08,42364.640625,43160.22265625,41966.8515625,42364.640625,42364.640625,3,42285.0828125,43677.348046875,47307.18203125,48649.723515625,51205.524609375,48744.19873046875,35.196133893201306,-2208.6558672230385,-1687.4538825336235,-521.201984689415,56704.86162174103,47307.18203125,37909.502440758966,23.231113909727032,19.276320384786885,TTNP
2005-04-11,41966.8515625,43955.80078125,41966.8515625,43558.01171875,43558.01171875,4,42603.31484375,43319.337109375,46521.5466796875,48542.320234375,51211.491484375,48709.392109375,40.14567091010937,-2106.160165711117,-1771.1951391691223,-334.9650265419946,54269.67571225293,46521.5466796875,38773.41764712206,28.301873275113252,23.854920461927907,TTNP
2005-04-12,43955.80078125,43955.80078125,42563.53515625,43756.90625,43756.90625,1,43001.1046875,43040.883984375,45914.916796875,48399.11578125,51161.767734375,48655.69044921875,40.95509863038336,-1985.9892100027937,-1814.1539533358566,-171.83525666693708,52437.06575774295,45914.916796875,39392.76783600704,31.04740439250483,27.526797192448367,TTNP
2005-04-13,43756.90625,44154.6953125,42364.640625,42961.32421875,42961.32421875,2,43120.44140625,42861.878125,45377.9001953125,48208.176484375,51086.1876171875,48606.96115234375,38.70061454049507,-1932.6710539207343,-1837.8573734528322,-94.81368046790203,50945.930305475005,45377.9001953125,39809.87008514999,34.86386489025906,31.404380852625707,TTNP
2005-04-14,43359.1171875,43756.90625,42364.640625,42762.4296875,42762.4296875,3,43080.6625,42722.6515625,44980.11015625,48064.97203125,51032.4859375,48565.19318359375,38.13542983081689,-1884.7390588687413,-1847.233710536014,-37.50534833272718,50082.494241806075,44980.11015625,39877.72607069392,34.14916245354916,33.35347724543768,TTNP
2005-04-15,43160.22265625,44751.3828125,41767.95703125,42165.74609375,42165.74609375,9,43040.88359375,42662.983203125,44661.878125,47842.209609375,50976.7953515625,48508.50810546875,36.41718572879672,-1873.305684937768,-1852.4481054163648,-20.857579521403295,49631.03027953206,44661.878125,39692.725970467945,31.136338224379482,33.383121856062566,TTNP
2005-04-18,43359.1171875,43558.01171875,40176.796875,40773.48046875,40773.48046875,6,42483.97734375,42543.64609375,44264.0880859375,47675.1378125,50915.137890625,48448.83958984375,32.71340970438346,-1954.0636249070885,-1872.7712093145096,-81.29241559257889,49140.018674507766,44264.0880859375,39388.15749736724,24.21714805905746,29.834216245662034,TTNP
2005-04-19,40375.69140625,43756.90625,40375.69140625,43756.90625,43756.90625,2,42483.97734375,42742.541015625,44065.1931640625,47563.7565625,50875.35890625,48408.06611328125,45.50376611099276,-1757.072904442517,-1849.631548340111,92.55864389759404,48675.91266128154,44065.1931640625,39454.473666843456,39.999974904749784,31.78448706272891,TTNP
2005-04-20,44353.58984375,45348.06640625,42762.4296875,43359.1171875,43359.1171875,3,42563.5359375,42841.988671875,43776.7955078125,47388.728984375,50817.679375,48378.23185546875,44.29475928268033,-1614.4442833726353,-1802.5940953466159,188.1498119739806,47764.43015171773,43776.7955078125,39789.16086390727,51.82097139056407,38.67936478479044,TTNP
2005-04-21,42364.640625,47734.8046875,42364.640625,45745.85546875,45745.85546875,7,43160.22109375,43120.441796875,43667.403125,47297.237265625,50752.0440234375,48375.24841796875,52.456923643426755,-1293.9049107153478,-1700.8562584203623,406.95134770501454,47296.84199595402,43667.403125,40037.964254045975,72.16286089164339,54.66126906231907,TTNP
2005-04-22,46939.2265625,48331.4921875,44950.27734375,45149.171875,45149.171875,10,43756.90625,43398.894921875,43538.121484375,47225.635078125,50696.3534375,48378.23185546875,50.466099047821956,-1075.623410719294,-1575.8096888801488,500.1862781608547,46737.55083648618,43538.121484375,40338.692132263815,66.09918470493562,63.36100566238102,TTNP
2005-04-25,48132.59765625,48132.59765625,44353.58984375,47138.12109375,47138.12109375,4,45029.834375,43756.905859375,43538.121484375,47245.524609375,50676.4639453125,48386.18765625,56.40530162608631,-733.6847091044983,-1407.3846929250187,673.6999838205204,46737.55083648618,43538.121484375,40338.692132263815,73.56680795881913,70.60961785179937,TTNP
2005-04-26,47337.015625,48331.4921875,44751.3828125,47337.015625,47337.015625,1,45745.85625,44114.916796875,43577.900390625,47229.61296875,50636.684921875,48364.30919921875,56.96104103616829,-441.5567072370177,-1214.2190957874186,772.6623885504009,46941.28509267927,43577.900390625,40214.51568857073,78.04876919387262,72.57158728587576,TTNP
2005-04-27,45546.9609375,47734.8046875,45149.171875,45348.06640625,45348.06640625,3,46143.64609375,44353.591015625,43607.7345703125,47213.70140625,50575.0274609375,48334.47494140625,50.08510756898276,-366.312122571755,-1044.637701144286,678.325578572531,47022.42074719412,43607.7345703125,40193.04839343089,78.8617753767242,76.82578417647197,TTNP
2005-04-28,45149.171875,45348.06640625,42762.4296875,42762.4296875,42762.4296875,3,45546.9609375,44353.591015625,43538.1212890625,47146.077109375,50479.5578515625,48292.70697265625,42.844467031202576,-509.44693411525077,-937.5995477384789,428.15261362322815,46962.12077930238,43538.1212890625,40114.12179882263,60.975591452138325,72.62871200757836,TTNP
2005-04-29,42563.53515625,43558.01171875,42563.53515625,42961.32421875,42961.32421875,2,45109.39140625,44433.148828125,43548.066015625,47074.47484375,50372.15453125,48265.8561328125,43.52085597727617,-599.9176992520006,-870.0631780411833,270.1454787891827,46964.14218555096,43548.066015625,40131.98984569904,43.089407527552446,60.9755914521383,TTNP
2005-05-02,42961.32421875,45348.06640625,42961.32421875,44552.484375,44552.484375,2,44592.2640625,44811.04921875,43677.34765625,46971.049375,50290.6075390625,48259.88927734375,48.74647450717533,-537.032528997297,-803.457048232406,266.42451923510896,47039.555985176274,43677.34765625,40315.139327323726,39.83736682886243,47.96745526951772,TTNP
2005-05-03,45348.06640625,45745.85546875,43955.80078125,43955.80078125,43955.80078125,1,43916.02109375,44830.938671875,43786.73984375,46887.5134375,50219.0053125,48250.93900390625,46.9906701572133,-529.2421833818153,-748.6140752622879,219.37189188047262,47033.72782665863,43786.73984375,40539.751860841374,44.715419893255614,42.54739808322348,TTNP
2005-05-04,43756.90625,45149.171875,42563.53515625,44950.27734375,44950.27734375,3,43836.46328125,44990.0546875,43916.0216796875,46780.11015625,50163.3147265625,48239.99978515625,50.20961498081847,-437.77592261890095,-686.4464447336105,248.67052211470957,47131.97666288084,43916.0216796875,40700.06669649416,52.8455136563388,45.79943345948559,TTNP
2005-05-05,43359.1171875,45546.9609375,43359.1171875,43756.90625,43756.90625,1,44035.35859375,44791.159765625,43955.80078125,46680.66265625,50069.8340625,48222.09923828125,46.55615800601851,-456.32311699132697,-640.4217791851538,184.09866219382684,47143.08976122217,43955.80078125,40768.51180127783,49.593488924932466,49.05147415817561,TTNP
2005-05-06,42165.74609375,45348.06640625,41966.8515625,44154.6953125,44154.6953125,4,44274.0328125,44691.712109375,44045.303515625,46593.148828125,49964.4196875,48221.104765625,47.916595149555825,-433.9216703658385,-599.1217574212908,165.2000870554523,47148.257231418356,44045.303515625,40942.34979983164,49.97966671209405,50.806223097788425,TTNP
2005-05-09,44552.484375,44552.484375,40972.375,43756.90625,43756.90625,2,44114.9171875,44353.590625,44055.2482421875,46533.4803125,49819.226328125,48222.09923828125,46.638079205150056,-443.1581639456854,-567.9290387261697,124.77087478048429,47153.16207402828,44055.2482421875,40957.334410346724,43.080084947225394,47.551080194750625,TTNP
2005-05-10,43558.01171875,43756.90625,40574.5859375,42961.32421875,42961.32421875,4,43916.021875,43916.021484375,44015.469140625,46438.010703125,49634.2539453125,48213.1489453125,44.10347683167668,-508.8097307652715,-556.1051771339901,47.29544636871856,47147.92392350356,44015.469140625,40883.01435774644,38.70234293906157,43.920698199460325,TTNP
2005-05-11,41767.95703125,43160.22265625,41171.26953125,42961.32421875,42961.32421875,1,43518.23125,43677.347265625,44015.469140625,46326.629453125,49409.5025390625,48197.23734375,44.10347683167668,-554.4477420254625,-555.7736901122846,1.325948086822109,47147.92392350356,44015.469140625,40883.01435774644,33.12541696088458,38.302614949057165,TTNP
2005-05-12,43558.01171875,46143.64453125,43359.1171875,45944.75,45944.75,5,43955.8,43995.579296875,44174.58515625,46262.983046875,49252.37546875,48188.2870703125,54.78934117855111,-345.8914464512418,-513.797241380076,167.9057949288342,47359.14237723318,44174.58515625,40990.02793526683,43.5897177649488,38.472492554964965,TTNP
2005-05-13,46740.33203125,48729.28125,46143.64453125,48729.28125,48729.28125,9,44870.7171875,44572.375,44502.7619140625,46227.181953125,49148.9500390625,48192.2649609375,62.076451862773105,43.57699249096186,-402.32239460586845,445.8993870968303,48115.595868414915,44502.7619140625,40889.92795971009,66.66664988055008,47.7939282021278,TTNP
2005-05-16,48729.28125,49127.0703125,48132.59765625,49127.0703125,49127.0703125,2,45944.75,45029.83359375,44920.44140625,46187.402890625,49035.57984375,48201.215234375,62.99408915229954,379.951939753475,-245.86752773399974,625.8194674874748,48642.01125807978,44920.44140625,41198.87155442022,89.74358199615138,66.66664988055007,TTNP
2005-05-17,48132.59765625,48928.17578125,45745.85546875,47734.8046875,47734.8046875,2,46899.44609375,45407.733984375,45119.336328125,46111.822734375,48876.4637890625,48203.2041796875,57.728951764608475,528.0997039648064,-91.0740813942385,619.1737853590449,48992.99231776345,45119.336328125,41245.68033848655,94.57364057836519,83.66129081835554,TTNP
2005-05-18,46740.33203125,47734.8046875,46740.33203125,47337.015625,47337.015625,3,47774.584375,45646.4078125,45318.23125,46024.30890625,48709.391953125,48206.18759765625,56.28154259324337,606.4191985296493,48.424574590539066,557.9946239391102,49218.349193655595,45318.23125,41418.1133063444,87.59689710044057,90.63803989165235,TTNP
2005-05-19,47337.015625,48729.28125,46342.54296875,46740.33203125,46740.33203125,3,47933.70078125,45944.750390625,45367.955078125,45912.927734375,48560.220703125,48224.08814453125,54.090772639927344,613.2711745587367,161.39389458417858,451.87727997455806,49313.70364715525,45367.955078125,41422.20650909475,78.29457753808144,86.82170507229573,TTNP
2005-05-20,46939.2265625,47734.8046875,45745.85546875,46541.4375,46541.4375,2,47496.13203125,46183.424609375,45437.568359375,45777.679140625,48399.1157421875,48252.9279296875,53.34536997046971,595.784456139263,248.2720068951955,347.51244924406757,49414.42474541595,45437.568359375,41460.71197333405,73.64342536921237,79.84496666924478,TTNP
2005-05-23,46143.64453125,48331.4921875,44353.58984375,44751.3828125,44751.3828125,5,46620.99453125,46282.872265625,45318.2314453125,45487.292421875,48226.0770703125,48282.7621875,47.05978326028208,432.49808394578577,285.11722230531353,147.38086164047223,49226.45555856814,45318.2314453125,41410.00733205686,63.56591377870839,71.83463889533405,TTNP
2005-05-24,44353.58984375,45745.85546875,42961.32421875,44154.6953125,44154.6953125,4,45904.97265625,46402.209375,45159.1154296875,45252.59625,48041.1046875,48314.585390625,45.15005026082128,252.03940961817716,278.5016597678863,-26.46225014970912,48983.851949679316,45159.1154296875,41334.37890969569,53.4883869635834,63.56590870383471,TTNP
2005-05-25,45348.06640625,45546.9609375,42364.640625,42762.4296875,42762.4296875,4,44990.05546875,46382.319921875,45029.83359375,45033.81171875,47828.2869921875,48329.50251953125,40.972034240153896,-3.2817601213246235,222.1449757900441,-225.42673591136872,48992.5894895879,45029.83359375,41067.0776979121,38.75969275496834,51.93799783242003,TTNP
2005-05-26,41966.8515625,43756.90625,41370.1640625,42364.640625,42364.640625,6,44114.9171875,46024.308984375,45009.944140625,44866.739921875,47639.33671875,48336.46384765625,39.83774952443523,-235.0147754714053,130.71302553775422,-365.7278010091595,49021.71164958368,45009.944140625,40998.17663166631,29.457357967988198,40.568479228846634,TTNP
2005-05-27,43558.01171875,43558.01171875,41370.1640625,42364.640625,42364.640625,3,43279.5578125,45387.844921875,44980.1099609375,44743.425,47462.32015625,48339.447265625,39.837749524435225,-413.893750170515,21.791670396100372,-435.68542056661533,49060.65841107496,44980.1099609375,40899.56151080004,22.48061449006359,30.2325550710067,TTNP
2005-05-31,43558.01171875,43756.90625,41767.95703125,42762.4296875,42762.4296875,9,42881.7671875,44751.380859375,44890.6072265625,44624.08796875,47352.927890625,48334.4748828125,41.7093068728084,-517.5918963003496,-86.08504294318963,-431.50685335715997,49081.77426293412,44890.6072265625,40699.44019019087,20.620153622515968,24.18604202685591,TTNP
2005-06-01,42563.53515625,43359.1171875,42364.640625,42563.53515625,42563.53515625,8,42563.53515625,44234.25390625,44820.9939453125,44520.662578125,47253.4803515625,48326.51908203125,41.02215579308847,-608.8046298487898,-190.62896032430967,-418.1756695244801,49116.89633679081,44820.9939453125,40525.09155383419,18.77161914651572,20.624129086365084,TTNP
2005-06-02,43160.22265625,43359.1171875,41767.95703125,41966.8515625,41966.8515625,3,42404.41953125,43697.2375,44671.82265625,44377.458203125,47144.0880859375,48323.5356640625,38.949047268624895,-720.9283444682369,-296.6888371530951,-424.2395073151418,49143.02517593498,44671.82265625,40200.62013656502,14.358988562611634,17.9169204438811,TTNP
2005-06-03,40972.375,42165.74609375,40972.375,42165.74609375,42165.74609375,3,42364.640625,43239.77890625,44592.2646484375,44262.0990625,47056.5742578125,48319.5577734375,40.03685315076104,-784.6926215835556,-394.2895940391872,-390.4030275443684,49180.83780432649,44592.2646484375,40003.69149254851,12.570374960338148,15.233660889821827,TTNP
2005-06-06,41966.8515625,43756.90625,41569.0625,43756.90625,43756.90625,6,42643.09375,42961.32578125,44572.3751953125,44182.54109375,46980.994140625,48325.52462890625,48.01676344892547,-698.7778675817826,-455.1872487477063,-243.59061883407634,49171.798266913924,44572.3751953125,39972.95212371108,19.10883671669665,15.346066746548805,TTNP
2005-06-07,42762.4296875,43558.01171875,41767.95703125,43558.01171875,43558.01171875,2,42802.21015625,42841.988671875,44562.43046875,44110.93890625,46913.36984375,48324.53015625,47.171701083235696,-639.3686882489783,-492.02353664796067,-147.34515160101762,49169.71662587088,44562.43046875,39955.14431162911,27.655840529159466,19.77835073539808,TTNP
2005-06-08,41966.8515625,42961.32421875,40574.5859375,41569.0625,41569.0625,5,42603.315625,42583.425390625,44492.8173828125,44011.49140625,46807.9555078125,48304.6406640625,39.65569708197654,-744.199397808763,-542.4587088801211,-201.74068892864193,49234.86798578714,44492.8173828125,39750.76677983786,26.842834346307882,24.53583719738799,TTNP
2005-06-09,41569.0625,42762.4296875,40574.5859375,42165.74609375,42165.74609375,2,42643.09453125,42523.75703125,44453.0384765625,43959.778671875,46706.5190625,48298.67380859375,42.6099466351338,-770.2521240557835,-588.0173919152536,-182.2347321405299,49258.730140642176,44453.0384765625,39647.34681248282,22.01376999521861,25.504148290228642,TTNP
2005-06-10,41370.1640625,42563.53515625,40972.375,41569.0625,41569.0625,1,42523.7578125,42444.19921875,44234.2541015625,43908.066015625,46597.126796875,48287.73458984375,40.47595509917528,-829.4846934196248,-636.3108522161278,-193.17384120349698,49145.63158573874,44234.2541015625,39322.87661738627,15.17616358802502,21.34425597651716,TTNP
2005-06-13,42563.53515625,42563.53515625,40773.48046875,41569.0625,41569.0625,2,42086.1890625,42364.64140625,43876.2431640625,43884.198671875,46497.679296875,48278.78431640625,40.47595509917527,-866.4391600902163,-682.3365137909456,-184.10264629927076,48457.56796243315,43876.2431640625,39294.91836569185,17.521383769470404,18.237105784238,TTNP
2005-06-14,40972.375,41767.95703125,38386.7421875,39779.00390625,39779.00390625,8,41330.3875,42066.298828125,43408.83984375,43840.44171875,46424.088125,48243.97767578125,34.46960637778755,-1028.3148362128632,-751.5321782753291,-276.78265793753405,47646.51729860751,43408.83984375,39171.16238889249,17.16524469989598,16.620930685797124,TTNP
2005-06-15,38983.42578125,40176.796875,38187.84375,38784.53125,38784.53125,5,40773.48125,41688.3984375,42961.326171875,43780.773203125,46348.5080078125,48182.32021484375,31.658875851623343,-1222.7529728620866,-845.7763371926806,-376.97663566940605,47167.37989163671,42961.326171875,38755.27245211329,16.46317633240954,17.049934933925297,TTNP
2005-06-16,39779.00390625,41767.95703125,39580.109375,40773.48046875,40773.48046875,5,40495.028125,41569.061328125,42633.1494140625,43748.95,46296.7953125,48132.59646484375,41.868503864566804,-1202.4934217569316,-917.1197541055308,-285.37366765140086,46426.3130121883,42633.1494140625,38839.9858159367,25.52910308570672,19.71917470600407,TTNP
2005-06-17,41370.1640625,42563.53515625,39977.90234375,42364.640625,42364.640625,5,40654.14375,41588.95078125,42414.36484375,43737.016328125,46243.093671875,48100.77326171875,48.49727320774333,-1045.986770429452,-942.8931573703151,-103.09361305913694,45706.363159833185,42414.36484375,39122.36652766682,44.04763574808755,28.679971722067922,TTNP
2005-06-20,41767.95703125,42364.640625,40773.48046875,42364.640625,42364.640625,4,40813.259375,41449.72421875,42205.525,43737.016328125,46193.369921875,48075.91138671875,48.49727320774333,-911.4475220055901,-936.6040302973701,25.156508291779915,44899.359692280996,42205.525,39511.69030771901,65.47619381628425,45.01764421669282,TTNP
2005-06-21,42165.74609375,42165.74609375,41171.26953125,41966.8515625,41966.8515625,1,41250.82890625,41290.608203125,42066.2984375,43705.193125,46123.7566796875,48052.043984375,46.94516987650247,-827.3848734170315,-914.7601989213024,87.3753255042709,44494.12129104082,42066.2984375,39638.47558395918,72.61905429923507,60.71429462120227,TTNP
2005-06-22,41966.8515625,42364.640625,41171.26953125,41767.95703125,41767.95703125,2,41847.5140625,41310.49765625,41946.9615234375,43665.414140625,46032.2649609375,48026.18763671875,46.14987438365049,-767.961166919813,-885.4003925210045,117.43922560119154,44179.19803182503,41946.9615234375,39714.725015049975,69.04763574808756,69.0476279545356,TTNP
2005-06-23,41370.1640625,41569.0625,38386.7421875,39381.21484375,39381.21484375,13,41569.0609375,41032.04453125,41777.90078125,43593.811953125,45900.99421875,47990.3865234375,37.860976830148154,-903.0478258816001,-888.9298791931236,-14.117946688476536,44238.01606934691,41777.90078125,39317.78549315309,51.190496231038374,64.28572875945365,TTNP
2005-06-24,40176.796875,40375.69140625,38386.7421875,39381.21484375,39381.21484375,6,40972.37578125,40813.259765625,41628.7294921875,43526.18765625,45795.57984375,47952.59646484375,37.860976830148154,-998.5938085339221,-910.8626650612833,-87.73114347263879,44282.6185073044,41628.7294921875,38974.8404770706,35.97885203327785,52.07232800413457,TTNP
2005-06-27,39182.3203125,40375.69140625,37790.0546875,38386.7421875,38386.7421875,22,40176.79609375,40495.027734375,41429.8345703125,43450.607578125,45646.40859375,47891.93349609375,34.837350809749815,-1141.4029377939005,-956.9707196078068,-184.43221818609368,44409.544865364536,41429.8345703125,38450.12427526047,18.3964408938901,35.18859638606875,TTNP
2005-06-28,38386.7421875,38784.53125,37790.0546875,37790.0546875,37790.0546875,4,39341.43671875,40296.1328125,41181.2158203125,43390.9390625,45533.0384375,47819.33681640625,33.12785383133958,-1287.881994190815,-1023.1529745244085,-264.72901966640654,44486.64557767052,41181.2158203125,37875.78606295448,11.253580410939273,21.876291112702386,TTNP
2005-06-29,37988.94921875,38585.63671875,37392.265625,37591.16015625,37591.16015625,8,38506.07734375,40176.795703125,40932.5970703125,43267.624140625,45415.6903515625,47748.72908203125,32.554406438662596,-1403.8343001947724,-1099.2892396584812,-304.5450605362912,44520.65494809741,40932.5970703125,37344.53919252758,5.12821868622594,11.592746663685082,TTNP
2005-06-30,38187.84375,38187.84375,35801.10546875,36397.7890625,36397.7890625,7,37909.3921875,39739.2265625,40654.1439453125,43128.397578125,45258.56328125,47673.14896484375,29.279483753165835,-1573.879706392232,-1194.2073330052312,-379.6723733870008,44711.603128800016,40654.1439453125,36596.68476182498,4.22321805158454,6.868339049583227,TTNP
2005-07-01,36000.0,38187.84375,35801.10546875,36198.89453125,36198.89453125,5,37272.928125,39122.651953125,40355.8013671875,42937.458359375,45117.3478125,47584.64068359375,28.760187728197817,-1705.0364435823503,-1296.3731551206552,-408.6632884616952,44785.226059768516,40355.8013671875,35926.37667460649,6.183997834800093,5.178478190870167,TTNP
2005-07-05,36198.89453125,37591.16015625,36198.89453125,37193.37109375,37193.37109375,3,37034.25390625,38605.525,40027.624609375,42778.34234375,45001.9887109375,47491.16001953125,34.970564656285866,-1709.032492593622,-1378.9050226152485,-330.1274699783735,44372.24120141915,40027.624609375,35683.00801733085,11.764697953960635,7.390637946781733,TTNP
2005-07-06,37392.265625,38187.84375,36994.4765625,37392.265625,37392.265625,3,36954.69609375,38148.06640625,39719.3373046875,42583.425234375,44914.474921875,47404.64068359375,36.169068276692194,-1676.8209160486804,-1438.4882013019349,-238.33271474674552,43889.688111254894,39719.3373046875,35548.9864981201,16.666666666666753,11.53845415180914,TTNP
2005-07-07,37591.16015625,38187.84375,37591.16015625,37790.0546875,37790.0546875,1,36994.475,37750.276171875,39530.3869140625,42392.486015625,44811.0494921875,47330.0550390625,38.60614364381239,-1600.7423947835705,-1470.939039998262,-129.80335478530856,43690.813151015675,39530.3869140625,35369.96067710933,24.509805054196196,17.647056558274507,TTNP
2005-07-08,37790.0546875,37988.94921875,36795.58203125,37392.265625,37392.265625,2,37193.3703125,37551.38125,39291.712890625,42233.37,44723.535703125,47258.45283203125,37.08146153947135,-1554.6270979828842,-1487.6766515951863,-66.95044638769787,43366.82936054696,39291.712890625,35216.59642070304,25.727865240238383,22.301445653700423,TTNP
2005-07-11,37392.265625,39580.109375,37392.265625,39580.109375,39580.109375,9,37869.61328125,37571.270703125,39192.265234375,42169.72359375,44657.9003515625,47200.77326171875,49.00930565582023,-1326.2514854127367,-1455.3916183586964,129.14013294595975,43135.15569137104,39192.265234375,35249.374777378966,37.07664003307037,29.10477010916829,TTNP
2005-07-12,39779.00390625,41569.0625,38784.53125,41171.26953125,41171.26953125,6,38665.19296875,37849.7234375,39172.3755859375,42133.9225,44604.198671875,47159.999765625,55.60155155020976,-1005.2805914713172,-1365.3694129812206,360.0888215099035,43070.870336022905,39172.3755859375,35273.8808358521,54.54544372465065,39.11664966598644,TTNP
2005-07-13,41767.95703125,41767.95703125,40176.796875,40176.796875,40176.796875,5,39222.09921875,38088.39765625,39192.265234375,42046.40875,44508.7290625,47122.2097265625,51.15056254504623,-821.6826318565654,-1256.6320567562896,434.94942489972414,43106.96212754151,39192.265234375,35277.56834120849,70.90908094192788,54.17705489988294,TTNP
2005-07-14,40176.796875,42762.4296875,40176.796875,42165.74609375,42165.74609375,6,40097.2375,38545.85625,39361.3259765625,42010.60765625,44449.060546875,47094.36443359375,58.33448868580502,-509.8115562255625,-1107.2679566501442,597.4564004245817,43477.82860755693,39361.3259765625,35244.82334556807,82.19336465074039,69.21596310577296,TTNP
2005-07-15,42364.640625,42364.640625,41569.0625,42165.74609375,42165.74609375,2,41051.93359375,39122.651953125,39430.9392578125,41954.91703125,44367.51359375,47069.50255859375,58.33448868580502,-259.6583025975633,-937.746025839628,678.0877232420647,43685.38731273739,39430.9392578125,35176.491202887606,85.39683967758906,79.49976175675242,TTNP
2005-07-18,41370.1640625,43558.01171875,41370.1640625,43558.01171875,43558.01171875,5,41847.5140625,39858.563671875,39490.6078125,41950.939140625,44315.8008984375,47050.6075390625,62.778397427245395,50.35370725454413,-740.1260792207936,790.4797864753377,43937.10211515891,39490.6078125,35044.11350984109,94.28572711168131,87.29197714667022,TTNP
2005-07-19,43160.22265625,44154.6953125,42762.4296875,43756.90625,43756.90625,8,42364.64140625,40514.9171875,39560.22109375,41942.983359375,44268.06609375,47031.71251953125,63.37929512521482,308.5330085517344,-530.394261666288,838.9272702180224,44222.857161252046,39560.22109375,34897.58502624795,95.55556567975606,91.74604415634212,TTNP
2005-07-20,43955.80078125,43955.80078125,42762.4296875,42762.4296875,42762.4296875,1,42881.76796875,41051.93359375,39600.0,41923.093828125,44228.2870703125,47003.86720703125,58.31045819021847,427.962729556064,-338.7228634218176,766.6855929778816,44356.71100503214,39600.0,34843.28899496786,92.85714397050803,94.23281225398178,TTNP
2005-07-21,42762.4296875,43756.90625,40972.375,41767.95703125,41767.95703125,3,42802.21015625,41449.723828125,39600.0,41899.226484375,44168.61859375,46969.0605859375,53.68654817028439,437.32480358160683,-183.51333002113267,620.8381336027395,44356.71100503214,39600.0,34843.28899496786,83.333341126889,90.5820169257177,TTNP
2005-07-22,41966.8515625,44552.484375,40972.375,44154.6953125,44154.6953125,8,43200.0,42125.966796875,39838.6740234375,41923.09390625,44124.8616796875,46944.1987109375,61.56418041031535,630.0710799853041,-20.796448019845315,650.8675280051494,44990.170399885916,39838.6740234375,34687.17764698909,83.333341126889,86.50794207476201,TTNP
2005-07-25,44154.6953125,45348.06640625,43955.80078125,45149.171875,45149.171875,6,43518.23203125,42682.873046875,40127.071875,41907.18234375,44085.0826953125,46919.3368359375,64.28974185845055,853.2342863701342,154.0096988581506,699.2245875119836,45766.543954857465,40127.071875,34487.59979514254,88.11370725215157,84.92679650197653,TTNP
2005-07-26,45348.06640625,45745.85546875,44552.484375,44751.3828125,44751.3828125,3,43717.12734375,43040.884375,40445.30390625,41827.624375,44027.4031640625,46897.4583984375,62.38411945593103,986.6213258583084,320.5320242581822,666.0893016001262,46367.26808055358,40445.30390625,34523.33973194643,93.93381447427392,88.4602876177715,TTNP
2005-07-27,44552.484375,44950.27734375,42563.53515625,43558.01171875,43558.01171875,1,43876.24375,43379.005859375,40733.7017578125,41716.243203125,43951.823046875,46871.60205078125,56.93207326030569,984.6855991654666,453.3627392396391,531.3228599258275,46672.109515878416,40733.7017578125,34795.29399974659,87.37296743509323,89.80682972050624,TTNP
2005-07-28,44154.6953125,44154.6953125,42762.4296875,42762.4296875,42762.4296875,1,44075.13828125,43438.67421875,40992.265234375,41616.795703125,43864.30921875,46846.74017578125,53.570771422659725,908.4822826065138,544.386647913014,364.09563469349973,46809.93661340956,40992.265234375,35174.59385534044,76.24339421838091,85.85005870924935,TTNP
2005-07-29,43558.01171875,44154.6953125,42961.32421875,42961.32421875,42961.32421875,1,43836.4640625,43518.23203125,41320.4419921875,41529.281875,43776.795390625,46835.8009375,54.29723780511877,854.2919854294814,606.3677154163075,247.9242700131739,46794.754436227224,41320.4419921875,35846.12954814778,66.61374902473021,76.74337022606812,TTNP
2005-08-01,42961.32421875,44552.484375,42563.53515625,42762.4296875,42762.4296875,3,43359.115625,43438.673828125,41648.61875,41449.723828125,43681.32578125,46830.8285546875,53.39747210197462,786.233448277344,642.3408619885148,143.8925862888292,46619.24374302198,41648.61875,36677.99375697802,56.904741897588615,66.58729504689991,TTNP
2005-08-02,42364.640625,44154.6953125,42364.640625,43359.1171875,43359.1171875,1,43080.6625,43398.894921875,41956.9060546875,41386.077421875,43581.87828125,46827.84513671875,55.76568004934056,771.5503100723654,668.1827516052849,103.36755846708047,46533.177814271236,41956.9060546875,37380.63429510376,54.523799536923526,59.347430153080786,TTNP
2005-08-03,43756.90625,44751.3828125,42762.4296875,44552.484375,44552.484375,4,43279.55703125,43577.900390625,42314.9169921875,41382.099453125,43434.6959375,46835.8009375,60.12956388275461,846.4512132157834,703.8364439273846,142.61476928839875,46511.319356712585,42314.9169921875,38118.514627662415,59.52380019937724,56.98411387796313,TTNP
2005-08-04,45348.06640625,45944.75,43955.80078125,44353.58984375,44353.58984375,4,43597.7890625,43836.463671875,42643.09375,41386.07734375,43319.336796875,46846.74015625,59.08336919148459,879.6218589040436,738.9935269227165,140.62833198132716,46373.42275578242,42643.09375,38912.76474421758,66.71428452766365,60.25396142132147,TTNP
2005-08-05,45348.06640625,45348.06640625,43756.90625,44552.484375,44552.484375,3,43916.02109375,43876.242578125,43001.1046875,41421.8784375,43227.845078125,46853.70146484375,59.83593894558415,911.4523062079024,773.4852827797537,137.96702342814876,45936.67660418185,43001.1046875,40065.53277081816,71.66665461003716,65.96824644569269,TTNP
2005-08-08,44950.27734375,44950.27734375,42762.4296875,43955.80078125,43955.80078125,2,44154.6953125,43756.90546875,43219.8892578125,41453.701640625,43160.22078125,46864.64068359375,56.479755867058,878.4050787398955,794.469241971782,83.93583676811352,45723.43931040581,43219.8892578125,40716.33920521919,66.66666666666674,68.34920193478919,TTNP
2005-08-09,42563.53515625,42762.4296875,38784.53125,41171.26953125,41171.26953125,5,43717.12578125,43398.894140625,43219.8892578125,41429.83421875,43086.629609375,46852.70697265625,44.05982934414937,620.3752130172143,759.6504361808685,-139.27522316365423,45723.43931040581,43219.8892578125,40716.33920521919,55.11110609690976,64.48147579120457,TTNP
2005-08-10,41171.26953125,41767.95703125,39977.90234375,40972.375,40972.375,3,43001.10390625,43140.33046875,43259.6681640625,41394.033125,43009.060546875,46846.7401171875,43.32693791681872,395.2790283995346,686.7761546246018,-291.4971262250672,45587.67487325754,43259.6681640625,40931.66145486746,41.296291430806825,54.35802139812779,TTNP
2005-08-11,40972.375,40972.375,39977.90234375,40176.796875,40176.796875,2,42165.7453125,42881.7671875,43160.220703125,41346.298359375,42933.48046875,46830.828515625,40.42996228578596,150.95209283411532,579.6113422665045,-428.6592494323892,45813.811105940076,43160.220703125,40506.630300309924,27.777771716122576,41.395056414613066,TTNP
2005-08-12,39977.90234375,42165.74609375,39580.109375,40972.375,40972.375,3,41449.7234375,42682.872265625,43100.5521484375,41326.408828125,42851.933515625,46822.87271484375,44.43127041610297,21.272525449996465,467.9435789032029,-446.6710534532064,45891.04287492944,43100.5521484375,40310.06142194556,26.85184781074841,31.97530365255928,TTNP
2005-08-15,41569.0625,42165.74609375,40773.48046875,40773.48046875,40773.48046875,2,40813.259375,42483.97734375,42961.3255859375,41298.563515625,42780.3312890625,46808.95005859375,43.642039924300406,-96.43692756263772,355.06747761003476,-451.5044051726725,45919.45016421362,42961.3255859375,40003.20100766138,25.925923905374244,26.85184781074842,TTNP
2005-08-16,40972.375,41370.1640625,40176.796875,40574.5859375,40574.5859375,1,40693.92265625,42205.52421875,42802.2095703125,41234.917109375,42708.7291015625,46803.97767578125,42.82286707638343,-203.42666757181723,243.36864857366436,-446.7953161454816,45910.57648980015,42802.2095703125,39693.84265082485,27.777771716122576,26.85184781074842,TTNP
2005-08-17,40176.796875,40375.69140625,38784.53125,38784.53125,38784.53125,5,40256.35390625,41628.72890625,42603.3146484375,41139.4475,42625.193203125,46788.06607421875,36.23137848216801,-427.72867065510945,109.14918472790959,-536.8778553830191,46171.47096166992,42603.3146484375,39035.15833520509,17.59259057204091,23.765428731179252,TTNP
2005-08-18,38784.53125,39779.00390625,37790.0546875,39182.3203125,39182.3203125,4,40057.45859375,41111.601953125,42474.0328125,41091.71265625,42551.60203125,46775.137890625,38.496939249072824,-566.856996624585,-26.05205154258934,-540.8049450819957,46329.67287386894,42474.0328125,38618.39275113106,14.024392580578175,19.79825162291389,TTNP
2005-08-19,38585.63671875,40375.69140625,38585.63671875,39381.21484375,39381.21484375,2,39739.2265625,40594.475,42235.3587890625,41036.02203125,42497.9003515625,46766.1876171875,39.651429738502294,-653.5345316106468,-151.54854755620084,-501.98598405444596,46233.643225512846,42235.3587890625,38237.07435261215,12.195124677341191,14.604035943320099,TTNP
2005-08-22,38585.63671875,39779.00390625,37790.0546875,37988.94921875,37988.94921875,3,39182.3203125,39997.78984375,41877.34765625,40964.419765625,42436.242890625,46755.24837890625,34.73604079465164,-825.0605187751062,-286.2509417999819,-538.8095769751243,46046.51160813568,41877.34765625,37708.18370436432,13.008130860192777,13.075882706037389,TTNP
2005-08-23,38784.53125,38784.53125,37790.0546875,38187.84375,38187.84375,4,38704.971875,39699.447265625,41549.170703125,40896.795390625,42390.49703125,46742.3201953125,35.95742761514086,-934.1783464677719,-415.8364227335399,-518.3419237342321,45794.356188640086,41549.170703125,37303.98521760991,8.94308397865118,11.382113172061723,TTNP
2005-08-24,37790.0546875,38784.53125,37591.16015625,37790.0546875,37790.0546875,4,38506.0765625,39381.215234375,41260.7728515625,40857.01640625,42348.7290625,46735.3588671875,34.56420330779153,-1040.7560757544124,-540.8203533377144,-499.935722416698,45700.14315847078,41260.7728515625,36821.402544654215,3.2937172511894452,8.414977363344475,TTNP
2005-08-25,37392.265625,37988.94921875,36795.58203125,37591.16015625,37591.16015625,2,38187.84453125,39122.6515625,41002.209375,40833.148984375,42306.96109375,46727.40306640625,33.857810951020674,-1128.262908021672,-658.3088642745059,-469.9540437471661,45658.6892957498,41002.209375,36345.7294542502,5.732735799744198,5.989845676528283,TTNP
2005-08-26,37591.16015625,37790.0546875,37193.37109375,37193.37109375,37193.37109375,2,37750.27578125,38744.751171875,40713.81171875,40761.546796875,42255.2483984375,46714.47490234375,32.43028225210228,-1215.6971558604491,-769.7865225916946,-445.9106332687545,45559.83442156168,40713.81171875,35867.789015938324,6.3289412918705,5.1184647809347235,TTNP
2005-08-29,36994.4765625,37988.94921875,36795.58203125,36994.4765625,36994.4765625,4,37551.38125,38366.85078125,40425.4140625,40654.143515625,42195.579921875,46693.5909375,31.71036610242886,-1286.2119034593707,-873.0715987652299,-413.1403046941408,45433.26458824168,40425.4140625,35417.56353675832,6.708807796401441,6.256828296005388,TTNP
2005-08-30,36994.4765625,36994.4765625,36000.0,36596.68359375,36596.68359375,4,37233.14921875,37969.060546875,40087.2923828125,40538.784375,42137.9003515625,46671.71248046875,30.26336981698093,-1358.5335875074234,-970.1639965136685,-388.36959099375485,45169.78924974832,40087.2923828125,35004.79551587668,6.682581341891591,6.573443476721185,TTNP
2005-08-31,36994.4765625,37790.0546875,36397.7890625,37790.0546875,37790.0546875,4,37233.14921875,37869.612890625,39749.1708984375,40455.2484375,42080.22078125,46645.8561328125,39.22333137539262,-1304.5163172458415,-1037.0344606601032,-267.48185658573834,44486.50581904026,39749.1708984375,35011.83597783474,14.137779432768992,9.17638952368735,TTNP
2005-09-01,38585.63671875,41171.26953125,37988.94921875,38585.63671875,38585.63671875,11,37432.04453125,37809.94453125,39460.7732421875,40391.60203125,42028.5080859375,46595.13791015625,44.35615624373185,-1183.8635780266995,-1066.4002841334225,-117.46329389327707,43719.91363786729,39460.7732421875,35201.6328465077,26.88171566152303,15.90069214539455,TTNP
2005-09-02,38585.63671875,40773.48046875,38585.63671875,39381.21484375,39381.21484375,2,37869.61328125,37809.94453125,39202.209765625,40391.60203125,41992.7069921875,46539.4473046875,48.99505006149349,-1012.3788341595427,-1055.5959941386466,43.217159979103826,42764.374568131265,39202.209765625,35640.04496311873,44.64357439968321,28.55435649799175,TTNP
2005-09-06,40176.796875,41569.0625,39779.00390625,41569.0625,41569.0625,9,38784.53046875,38167.955859375,39082.8728515625,40435.358984375,41980.7733203125,46506.62962890625,59.094504142171346,-691.9584516093892,-982.8684856327951,290.91003402340596,42121.478740528655,39082.8728515625,36044.26696259634,68.29949178430967,46.60826061517198,TTNP
2005-09-07,41569.0625,41966.8515625,41171.26953125,41171.26953125,41171.26953125,9,39699.44765625,38466.2984375,39082.8728515625,40491.04953125,41970.8285546875,46473.811953125,56.88884989313555,-464.76404738508427,-879.247597983253,414.4835505981687,42121.478740528655,39082.8728515625,36044.26696259634,83.20986905370255,65.38431174589847,TTNP
2005-09-08,41767.95703125,41767.95703125,38983.42578125,39779.00390625,39779.00390625,5,40097.2375,38665.193359375,39023.204296875,40530.828515625,41960.8837890625,46438.01083984375,49.87264270518662,-392.5302016550995,-781.9041187176223,389.37391706252276,41956.08009002643,39023.204296875,36090.32850372358,83.33331151138394,78.28089078313205,TTNP
2005-09-09,38585.63671875,40176.796875,38187.84375,38187.84375,38187.84375,3,40017.67890625,38724.86171875,38923.756640625,40542.7621875,41905.1931640625,46390.27603515625,43.30000523619365,-458.3936090415227,-717.2020167824023,258.8084077408796,41828.169034572435,38923.756640625,36019.34424667756,62.2221902166964,76.25512359392762,TTNP
2005-09-12,38187.84375,38983.42578125,37790.0546875,37988.94921875,37988.94921875,2,39739.22578125,38804.41953125,38774.5853515625,40574.585390625,41851.491484375,46334.5854296875,42.54522289641855,-520.6383653665907,-677.88928649924,157.2509211326493,41546.22901677586,38774.5853515625,36002.941686349135,44.44441534851188,63.33330569219739,TTNP
2005-09-13,38187.84375,39580.109375,38187.84375,38784.53125,38784.53125,2,39182.31953125,38983.425,38675.137890625,40626.298125,41781.8782421875,46266.9611328125,46.558156887225586,-500.00719058860705,-642.3128673171134,142.30567672850634,41291.11817786802,38675.137890625,36059.15760338199,38.88887434092265,48.51849330204362,TTNP
2005-09-14,37988.94921875,39381.21484375,37988.94921875,38585.63671875,38585.63671875,3,38665.19296875,39182.3203125,38575.6904296875,40654.1434375,41716.242890625,46206.2981640625,45.69882007109097,-494.0113075364716,-612.652555360985,118.64124782451347,41042.22954121521,38575.6904296875,36109.15131815979,41.111112565907824,41.48146741844744,TTNP
2005-09-15,38784.53125,39381.21484375,38386.7421875,38585.63671875,38585.63671875,2,38426.51953125,39261.878515625,38565.745703125,40678.010859375,41630.718046875,46153.59099609375,45.69882007109097,-483.6839198741218,-586.8588282636124,103.17490838949061,41030.439697607246,38565.745703125,36101.05170864276,44.44445899241084,41.48148196641375,TTNP
2005-09-16,39580.109375,39779.00390625,38187.84375,38386.7421875,38386.7421875,1,38466.29921875,39241.9890625,38525.966796875,40689.944609375,41541.2153125,46088.9501171875,44.74108904490715,-485.9468246842662,-566.6764275477432,80.729602863477,40975.203952163,38525.966796875,36076.729641587,42.22224258937515,42.59260471589792,TTNP
2005-09-19,38983.42578125,39182.3203125,37790.0546875,37988.94921875,37988.94921875,2,38466.29921875,39102.7625,38456.353515625,40701.87828125,41467.624140625,46021.32580078125,42.80872134385033,-513.9146726872568,-556.1240765756459,42.20940388838903,40883.44361256084,38456.353515625,36029.26341868916,38.88889616287212,41.85186591488602,TTNP
2005-09-20,37988.94921875,39381.21484375,37392.265625,37988.94921875,37988.94921875,2,38307.1828125,38744.751171875,38456.353515625,40670.055078125,41419.8893359375,45949.72359375,42.80872134385034,-529.9702268470137,-550.8933066299194,20.92307978290569,40883.44361256084,38456.353515625,36029.26341868916,33.968252082957,38.35979694506808,TTNP
2005-09-21,37193.37109375,37790.0546875,37193.37109375,37392.265625,37392.265625,2,38068.50859375,38366.85078125,38416.574609375,40594.475,41364.19875,45868.176640625,39.81708345306319,-584.1085092160865,-557.5363471471528,-26.57216206893372,40885.67849582101,38416.574609375,35947.470722928985,22.0237955000526,31.626981248627228,TTNP
2005-09-22,36994.4765625,37591.16015625,36795.58203125,37392.265625,37392.265625,3,37829.834375,38128.176953125,38396.68515625,40538.784375,41292.5965625,45791.60205078125,39.81708345306319,-619.8680351836956,-570.0026847544614,-49.86535042923424,40891.92622221378,38396.68515625,35901.444090286226,14.758836793208028,23.583628125405863,TTNP
2005-09-23,36994.4765625,37392.265625,36795.58203125,36795.58203125,36795.58203125,1,37511.60234375,37988.95078125,38356.90625,40431.38109375,41220.994375,45719.99984375,36.83190487664322,-688.4194258542266,-593.6860329744144,-94.73339287981219,40926.50362507558,38356.90625,35787.30887492442,5.2350306094921875,14.005887634250923,TTNP
2005-09-26,37392.265625,37392.265625,36795.58203125,36795.58203125,36795.58203125,2,37272.92890625,37869.6140625,38337.016796875,40323.9778125,41139.447421875,45651.38107421875,36.83190487664322,-734.2825447459109,-621.8053353287137,-112.47720941719717,40948.152978665756,38337.016796875,35725.88061508425,3.846145130283462,7.946670844327876,TTNP
2005-09-27,36994.4765625,37193.37109375,36596.68359375,36994.4765625,36994.4765625,2,37074.034375,37690.60859375,38337.016796875,40192.707109375,41071.823125,45570.82859375,38.61116073589375,-745.9810650912914,-646.6404812812292,-99.34058381006218,40948.152978665756,38337.016796875,35725.88061508425,2.5641199958304144,3.8817652452020055,TTNP
2005-09-28,36000.0,36994.4765625,34408.83984375,35204.41796875,35204.41796875,9,36636.46484375,37352.48671875,38267.403515625,40021.65734375,40982.3203515625,45473.37001953125,30.33073529354479,-889.4420607027278,-695.2007971655289,-194.24126353719885,41123.19259680117,38267.403515625,35411.614434448835,7.161808690398623,4.524024605504151,TTNP
2005-09-29,36596.68359375,39182.3203125,35005.5234375,35602.2109375,35602.2109375,18,36278.45390625,37054.144140625,38158.011328125,39878.45296875,40900.7733984375,45359.99986328125,33.73183435457794,-959.9714123418598,-748.1549202007951,-211.8164921410647,41237.417535233435,38158.011328125,35078.60512101657,14.569224180013068,8.098384288747352,TTNP
2005-09-30,36596.68359375,36795.58203125,34607.734375,35204.41796875,35204.41796875,8,35960.22109375,36735.91171875,37988.950390625,39747.1821875,40823.2043359375,45228.729140625,32.04702613586948,-1036.0223786563656,-805.7284118919092,-230.2939667644564,41317.10096377997,37988.950390625,34660.79981747003,16.94336501284496,12.891465961085535,TTNP
2005-10-03,35403.31640625,37392.265625,35403.31640625,36397.7890625,36397.7890625,11,35880.6625,36576.795703125,37839.7791015625,39592.0440625,40757.568984375,45083.53576171875,41.488781632943926,-988.602252151708,-842.3031799438689,-146.299072207839,41172.38420217193,37839.7791015625,34507.17400095306,24.691352636553415,18.734647276470465,TTNP
2005-10-04,36795.58203125,37392.265625,35403.31640625,35801.10546875,35801.10546875,4,35641.98828125,36358.011328125,37551.38125,39405.082734375,40656.1325390625,44954.25400390625,38.60080354639477,-987.7823000936187,-871.3990039738189,-116.38329611979975,40521.7836766951,37551.38125,34580.9788233049,25.925917843718967,22.520211831039095,TTNP
2005-10-05,36397.7890625,36397.7890625,32220.994140625,33414.36328125,33414.36328125,11,35283.97734375,35960.22109375,37163.5359375,39178.34234375,40502.983359375,44825.96669921875,29.69626941338549,-1166.2784973404923,-930.3749026471536,-235.90359469333873,40167.50996065822,37163.5359375,34159.56191434177,26.250811282875713,25.622693921049347,TTNP
2005-10-06,33215.46875,34806.62890625,30828.728515625,32419.888671875,32419.888671875,22,34647.512890625,35462.9833984375,36795.58017578125,38955.5798828125,40335.91154296875,44685.74569335938,26.9107073217915,-1372.1663301496883,-1018.7331881476605,-353.4331420020278,40203.59976177291,36795.58017578125,33387.560589789595,20.10668499813507,24.094471374909897,TTNP
2005-10-07,33016.57421875,34011.05078125,31823.205078125,31823.205078125,31823.205078125,5,33971.2703125,34965.745703125,36477.3482421875,38736.795390625,40176.795546875,44526.62966796875,25.372852547172837,-1565.4359293717134,-1128.0737363924711,-437.3621929792423,40448.082997192796,36477.3482421875,32506.613487182207,15.340678781546663,20.566058354185795,TTNP
2005-10-10,33812.15625,36795.58203125,33812.15625,36397.7890625,36397.7890625,15,33971.2703125,34925.96640625,36397.790234375,38605.5246875,40067.40328125,44388.3976171875,49.29623612284353,-1334.094175827755,-1169.277824279528,-164.81635154822698,40307.4826798653,36397.790234375,32488.097788884705,32.29974413809867,22.58236930592678,TTNP
2005-10-11,36795.58203125,37591.16015625,33613.2578125,34011.05078125,34011.05078125,11,33613.259375,34627.623828125,36159.1162109375,38430.497109375,39940.11046875,44250.1655859375,41.77219829778724,-1328.0352383551071,-1201.0293070946439,-127.00593126046329,40039.55850129014,36159.1162109375,32278.67392058486,38.79661311204266,28.81234534389598,TTNP
2005-10-12,33414.36328125,34408.83984375,31624.30859375,33812.15625,33812.15625,6,33692.81796875,34488.39765625,35920.4421875,38239.557890625,39812.81765625,44105.96669921875,41.20775683377125,-1324.0201332741926,-1225.6274723305537,-98.39266094363893,39761.53774314359,35920.4421875,32079.3466318564,46.82540888684914,39.30725537899681,TTNP
2005-10-13,35005.5234375,35005.5234375,31027.625,32817.6796875,32817.6796875,8,33772.376171875,34209.94453125,35632.0443359375,38004.861796875,39693.480625,43959.77884765625,38.41286699486354,-1385.117310823065,-1257.525440029056,-127.59187079400908,39495.474991823576,35632.0443359375,31768.613680051418,32.539700167958955,39.387240722283565,TTNP
2005-10-14,32220.994140625,33812.15625,32022.099609375,33812.15625,33812.15625,3,34170.16640625,34070.718359375,35403.3150390625,37794.033125,39590.055234375,43815.5799609375,42.60508465970929,-1337.8691935371608,-1273.594190730677,-64.27500280648383,39126.42590851445,35403.3150390625,31680.204169610548,31.746051415477,37.03705349009501,TTNP
2005-10-17,35801.10546875,37193.37109375,32817.6796875,36000.0,36000.0,8,34090.60859375,34030.939453125,35303.867578125,37622.9834375,39522.4309375,43675.35896484375,50.575841392121454,-1111.0762190990572,-1241.090596404353,130.01437730529574,38847.326498808565,35303.867578125,31760.408657441432,40.476203279886,34.920651621107304,TTNP
2005-10-18,36795.58203125,36994.4765625,30828.728515625,33613.2578125,33613.2578125,47,34011.05,33812.1546875,35085.0830078125,37416.132578125,39434.917109375,43537.1269140625,43.481605897198534,-1111.1229666863146,-1215.0970704607453,103.97410377443066,38475.41248476678,35085.0830078125,31694.753530858223,43.65079828981382,38.624350995058926,TTNP
2005-10-19,34408.83984375,34607.734375,33016.57421875,33812.15625,33812.15625,7,34011.05,33851.933984375,34906.0775390625,37268.9503125,39349.392265625,43405.8562109375,44.1842410342627,-1082.630680275346,-1188.6037924236655,105.97311214831939,38165.77266457293,34906.0775390625,31646.38241355207,46.45192029824455,43.52630728931478,TTNP
2005-10-20,34806.62890625,34806.62890625,32817.6796875,33414.36328125,33414.36328125,1,34130.38671875,33951.3814453125,34707.182421875,37117.790078125,39255.9116015625,43304.41974609375,43.032003465831295,-1079.7027647223076,-1166.823586883394,87.12082216108638,37817.84011541411,34707.182421875,31596.52472833588,38.56209197070134,42.88827018625323,TTNP
2005-10-21,33613.2578125,34607.734375,33016.57421875,33613.2578125,33613.2578125,2,34090.60703125,34130.38671875,34548.0662109375,36986.519296875,39166.408828125,43209.94458984375,43.820863787221185,-1049.238278366247,-1143.3065251799646,94.06824681371768,37538.37907693553,34548.0662109375,31557.75334493946,41.176469455608206,42.06349390818469,TTNP
2005-10-24,34209.9453125,35801.10546875,33414.36328125,34209.9453125,34209.9453125,3,33732.59609375,33911.60234375,34418.784375,36851.270703125,39088.839765625,43116.46392578125,46.22658641886612,-965.8139568238548,-1107.8080115087428,141.99405468488794,37227.29208195383,34418.784375,31610.27666804618,43.1372486725115,40.95860336627368,TTNP
2005-10-25,33812.15625,34806.62890625,33215.46875,33215.46875,33215.46875,2,33653.03828125,33832.044140625,34229.833984375,36700.11046875,38999.3369921875,43027.955625,42.92718467988943,-968.7780579593091,-1080.002020798856,111.22396283954686,36819.74946355087,34229.833984375,31639.918505199126,42.15685906405985,42.15685906405985,TTNP
2005-10-26,33812.15625,34806.62890625,32618.78515625,34011.05078125,34011.05078125,3,33692.8171875,33851.93359375,34170.165625,36568.839765625,38901.8784375,42941.4362890625,46.23339936652999,-896.5949203678902,-1043.3206007126628,146.72568034477263,36722.229763360614,34170.165625,31618.10148663939,44.1176575356248,43.13725509073205,TTNP
2005-10-27,35005.5234375,35005.5234375,32618.78515625,33414.36328125,33414.36328125,6,33692.8171875,33911.601953125,34060.7732421875,36461.43640625,38800.441953125,42856.9058984375,44.16685430006834,-877.422577008605,-1010.1409959718512,132.71841896324622,36544.57300742429,34060.7732421875,31576.9734769507,40.19607984715656,42.1568654822804,TTNP
2005-10-28,33613.2578125,33812.15625,32618.78515625,32817.6796875,32817.6796875,8,33533.7015625,33812.154296875,33941.436328125,36334.14359375,38712.928125,42760.44181640625,42.138472599352795,-900.0010838267335,-988.1130135428277,88.11192971609421,36423.32426729155,33941.436328125,31459.548388958443,38.23530063025328,40.849679337678204,TTNP
2005-10-31,32817.6796875,33613.2578125,32022.099609375,32618.78515625,32618.78515625,4,33215.46953125,33474.0328125,33752.4861328125,36198.895,38617.458515625,42661.9887890625,41.45504264434941,-923.3006049511678,-975.1505318244957,51.849926873327945,36024.0729153731,33752.4861328125,31480.899350251893,31.924023553234093,36.785134676881306,TTNP
2005-11-01,33016.57421875,33414.36328125,31823.205078125,32618.78515625,32618.78515625,5,33096.1328125,33374.585546875,33593.3701171875,36091.49171875,38527.9557421875,42562.54126953125,41.45504264434941,-931.0332713027747,-966.3270797201515,35.293808417376795,35709.14946039107,33593.3701171875,31477.59077398393,28.553934556231507,32.90441957990628,TTNP
2005-11-02,33414.36328125,33613.2578125,31027.625,31624.30859375,31624.30859375,5,32618.784375,33155.80078125,33503.8673828125,35960.221015625,38428.508203125,42463.09375,37.89137898431492,-1005.8130260363469,-974.2242689833905,-31.58875705295634,35787.178846112605,33503.8673828125,31220.5559195124,22.91667497775958,27.798211029075052,TTNP
2005-11-03,31823.205078125,31823.205078125,29834.25390625,31027.625,31027.625,19,32141.43671875,32917.126953125,33434.25419921875,35824.972421875,38340.9944140625,42382.54126953125,35.89741745228467,-1100.5375874966994,-999.4869326860523,-101.05065481064707,35921.3168352721,33434.25419921875,30947.1915631654,18.947078935717332,23.47256282323613,TTNP
2005-11-04,31027.625,32419.888671875,30430.939453125,31624.30859375,31624.30859375,9,31902.7625,32718.23203125,33424.309375,35705.635390625,38269.3921875,42308.95009765625,39.33534545096754,-1114.6115573730858,-1022.511857623459,-92.09969974962678,35938.50302752022,33424.309375,30910.115722479768,17.90540292795043,19.923052280475773,TTNP
2005-11-07,32220.994140625,32618.78515625,29635.359375,30232.044921875,30232.044921875,27,31425.414453125,32320.4419921875,33116.02216796875,35566.4088671875,38163.97783203125,42230.38657226563,34.66381023837678,-1223.9998146352336,-1062.809449025814,-161.1903656094196,35608.16981440502,33116.02216796875,30623.87452153249,16.964546375818625,17.939009413162122,TTNP
2005-11-08,29436.46484375,29436.46484375,26850.828125,27248.619140625,27248.619140625,39,30351.38125,31723.75703125,32777.9005859375,35371.49171875,38012.8176171875,42127.95564453125,27.207233758982003,-1533.7482287764033,-1156.997204975932,-376.75102380047133,36310.40161042911,32777.9005859375,29245.399561445898,13.040622499006568,15.9701906009252,TTNP
2005-11-09,27049.724609375,27845.3046875,24861.87890625,25856.353515625,25856.353515625,30,29197.790234375,30908.2873046875,32380.11044921875,35156.6851171875,37847.73474609375,42020.55233398438,24.552889035084036,-1870.0139224337108,-1299.6005484674877,-570.4133739662232,36985.89391461673,32380.11044921875,27774.32698382077,7.737595119094841,12.58092133130667,TTNP
2005-11-10,27447.513671875,29038.673828125,25259.66796875,25458.564453125,25458.564453125,43,28083.978125,30112.707421875,32012.1546875,34910.0553125,37682.651875,41903.20427734375,23.837329206136097,-2143.8917110833536,-1468.458780990661,-675.4329300926927,37508.96667149183,32012.1546875,26515.34270350817,6.329969508075817,9.0360623753924,TTNP
2005-11-11,25856.353515625,28044.19921875,25856.353515625,28044.19921875,28044.19921875,22,27367.95625,29635.359375,31723.7568359375,34699.2265625,37545.414296875,41788.83962890625,36.74226905023252,-2127.7750489660284,-1600.3220345857344,-527.453014380294,37414.37909537528,31723.7568359375,26033.134576499717,15.306002482108122,9.791189036426251,TTNP
2005-11-14,30828.728515625,30828.728515625,26254.14453125,26254.14453125,26254.14453125,14,26572.376171875,28998.8953125,31236.4640625,34436.68515625,37414.14359375,41657.56890625,32.62130391879714,-2233.696271108114,-1726.9968818902103,-506.6993892179039,37046.75195076428,31236.4640625,25426.176174235723,16.850866738873272,12.828946243019061,TTNP
2005-11-15,26055.248046875,27845.3046875,25856.353515625,26850.828125,26850.828125,13,26492.81796875,28422.099609375,30898.342578125,34142.32046875,37288.8397265625,41542.20978515625,35.22911010771104,-2243.6290642125023,-1830.3233183546686,-413.3057458578337,36899.93166777259,30898.342578125,24896.753488477414,21.568628961150438,17.908499394043933,TTNP
2005-11-16,26651.93359375,27447.513671875,25458.564453125,26254.14453125,26254.14453125,15,26572.376171875,27885.083203125,30520.4419921875,33843.97796875,37167.51375,41406.961171875,33.819482644019594,-2273.441435927194,-1918.9469418691738,-354.49449405802034,36690.00350548871,30520.4419921875,24350.880478886294,16.29629726616078,18.238597655394823,TTNP
2005-11-17,26850.828125,28441.98828125,26651.93359375,27447.513671875,27447.513671875,19,26970.166015625,27527.0720703125,30222.09951171875,33597.3481640625,37064.08833984375,41298.56338867187,39.07052482136784,-2175.693004418168,-1970.2961543789727,-205.39685003919544,36380.10876233679,30222.09951171875,24064.0902611007,21.569616788848027,19.811514338719743,TTNP
2005-11-18,28441.98828125,28640.884765625,26453.0390625,27447.513671875,27447.513671875,14,26850.82890625,27109.392578125,29913.8123046875,33382.5415625,36962.651875,41189.17111328125,39.07052482136783,-2074.3152531855303,-1991.0999741402843,-83.215279045246,35978.51248812287,29913.8123046875,23849.112121252136,24.882156528319715,20.916023527776165,TTNP
2005-11-21,27447.513671875,27646.408203125,26055.248046875,27049.724609375,27049.724609375,12,27009.944921875,26791.160546875,29555.80126953125,33163.7570703125,36869.17123046875,41063.867255859375,37.907762627931405,-2002.9817806735155,-1993.4763354469305,-9.505445226584925,35405.34386796674,29555.80126953125,23706.258671095766,28.030307426255362,24.827360247807693,TTNP
2005-11-22,26850.828125,27447.513671875,26254.14453125,27049.724609375,27049.724609375,9,27049.72421875,26771.27109375,29247.5140625,32929.0609375,36777.67953125,40947.513671875,37.907762627931405,-1924.2677292105582,-1979.634614199656,55.3668849890978,34940.88173327547,29247.5140625,23554.146391724524,27.58353314777611,26.831999034117057,TTNP
2005-11-23,27447.513671875,27646.408203125,27049.724609375,27049.724609375,27049.724609375,17,27208.840234375,26890.608203125,28899.44775390625,32698.3426953125,36676.24306640625,40839.11588867188,37.907762627931405,-1840.6681990990037,-1951.8413311795255,111.17313208052178,34224.63639805737,28899.44775390625,23574.259109755123,27.136758869296855,27.583533147776105,TTNP
2005-11-25,27248.619140625,27447.513671875,26850.828125,27049.724609375,27049.724609375,9,27129.282421875,27049.72421875,28581.2158203125,32467.624453125,36572.81765625,40743.6462890625,37.9077626279314,-1754.1937159734407,-1912.3118081383086,158.1180921648679,33537.01550755106,28581.2158203125,23625.416133073937,28.205132724467372,27.64180824718011,TTNP
2005-11-28,27049.724609375,27845.3046875,26651.93359375,27049.724609375,27049.724609375,11,27049.724609375,26950.2767578125,28292.81806640625,32240.8841015625,36465.41435546875,40638.23192382813,37.907762627931405,-1666.4522409779274,-1863.1398947062323,196.6876537283049,32887.03457506577,28292.81806640625,23698.601557746726,31.025648766624425,28.789180120129547,TTNP
2005-11-29,27248.619140625,27845.3046875,27049.724609375,27248.619140625,27248.619140625,27,27089.503515625,27049.72421875,28024.309765625,32026.0775,36363.977890625,40543.756796875,39.21788211704657,-1562.8517809703008,-1803.082271959046,240.23049098874526,32182.880496648373,28024.309765625,23865.739034601625,34.95727337399765,31.39601828836315,TTNP
2005-11-30,27248.619140625,30629.833984375,27248.619140625,30033.1484375,30033.1484375,23,27686.18828125,27367.95625,27895.0279296875,31866.961484375,36268.50828125,40463.20431640625,53.88716937475515,-1241.745359493154,-1690.8148894658675,449.06952997271355,31611.491449140238,27895.0279296875,24178.564410234765,54.12699103727045,40.03663772596417,TTNP
2005-12-01,30629.833984375,31823.205078125,28044.19921875,28839.779296875,28839.779296875,9,28044.19921875,27626.5197265625,27755.80146484375,31695.9117578125,36145.19337890625,40374.69602539062,48.48634195716121,-1071.2128483629895,-1566.894481245292,495.68163288230244,31092.202105093977,27755.80146484375,24419.400824593522,59.613094863030845,49.56578642476631,TTNP
2005-12-02,30828.728515625,30828.728515625,27845.3046875,29237.568359375,29237.568359375,12,28481.76796875,27805.5251953125,27666.2986328125,31532.8178125,36035.80109375,40272.265078125,50.275338421898155,-893.6647409434809,-1432.2485331849298,538.5837922414489,30731.86334121461,27666.2986328125,24600.733924410393,66.07141834238816,59.93716808089647,TTNP
2005-12-05,28839.779296875,28839.779296875,27049.724609375,27447.513671875,27447.513671875,16,28561.32578125,27805.5251953125,27457.45888671875,31345.8564453125,35888.61876953125,40168.83965820313,43.03288516275786,-887.1722701339677,-1323.2332805747374,436.0610104407697,29927.202927071397,27457.45888671875,24987.7148463661,47.916651323106,57.86705484284166,TTNP
2005-12-06,27447.513671875,27447.513671875,25657.458984375,25856.353515625,25856.353515625,32,28282.87265625,27686.1880859375,27238.67431640625,31127.071875,35725.52484375,40046.51921875,37.817822861439296,-998.905506093648,-1258.3677256785195,259.4622195848715,29448.020604474787,27238.67431640625,25029.328028337713,32.29164876584588,48.75990614378,TTNP
2005-12-07,25657.458984375,26850.828125,25657.458984375,25856.353515625,25856.353515625,16,27447.513671875,27566.8509765625,27169.06103515625,30904.3094140625,35548.50826171875,39932.154580078124,37.817822861439296,-1075.062252146461,-1221.7066309721079,146.64437882564675,29459.032511888094,27169.06103515625,24879.089558424406,13.57525586325841,31.261185317403417,TTNP
2005-12-08,25856.353515625,26055.248046875,25060.7734375,25458.564453125,25458.564453125,12,26771.270703125,27407.7349609375,27149.17158203125,30709.39234375,35365.52484375,39816.79546875,36.53411575277172,-1154.2102575764839,-1208.2073562929831,53.997098716499295,29490.732281207027,27149.17158203125,24807.61088285547,5.119383155346108,16.99542926148345,TTNP
2005-12-09,26055.248046875,26055.248046875,24464.087890625,24861.87890625,24861.87890625,14,25896.1328125,27188.950390625,27119.3373046875,30494.585703125,35186.5193359375,39707.403203125,34.63495629414542,-1250.6662569367436,-1216.6991364217351,-33.967120515008446,29559.430998704374,27119.3373046875,24679.243610670623,4.8378608030513455,7.844166607218607,TTNP
2005-12-12,24861.87890625,26850.828125,24265.193359375,24662.984375,24662.984375,18,25339.226953125,26950.2763671875,26950.2765625,30283.75703125,35015.469609375,39592.0441015625,34.000487908795535,-1327.8508201029072,-1238.9294731579696,-88.92134694493757,29572.373267124873,26950.2765625,24328.179857875126,5.51698475594635,5.158076238114587,TTNP
2005-12-13,24861.87890625,25856.353515625,24662.984375,25060.7734375,25060.7734375,7,25180.1109375,26731.491796875,26890.6080078125,30057.01671875,34824.530390625,39474.69603515625,36.50570145565326,-1341.4583922974489,-1259.4352569858654,-82.02313531158347,29625.251354507116,26890.6080078125,24155.964661117887,7.0649673881721755,5.806604315723276,TTNP
2005-12-14,25259.66796875,25458.564453125,23668.5078125,23867.40234375,23867.40234375,25,24782.320703125,26114.9171875,26741.43671875,29818.34265625,34611.7126953125,39348.3976953125,32.517897139222356,-1432.0300145461915,-1293.9542084979307,-138.0758060482608,29777.37215108843,26741.43671875,23705.501286411567,6.0761675097829775,6.219373217967153,TTNP
2005-12-15,25856.353515625,26850.828125,24861.87890625,25856.353515625,25856.353515625,47,24861.878515625,25816.574609375,26721.54716796875,29667.1824609375,34422.76240234375,39225.08278320313,43.58003879118016,-1328.0084853374137,-1300.7650638658274,-27.243421471586316,29775.152462124766,26721.54716796875,23667.941873812735,13.264867284929302,8.802000727628137,TTNP
2005-12-16,26254.14453125,28839.779296875,26254.14453125,28839.779296875,28839.779296875,59,25657.45859375,25776.795703125,26791.16044921875,29595.5802734375,34275.580078125,39113.7015625,55.39236875685343,-993.3820569933596,-1239.2884624913338,245.90640549797422,29968.75344616149,26791.16044921875,23613.567452276013,30.894307385306103,16.745114060006113,TTNP
2005-12-19,28839.779296875,30430.939453125,27845.3046875,29635.359375,29635.359375,38,26651.93359375,25995.5802734375,26900.552734375,29551.823359375,34144.309375,39004.309296875,57.92229673569007,-656.4246831754463,-1122.7157066281563,466.2910234527101,30303.63430279462,26900.552734375,23497.47116595538,54.471544910170145,32.87690652680183,TTNP
2005-12-20,29635.359375,30430.939453125,26254.14453125,27248.619140625,27248.619140625,22,27089.502734375,26134.8068359375,26910.4974609375,29368.8399609375,33987.18232421875,38881.98885742188,48.95254872407219,-575.3413499272174,-1013.2408352879686,437.8994853607512,30316.42584626007,26910.4974609375,23504.569075614927,60.16260279435388,48.50948502994336,TTNP
2005-12-21,27646.408203125,28243.09375,25458.564453125,26254.14453125,26254.14453125,20,27566.851171875,26174.5859375,26870.71845703125,29213.7018359375,33822.09947265625,38751.71262695312,45.77196211208972,-584.5892331737341,-927.5105148651216,342.92128169138755,30287.77884327379,26870.71845703125,23453.658070788708,51.06143507391449,55.23186092614616,TTNP
2005-12-22,26055.248046875,27049.724609375,25060.7734375,27049.724609375,27049.724609375,20,27805.525390625,26333.701953125,26870.71845703125,29078.453203125,33659.005546875,38620.4419140625,48.64655523948967,-521.7076627252936,-846.3499444371561,324.64228171186244,30287.77884327379,26870.71845703125,23453.658070788708,43.3378630412534,51.52063363650725,TTNP
2005-12-23,27049.724609375,29038.673828125,25856.353515625,28640.884765625,28640.884765625,23,27765.746484375,26711.6025390625,26950.27646484375,28994.9173046875,33499.88955078125,38467.29274414063,53.90895379896254,-339.56593366767993,-744.9931422832608,405.42720861558087,30453.314130684634,26950.27646484375,23447.23879900287,53.2135229393364,49.20427368483475,TTNP
2005-12-27,29834.25390625,29834.25390625,26850.828125,27447.513671875,27447.513671875,15,27328.17734375,26990.05546875,26970.16591796875,28867.624453125,33330.8287890625,38325.08279296875,49.78811047493661,-288.1902966291782,-653.6325731524443,365.44227652326606,30479.747304436267,26970.16591796875,23460.58453150123,59.80392978017441,52.11843858692139,TTNP
2005-12-28,27845.3046875,28044.19921875,26453.0390625,27049.724609375,27049.724609375,9,27288.3984375,27188.9505859375,26960.22119140625,28688.6189453125,33155.80119140625,38191.823134765626,48.45840242342336,-276.3869700704745,-578.1834525360503,301.79648246557576,30467.716679005294,26960.22119140625,23452.725703807206,59.80392978017441,57.60712749989506,TTNP
2005-12-29,26651.93359375,29635.359375,25856.353515625,29038.673828125,29038.673828125,14,27845.304296875,27706.077734375,26910.4974609375,28597.127265625,33006.629921875,38083.4253515625,54.93863427958606,-105.32702474590042,-483.6121669780203,378.2851422321199,30267.289307135386,26910.4974609375,23553.70561473961,61.76470899707769,60.457522852475485,TTNP
2005-12-30,28839.779296875,29834.25390625,26651.93359375,28441.98828125,28441.98828125,16,28123.75703125,27964.6412109375,26890.60791015625,28489.72390625,32879.337109375,37982.983359375,52.79413998396196,-17.704239131253416,-390.4305814086669,372.7263422774135,30205.89617331282,26890.60791015625,23575.31964699968,66.66666666666673,62.74510181463959,TTNP
2006-01-03,28839.779296875,28839.779296875,26850.828125,27447.513671875,27447.513671875,6,27885.0828125,27825.4146484375,26801.10517578125,28370.3869140625,32744.08849609375,37876.57452148438,49.337478498093276,-28.18345868095639,-317.9811568631248,289.7976981821684,29950.625368672358,26801.10517578125,23651.58498289014,68.62744588357,65.6862738491048,TTNP
2006-01-04,28640.884765625,29834.25390625,28243.09375,28839.779296875,28839.779296875,10,28163.5359375,27745.856640625,26870.71845703125,28274.91734375,32630.7183203125,37782.09939453125,53.8893067533475,74.9914300898563,-239.38663947252857,314.3780695623849,30133.809484778136,26870.71845703125,23607.627429284363,67.64705627511836,67.64705627511835,TTNP
2006-01-05,29635.359375,30430.939453125,28839.779296875,30033.1484375,30033.1484375,8,28760.220703125,28024.3095703125,27079.558203125,28191.38140625,32521.3260546875,37686.62978515625,57.42061656221497,250.16939199616172,-141.4754331787905,391.6448251749522,30582.087621498315,27079.558203125,23577.02878475169,75.07002301550891,70.44817505806576,TTNP
2006-01-06,30629.833984375,31425.4140625,30232.044921875,31027.625,31027.625,8,29158.0109375,28501.6576171875,27338.12177734375,28147.62453125,32423.8675,37602.09939453125,60.15884998654965,463.89761338148674,-20.400823866735053,484.2984372482218,31187.601246561993,27338.12177734375,23488.642308125505,87.69257743279378,76.80321890780702,TTNP
2006-01-09,31425.4140625,34806.62890625,31226.51953125,33812.15625,33812.15625,17,30232.04453125,29177.90078125,27755.8013671875,28143.646640625,32356.243203125,37532.48615234375,66.62985105295243,848.189765596413,153.31729402589457,694.8724715705184,32424.499745586734,27755.8013671875,23087.10298878827,92.13436119067545,84.96565387965938,TTNP
2006-01-10,33812.15625,34209.9453125,33016.57421875,33812.15625,33812.15625,9,31504.973046875,29695.0279296875,28203.315234375,28151.6025,32306.519453125,37465.856328125,66.62985105295243,1139.607380401878,350.57531130109123,789.0320691007867,33366.31817399231,28203.315234375,23040.312294757692,91.11396705240067,90.31363522528996,TTNP
2006-01-11,34806.62890625,34806.62890625,31624.30859375,31823.205078125,31823.205078125,13,32101.658203125,30132.5970703125,28561.32626953125,28131.7130078125,32232.92830078125,37392.265166015626,58.72804218518869,1196.276274240612,519.7155038889954,676.5607703516167,33685.56706468621,28561.32626953125,23437.08547437629,82.9932181374642,88.74718212684677,TTNP
2006-01-12,31823.205078125,32618.78515625,30033.1484375,30828.728515625,30828.728515625,6,32260.77421875,30510.4974609375,28849.7240234375,28095.911875,32147.4034375,37322.65189453125,55.20291490174706,1147.7107385103845,645.3145508132732,502.3961876971114,33799.73404686659,28849.7240234375,23899.714000008404,72.78912764333455,82.29877094439979,TTNP
2006-01-13,30232.044921875,31425.4140625,30033.1484375,30629.833984375,30629.833984375,3,32181.216015625,30669.6134765625,29187.84560546875,28056.1328515625,32073.81228515625,37255.027587890625,54.498342629433814,1080.7152622857247,732.3946931077635,348.32056917796126,33627.92970892175,29187.84560546875,24747.76150201575,60.634925422036765,72.13909040094516,TTNP
2006-01-17,30033.1484375,31823.205078125,29834.25390625,31027.625,31027.625,5,31624.309765625,30928.1771484375,29446.4091796875,28044.1991796875,32002.21009765625,37196.35356445312,55.7157328558999,1047.6427022474818,795.4442949357071,252.19840731177464,33677.73475133228,29446.4091796875,25215.083608042718,56.76493316939132,63.39632874492087,TTNP
2006-01-18,30629.833984375,31425.4140625,30033.1484375,30232.044921875,30232.044921875,3,30908.2875,31206.6302734375,29516.0224609375,28028.287578125,31926.63,37137.67953125,52.68001042239935,946.327126728942,825.6208612943541,120.70626543458786,33750.94593114163,29516.0224609375,25281.098990733375,53.33334351691203,56.9110673694467,TTNP
2006-01-19,30828.728515625,31823.205078125,30232.044921875,31226.51953125,31226.51953125,5,30788.950390625,31445.304296875,29595.58046875,28020.331796875,31862.98359375,37084.97234375,55.91358915173078,935.4957799710683,847.5958450296969,87.89993494137138,33895.76310181983,29595.58046875,25295.39783568017,55.55556767886352,55.21794812172229,TTNP
2006-01-20,32220.994140625,32220.994140625,30828.728515625,31425.4140625,31425.4140625,3,30908.2875,31584.530859375,29804.42021484375,28044.1991796875,31805.3040234375,37030.2762109375,56.55304703963553,932.2149919274816,864.5196744092539,67.69531751822774,34033.50134678968,29804.42021484375,25575.339082897823,55.80850002221425,54.89913707266326,TTNP
2006-01-23,31226.51953125,32419.888671875,31027.625,31425.4140625,31425.4140625,4,31067.403515625,31624.309765625,30062.98369140625,28127.735078125,31749.6133984375,36972.59666015625,56.55304703963553,919.0210412730739,875.4199477820179,43.601093491056076,34015.49424292376,30062.98369140625,26110.473139888738,58.67886791235776,56.68097853781183,TTNP
2006-01-24,31425.4140625,33613.2578125,31226.51953125,33613.2578125,33613.2578125,9,31584.530078125,31604.419921875,30391.1603515625,28282.8731640625,31719.779140625,36928.83974609375,63.337200408963234,1072.7395723412956,914.8838726938734,157.85569964742217,34378.19975275545,30391.1603515625,26404.120950369546,65.95158686508914,60.14631826655371,TTNP
2006-01-25,33613.2578125,35204.41796875,33414.36328125,35204.41796875,35204.41796875,11,32579.0046875,31743.64609375,30719.33701171875,28477.790234375,31693.9227734375,36887.07177734375,67.33237834698474,1307.8795214278944,993.4830024406776,314.3965189872167,35133.68638145793,30719.33701171875,26304.98764197958,79.77272390813343,68.13439289519344,TTNP
2006-01-26,35801.10546875,37790.0546875,35204.41796875,37392.265625,37392.265625,12,33812.15390625,32300.5521484375,31216.574609375,28664.7515625,31681.9890625,36855.24857421875,71.8712580904267,1651.7305250977042,1125.1325069720829,526.5980181256214,36242.719166208386,31216.574609375,26190.430052541607,92.27272595394153,79.33234557572136,TTNP
2006-01-27,39779.00390625,41767.95703125,37392.265625,39779.00390625,39779.00390625,29,35482.871875,33195.5796875,31853.03857421875,28935.24875,31685.966953125,36839.33697265625,75.81844575396947,2092.7013962766396,1318.6462848329943,774.0551114436453,37754.927670118755,31853.03857421875,25951.149478318745,92.77777459541086,88.27440815249525,TTNP
2006-01-30,39779.00390625,40375.69140625,38585.63671875,39381.21484375,39381.21484375,10,37074.03203125,34070.7177734375,32370.165625,29185.856484375,31664.0884765625,36822.4308984375,73.95574912211235,2382.6104852769313,1531.4391249217817,851.1713603551495,38966.61703146999,32370.165625,25773.714218530014,86.11110356435431,90.38720137123555,TTNP
2006-01-31,39182.3203125,39977.90234375,38187.84375,38187.84375,38187.84375,9,37988.94921875,34786.7396484375,32857.4583984375,29424.53046875,31634.25421875,36802.54138671875,68.51730252431673,2487.397285587387,1722.630757054903,764.7665285324842,39657.92268215913,32857.4583984375,26056.994114715868,77.77775959281993,85.55554591752836,TTNP
2006-02-01,38187.84375,38187.84375,34806.62890625,36198.89453125,36198.89453125,13,38187.84453125,35383.424609375,33295.02744140625,29599.5580859375,31598.453125,36779.66845703125,60.52827220681167,2382.4861825048356,1854.6018421448894,527.8843403599462,39764.95684610262,33295.02744140625,26825.09803670988,67.77776395720983,77.22220903812801,TTNP
2006-02-02,36198.89453125,38784.53125,36198.89453125,38187.84375,38187.84375,4,38346.96015625,36079.55703125,33762.4306640625,29814.3646875,31598.453125,36751.82314453125,64.93172098715331,2431.802649876008,1970.0420036911132,461.760646184895,40228.04791933026,33762.4306640625,27296.813408794736,64.44442844168155,69.99998399723711,TTNP
2006-02-03,38784.53125,39381.21484375,36994.4765625,37591.16015625,37591.16015625,3,37909.39140625,36696.131640625,34140.33125,30025.1933984375,31594.475234375,36722.983359375,62.672850431358476,2395.12936583774,2055.0594761204384,340.0698897173015,40573.31623366085,34140.33125,27707.34626633916,62.777766139404775,64.99998617943206,TTNP
2006-02-06,37790.0546875,38784.53125,36596.68359375,36795.58203125,36795.58203125,8,37392.26484375,37233.1484375,34428.7291015625,30220.110546875,31574.5857421875,36678.2319921875,59.69112522699213,2275.6368926928044,2099.1749594349117,176.46193325789272,40794.48795808316,34428.7291015625,28062.97024504184,64.20903514476554,63.810409908617295,TTNP
2006-02-07,37790.0546875,38386.7421875,36000.0,36994.4765625,36994.4765625,5,37153.59140625,37571.2703125,34587.8451171875,30419.0055859375,31558.674140625,36637.458515625,60.2009090079434,2171.9504801269068,2113.730063573311,58.220416553595896,41042.47088357105,34587.8451171875,28133.219350803953,60.41593941071758,62.467580231629306,TTNP
2006-02-08,36795.58203125,38187.84375,36795.58203125,37790.0546875,37790.0546875,5,37471.8234375,37829.833984375,34786.7400390625,30633.8121875,31550.7183203125,36590.71818359375,62.25710820755459,2129.428036035373,2116.8696580657233,12.558377969649882,41377.22163049248,34786.7400390625,28196.258447632514,59.961392892126845,61.52878914920333,TTNP
2006-02-09,37790.0546875,39580.109375,37591.16015625,38784.53125,38784.53125,8,37591.1609375,37969.060546875,35134.80634765625,30868.5083203125,31554.6962109375,36547.95576171875,64.71138240022344,2151.1772083450196,2123.7311681215824,27.446040223437194,41797.37387125957,35134.80634765625,28472.238824052933,64.82642241913862,61.73458490732768,TTNP
2006-02-10,39779.00390625,44751.3828125,38784.53125,42364.640625,42364.640625,25,38545.85703125,38227.62421875,35711.601953125,31170.82875,31598.453125,36533.0386328125,71.8164737325382,2429.2950888343985,2184.8439522641456,244.45113657025286,42768.84453086676,35711.601953125,28654.359375383236,72.73716779439991,65.84166103522179,TTNP
2006-02-13,42563.53515625,42961.32421875,40176.796875,40972.375,40972.375,8,39381.215625,38386.740234375,36228.72900390625,31389.61328125,31628.2873828125,36524.088359375,66.2316308771796,2508.445514131381,2249.5642646375927,258.88124949378835,43236.24387916656,36228.72900390625,29221.21412864594,73.74726822232948,70.436952811956,TTNP
2006-02-14,40574.5859375,43160.22265625,40574.5859375,43160.22265625,43160.22265625,11,40614.36484375,38883.978125,36835.35888671875,31676.0221484375,31685.966953125,36525.0828515625,70.15882573364097,2716.4008397016005,2342.9315796503943,373.4692600512062,44034.80954261719,36835.35888671875,29635.908230820307,77.67319639295259,74.71921080322733,TTNP
2006-02-15,43558.01171875,45745.85546875,40773.48046875,42563.53515625,42563.53515625,16,41569.0609375,39520.4421875,37451.9333984375,31942.541484375,31737.6796484375,36515.13810546875,67.84152442328964,2800.7736635563124,2434.499996431578,366.2736671247344,44391.17563689668,37451.9333984375,30512.69115997831,73.85858403418652,75.09301621648953,TTNP
2006-02-16,43359.1171875,43756.90625,42364.640625,42961.32421875,42961.32421875,4,42404.41953125,39997.790234375,38038.6736328125,32252.8176953125,31799.3370703125,36510.16572265625,68.58644147026082,2866.692540068616,2520.9385051589857,345.75403490963026,44753.99553962477,38038.6736328125,31323.351726000226,76.48484789186817,76.00554277300243,TTNP
2006-02-17,43359.1171875,44751.3828125,42961.32421875,44154.6953125,44154.6953125,7,42762.43046875,40654.14375,38675.1376953125,32618.78453125,31872.928203125,36506.1878125,70.77366972212764,2980.867216722778,2612.924247471744,367.9429692510339,45172.00664189837,38675.1376953125,32178.26874872663,76.96969502195255,75.77104231600241,TTNP
2006-02-21,47138.12109375,50917.12890625,46143.64453125,49922.65234375,49922.65234375,28,44552.4859375,41966.85078125,39599.999609375,33100.1105078125,32002.2099609375,36537.01654296875,78.54817026080465,3496.4722426145236,2789.6338465003,706.8383961142235,46919.66124579709,39599.999609375,32280.337972952915,84.60904852307844,79.35453047896637,TTNP
2006-02-22,49524.86328125,63049.72265625,48928.17578125,62651.93359375,62651.93359375,125,48450.828125,44532.596484375,41051.9333984375,33843.977890625,32276.6851171875,36629.502734375,86.85722748795237,4876.031696032682,3206.9134164067764,1669.1182796259054,53062.55853520419,41051.9333984375,29041.308261670805,92.60370472990473,84.7274827583119,TTNP
2006-02-23,63646.41015625,69812.15625,61060.7734375,62651.93359375,62651.93359375,67,52468.5078125,47018.784375,42424.3091796875,34599.778984375,32547.18234375,36723.97787109375,86.85722748795239,5901.315806875595,3745.79389450054,2155.521912375055,57364.01364073683,42424.3091796875,27484.60471863817,90.39336451871418,89.20203925723244,TTNP
2006-02-24,62651.93359375,62651.93359375,51712.70703125,56486.1875,56486.1875,56,55173.48046875,48788.95,43379.0052734375,35236.243046875,32760.0000390625,36791.6021875,71.33537715618417,6145.495227471882,4225.734161094808,1919.7610663770738,59317.386081085846,43379.0052734375,27440.62446578915,79.3137241112226,87.43693111994715,TTNP
2006-02-27,56486.1875,63845.3046875,55889.50390625,62850.828125,62850.828125,31,58912.70703125,50837.56875,44532.596484375,35992.044140625,33024.5304296875,36891.04970703125,76.08611073984196,6774.490376343936,4735.485404144633,2039.0049721993028,62475.48552448167,44532.596484375,26589.70744426832,72.94117207599466,80.88275356864379,TTNP
2006-02-28,63447.515625,69215.46875,63049.72265625,68817.6796875,68817.6796875,51,62691.7125,53622.09921875,46004.4197265625,36891.0496875,33354.696171875,37005.41435546875,79.51400581689421,7666.0788327098635,5321.604089857679,2344.474742852184,66642.44092908273,46004.4197265625,25366.39852404226,78.99597940579633,77.08362519767117,TTNP
2006-03-01,74585.6328125,77370.1640625,71602.2109375,73193.3671875,73193.3671875,55,64799.99921875,56625.413671875,47754.6958984375,37837.7899609375,33752.4862109375,37127.73478515625,81.59727414201726,8626.311767666535,5982.5456254194505,2643.7661422470846,71191.88969913789,47754.6958984375,24317.50209773711,88.63323434881475,80.1901286102019,TTNP
2006-03-02,73790.0546875,87513.8125,70607.734375,87513.8125,87513.8125,73,69772.375,61120.44140625,50320.441796875,39011.270625,34303.42544921875,37319.66849609375,86.45276991812598,10422.697177331545,6870.5759358018695,3552.121241529676,78823.4242150351,50320.441796875,21817.45937871489,95.49598125905753,87.70839833788953,TTNP
2006-03-03,93480.6640625,99248.6171875,86519.3359375,96861.875,96861.875,128,77847.5125,66510.496484375,53254.143359375,40355.8009375,34953.8121484375,37565.30384765625,88.57238414006444,12457.058855247647,7987.872519691025,4469.186335556622,87631.09204807435,53254.143359375,18877.19467067565,95.1531963124625,93.09413730677825,TTNP
2006-03-06,97458.5625,98453.0390625,77569.0625,81348.0625,81348.0625,126,81546.959375,70229.833203125,55441.9884765625,41437.7898046875,35403.3148828125,37735.35908203125,69.21703798190106,12671.402091731798,8924.57843409918,3746.823657632618,91098.9062638584,55441.9884765625,19785.0706892666,88.4837044347672,93.04429400209574,TTNP
2006-03-07,83734.8046875,88309.390625,79558.0078125,82342.5390625,82342.5390625,53,84251.93125,73471.821875,57719.336328125,42559.5576953125,35886.629765625,37913.3701171875,69.67451684606539,12774.262847903352,9694.515316860014,3079.7475310433383,94131.70734186802,57719.336328125,21306.965314381967,78.84651555207233,87.49447209976734,TTNP
2006-03-08,82342.5390625,83535.9140625,70011.046875,74983.421875,74983.421875,64,84609.9421875,74704.970703125,59618.78359375,43518.231640625,36298.342421875,38055.5800390625,62.296492672009975,12122.224031110076,10180.057059710027,1942.166971400049,95467.56224346012,59618.78359375,23770.004944039865,65.97420232035715,77.76814076906555,TTNP
2006-03-09,75580.109375,78762.4296875,69613.2578125,70607.734375,70607.734375,50,81228.7265625,75500.55078125,61259.667578125,44357.5686328125,36676.24296875,38184.861796875,58.34061909033581,11124.164712755126,10368.878590319047,755.2861224360786,95947.09550810035,61259.667578125,26572.239648149654,59.18256541916029,68.0010944305299,TTNP
2006-03-10,70607.734375,75182.3203125,70607.734375,73988.953125,73988.953125,27,76654.1421875,77250.82734375,63019.888671875,45288.397421875,37078.0109375,38334.0330859375,60.43154916391725,10485.165150365858,10392.13590232841,93.02924803744827,96519.21306379253,63019.888671875,29520.564279957478,52.964576152465064,59.37378129732749,TTNP
2006-03-13,74585.6328125,79558.0078125,74585.6328125,76972.375,76972.375,31,75779.0046875,78662.98203125,64750.275390625,46286.8504296875,37487.7346875,38505.0828125,62.232773771832385,10103.029173845876,10334.314556631904,-231.28538278602718,97366.74826095435,64750.275390625,32133.802520295645,52.42743403927312,54.85819187029947,TTNP
2006-03-14,78563.5390625,83138.125,77767.953125,82939.2265625,82939.2265625,44,75898.3421875,80075.13671875,66848.61796875,47364.861484375,37980.994375,38707.9557421875,65.60508969486385,10164.488813480137,10300.34940800155,-135.86059452141308,98460.51471268985,66848.61796875,35236.72122481014,57.95202370425966,54.44801129866593,TTNP
2006-03-15,83138.125,86917.125,82541.4375,86121.546875,86121.546875,26,78125.9671875,81367.9546875,68996.6841796875,48518.45265625,38504.08828125,38926.7402734375,67.28300454348808,10350.666632270731,10310.412852855387,40.25377941534498,99703.62810434491,68996.6841796875,38289.74025503008,64.60218171248948,58.3272131520074,TTNP
2006-03-16,75977.8984375,79558.0078125,69613.2578125,72198.8984375,72198.8984375,122,78444.2,79836.46328125,70478.45234375,49413.4803515625,38891.9336328125,39073.9226171875,54.708445598909506,9267.937508020957,10101.9177838885,-833.9802758675432,98699.76378378534,70478.45234375,42257.140903714666,58.56333501847019,60.372513478406425,TTNP
2006-03-17,71602.2109375,71602.2109375,67624.3125,69215.46875,69215.46875,30,77489.503125,77071.82265625,71791.1595703125,50220.994140625,39247.9557421875,39207.18228515625,52.44649813730295,8076.033546622755,9696.740936435352,-1620.7073898125964,97058.33542767476,71791.1595703125,46523.983712950256,42.344198000641136,55.16990491053358,TTNP
2006-03-20,68618.78125,71602.2109375,67624.3125,69613.2578125,69613.2578125,36,76017.6796875,75898.3421875,73064.0876953125,51012.596328125,39601.9888671875,39345.41431640625,52.727145958498376,7081.903547132737,9173.77345857483,-2091.8699114420924,94976.24440431494,73064.0876953125,51151.93098631005,20.31231594706442,40.40661632205856,TTNP
2006-03-21,70408.8359375,70408.8359375,66430.9375,68022.1015625,68022.1015625,18,73034.2546875,74466.2984375,73969.06015625,51752.485859375,39950.0551953125,39474.69609375,51.41990655947885,6095.3914700720925,8558.097060874283,-2462.7055908021903,93329.99582130101,73969.06015625,54608.12449119898,9.390252624360775,24.015588857355425,TTNP
2006-03-22,68022.1015625,68419.890625,65237.5703125,68419.890625,68419.890625,36,69493.9234375,73809.9453125,74257.4580078125,52444.640546875,40294.14359375,39598.011015625,51.74202430937388,5284.75245775879,7903.428140251184,-2618.675682492394,93100.3962689776,74257.4580078125,55414.519746647406,6.831505166643541,12.178024579356226,TTNP
2006-03-23,69414.3671875,70408.8359375,68022.1015625,68220.9921875,68220.9921875,15,68698.3421875,73571.27109375,74535.9109375,53132.817265625,40642.2098828125,39721.32591796875,51.55794071283514,4573.544781214077,7237.451468443763,-2663.9066872296853,92841.54730209429,74535.9109375,56230.2745729057,7.729082529984514,7.983613440329591,TTNP
2006-03-24,69613.2578125,69613.2578125,65834.2578125,68022.1015625,68022.1015625,17,68459.66875,72974.5859375,75112.706640625,53856.7951953125,40994.2541015625,39853.59111328125,51.361163794271604,3948.3447023689223,6579.630115228794,-2631.285412859872,91758.8169628865,75112.706640625,58466.59631836349,10.135907275545929,8.232164990724641,TTNP
2006-03-27,68022.1015625,68419.890625,65635.359375,66629.8359375,66629.8359375,11,67862.984375,71940.33203125,75301.65703125,54572.81734375,41334.364609375,39975.9115625,49.924726222691156,3302.4562750415935,5924.195347191354,-2621.7390721497604,91465.54474390218,75301.65703125,59137.76931859781,9.15767253384757,9.007554113125984,TTNP
2006-03-28,67425.4140625,67425.4140625,63049.72265625,63646.41015625,63646.41015625,33,66987.84609375,70011.050390625,75043.0935546875,55233.1488671875,41644.640859375,40086.29830078125,46.89792861129628,2520.7894246422075,5243.514162681525,-2722.7247380393173,91769.25298254687,75043.0935546875,58316.93412682812,6.997000774923748,8.763526861439063,TTNP
2006-03-29,63845.3046875,66629.8359375,63447.515625,65237.5703125,65237.5703125,16,66351.38203125,67922.652734375,74645.3037109375,55917.3477734375,41980.7734765625,40204.64083984375,48.68481495667065,2006.575586512874,4596.126447447795,-2589.550860934921,91898.61706956301,74645.3037109375,57391.99035231199,6.02956948294747,7.394747597239576,TTNP
2006-03-30,65635.359375,69613.2578125,65635.359375,67624.3125,67624.3125,19,66232.04609375,67465.194140625,73650.8287109375,56665.193125,42346.7403515625,40343.8673828125,51.330387381791056,1771.2299267361814,4031.147143305472,-2259.9172165692908,90096.49864482603,73650.8287109375,57205.15877704895,10.277790734562455,7.768120330811204,TTNP
2006-03-31,68618.78125,68817.6796875,65635.359375,67027.625,67027.625,16,66033.15078125,67246.409765625,72159.1162109375,57381.215234375,42700.773515625,40485.0828515625,50.62765864624718,1519.0583422759664,3528.729383099571,-2009.6710408236045,84909.88349594803,72159.1162109375,59408.34892592697,15.000012274848643,10.43579083078617,TTNP
2006-04-03,66629.8359375,67425.4140625,64839.77734375,66033.1484375,66033.1484375,17,65913.81328125,66888.398828125,71393.3705078125,58073.369921875,43058.78455078125,40611.38119140625,49.413457306048294,1224.8453427156637,3067.9525750227895,-1843.1072323071257,83675.66466976194,71393.3705078125,59111.07634586307,16.111120658215622,13.796307889208885,TTNP
2006-04-04,66232.046875,66430.9375,65635.359375,66232.046875,66232.046875,15,66430.940625,66709.393359375,70587.8458984375,58769.502578125,43448.618828125,40730.71822265625,49.673426405841454,996.2447729152482,2653.611014601281,-1657.366241686033,81972.49627586044,70587.8458984375,59203.195521014575,16.1479369007784,15.753023277947534,TTNP
2006-04-05,65635.359375,65834.2578125,64044.19921875,64640.8828125,64640.8828125,7,66311.603125,66331.492578125,70070.7189453125,59390.055078125,43836.46412109375,40842.09943359375,47.567397183505264,678.8580790782871,2258.660427496682,-1579.802348418395,81548.94352185377,70070.7189453125,58592.49436877124,16.793927234771655,16.350994931255205,TTNP
2006-04-06,64640.8828125,65436.46484375,64441.98828125,64640.8828125,64640.8828125,10,65714.9171875,65973.481640625,69772.3763671875,59978.784375,44228.2873046875,40955.46958984375,47.567397183505264,422.4570160541334,1891.4197452081723,-1468.962729154039,81487.00624718469,69772.3763671875,58057.74648719033,18.828808503461897,17.25689087967063,TTNP
2006-04-07,65038.67578125,65038.67578125,62254.14453125,62453.0390625,62453.0390625,14,64800.0,65416.575390625,69195.5806640625,60479.99984375,44572.375703125,41058.895,44.55503119875345,42.22982119413791,1521.5817604053655,-1479.3519392112275,81156.36725599732,69195.5806640625,57234.79407212766,13.21610380688272,16.279613181705404,TTNP
2006-04-10,62850.828125,62850.828125,56486.1875,57281.76953125,57281.76953125,32,63049.72421875,64481.76875,68211.050390625,60830.05515625,44882.651953125,41148.3977734375,38.369830669338,-668.6731552909769,1083.530777266097,-1752.2039325570738,80680.0234667655,68211.050390625,55742.077314484486,8.919322171296932,13.65474482721383,TTNP
2006-04-11,50718.23046875,55690.609375,50718.23046875,53701.65625,53701.65625,41,60543.64609375,63487.293359375,66749.171875,61116.463984375,45151.160234375,41219.99998046875,34.7710219401685,-1503.6212971349742,566.1003623858827,-2069.721659520857,78817.6267633184,66749.171875,54680.71698668159,7.768279806820594,9.967901928333395,TTNP
2006-04-12,53303.8671875,59270.71875,52906.078125,56685.08203125,56685.08203125,16,58952.4859375,62632.04453125,65277.3486328125,61486.40875,45455.469609375,41311.4916796875,39.83525964568928,-1902.6535818744596,72.34957353381418,-1975.0031554082739,74342.7745475113,65277.3486328125,56211.922718113696,17.48159047476442,11.389730817627296,TTNP
2006-04-13,56088.3984375,57679.55859375,55093.921875,56685.08203125,56685.08203125,8,57361.32578125,61538.121484375,64501.6578125,61896.1325,45747.84529296875,41405.96681640625,39.835259645689284,-2193.6030518911575,-380.8409515511802,-1812.7621003399772,73718.97850512725,64501.6578125,55284.33711987276,26.10314073329788,17.11767033829428,TTNP
2006-04-17,56088.3984375,58674.03125,52508.2890625,53502.76171875,53502.76171875,13,55571.2703125,60185.63515625,63716.0224609375,62202.430859375,46008.3977734375,41485.52482421875,36.344571287553315,-2650.4169003157294,-834.7561413040901,-1815.6607590116394,73827.46397407292,63716.0224609375,53604.580947802075,25.96491677807928,23.183215995380507,TTNP
2006-04-18,53701.65625,53900.55078125,52110.49609375,53701.65625,53701.65625,14,54855.24765625,58952.4859375,62920.4423828125,62524.64078125,46274.91708984375,41572.04416015625,36.71781160420013,-2962.24907649948,-1260.2547283431682,-1701.9943481563118,73541.71763551782,62920.4423828125,52299.16713010718,20.701758157958974,24.25660522311203,TTNP
2006-04-19,54696.1328125,56486.1875,53502.76171875,54895.02734375,54895.02734375,16,55093.921875,57818.783984375,62264.088671875,62886.6296875,46553.3701171875,41665.52482421875,39.02786418583421,-3077.6065167260676,-1623.725086019748,-1453.8814307063196,73161.99485843166,62264.088671875,51366.182485318335,17.543864364115368,21.40351310005119,TTNP
2006-04-20,54895.02734375,57480.6640625,54895.02734375,57082.87109375,57082.87109375,8,55173.4796875,57062.9828125,61697.2376953125,63288.397578125,46853.70158203125,41764.97232421875,43.12682108624927,-2958.3849924964597,-1890.6570673150904,-1067.7279251813693,72433.59195146598,61697.2376953125,50960.88343915902,24.353192207019315,20.866271576364536,TTNP
2006-04-21,57281.76953125,59071.82421875,57281.76953125,57679.55859375,57679.55859375,7,55372.375,56366.850390625,61170.166015625,63686.18765625,47159.999921875,41866.4087890625,44.2280387802599,-2783.665023456211,-2069.2586585433146,-714.4063649128966,71604.46326217066,61170.166015625,50735.868769079345,32.97892572310196,24.95866076474553,TTNP
2006-04-24,57679.55859375,57679.55859375,54696.1328125,56088.3984375,56088.3984375,4,55889.50234375,55730.386328125,60573.480859375,64032.265,47450.38666015625,41957.9005078125,41.898267023642745,-2741.983635408076,-2203.8036539162667,-538.1799814918095,70733.47566854811,60573.480859375,50413.48605020188,37.00291216523152,31.44501003178425,TTNP
2006-04-25,57082.87109375,57082.87109375,50917.12890625,51513.8125,51513.8125,17,55451.93359375,55153.590625,59817.6796875,64215.2484375,47693.03859375,42028.5082421875,36.023110011508,-3043.003834824405,-2371.6436900978943,-671.360144726511,70306.73034362224,59817.6796875,49328.62903137776,27.03569161655786,32.339176501630426,TTNP
2006-04-26,50121.546875,52309.390625,49922.65234375,50718.23046875,50718.23046875,8,54616.57421875,54855.248046875,59171.270703125,64410.165546875,47899.8894140625,42084.19884765625,35.10125231292844,-3307.632998286499,-2558.841551735615,-748.7914465508838,70215.58893390905,59171.270703125,48126.952472340956,14.856196885624138,26.298266889137825,TTNP
2006-04-27,50718.23046875,51513.8125,46143.64453125,47535.91015625,47535.91015625,16,52707.18203125,53940.330859375,58286.1876953125,64497.679296875,48086.85072265625,42116.02205078125,31.616007301596294,-3731.1300259472628,-2793.299246577945,-937.830779369318,70057.33047250153,58286.1876953125,46515.044918123465,5.919927638128094,15.937272046770017,TTNP
2006-04-28,48729.28125,49922.65234375,46939.2265625,49127.0703125,49127.0703125,12,50996.684375,53184.5296875,57361.3255859375,64628.95,48285.7457421875,42160.77341796875,35.08657040825426,-3893.4795362832156,-3013.335304518999,-880.1442317642168,68957.70837835976,57361.3255859375,45764.942793515234,10.117919277021974,10.298014600258055,TTNP
2006-05-01,49127.0703125,51314.91796875,49127.0703125,49723.7578125,49723.7578125,8,49723.75625,52806.629296875,56496.1322265625,64764.198671875,48508.50818359375,42198.5634765625,36.3902971874714,-3928.707306075972,-3196.4097048303934,-732.2976012455788,67652.33566224214,56496.1322265625,45339.92879088285,17.49943637306221,11.17909442940408,TTNP
2006-05-02,49723.7578125,49723.7578125,48331.4921875,48530.38671875,48530.38671875,2,49127.07109375,52289.50234375,55620.994140625,64851.7125,48735.248515625,42230.3866796875,34.88140150800838,-4006.7335114711386,-3358.4744661585423,-648.2590453125963,66386.54536097344,55620.994140625,44855.44292027656,21.103905399571335,16.24042034988516,TTNP
2006-05-03,49723.7578125,49723.7578125,47734.8046875,48729.28125,48729.28125,8,48729.28125,51672.927734375,54745.855859375,64827.845078125,48963.97779296875,42256.24302734375,35.36245181770348,-4006.338142704146,-3488.047201467663,-518.2909412364829,64736.54544116727,54745.855859375,44755.16627758273,21.81819284984944,20.14051154082765,TTNP
2006-05-04,48132.59765625,49524.86328125,47734.8046875,49524.86328125,49524.86328125,3,49127.071875,50917.126953125,53990.0548828125,64565.303671875,49204.64078125,42285.0828125,37.355933292058396,-3896.9068724570243,-3569.819135665535,-327.0877367914891,63122.32617064621,53990.0548828125,44857.7835949788,21.445233574335692,21.455777274585476,TTNP
2006-05-05,49723.7578125,55292.81640625,48729.28125,55292.81640625,55292.81640625,11,50360.22109375,50678.452734375,53522.6515625,64418.121328125,49508.95015625,42347.73474609375,49.512989507004065,-3306.6393103265727,-3517.183170597743,210.54386027117016,61279.96590569012,53522.6515625,45765.337219309884,38.97436377776992,27.41259673398501,TTNP
2006-05-08,56685.08203125,56685.08203125,51911.6015625,52707.18359375,52707.18359375,7,50956.90625,50340.33125,53035.3587890625,64342.54125,49789.3921484375,42402.43087890625,45.2716359041689,-3012.757777343162,-3416.298091946827,403.5403146036647,59623.88990399761,53035.3587890625,46446.82767412739,49.230776358411255,36.55012457017228,TTNP
2006-05-09,53303.8671875,53502.76171875,49723.7578125,49922.65234375,49922.65234375,5,51235.359375,50181.215234375,52667.4029296875,64083.977734375,50038.0109375,42431.2706640625,41.18047455015111,-2970.3031400787368,-3327.099101573209,356.79596149447207,59086.013654707174,52667.4029296875,46248.79220466783,50.25641459497499,46.15385157705205,TTNP
2006-05-10,50320.44140625,51513.8125,48928.17578125,49723.7578125,49723.7578125,4,51434.2546875,50081.76796875,52468.5080078125,63702.099296875,50296.5744921875,42454.14359375,40.89618646282497,-2919.057581864974,-3245.4907976315617,326.43321576658764,58992.26461030926,52468.5080078125,45944.75140531574,35.89744906807871,45.128213340488315,TTNP
2006-05-11,49723.7578125,50718.23046875,48729.28125,48729.28125,48729.28125,3,51275.13828125,50201.105078125,52070.71796875,63212.817578125,50525.30376953125,42474.0330859375,39.430451464742305,-2924.9737782004595,-3181.3873937453413,256.41361554488185,58486.86296385042,52070.71796875,45654.572973649585,26.44563450953891,37.53316605753087,TTNP
2006-05-12,48928.17578125,49325.96875,43756.90625,46740.33203125,46740.33203125,10,49564.64140625,49962.43125,51573.48046875,62397.34796875,50704.309296875,42489.9446875,36.60476425467427,-3054.938555990935,-3156.09762619446,101.15907020352506,58023.44696329951,51573.48046875,45123.51397420049,24.164729656050312,28.835937744555974,TTNP
2006-05-15,46143.64453125,46342.54296875,43756.90625,44353.58984375,44353.58984375,15,47893.92265625,49425.414453125,51116.021875,61347.182265625,50851.4916015625,42497.90048828125,33.50212561399178,-3312.3440856730303,-3187.3469180901743,-124.99716758285604,58218.55193265552,51116.021875,44013.491817344475,16.472413131663426,22.360925765750878,TTNP
2006-05-16,44751.3828125,46740.33203125,44353.58984375,45745.85546875,45745.85546875,9,47058.56328125,49146.961328125,50718.2318359375,60635.138125,51036.46396484375,42511.82314453125,36.86392972524912,-3365.2036492624466,-3222.9182643246286,-142.28538493781798,58083.258786405444,50718.2318359375,43353.20488546955,14.129349232534986,18.255497340082904,TTNP
2006-05-17,45745.85546875,45745.85546875,43955.80078125,45745.85546875,45745.85546875,5,46262.9828125,48848.61875,50260.7732421875,59903.204453125,51231.38107421875,42526.7402734375,36.863929725249115,-3368.2679381229536,-3251.9881990842937,-116.27973903865995,57667.68418573959,50260.7732421875,42853.8622986354,11.794863427637482,14.132208597278627,TTNP
2006-05-18,44950.27734375,46740.33203125,44751.3828125,44751.3828125,44751.3828125,6,45467.403125,48371.270703125,49644.198828125,59298.563671875,51408.39765625,42533.7016015625,35.38213256348912,-3411.615066496597,-3283.9135725667543,-127.70149392984285,56722.62707565934,49644.198828125,42565.770580590666,12.82051204576897,12.914908235313808,TTNP
2006-05-19,45348.06640625,45348.06640625,41767.95703125,42563.53515625,42563.53515625,12,44632.04375,47098.342578125,48888.39765625,58737.6796875,51547.62416015625,42523.75685546875,32.3055201882006,-3581.226845447498,-3343.376227142903,-237.85061830459472,55591.60309127117,48888.39765625,42185.192221228834,9.470082829757995,11.361819434388144,TTNP
2006-05-22,42364.640625,42364.640625,35005.5234375,35801.10546875,35801.10546875,70,42921.546875,45407.734765625,47874.0330078125,57973.922734375,51631.160078125,42480.99443359375,25.053907309794948,-4212.754945389686,-3517.2519707922597,-695.5029745974266,55917.953796476606,47874.0330078125,39830.11221914839,5.565124536367616,9.285239803964854,TTNP
2006-05-23,35801.10546875,41767.95703125,35801.10546875,37790.0546875,37790.0546875,26,41330.38671875,44194.475,47187.8451171875,57190.276328125,51738.56337890625,42447.18228515625,30.028790306701058,-4500.870699171857,-3713.975716468179,-786.8949827036781,56160.524269586516,47187.8451171875,38215.16596478848,7.2823648765232685,7.439190747549621,TTNP
2006-05-24,37790.0546875,37790.0546875,33613.2578125,36397.7890625,36397.7890625,46,39460.7734375,42861.878125,46471.823046875,56259.447578125,51812.15453125,42409.3922265625,28.597759529664934,-4786.374365819749,-3928.455446338493,-857.9189194812561,56434.28050162742,46471.823046875,36509.36559212257,9.527580864647476,7.458356759179448,TTNP
2006-05-25,36397.7890625,36994.4765625,35204.41796875,36795.58203125,36795.58203125,14,37869.61328125,41668.508203125,45934.806640625,55272.92828125,51895.69046875,42387.5137890625,29.629619398390588,-4923.781225477556,-4127.520602166305,-796.260623311251,56732.791814658594,45934.806640625,35136.821466591406,12.902042757883507,9.903996166351412,TTNP
2006-05-26,37591.16015625,38187.84375,36795.58203125,36994.4765625,36994.4765625,12,36755.8015625,40693.92265625,45328.176953125,54568.83984375,51991.16009765625,42367.624296875,30.172973381490742,-4959.458475132793,-4293.908176759603,-665.5502983731903,56689.174991089516,45328.176953125,33967.17891516049,14.2873678183747,12.238997146968556,TTNP
2006-05-30,36994.4765625,39381.21484375,36795.58203125,38585.63671875,38585.63671875,6,37312.7078125,40117.12734375,44771.2708984375,53956.243203125,52088.618671875,42359.66849609375,34.528314854804975,-4803.962536043495,-4395.919048616381,-408.0434874271141,56306.42770481933,44771.2708984375,33236.114092055665,19.52364235086948,15.57101764237589,TTNP
2006-05-31,39182.3203125,41171.26953125,39182.3203125,39381.21484375,39381.21484375,4,37630.93984375,39480.66328125,44313.8123046875,53351.60234375,52182.0993359375,42351.7126953125,36.65576493878146,-4563.924299879021,-4429.5200988689085,-134.40420101011296,55941.67193543056,44313.8123046875,32685.952673944434,26.166248237450308,19.99241946889816,TTNP
2006-06-01,39779.00390625,41370.1640625,38585.63671875,39977.90234375,39977.90234375,6,38346.9625,38903.86796875,43876.243359375,52790.718359375,52271.602109375,42347.7348046875,38.275748043573266,-4276.250618554965,-4398.86620280612,122.61558425115527,55465.11746780861,43876.243359375,32287.369250941396,34.001690614167664,26.563860400829146,TTNP
2006-06-02,41171.26953125,42762.4296875,40375.69140625,41569.0625,41569.0625,8,39301.65859375,38585.6359375,43478.4533203125,52253.701796875,52349.171171875,42352.7071875,42.498849926027724,-3875.202899998447,-4294.133542244585,418.93064224613863,54807.72031953297,43478.4533203125,32149.186321092035,44.94445211800687,35.03746365654161,TTNP
2006-06-05,41767.95703125,41767.95703125,40375.69140625,40375.69140625,40375.69140625,3,39977.9015625,38366.8515625,42732.5970703125,51696.79578125,52414.8065234375,42360.66298828125,40.273290765432826,-3612.0275621692854,-4157.712346229526,545.6847840602404,52739.42852840999,42732.5970703125,32725.765612215007,50.87586060625779,43.27400111281077,TTNP
2006-06-06,39977.90234375,40773.48046875,36795.58203125,39580.109375,39580.109375,11,40176.79609375,38744.751953125,42076.243359375,51127.9559375,52492.37556640625,42362.65193359375,38.8139913595798,-3428.1385841730007,-4011.797593818221,583.6590096452201,51048.5694527821,42076.243359375,33103.9172659679,52.52526064085316,49.44852445503927,TTNP
2006-06-07,38784.53125,39580.109375,37392.265625,37392.265625,37392.265625,3,39779.00625,38704.973046875,41449.7240234375,50543.20453125,52558.0109375,42352.7071875,35.05248249720692,-3419.527762846301,-3893.3436276238367,473.8158647775358,49876.30294411634,41449.7240234375,33023.14510275866,41.919198682192466,48.44010664310114,TTNP
2006-06-08,38784.53125,38784.53125,36795.58203125,37193.37109375,37193.37109375,8,39222.1,38784.53125,40823.2046875,50014.14375,52623.64630859375,42348.729296875,34.72303765047261,-3389.678645919732,-3792.6106312830157,402.93198536328373,48528.3008852847,40823.2046875,33118.108489715305,34.91697563515016,43.12047831939859,TTNP
2006-06-09,38187.84375,40375.69140625,38187.84375,38386.7421875,38386.7421875,5,38585.6359375,38943.647265625,40306.077734375,49477.1271875,52697.23748046875,42349.7237890625,38.46032500259046,-3232.466075083583,-3680.5817200431293,448.11564495954644,47160.63000676174,40306.077734375,33451.52546198826,37.15677810859187,37.997650808644835,TTNP
2006-06-12,37790.0546875,39381.21484375,37790.0546875,37790.0546875,37790.0546875,2,38068.50859375,39023.205078125,39858.5638671875,48880.44203125,52772.817578125,42349.7237890625,37.31010957475093,-3120.055615595622,-3568.4764991536276,448.4208835580057,46117.15483742134,39858.5638671875,33599.97289695366,42.77820947179904,38.283987738513694,TTNP
2006-06-13,37591.16015625,37988.94921875,36198.89453125,36198.89453125,36198.89453125,7,37392.265625,38784.530859375,39450.8291015625,48263.867421875,52822.541328125,42342.7624609375,34.35916859316352,-3123.3587083404345,-3479.452940990989,356.09423265055466,45545.29828271202,39450.8291015625,33356.35992041298,42.02900592665213,40.654664502347686,TTNP
2006-06-14,36198.89453125,36596.68359375,34408.83984375,34408.83984375,34408.83984375,5,36795.58046875,38287.293359375,38883.9783203125,47631.38125,52852.3755859375,42328.8398046875,31.35466169245423,-3233.149155410123,-3430.192183874816,197.04302846469272,44629.945176258385,38883.9783203125,33138.01146436661,24.637689203428664,36.48163486729328,TTNP
2006-06-15,34607.734375,40176.796875,34607.734375,38187.84375,38187.84375,5,36994.475,38108.2875,38506.077734375,47070.4971875,52919.9998828125,42334.806640625,42.73850626022645,-2980.863306257772,-3340.326408351407,359.4631020936349,43314.89762767186,38506.077734375,33697.25784107814,24.499655183488073,30.38878343785629,TTNP
2006-06-16,38784.53125,39381.21484375,37392.265625,38386.7421875,38386.7421875,2,36994.475,37790.05546875,38187.845703125,46545.414375,52967.7347265625,42343.75693359375,43.27173813084746,-2733.3669587024197,-3218.9345184216095,485.56755971918983,42050.71294833193,38187.845703125,34324.97845791807,30.952386519206442,26.696576968707728,TTNP
2006-06-19,37988.94921875,44552.484375,37988.94921875,40972.375,40972.375,9,37630.9390625,37849.723828125,38108.2876953125,46072.04421875,53025.414296875,42359.66853515625,49.81437644845402,-2302.048775903182,-3035.557369917924,733.5085940147419,41660.444010940635,38108.2876953125,34556.13137968437,52.521015480356816,35.99101906101711,TTNP
2006-06-20,39977.90234375,40773.48046875,37392.265625,38585.63671875,38585.63671875,7,38108.2875,37750.2765625,38247.5142578125,45594.696171875,53037.3480078125,42359.66853515625,44.69057798754974,-2128.282327189787,-2854.1023613722964,725.8200341825095,41641.80841132323,38247.5142578125,34853.22010430177,51.1671514751737,44.880184491578994,TTNP
2006-06-21,38585.63671875,40773.48046875,38585.63671875,39977.90234375,39977.90234375,5,39222.1,38008.840234375,38356.906640625,45248.618828125,53039.3369921875,42362.65197265625,48.04753285136306,-1856.8226684862457,-2654.6464227950864,797.8237543088408,41825.387685806614,38356.906640625,34888.42559544338,53.5947886087849,52.42765185477182,TTNP
2006-06-22,39779.00390625,40176.796875,38784.53125,38983.42578125,38983.42578125,3,39381.21640625,38187.845703125,38486.1884765625,44954.25421875,53035.3591015625,42349.7237890625,45.904358799790266,-1702.3116910861936,-2464.179476453308,761.8677853671143,41843.92320374111,38486.1884765625,35128.45374938389,47.058843161621574,50.606927748526736,TTNP
2006-06-23,38784.53125,41171.26953125,38784.53125,39977.90234375,39977.90234375,4,39699.4484375,38346.96171875,38645.3044921875,44620.110625,53053.2596875,42343.756953125,48.383817695652354,-1482.52505490568,-2267.8485921437823,785.3235372381023,41968.93547262343,38645.3044921875,35321.67351175156,51.634008825569346,50.76254686532528,TTNP
2006-06-26,38784.53125,45745.85546875,38784.53125,41966.8515625,41966.8515625,15,39898.34375,38764.64140625,38893.9232421875,44325.746015625,53110.9392578125,42354.69619140625,53.021564314908765,-1134.7700597653238,-2041.2328856680906,906.4628259027668,42423.90428747364,38893.9232421875,35363.94219690136,55.55557222041344,51.416141402534784,TTNP
2006-06-27,46740.33203125,46740.33203125,41370.1640625,41370.1640625,41370.1640625,10,40455.24921875,39281.768359375,39033.149609375,44083.0940625,53142.7624609375,42370.60779296875,51.525831321310264,-896.9795928061867,-1812.3822270957098,915.4026342895231,42719.68943131203,39033.149609375,35346.60978743798,59.340087557690715,55.50988953455783,TTNP
2006-06-28,40773.48046875,41171.26953125,38585.63671875,39580.109375,39580.109375,4,40375.690625,39798.8953125,39043.0943359375,43800.663125,53162.651953125,42378.56359375,47.22204800268602,-843.250916068333,-1618.5559648902345,775.3050488219014,42734.40621438252,39043.0943359375,35351.78245749248,55.0179157788105,56.63785851897155,TTNP
2006-06-29,39182.3203125,40574.5859375,39182.3203125,39779.00390625,39779.00390625,1,40534.80625,39958.011328125,39033.1494140625,43498.34265625,53192.486171875,42383.53595703125,47.74432402374331,-775.6798715037075,-1449.980746212929,674.3008747092215,42715.394266717776,39033.1494140625,35350.904561407224,47.3118136512356,53.889938995912274,TTNP
2006-06-30,39779.00390625,42563.53515625,39779.00390625,42563.53515625,42563.53515625,4,41051.9328125,40375.690625,39082.873046875,43207.9559375,53248.1767578125,42403.42544921875,54.528549842073595,-491.77208876499935,-1258.339014723343,766.5669259583437,42924.173745610824,39082.873046875,35241.572348139176,50.537622487140794,50.955783972395636,TTNP
2006-07-03,42165.74609375,42563.53515625,40972.375,41569.0625,41569.0625,2,40972.375,40435.359375,39142.5416015625,42885.746015625,53285.9668359375,42418.342578125,51.9352400377128,-343.0641279866395,-1075.2840373760023,732.2199093893628,43097.70296991801,39142.5416015625,35187.38023320699,55.913974066652344,51.25447006834292,TTNP
2006-07-05,41569.0625,42762.4296875,39182.3203125,39580.109375,39580.109375,6,40614.3640625,40534.806640625,39142.5416015625,42555.580234375,53293.9226171875,42424.3094140625,47.109586570240914,-381.308406545053,-936.4889112098124,555.1805046647594,43097.70296991801,39142.5416015625,35187.38023320699,55.059049338469386,53.8368819640875,TTNP
2006-07-06,40375.69140625,40574.5859375,37988.94921875,38784.53125,38784.53125,6,40455.2484375,40415.46953125,39212.1548828125,42300.994609375,53258.1215234375,42428.28732421875,45.296567988585124,-470.39139935811545,-843.269408839473,372.8780094813576,43089.89372104868,39212.1548828125,35334.41604457633,37.98058214019053,49.65120184843742,TTNP
2006-07-07,38784.53125,40773.48046875,38585.63671875,38983.42578125,38983.42578125,4,40296.1328125,40415.46953125,39301.6576171875,42066.298515625,53238.23203125,42433.25970703125,45.857558467550824,-518.95895078592,-778.4073172287624,259.44836644284237,43069.970415072996,39301.6576171875,35533.344819302,24.29949825265662,39.113043243772175,TTNP
2006-07-10,38784.53125,40574.5859375,38187.84375,38187.84375,38187.84375,3,39420.99453125,40236.463671875,39291.7126953125,41879.3371875,53188.5082421875,42437.23759765625,43.91745501489305,-614.5616223372126,-745.6381782504525,131.07655591323987,43070.66598349642,39291.7126953125,35512.75940712857,13.4751713777708,25.251750590205983,TTNP
2006-07-11,37392.265625,38784.53125,35801.10546875,36397.7890625,36397.7890625,4,38386.73984375,39679.557421875,39222.0994140625,41624.7515625,53126.85078125,42432.26521484375,39.83394780342066,-825.2568344091633,-761.5619094821947,-63.69492492696861,43157.20644724413,39222.0994140625,35286.99238088087,10.32880816232484,16.034492597584087,TTNP
2006-07-12,35801.10546875,38585.63671875,35801.10546875,36795.58203125,36795.58203125,4,37829.834375,39222.09921875,39251.9337890625,41366.188046875,53065.193359375,42432.26521484375,41.14362763322085,-949.1940220363686,-799.0883319930294,-150.1056900433391,43103.05710207037,39251.9337890625,35400.810476054634,7.685356952060407,10.496445497385348,TTNP
2006-07-13,36795.58203125,36795.58203125,33215.46875,35204.41796875,35204.41796875,14,37113.81171875,38784.530078125,39291.7126953125,41099.668671875,52975.6905859375,42424.30939453125,37.6164006905201,-1162.4092478464445,-871.7525151637125,-290.656732682732,42953.70483033634,39291.7126953125,35629.72056028865,9.750442301657918,9.254869138681054,TTNP
2006-07-14,35204.41796875,35403.31640625,32817.6796875,34209.9453125,34209.9453125,4,36159.115625,38227.62421875,39092.8177734375,40809.281953125,52818.563515625,42410.38673828125,35.56425984118129,-1395.5425369672012,-976.5105195244103,-419.0320174427909,43355.81158695678,39092.8177734375,34829.82395991822,11.265599296773054,9.567132850163793,TTNP
2006-07-17,34806.62890625,36994.4765625,33812.15625,33812.15625,33812.15625,3,35283.978125,37352.486328125,38864.0884765625,40495.0278125,52530.1657421875,42403.4254296875,34.74767676457781,-1594.0256654866826,-1100.0135487168648,-494.0121167698178,43705.701489548796,38864.0884765625,34022.47546357621,10.61624765919595,10.544096419208975,TTNP
2006-07-18,33812.15625,35005.5234375,33016.57421875,33215.46875,33215.46875,2,34647.5140625,36517.126953125,38476.2431640625,40053.480859375,52235.80109375,42391.49171875,33.50495356385995,-1778.9658583097917,-1235.8040106354501,-543.1618476743415,43799.017550779114,38476.2431640625,33153.468777345886,7.047620180578694,9.643155712182566,TTNP
2006-07-19,33414.36328125,35602.2109375,33016.57421875,34209.9453125,34209.9453125,4,34130.38671875,35980.110546875,38257.45859375,39683.53609375,52013.038671875,42386.51935546875,37.51593111852234,-1824.2574419084121,-1353.4946968900426,-470.7627450183695,43894.68543863976,38257.45859375,32620.231748860242,8.380954673593232,8.68160750445596,TTNP
2006-07-20,35801.10546875,36795.58203125,32817.6796875,33613.2578125,33613.2578125,2,33812.1546875,35462.983203125,37939.2263671875,39357.348203125,51720.66296875,42372.59669921875,36.10856142257594,-1886.5520451049524,-1460.1061665330246,-426.4458785719278,43863.32750918251,37939.2263671875,32015.12522519248,8.666659334489802,8.031744729553909,TTNP
2006-07-21,34607.734375,34607.734375,32817.6796875,33812.15625,33812.15625,2,33732.596875,34945.85625,37680.662890625,39039.116171875,51370.607734375,42362.651953125,36.95753614295022,-1897.9926475226966,-1547.683462730959,-350.3091847917376,43846.37656562714,37680.662890625,31514.94921562285,10.666667714120598,9.23809390740121,TTNP
2006-07-24,34209.9453125,34806.62890625,32817.6796875,33613.2578125,33613.2578125,3,33692.8171875,34488.39765625,37362.4306640625,38736.795703125,50974.806640625,42363.64642578125,36.43613843388854,-1901.193078647455,-1618.3853859142582,-282.80769273319675,43676.24354653916,37362.4306640625,31048.61778158584,8.666659334489806,9.333328794366736,TTNP
2006-07-25,33414.36328125,34806.62890625,33215.46875,33414.36328125,33414.36328125,2,33732.59609375,34190.055078125,36934.80625,38470.276328125,50433.8121484375,42368.61879882812,35.89085034609638,-1897.9007513532051,-1674.2884590020476,-223.61229235115752,43100.038719807664,36934.80625,30769.57378019234,8.499992815121939,9.277773287910781,TTNP
2006-07-26,33414.36328125,34607.734375,33016.57421875,33613.2578125,33613.2578125,2,33613.25859375,33871.82265625,36546.9609375,38255.4696875,49801.3259765625,42377.5690625,36.90769531038564,-1857.8265636428623,-1710.9960799302105,-146.8304837126518,42520.272622035554,36546.9609375,30573.64925296445,8.499979394620299,8.555543848077349,TTNP
2006-07-27,33613.2578125,35602.2109375,33613.2578125,34209.9453125,34209.9453125,8,33732.59609375,33772.375390625,36278.452734375,38024.751484375,49329.9448046875,42366.62984375,39.98319965820875,-1757.658592489257,-1720.3285824420198,-37.33001004723724,42164.4017978264,36278.452734375,30392.5036709236,11.816226717235702,9.60539964232598,TTNP
2006-07-28,34806.62890625,37591.16015625,34806.62890625,37591.16015625,37591.16015625,4,34488.396875,34110.496875,36169.060546875,37861.657578125,48882.431015625,42384.530390625,53.74338569696234,-1389.4225752180355,-1654.1473809972229,264.72480577918736,41869.095479093055,36169.060546875,30469.025614656945,35.98289515693677,18.76636708959759,TTNP
2006-07-31,38784.53125,38983.42578125,34209.9453125,34806.62890625,34806.62890625,5,34727.07109375,34209.944140625,35781.215234375,37662.7625,48480.6630859375,42389.50275390625,44.66197347866075,-1307.2125465842546,-1584.7604141146292,277.54786753037456,40688.565351483085,35781.215234375,30873.865117266916,43.40225204784152,30.400457974004667,TTNP
2006-08-01,34806.62890625,36000.0,34011.05078125,34806.62890625,34806.62890625,2,35005.52421875,34369.06015625,35443.0935546875,37507.624375,48122.65203125,42399.4475,44.66197347866074,-1227.9059709129433,-1513.389525474292,285.4835545613487,39580.11042665407,35443.0935546875,31306.076682720926,48.172026384288245,42.51905786302218,TTNP
2006-08-02,34806.62890625,37790.0546875,34806.62890625,36795.58203125,36795.58203125,2,35641.9890625,34627.623828125,35303.8671875,37527.51390625,47750.7183203125,42414.36462890625,51.45707743476299,-993.1150316159037,-1409.3346267026143,416.21959508671057,39042.88279458125,35303.8671875,31564.85158041875,43.01074928204028,44.86167590472335,TTNP
2006-08-03,38784.53125,43359.1171875,36198.89453125,41767.95703125,41767.95703125,20,37153.59140625,35443.09375,35453.0384765625,37607.071953125,47398.674140625,42443.2044140625,63.517886410879775,-401.1877711226043,-1207.7052555866123,806.517484464008,39905.57892606933,35453.0384765625,31000.49802705567,60.55995473265989,50.58091013299614,TTNP
2006-08-04,42364.640625,42762.4296875,40375.69140625,40574.5859375,40574.5859375,6,37750.2765625,36119.33671875,35532.596484375,37690.607890625,46975.027734375,42478.0110546875,59.68511534107436,-28.052850623600534,-971.77477459401,943.7219239704094,40281.60915258025,35532.596484375,30783.583816169747,74.33557271398669,59.30209224289562,TTNP
2006-08-07,41569.0625,41569.0625,38983.42578125,39779.00390625,39779.00390625,4,38744.7515625,36735.911328125,35612.1544921875,37750.276328125,46511.6023046875,42507.84529296875,57.20678869722418,201.14378089980892,-737.1910634952461,938.334844395055,40584.49106632774,35612.1544921875,30639.817918047265,74.84275843941278,69.91276196201979,TTNP
2006-08-08,40773.48046875,40773.48046875,39779.00390625,39779.00390625,39779.00390625,2,39739.2265625,37372.375390625,35781.215234375,37805.966875,46187.403359375,42539.66849609375,57.206788697224184,378.4215545332627,-514.0685398895444,892.490094422807,41068.83164828203,35781.215234375,30493.598820467963,68.55344187324238,72.57725767554729,TTNP
2006-08-09,39779.00390625,41767.95703125,39779.00390625,39977.90234375,39977.90234375,3,40375.690625,38008.83984375,35940.33125,37833.8121875,45895.0276953125,42571.49171875,57.71586830129044,528.8684427984044,-305.4811433519546,834.3495861503591,41523.723073433364,35940.33125,30356.939426566638,66.66665431461956,70.02095154242491,TTNP
2006-08-10,39779.00390625,40176.796875,39779.00390625,39779.00390625,39779.00390625,2,39977.9,38565.745703125,36169.060546875,37841.76796875,45596.68515625,42599.33701171875,56.98580222393953,624.8464036295118,-119.41563395566129,744.2620375851731,41983.16097341148,36169.060546875,30354.960120338517,66.66665431461956,67.29558350082716,TTNP
2006-08-11,40375.69140625,40773.48046875,39779.00390625,39779.00390625,39779.00390625,3,39818.78359375,38784.530078125,36447.5134765625,37837.79,45314.2541796875,42632.1546875,56.985802223939544,692.9220549515594,43.05190382578286,649.8701511257766,42391.614026259944,36447.5134765625,30503.41292686505,66.44894792081381,66.5940855166843,TTNP
2006-08-14,39977.90234375,48729.28125,39977.90234375,45745.85546875,45745.85546875,22,41012.15390625,39878.452734375,37044.1984375,37921.325859375,45087.513828125,42690.8287109375,70.1310782531868,1214.3492904038576,277.3113811413978,937.0379092624598,44101.890042613704,37044.1984375,29986.506832386298,70.81165402721545,67.97575208754961,TTNP
2006-08-15,45745.85546875,46541.4375,44154.6953125,44751.3828125,44751.3828125,7,42006.6296875,40872.928125,37620.994140625,38008.8396875,44852.817734375,42747.51380859375,66.48430061838822,1529.7050118077532,527.7901072746689,1001.9149045330843,45199.15629608056,37620.994140625,30042.83198516944,73.3604920509079,70.20703133297906,TTNP
2006-08-16,44751.3828125,46740.33203125,43955.80078125,44751.3828125,44751.3828125,5,42961.32578125,41668.508203125,38148.066015625,38112.26515625,44620.110546875,42807.18232421875,66.4843006183882,1759.3460469611455,774.1012952119643,985.2447517491812,46157.98238906765,38148.066015625,30138.149642182358,75.88995566919964,73.35403391577434,TTNP
2006-08-17,43756.90625,43756.90625,41767.95703125,43359.1171875,43359.1171875,4,43677.3484375,41827.62421875,38635.358984375,38231.6021875,44387.403359375,42860.883984375,61.30805445179096,1808.1507847940156,980.9111931283745,827.2395916656411,46668.23246373002,38635.358984375,30602.48550501998,70.05691078082036,73.10245283364264,TTNP
2006-08-18,42563.53515625,42762.4296875,40972.375,42165.74609375,42165.74609375,4,44154.696875,41986.740234375,39053.0384765625,38331.0496875,44172.59671875,42908.6187890625,57.197406790540974,1730.5847139674152,1130.8458972961826,599.7388166712326,46906.01889214888,39053.0384765625,31200.058060976116,63.963970419692004,69.97027895657068,TTNP
2006-08-21,42165.74609375,42165.74609375,41370.1640625,42165.74609375,42165.74609375,2,43438.675,42225.414453125,39480.662890625,38406.629765625,43941.8784765625,42961.3259765625,57.19740679054096,1650.0918127332698,1234.6950803836,415.3967323496697,47027.675402670524,39480.662890625,31933.65037857947,57.25869216006307,63.7598577868585,TTNP
2006-08-22,42165.74609375,45745.85546875,42165.74609375,45546.9609375,45546.9609375,9,43597.790625,42802.21015625,40087.2927734375,38561.767890625,43721.1049609375,43033.92265625,64.92518614412539,1837.9496490143938,1355.3459941097587,482.60365490463505,47536.14468542038,40087.2927734375,32638.440861454612,60.955243675941794,60.72596875189897,TTNP
2006-08-23,45546.9609375,45546.9609375,43558.01171875,43756.90625,43756.90625,3,43398.8953125,43180.110546875,40594.4751953125,38712.928125,43488.3977734375,43094.58564453125,58.86583455353887,1821.3900340037217,1448.5548020885512,372.8352319151704,47577.81577477718,40594.4751953125,33611.134615847826,58.81330651815016,59.00908078471836,TTNP
2006-08-24,43756.90625,45348.06640625,43756.90625,44154.6953125,44154.6953125,4,43558.0109375,43617.6796875,41091.7126953125,38907.845234375,43269.6132421875,43164.19889648438,59.76449095357379,1819.3918559012964,1522.7222128511003,296.6696430501961,47584.83630531987,41091.7126953125,34598.589085305124,58.881329003822806,59.549959732638264,TTNP
2006-08-25,43955.80078125,46143.64453125,43756.90625,44154.6953125,44154.6953125,4,43955.80078125,44055.248828125,41419.889453125,39027.182265625,43048.8397265625,43248.72927734375,59.76449095357378,1797.0925214233139,1577.596274565543,219.49624685777098,47835.14105881072,41419.889453125,35004.63784743928,50.30990107237276,56.00151219811525,TTNP
2006-08-28,44552.484375,46740.33203125,44154.6953125,46541.4375,46541.4375,10,44830.9390625,44134.80703125,42006.6298828125,39190.276171875,42867.8452734375,43352.15469726562,65.07407963906091,1949.5372341949987,1651.984466491434,297.55276770356477,48029.70249602679,42006.6298828125,35983.55726959821,59.168561616381545,56.11993056419237,TTNP
2006-08-29,46740.33203125,47734.8046875,45745.85546875,47337.015625,47337.015625,4,45188.95,44393.3703125,42633.14921875,39317.568984375,42694.8066015625,43461.546953125,66.65372887903786,2110.221948085127,1743.6319628101726,366.58998527495464,48112.37338011093,42633.14921875,37153.92505738907,69.62963641868066,59.70269970247833,TTNP
2006-08-30,47535.91015625,49723.7578125,46342.54296875,48928.17578125,48928.17578125,8,46223.20390625,44811.049609375,43239.77890625,39524.419765625,42559.55796875,43565.9668359375,69.61381735820072,2338.9965717388186,1862.7048845959018,476.29168714291677,48685.87226297975,43239.77890625,37793.685549520254,84.00000005819271,70.93273269775165,TTNP
2006-08-31,48729.28125,49524.86328125,47734.8046875,48331.4921875,48331.4921875,13,47058.56328125,45308.287109375,43567.9556640625,39691.4915625,42470.0551953125,43676.35357421875,67.20462507598378,2443.9820264191876,1978.960312960559,465.0217134586287,49397.27722099242,43567.9556640625,37738.63410713258,87.38623474675943,80.33862374121094,TTNP
2006-09-01,48132.59765625,50121.546875,48132.59765625,49723.7578125,49723.7578125,11,48172.37578125,46064.08828125,44025.4142578125,39906.298203125,42430.2762109375,43790.71822265625,69.82845816771646,2609.447865255148,2105.057823419477,504.3900418356711,50264.85685377138,44025.4142578125,37785.971661853626,91.1221492521094,87.50279468568719,TTNP
2006-09-05,49723.7578125,49723.7578125,48729.28125,48928.17578125,48928.17578125,2,48649.7234375,46740.33125,44482.8728515625,40085.303671875,42352.7071484375,43904.08837890625,66.55180127331091,2645.883812103777,2213.223021156337,432.6607909474401,50751.41210601828,44482.8728515625,38214.33359710671,89.44099249896409,89.31645883261098,TTNP
2006-09-06,47138.12109375,48928.17578125,45149.171875,46143.64453125,46143.64453125,9,48411.04921875,46799.999609375,44801.1048828125,40168.83953125,42247.2927734375,43997.56903320312,56.549907694379975,2422.1501230295835,2255.008441530986,167.14168149859734,50718.52440362345,44801.1048828125,38883.685362001546,79.71013997737737,86.75776057615029,TTNP
2006-09-07,45348.06640625,47535.91015625,44154.6953125,46740.33203125,46740.33203125,5,47973.48046875,47098.3421875,45139.2263671875,40276.242890625,42179.6684765625,44094.033125,58.006324980458835,2266.85634813636,2257.378022852061,9.47832528429899,50676.19422627559,45139.2263671875,39602.2585080994,68.8405741412162,79.33056887251921,TTNP
2006-09-08,46740.33203125,49723.7578125,46740.33203125,47734.8046875,47734.8046875,2,47854.14296875,47456.353125,45537.01640625,40439.336796875,42119.9999609375,44197.458525390626,60.38939698782809,2198.6854674720234,2245.6395117760535,-46.95404430403005,50599.236651270214,45537.01640625,40474.79616122978,64.0974888207126,70.88273431310205,TTNP
2006-09-11,47734.8046875,47734.8046875,44950.27734375,45944.75,45944.75,3,47098.34140625,47635.35859375,45845.3037109375,40562.65171875,42030.4971875,44291.93365234375,54.40462958576649,1977.422603362109,2191.9961300932646,-214.57352673115565,50163.66188353382,45845.3037109375,41526.94553834118,61.090241875405525,64.67610161244477,TTNP
2006-09-12,46740.33203125,47138.12109375,41767.95703125,42563.53515625,42563.53515625,14,45825.41328125,47237.568359375,45686.1876953125,40562.65171875,41885.303828125,44369.50270507813,45.27704599840702,1511.8072367846835,2055.958351431548,-544.1511146468647,50235.79961940518,45686.1876953125,41136.575771219825,43.25034178010228,56.146024158740126,TTNP
2006-09-13,41569.0625,43558.01171875,37392.265625,41767.95703125,41767.95703125,31,44950.27578125,46680.6625,45537.01640625,40566.629609375,41726.1878125,44443.0938671875,43.43070631847921,1066.3153785056857,1858.0297568463757,-791.71437834069,50385.28358530486,45537.01640625,40688.749227195134,30.466258838671873,44.93561416472655,TTNP
2006-09-14,41767.95703125,44751.3828125,41370.1640625,41767.95703125,41767.95703125,4,43955.80078125,45964.640625,45387.8451171875,40610.3865625,41582.9833984375,44516.685029296874,43.43070631847921,705.1315536032707,1627.4501161977546,-922.3185625944839,50500.02704189511,45387.8451171875,40275.663192479886,26.091267533356287,33.26928938404347,TTNP
2006-09-15,41569.0625,41767.95703125,40972.375,41370.1640625,41370.1640625,4,42682.87265625,45268.5078125,45288.3974609375,40662.09921875,41481.5469140625,44587.29275390625,42.42742250989694,382.3843137526201,1378.4369557087277,-996.0526419561077,50626.94122257064,45288.3974609375,39949.85369930436,33.333333333333414,29.963619901787183,TTNP
2006-09-18,40972.375,41767.95703125,40972.375,41171.26953125,41171.26953125,2,41728.1765625,44413.258984375,45238.6736328125,40705.85609375,41386.0773046875,44642.983359375,41.90616152923604,109.29578073570156,1124.6087207141225,-1015.3129399784209,50709.516147839095,45238.6736328125,39767.8311177859,31.77082694018311,30.398475935624262,TTNP
2006-09-19,41569.0625,41767.95703125,39779.00390625,41370.1640625,41370.1640625,5,41489.50234375,43657.4578125,45198.89453125,40769.5025,41324.41984375,44705.635283203126,42.66476503916018,-90.04177717767743,881.6786211357625,-971.7203983134399,50769.198368886835,45198.89453125,39628.590693613165,30.729152601736075,31.94443762508419,TTNP
2006-09-20,41171.26953125,41767.95703125,40773.48046875,40773.48046875,40773.48046875,3,41290.60703125,43120.44140625,44960.2205078125,40857.016328125,41240.8839453125,44763.31484375,40.93767916889752,-292.7905006604924,646.7847967765115,-939.5752974370039,50850.301285358764,44960.2205078125,39070.13973026623,29.16665643762626,30.55554532651514,TTNP
2006-09-21,40773.48046875,42364.640625,40773.48046875,41569.0625,41569.0625,3,41250.828125,42603.314453125,44850.8283203125,40952.4859375,41159.3369921875,44833.92258789062,44.18214544893277,-384.8373384956285,440.46036972208344,-825.2977082177119,50905.213710213975,44850.8283203125,38796.44293041103,30.208330776073296,30.034713271811867,TTNP
2006-09-22,41966.8515625,42563.53515625,41171.26953125,41569.0625,41569.0625,3,41290.6078125,41986.740234375,44721.5466796875,41079.778828125,41089.72375,44912.4861328125,44.18214544893277,-452.56819618987356,261.85465653969203,-714.4228527295656,50938.121671272835,44721.5466796875,38504.97168810216,31.081994870090693,30.152327361263406,TTNP
2006-09-25,41966.8515625,42165.74609375,40773.48046875,41171.26953125,41171.26953125,5,41290.6078125,41509.3921875,44572.375390625,41219.0053125,41014.1436328125,44989.06071289063,42.818182756899354,-532.2089831020057,103.04192861135246,-635.2509117133582,50976.547921384146,44572.375390625,38168.20285986585,32.44287847691037,31.24440137435811,TTNP
2006-09-26,41569.0625,43160.22265625,41370.1640625,41767.95703125,41767.95703125,4,41370.16640625,41429.834375,44333.7013671875,41378.121328125,40936.5745703125,45070.60767578125,45.53432852349892,-540.9415485391219,-25.75476681874241,-515.1867817203795,50782.19545454135,44333.7013671875,37885.20727983366,33.333333333333414,32.28606889344481,TTNP
2006-09-27,42961.32421875,43359.1171875,41966.8515625,42165.74609375,42165.74609375,1,41648.61953125,41469.61328125,44075.137890625,41557.126875,40805.3038671875,45157.12701171875,47.33048840769464,-509.88626520877733,-122.5810664967494,-387.30519871202796,50435.30160048955,44075.137890625,37714.97418076046,34.946232471781656,33.57414809400847,TTNP
2006-09-28,42364.640625,43756.90625,42364.640625,43359.1171875,43359.1171875,3,42006.63046875,41628.729296875,43796.6849609375,41740.1103125,40711.823203125,45250.60767578125,52.40179708938386,-384.54683899317024,-174.97422099603358,-209.57261799713666,49757.69830230534,43796.6849609375,37835.67161956966,43.96195948670496,37.41384176393999,TTNP
2006-09-29,43359.1171875,44552.484375,43359.1171875,43756.90625,43756.90625,2,42444.19921875,41867.403515625,43567.9556640625,41942.98328125,40650.1657421875,45344.08833984375,53.99201264436291,-250.23167285280942,-190.02571136738874,-60.20596148542069,49154.710790584555,43567.9556640625,37981.20053754045,53.902709368028205,44.27030044217159,TTNP
2006-10-02,43955.80078125,44552.484375,43359.1171875,44353.58984375,44353.58984375,2,43080.66328125,42185.635546875,43299.447265625,42153.811953125,40596.4640625,45446.51927734375,56.347858845054574,-94.54865859352867,-170.93030081261674,76.38164221908806,48143.836803875616,43299.447265625,38455.057727374384,72.53100320349519,56.79855735274276,TTNP
2006-10-03,44950.27734375,46143.64453125,44353.58984375,45546.9609375,45546.9609375,5,43836.4640625,42603.315234375,43130.3865234375,42392.486015625,40564.640859375,45544.97231445312,60.68396146603167,123.70038465626567,-112.00416371884026,235.70454837510593,47376.27046681697,43130.3865234375,38884.502580058026,83.50856819882931,69.98076025678421,TTNP
2006-10-04,46541.4375,46541.4375,42762.4296875,45745.85546875,45745.85546875,8,44552.4859375,43100.552734375,43110.4970703125,42639.115859375,40554.69609375,45629.5026953125,61.37264700050413,309.1497642291142,-27.773378129249366,336.9231423583636,47303.126185284964,43110.4970703125,38917.867955340036,91.15161640268737,82.3970626016706,TTNP
2006-10-05,45745.85546875,48729.28125,45546.9609375,48729.28125,48729.28125,5,45626.51875,43816.574609375,43209.94453125,42941.436328125,40598.4530078125,45724.9723046875,69.89205477380315,688.9158673647689,115.5644709695543,573.3513963952146,47816.199677094446,43209.94453125,38603.68938540556,92.95343111594165,89.2045385724861,TTNP
2006-10-06,48331.4921875,51712.70703125,46939.2265625,47535.91015625,47535.91015625,14,46382.31953125,44413.259375,43199.9998046875,43207.955625,40616.3535546875,45826.408759765625,63.82790388667111,883.4048253928195,269.1325418542073,614.2722835386121,47767.8345991265,43199.9998046875,38632.16501024849,84.41175459529966,89.50560070464287,TTNP
2006-10-09,47734.8046875,50718.23046875,47535.91015625,48331.4921875,48331.4921875,4,47177.9,45129.281640625,43319.3369140625,43422.762265625,40642.209921875,45936.79549804688,65.94902688610998,1089.180155965878,433.14206467654145,656.0380912893365,48275.93468013441,43319.3369140625,38362.73914799059,78.03030279585263,85.13182950236464,TTNP
2006-10-10,48729.28125,50320.44140625,48132.59765625,48729.28125,48729.28125,4,47814.3640625,45825.4140625,43627.62421875,43701.2153125,40681.98890625,46045.19328125,66.9912804994766,1269.7202956631008,600.4577108738533,669.2625847892475,49098.17715697016,43627.62421875,38157.071280529846,68.93939262286328,77.12715000467186,TTNP
2006-10-11,49723.7578125,49723.7578125,48729.28125,49127.0703125,49127.0703125,3,48490.60703125,46521.546484375,43995.5798828125,43987.624140625,40747.6242578125,46147.62420898437,68.04462981651665,1428.4318369283064,766.0525360847439,662.3793008435625,49889.856176384696,43995.5798828125,38101.3035892403,72.727269481032,73.2323216332493,TTNP
2006-10-12,49127.0703125,50718.23046875,48928.17578125,49723.7578125,49723.7578125,4,48689.50234375,47158.010546875,44393.369921875,44246.18765625,40886.85078125,46259.0054296875,69.61115273402967,1584.0990634246555,929.6618415527262,654.4372218719293,50692.535670553916,44393.369921875,38094.20417319608,76.96969502195255,72.87878570861595,TTNP
2006-10-13,50718.23046875,51314.91796875,49524.86328125,50718.23046875,50718.23046875,4,49325.96640625,47854.14296875,44860.7732421875,44425.193125,41016.1325390625,46377.34795898438,72.0687663655046,1767.33930675171,1097.197334592523,670.1419721591869,51567.370227829604,44860.7732421875,38154.17625654539,82.85547287398754,77.51747912565736,TTNP
2006-10-16,50519.3359375,50519.3359375,49723.7578125,50121.546875,50121.546875,3,49683.97734375,48430.938671875,45308.287109375,44616.13234375,41153.3701171875,46482.76232421875,68.48977184032708,1843.16428983699,1246.3907256414163,596.7735641955737,52163.21444663081,45308.287109375,38453.35977211919,85.2920877212713,81.70575187240378,TTNP
2006-10-17,49524.86328125,50519.3359375,47734.8046875,48132.59765625,48132.59765625,4,49564.640625,48689.50234375,45646.4087890625,44783.20421875,41266.7402734375,46581.21537109375,58.12740095379081,1722.9039908743216,1341.6933786879974,381.21061218632417,52356.573250871865,45646.4087890625,38936.24432725314,78.58673723786372,82.24476594437418,TTNP
2006-10-18,47734.8046875,49127.0703125,46740.33203125,48530.38671875,48530.38671875,4,49445.30390625,48967.95546875,46034.2541015625,44958.231875,41382.099375,46686.62973632813,59.44884997690458,1640.7811862354865,1401.5109401974953,239.27024603799123,52463.79458402471,46034.2541015625,39604.713619100294,69.94001964669508,77.93961486861002,TTNP
2006-10-19,49723.7578125,49723.7578125,45944.75,46740.33203125,46740.33203125,7,48848.61875,48769.060546875,46292.817578125,45093.48046875,41463.646328125,46776.1325,51.56286916840476,1414.945211105507,1404.1977943790976,10.747416726409483,52390.66084692086,46292.817578125,40194.97430932915,56.86368312090778,68.46348000182219,TTNP
2006-10-20,46939.2265625,47138.12109375,45745.85546875,45944.75,45944.75,7,47893.92265625,48609.94453125,46511.601953125,45216.795390625,41529.2816796875,46855.6905078125,48.48451447232999,1158.4182285409406,1355.0418812114663,-196.62365267052564,52217.18552713289,46511.601953125,40806.01837911711,48.1481529974703,58.31728525502438,TTNP
2006-10-23,46342.54296875,47734.8046875,45944.75,47337.015625,47337.015625,5,47337.01640625,48510.496875,46819.8892578125,45367.955625,41602.8728125,46937.2374609375,53.6944942087864,1055.2981270611053,1295.093130381394,-239.79500332028874,51977.98494728753,46819.8892578125,41661.793568337474,43.70370564343259,49.57184725393688,TTNP
2006-10-24,48530.38671875,49325.96875,46740.33203125,47337.015625,47337.015625,5,47177.9,48371.2703125,47098.3421875,45399.778828125,41660.55234375,47004.8617578125,53.6944942087864,962.4798352799189,1228.570471361099,-266.09063608118004,51707.55981060557,47098.3421875,42489.12456439443,38.56630192800254,43.47272018963513,TTNP
2006-10-25,46939.2265625,49524.86328125,46143.64453125,46740.33203125,46740.33203125,8,46819.8890625,48132.596484375,47327.071484375,45439.5578125,41724.19875,47069.50263671875,51.12457590159817,831.1918289951645,1149.0947428879122,-317.9029138927476,51351.391568778,47327.071484375,43302.751399972,32.270014845418245,38.180007472284444,TTNP
2006-10-26,46342.54296875,47933.703125,44751.3828125,47933.703125,47933.703125,43,47058.56328125,47953.591015625,47555.80078125,45503.20421875,41807.7346875,47150.05512695313,55.692157038884496,814.056277943062,1082.087049898942,-268.03077195588,51148.92642695152,47555.80078125,43962.67513554848,31.39459614217334,34.0769709718647,TTNP
2006-10-27,48928.17578125,48928.17578125,45745.85546875,47138.12109375,47138.12109375,5,47297.2375,47595.580078125,47724.8615234375,45578.784296875,41905.1932421875,47231.60208984375,52.1904416933014,727.8887607746874,1011.2473920740911,-283.35863129940367,50878.39875961507,47724.8615234375,44571.32428725994,33.83838329734195,32.50099809497783,TTNP
2006-10-30,46143.64453125,48530.38671875,45944.75,46143.64453125,46143.64453125,3,47058.56328125,47197.78984375,47814.3642578125,45658.342265625,41994.6959765625,47309.171142578125,48.11770809467488,572.7521054629979,923.5483347518724,-350.79622928887454,50667.38178838277,47814.3642578125,44961.34672724223,35.353510706148576,33.5288300485546,TTNP
2006-10-31,46143.64453125,47337.015625,45546.9609375,45944.75,45944.75,2,46780.11015625,46979.005078125,47834.2537109375,45733.92234375,42070.2760546875,47383.756767578125,47.322329103138514,428.81297296280536,824.601262394059,-395.7882894312536,50628.711547364685,47834.2537109375,45039.79587451031,25.252484975088294,31.481459659526255,TTNP
2006-11-01,45149.171875,45944.75,43955.80078125,44751.3828125,44751.3828125,9,46382.3203125,46601.1046875,47784.530078125,45718.01078125,42139.8893359375,47456.35345703125,42.75566772409031,215.9560083491233,702.8722115850718,-486.9162032359485,50755.664876921976,47784.530078125,44813.39527932802,16.734893604249464,25.78029642849543,TTNP
2006-11-02,44751.3828125,46143.64453125,44751.3828125,45745.85546875,45745.85546875,4,45944.75078125,46501.65703125,47635.3587890625,45757.789765625,42235.3589453125,47528.95013671875,47.31811096461719,126.05784616347955,587.5093385007533,-461.45149233727375,50699.89163697417,47635.3587890625,44570.825941150826,18.755110653345884,20.24749641089453,TTNP
2006-11-03,47337.015625,48132.59765625,45348.06640625,47138.12109375,47138.12109375,3,45944.75078125,46620.994140625,47615.4693359375,45817.45828125,42362.6517578125,47607.513671875,52.969538445965114,165.2521809620448,503.0579069930116,-337.8057260309668,50687.480122631045,47615.4693359375,44543.45854924396,28.856136384406167,21.448713547333824,TTNP
2006-11-06,47535.91015625,47734.8046875,45745.85546875,46143.64453125,46143.64453125,2,45944.75078125,46501.65703125,47506.076953125,45857.237265625,42442.209765625,47681.10482421875,48.93174019002772,114.74531371348712,425.39538833710674,-310.6500746236196,50623.78434899147,47506.076953125,44388.36955725853,37.89619113586055,28.502479391204186,TTNP
2006-11-07,44751.3828125,46541.4375,43756.90625,43756.90625,43756.90625,3,45507.18203125,46143.64609375,47257.458203125,45801.546640625,42495.91140625,47731.82306640625,40.877916630591855,-116.52830914464721,317.01064884075595,-433.53895798540316,50719.37453901272,47257.458203125,43795.54186723728,28.805283848418785,31.852537122895153,TTNP
2006-11-08,43756.90625,46541.4375,43756.90625,45745.85546875,45745.85546875,2,45706.0765625,46044.1984375,47088.3974609375,45769.7234375,42543.6462109375,47784.53025390625,48.486992821969636,-137.73501833100454,226.06151540640383,-363.79653373740837,50498.446911590865,47088.3974609375,43678.348010284135,24.137910795340048,30.27979525987311,TTNP
2006-11-09,48928.17578125,49127.0703125,45149.171875,45745.85546875,45745.85546875,5,45706.0765625,45825.413671875,46889.50234375,45706.07703125,42615.2483984375,47826.298203125,48.48699282196963,-152.78033158719336,150.29314600768438,-303.0734775948778,50120.857964689494,46889.50234375,43658.1467228105,22.988488621697996,25.310561088485596,TTNP
2006-11-10,44950.27734375,46740.33203125,43160.22265625,43756.90625,43756.90625,7,45029.83359375,45487.2921875,46541.4361328125,45614.5853125,42653.0384375,47846.18771484375,42.18964803152424,-321.48949951911345,55.9366169023248,-377.4261164214382,49539.41189096548,46541.4361328125,43543.460374659524,26.11348094991763,24.41329345565188,TTNP
2006-11-13,44751.3828125,44751.3828125,39977.90234375,40375.69140625,40375.69140625,15,43876.24296875,44910.496875,46054.143359375,45427.623984375,42666.96109375,47851.16009765625,34.085073619616246,-719.731889286064,-99.19708433535297,-620.534804950711,49670.47916785005,46054.143359375,42437.80755089995,16.008122118277377,21.703363896630986,TTNP
2006-11-14,41370.1640625,41370.1640625,38187.84375,40773.48046875,40773.48046875,13,43279.5578125,44393.369921875,45686.1875,45264.530078125,42674.916875,47864.08828125,35.65120955239197,-991.8106239834087,-277.7197922649641,-714.0908317184446,49839.42771480927,45686.1875,41532.94728519073,12.392669798121299,18.171424288772084,TTNP
2006-11-15,40375.69140625,46740.33203125,40375.69140625,45745.85546875,45745.85546875,23,43279.5578125,44492.8171875,45546.9609375,45256.574296875,42712.7069140625,47911.8230859375,51.24524129434559,-797.018343487216,-381.5795025094145,-415.43884097780153,49490.90393318313,45546.9609375,41603.01794181687,32.29798244794918,20.232924788115934,TTNP
2006-11-16,45348.06640625,45348.06640625,41569.0625,43756.90625,43756.90625,11,42881.76796875,44293.922265625,45397.7896484375,45196.90578125,42736.5743359375,47939.6683984375,46.40136254408185,-793.98309452596,-464.0602209127236,-329.92287361323645,49375.44100352681,45397.7896484375,41420.138293348195,47.87879913242271,30.856483792831046,TTNP
2006-11-17,42762.4296875,43160.22265625,41767.95703125,42762.4296875,42762.4296875,4,42682.87265625,43856.353125,45238.6736328125,45097.45828125,42768.3975390625,47965.52474609375,44.154038522324655,-861.8882737497552,-543.6258314801299,-318.26244226962524,49367.793390876985,45238.6736328125,41109.55387474801,53.93940194678797,44.70539450905327,TTNP
2006-11-20,41966.8515625,43359.1171875,41171.26953125,42563.53515625,42563.53515625,3,43120.44140625,43498.3421875,44999.999609375,45029.833984375,42796.2428515625,47994.36451171875,43.698199524618715,-921.1344790675357,-619.1275609976111,-302.0069180699246,49168.024821523155,44999.999609375,40831.97439722685,44.24243268265038,48.68687792062034,TTNP
2006-11-21,41966.8515625,43756.90625,41767.95703125,42961.32421875,42961.32421875,4,43558.01015625,43418.783984375,44781.2150390625,45037.789765625,42800.2207421875,48024.19875,44.92289145503914,-925.3227263499284,-680.3665940680746,-244.9561322818538,48894.592983585084,44781.2150390625,40667.83709453992,41.81818441517451,46.666673014870945,TTNP
2006-11-22,42961.32421875,42961.32421875,41569.0625,41569.0625,41569.0625,10,42722.6515625,43001.1046875,44522.6515625,45033.811875,42800.2207421875,48043.0937890625,41.51879366866396,-1029.122741228166,-750.1178235000929,-279.0049177280731,48759.20850627671,44522.6515625,40286.0946187233,38.18182986828512,41.414148988703325,TTNP
2006-11-24,40972.375,43359.1171875,40972.375,43160.22265625,43160.22265625,2,42603.31484375,42742.54140625,44283.9775390625,45061.6571875,42836.021875,48064.97224609375,46.50767839187811,-971.7894898082232,-794.4521567617189,-177.33733304650423,48254.46132980115,44283.9775390625,40313.49374832385,40.00001904461276,40.00001110935745,TTNP
2006-11-27,43160.22265625,43359.1171875,41767.95703125,43160.22265625,43160.22265625,5,42682.8734375,42682.873046875,44085.0826171875,45097.458359375,42879.7787890625,48068.95015625,46.50767839187811,-915.795751632395,-818.7208757358542,-97.07487589654079,47857.3289895635,44085.0826171875,40312.8362448115,40.60609003864394,39.59597965051393,TTNP
2006-11-28,43359.1171875,43359.1171875,42563.53515625,42762.4296875,42762.4296875,18,42722.65234375,42921.546875,43916.021875,45129.2815625,42917.568828125,48077.9004296875,45.38510923547994,-893.2223673592234,-833.621174060528,-59.60119329869542,47606.26079401128,43916.021875,40225.78295598872,44.24244458553333,41.616184556263335,TTNP
2006-11-29,42961.32421875,43359.1171875,41966.8515625,42762.4296875,42762.4296875,23,42682.8734375,43120.441796875,43756.905859375,45157.126875,42963.3146875,48075.91146484375,45.385109235479945,-865.3574951525006,-839.9684382789226,-25.389056873578056,47356.850175562395,43756.905859375,40156.96154318761,43.03031450035392,42.62628304151038,TTNP
2006-11-30,42364.640625,44552.484375,41569.0625,42563.53515625,42563.53515625,56,42881.76796875,42802.209765625,43647.5134765625,45192.92796875,43024.9721484375,48075.91146484375,44.75863902620978,-849.5306491056108,-841.8808804442602,-7.649768661350549,47252.89308916047,43647.5134765625,40042.133863964526,44.933052113825454,44.06860373323755,TTNP
2006-12-01,42364.640625,44353.58984375,42364.640625,44353.58984375,44353.58984375,22,43120.44140625,42861.878125,43577.9001953125,45248.618515625,43100.5522265625,48082.87279296875,51.27714288034094,-684.6530522129688,-810.435314798002,125.78226258503321,47070.5323058069,43577.9001953125,40085.2680848181,55.024660103854195,47.66267557267784,TTNP
2006-12-04,44154.6953125,50320.44140625,44154.6953125,48331.4921875,48331.4921875,39,44154.6953125,43418.784375,43637.56875,45383.867109375,43231.82296875,48103.75677734375,62.00633934261246,-230.34759073339956,-694.4177699850815,464.0701792516819,47401.67960252361,43637.56875,39873.457897476386,68.95412110059978,56.30394443942646,TTNP
2006-12-05,47535.91015625,49524.86328125,45348.06640625,47138.12109375,47138.12109375,14,45029.83359375,43876.24296875,43687.292578125,45503.204140625,43361.1047265625,48089.83412109375,57.88793849838175,33.01708631735528,-548.9307987245941,581.9478850419493,47605.625240335256,43687.292578125,39768.95991591475,74.5665242161035,66.18176847351914,TTNP
2006-12-06,47535.91015625,48132.59765625,45745.85546875,47138.12109375,47138.12109375,27,45904.971875,44293.92265625,43856.3533203125,45610.607421875,43494.364375,48012.26505859375,57.88793849838175,238.98066991760425,-391.34850499615436,630.3291749137586,48053.933455311526,43856.3533203125,39658.77318531347,72.52133761657286,72.01399431109205,TTNP
2006-12-07,59668.5078125,81546.9609375,59668.5078125,72596.6875,72596.6875,371,51911.60234375,47396.68515625,45198.894921875,46219.22625,43888.1765625,48061.988828125,84.06845507060328,2428.50751375065,172.62269875320658,2255.8848149974438,58423.770167421375,45198.894921875,31974.019676328622,70.63287633127199,72.57357938798278,TTNP
2006-12-08,70607.734375,72198.8984375,65834.2578125,67027.625,67027.625,112,56446.409375,49783.425390625,46262.9833984375,46692.59640625,44216.353359375,48114.696015625,73.32904190144644,3672.0177758563004,872.5017141738255,2799.516061682475,62560.43860816927,46262.9833984375,29965.528188705728,69.37144044554704,70.84188479779728,TTNP
2006-12-11,66828.7265625,69812.15625,65635.359375,66033.1484375,66033.1484375,42,59986.740625,52070.71796875,47376.7955078125,47138.12125,44540.552265625,48130.6076171875,71.57079259397872,4525.1001326244805,1603.0213978639565,2922.0787347605237,65749.6161201415,47376.7955078125,29003.974895483512,67.97385935533721,69.32605871071873,TTNP
2006-12-12,67226.515625,67425.4140625,62254.14453125,65038.67578125,65038.67578125,45,63566.8515625,54298.342578125,48609.9447265625,47551.82296875,44852.8174609375,48111.71259765625,69.76922192906893,5062.5702557177865,2294.9311694347225,2767.639086283064,68207.47570626684,48609.9447265625,29012.413746858165,61.76470852514992,66.37000277534472,TTNP
2006-12-13,65237.5703125,65635.359375,60662.984375,62651.93359375,62651.93359375,31,66669.6140625,56287.29296875,49703.8673828125,47893.922421875,45143.20421875,48059.0054296875,65.50732735482111,5235.576584999231,2883.0602525476243,2352.516332451607,69863.97673880288,49703.8673828125,29543.758026822117,58.169936654082484,62.636168178189855,TTNP
2006-12-14,62651.93359375,63447.515625,60066.296875,61060.7734375,61060.7734375,14,64362.43125,58137.016796875,50469.61328125,48200.22078125,45419.6683203125,47926.740234375,62.75512057727796,5184.528009037407,3343.353803845581,1841.1742051918263,71127.47458115772,50469.61328125,29811.75198134228,53.83377390147418,57.92280636023551,TTNP
2006-12-15,61060.7734375,66629.8359375,60265.1953125,64441.98828125,64441.98828125,27,63845.30390625,60145.856640625,51503.8673828125,48514.474921875,45727.955625,47764.64080078125,66.02199616201553,5355.176285958631,3745.718300268191,1609.4579856904397,72775.95878893603,51503.8673828125,30231.775976688987,53.13383934279961,55.04584996611874,TTNP
2006-12-18,64441.98828125,67226.515625,63447.515625,66430.9375,66430.9375,14,63924.86171875,61955.801171875,52687.2927734375,48892.37546875,46050.165546875,47690.05517578125,67.8106013942708,5586.510044176583,4113.876649049869,1472.6333951267134,74508.86072879424,52687.2927734375,30865.72481808075,56.0530646067264,54.34022595033338,TTNP
2006-12-19,64640.8828125,66430.9375,63646.41015625,64243.09375,64243.09375,7,63765.7453125,63666.2984375,53771.270703125,49210.6075,46316.6848828125,47599.55794921875,63.83025812714217,5529.561663359578,4397.013651911811,1132.5480114477668,75627.39133341354,53771.270703125,31915.15007283647,58.70646430745949,55.964456085661816,TTNP
2006-12-20,65038.67578125,65038.67578125,60662.984375,63447.515625,63447.515625,9,63924.86171875,65297.237890625,54795.5802734375,49504.9721875,46603.09375,47541.87841796875,62.395988457084115,5358.464116698284,4589.303744869106,769.1603718291781,76448.48130727132,54795.5802734375,33142.67923960368,57.57085920130296,57.443462705162936,TTNP
2006-12-21,61657.45703125,64640.8828125,60662.984375,62055.25,62055.25,6,64123.75703125,64243.094140625,55819.8896484375,49763.53578125,46875.5799609375,47499.11599609375,59.861021581996,5052.2842896366055,4681.899853822606,370.3844358139995,76800.92133955537,55819.8896484375,34838.85795731963,52.79862466162452,56.35864939012898,TTNP
2006-12-22,60066.296875,63049.72265625,60066.296875,60662.984375,60662.984375,28,63367.95625,63606.630078125,56695.027734375,49982.3203125,47114.253984375,47432.48615234375,57.351753824494644,4643.759995902961,4674.271882238677,-30.511886335715644,76937.99944757303,56695.027734375,36452.05602117696,47.99571767914725,52.78840051402489,TTNP
2006-12-26,61657.45703125,62453.0390625,59668.5078125,60662.984375,60662.984375,10,62214.365625,63069.613671875,57570.1658203125,50181.215390625,47303.2042578125,47350.93919921875,57.351753824494644,4270.770762967455,4593.571658384432,-322.80089541697726,76889.20263334518,57570.1658203125,38251.12900727981,43.94890406196496,48.24774880091223,TTNP
2006-12-27,60265.1953125,61657.45703125,60066.296875,60662.984375,60662.984375,15,61498.34375,62632.04453125,58465.1935546875,50392.044140625,47504.0882421875,47239.55798828125,57.35175382449466,3929.872979180749,4460.831922543695,-530.9589433629462,76578.17730250637,58465.1935546875,40352.20980686863,29.506609154608228,40.48374363190679,TTNP
2006-12-28,61259.66796875,62254.14453125,59668.5078125,61458.5625,61458.5625,22,61100.553125,62512.707421875,59400.0001953125,50658.5634375,47720.883828125,47116.24306640625,58.59059783518221,3681.467865340099,4304.959111102976,-623.491245762877,76045.16223544134,59400.0001953125,42754.838155183665,20.165945876546882,31.207153031040004,TTNP
2006-12-29,61657.45703125,66629.8359375,61657.45703125,66033.1484375,66033.1484375,22,61896.1328125,63009.944921875,60573.480859375,51008.618671875,47983.4252734375,47085.41431640625,64.90354730286305,3809.818658737422,4205.931020629865,-396.112361892443,75528.7345176948,60573.480859375,45618.2272010552,27.19208311808524,25.621546049746765,TTNP
2007-01-03,66828.7265625,66828.7265625,57679.55859375,64839.77734375,64839.77734375,19,62731.49140625,63049.723828125,61597.790234375,51370.607578125,48232.0440234375,47063.535859375,62.23793529567361,3771.763966214101,4119.097609746712,-347.33364353261095,74654.82119200853,61597.790234375,48540.759276741475,50.16671990392418,32.508249632852085,TTNP
2007-01-04,65038.67578125,65635.359375,61657.45703125,61657.45703125,61657.45703125,9,62930.3859375,62572.37578125,62264.0884765625,51684.86171875,48450.8285546875,47023.75685546875,55.671705350484736,3445.1056612033644,3984.299220038042,-539.1935588346778,73818.82877178585,62264.0884765625,50709.348181339155,59.29370586331996,45.550836295109775,TTNP
2007-01-05,61060.7734375,63049.72265625,61060.7734375,62254.14453125,62254.14453125,6,63248.61796875,62373.480859375,63019.8896484375,51983.204296875,48675.5799609375,46994.9170703125,56.596350072531145,3197.5153292296745,3826.942441876369,-629.4271126466942,72264.78681215206,63019.8896484375,53774.99248472294,54.350908679765375,54.603778149003155,TTNP
2007-01-08,62055.25,64441.98828125,62055.25,63049.72265625,63049.72265625,7,63566.85,62333.7015625,63815.4697265625,52297.4584375,48848.6186328125,46968.06623046875,57.85853806878977,3030.5603004271543,3667.666013586526,-637.1057131593716,69515.50450203175,63815.4697265625,58115.434951093244,48.61112077187556,54.085245104986946,TTNP
2007-01-09,63049.72265625,64441.98828125,63049.72265625,63049.72265625,63049.72265625,5,62970.16484375,62433.148828125,63338.121484375,52623.64625,49031.60203125,46942.2098828125,57.858538068789755,2865.218778710907,3507.176566611402,-641.9577879004951,67372.25926864958,63338.121484375,59303.98370010042,53.47223557680835,52.14475500948308,TTNP
2007-01-10,63646.41015625,64044.19921875,62850.828125,63049.72265625,63049.72265625,7,62612.15390625,62671.82265625,63139.2263671875,52925.966640625,49214.5854296875,46917.34798828125,57.85853806878977,2703.0256345889356,3346.3463802069086,-643.320745617973,66801.21737351175,63139.2263671875,59477.23536086325,57.06522343398191,53.04952659422192,TTNP
2007-01-11,63845.3046875,64243.09375,61657.45703125,61657.45703125,61657.45703125,9,62612.15390625,62771.269921875,62920.441796875,53216.353359375,49397.568828125,46892.48609375,54.40076776706441,2434.0835984866644,3163.89382386286,-729.8102253761954,66382.07182631902,62920.441796875,59458.81176743097,52.807972024828615,54.44847701187294,TTNP
2007-01-12,62651.93359375,63646.41015625,59867.40234375,61060.7734375,61060.7734375,10,62373.4796875,62811.048828125,62721.5466796875,53514.6959375,49586.5191015625,46879.55791015625,52.940529765675606,2148.0364903753507,2960.722357165358,-812.6858667900074,66130.20266541641,62721.5466796875,59312.890693958594,46.37681221297306,52.083335890594505,TTNP
2007-01-16,60066.296875,61657.45703125,59867.40234375,60066.296875,60066.296875,14,61776.79453125,62671.822265625,62592.26484375,53797.126875,49765.524609375,46853.70154296875,50.50716749694871,1820.114996238277,2732.600884979942,-912.4858887416649,66192.428946307,62592.26484375,58992.100741193004,35.507241736035624,44.897341991279085,TTNP
2007-01-17,59867.40234375,61657.45703125,59668.5078125,60265.1953125,60265.1953125,15,61219.8890625,62095.026953125,62552.4859375,54107.403125,49912.706953125,46816.90595703125,50.99234860227142,1558.3209374842918,2497.744895480812,-939.4239579965201,66236.07243098468,62552.4859375,58868.89944401532,30.434788796397015,37.43961424846855,TTNP
2007-01-18,61259.66796875,61458.5625,60066.296875,60066.296875,60066.296875,3,60623.20390625,61617.67890625,62333.7013671875,54393.811953125,50075.800859375,46782.09931640625,50.459639160865976,1319.5864470076995,2262.1132057861896,-942.5267587784901,66061.90818704691,62333.7013671875,58605.4945473281,26.811593893513514,30.917874808648705,TTNP
2007-01-19,60265.1953125,64441.98828125,60265.1953125,64243.09375,64243.09375,27,61140.33125,61876.242578125,62224.3091796875,54735.91140625,50276.68484375,46773.14904296875,59.927087680209134,1450.6975063550199,2099.8300658999556,-649.1325595449357,65574.43552918624,62224.3091796875,58874.182830188765,42.02899540756854,33.091792699159676,TTNP
2007-01-22,64441.98828125,64640.8828125,61259.66796875,62651.93359375,62651.93359375,13,61458.56328125,61916.021484375,62144.751171875,55066.0771875,50461.6572265625,46755.2484765625,55.57025018040288,1409.9575260703787,1961.8555579340402,-551.8980318636616,65372.676659058896,62144.751171875,58916.82568469111,50.72464325009065,39.85507751705756,TTNP
2007-01-23,63447.515625,63447.515625,61458.5625,62850.828125,62850.828125,8,62015.46953125,61896.13203125,62114.916796875,55447.955625,50624.7511328125,46746.298203125,56.000862040840836,1377.837076476193,1845.0518616424708,-467.2147851662778,65304.93442688408,62114.916796875,58924.899166865915,60.869577592794,51.207738750151044,TTNP
2007-01-24,64044.19921875,64044.19921875,61060.7734375,61856.35546875,61856.35546875,12,62333.7015625,61776.7953125,62104.9720703125,55770.165625,50769.94453125,46732.37556640625,53.22327059442657,1257.6384829738963,1727.569185908756,-469.9307029348597,65296.9112389327,62104.9720703125,58913.0329016923,49.178762096812136,53.590994313232244,TTNP
2007-01-25,61060.7734375,62055.25,56685.08203125,57281.76953125,57281.76953125,21,61776.79609375,61200.0,61935.911328125,56000.88390625,50853.48046875,46706.51921875,42.72535723805794,784.2094989424877,1538.8972485155023,-754.6877495730146,65718.89168253509,61935.911328125,58152.930973714916,33.56282627486125,47.87038865482244,TTNP
2007-01-26,57281.76953125,61259.66796875,57281.76953125,58276.2421875,58276.2421875,13,60583.42578125,60861.878515625,61816.57421875,56291.270625,50952.92796875,46711.49158203125,45.253399452299284,483.6836464370499,1327.854528099812,-844.170881662762,65891.9321192697,61816.57421875,57741.21631823031,21.388910756302455,34.710166375991925,TTNP
2007-01-29,59668.5078125,60265.1953125,58674.03125,58674.03125,58674.03125,5,59787.8453125,60623.204296875,61717.1265625,56657.237421875,51042.430703125,46736.35345703125,46.27491208592369,274.44931516997167,1117.1734855138438,-842.7241703438722,65992.39778530688,61717.1265625,57441.855339693124,17.500006137424318,24.150581056195985,TTNP
2007-01-30,59668.5078125,59668.5078125,56685.08203125,58872.9296875,58872.9296875,9,58992.265625,60503.867578125,61587.844921875,57019.22640625,51141.8782421875,46747.2926953125,46.80933518432851,123.2581980499599,918.390428021067,-795.1322299711071,66039.31761706446,61587.844921875,57136.37222668555,24.166672804090982,21.01852989927256,TTNP
2007-01-31,57679.55859375,60662.984375,56685.08203125,59668.5078125,59668.5078125,4,58554.69609375,60444.198828125,61269.612890625,57297.679453125,51277.126875,46762.20982421875,48.99487174058496,66.86388893256662,748.085120203367,-681.2212312708003,65293.93258118684,61269.612890625,57245.29320006316,30.00000818323242,23.88889570824922,TTNP
2007-02-01,60066.296875,60265.1953125,57878.453125,59668.5078125,59668.5078125,3,59032.04375,60404.419921875,61011.0494140625,57615.911484375,51406.4086328125,46793.0385546875,48.99487174058496,21.918331772983947,602.8517625172904,-580.9334307443064,64738.14229403777,61011.0494140625,57283.956534087236,34.16668098732338,29.444453991548908,TTNP
2007-02-02,59270.71875,61657.45703125,59270.71875,60464.08984375,60464.08984375,3,59469.61328125,60026.51953125,60951.3810546875,57969.9446875,51533.701484375,46826.85072265625,51.314884433572,49.92002786706871,492.265415587246,-442.3453877201773,64673.37574521572,60951.3810546875,57229.38636415928,40.833347653990046,35.000012274848594,TTNP
2007-02-05,59668.5078125,61060.7734375,58674.03125,60265.1953125,60265.1953125,4,59787.84609375,59787.845703125,60851.93359375,58323.977890625,51676.9059375,46853.7015625,50.694077863879826,55.4235590334647,404.89704427648974,-349.47348524302504,64535.46680600104,60851.93359375,57168.40038149896,43.333357883030544,39.4444621747813,TTNP
2007-02-06,59867.40234375,60265.1953125,58475.13671875,59071.82421875,59071.82421875,4,59827.625,59409.9453125,60653.038671875,58646.187890625,51841.988828125,46863.646328125,47.01855143844517,-36.093859172731754,316.6988635866454,-352.79272275937717,64269.374205355,60653.038671875,57036.703138395,40.83336402045484,41.66668985249179,TTNP
2007-02-07,59668.5078125,59668.5078125,57480.6640625,57679.55859375,57679.55859375,7,59429.83515625,58992.265625,60384.53046875,58968.3978125,52001.10484375,46863.646328125,43.09300291018368,-218.44813857448025,209.66946315442027,-428.1176017289005,64046.35979313645,60384.53046875,56722.70114436356,29.16669326217197,37.7778050552191,TTNP
2007-02-08,57679.55859375,60662.984375,55690.609375,55889.50390625,55889.50390625,9,58674.034375,58853.0390625,60026.51953125,59222.9834375,52142.3203125,46862.65185546875,38.627627079212644,-501.62524834992655,67.41052085355088,-569.0357692034775,63965.64501233253,60026.51953125,56087.39405016747,14.907420111622713,28.30249246474982,TTNP
2007-02-09,54895.02734375,56685.08203125,52707.18359375,54298.34375,54298.34375,16,57440.88515625,58455.24921875,59658.5638671875,59445.745859375,52271.602109375,46876.57451171875,35.141787575358954,-844.7012841614633,-115.01184014945196,-729.6894440120113,64241.74531714678,59658.5638671875,55075.38241722822,9.585774702985155,17.886629358926594,TTNP
2007-02-12,54696.1328125,54696.1328125,51712.70703125,53104.97265625,53104.97265625,7,56008.840625,57898.343359375,59260.773828125,59652.59671875,52390.939140625,46888.50822265625,32.754387813111144,-1199.064518738458,-331.8223758672532,-867.2421428712048,64605.79747248256,59260.773828125,53915.750183767435,9.182543780948798,11.22524619851887,TTNP
2007-02-13,52508.2890625,54696.1328125,52309.390625,53701.65625,53701.65625,5,54934.80703125,57381.216015625,58942.541796875,59871.38125,52514.2540625,46919.336953125,35.12748380781221,-1415.4362874242725,-548.5451581786571,-866.8911292456154,64791.91573171295,58942.541796875,53093.167862037044,14.852056708972286,11.206791730968726,TTNP
2007-02-14,53701.65625,54696.1328125,52309.390625,53303.8671875,53303.8671875,5,54059.66875,56744.751953125,58594.475390625,60086.187890625,52639.5579296875,46940.2209375,34.2594723676885,-1600.5604611818271,-758.9482187792911,-841.612242402536,64898.412441589695,58594.475390625,52290.5383396603,15.507027791437707,13.18054276045291,TTNP
2007-02-15,54298.34375,54298.34375,51911.6015625,52508.2890625,52508.2890625,5,53383.42578125,56028.730078125,58216.575,60249.281875,52748.9501953125,46954.14359375,32.528246478703124,-1790.825684653617,-965.3237119541564,-825.5019726994606,65009.47339680713,58216.575,51423.676603192864,14.410259384499788,14.92311462830324,TTNP
2007-02-16,52707.18359375,52707.18359375,51911.6015625,52309.390625,52309.390625,4,52985.63515625,55213.26015625,57619.88984375,60328.83984375,52856.3534765625,46973.03861328125,32.09163204030834,-1935.3521517935878,-1159.3293999220427,-776.0227518715451,64285.811814926594,57619.88984375,50953.96787257341,10.000002618634644,13.305763264857362,TTNP
2007-02-20,52508.2890625,52707.18359375,50519.3359375,52110.49609375,52110.49609375,5,52786.73984375,54397.790234375,57092.81796875,60428.28734375,52965.7457421875,46989.9446875,31.634362075482308,-2042.3960741050323,-1335.9427347586407,-706.4533393463917,63750.87231805319,57092.81796875,50434.763619446814,9.42857352347915,11.27961184220451,TTNP
2007-02-21,52906.078125,54298.34375,51712.70703125,52309.390625,52309.390625,4,52508.28671875,53721.546875,56565.74609375,60531.712734375,53071.160078125,47003.86732421875,32.667574956684255,-2087.1209956555394,-1486.1783869380204,-600.9426087175191,62981.64571198784,56565.74609375,50149.84647551216,12.11904144421382,10.515872528775853,TTNP
2007-02-22,52508.2890625,54298.34375,51712.70703125,53701.65625,53701.65625,6,52587.84453125,53323.756640625,56158.0111328125,60153.812109375,53186.5191796875,46995.9115234375,39.55413701678534,-1987.3131094554483,-1586.405331441506,-400.90777801394233,62202.94862898798,56158.0111328125,50113.07363663702,19.642855681565667,13.730156883086195,TTNP
2007-02-23,54099.44921875,54298.34375,51314.91796875,52309.390625,52309.390625,7,52548.06484375,52965.7453125,55909.3921875,59859.447421875,53276.0219140625,46993.92255859375,35.62971876363414,-1997.5325292763955,-1668.6307710084839,-328.90175826791165,62154.69707900152,55909.3921875,49664.087295998484,20.541325947576535,17.434407691118654,TTNP
2007-02-26,51911.6015625,53701.65625,50519.3359375,51116.0234375,51116.0234375,6,52309.39140625,52647.51328125,55551.38125,59561.104921875,53349.6130859375,46999.8894140625,32.6403792367059,-2077.9726762383725,-1750.4991520544615,-327.47352418391097,62029.50033446671,55551.38125,49073.262165533284,17.144976416297656,19.10971934847993,TTNP
2007-02-27,50519.3359375,51513.8125,47933.703125,49325.96875,49325.96875,20,51752.4859375,52269.612890625,55083.978125,59246.85078125,53399.336875,46997.90046875,28.74458679638258,-2260.1113684309385,-1852.4215953297569,-407.6897731011816,61931.83382602222,55083.978125,48236.12242397778,11.267001504451526,16.317767956108554,TTNP
2007-02-28,48331.4921875,50718.23046875,47933.703125,50121.546875,50121.546875,25,51314.9171875,51911.601953125,54646.408984375,58996.243046875,53445.082734375,47004.861796875,32.59522315541365,-2313.591446434446,-1944.6555655506947,-368.9358808837512,61587.675056520384,54646.408984375,47705.14291222961,11.335789307312382,13.249255742687168,TTNP
2007-03-01,49723.7578125,51712.70703125,47734.8046875,48132.59765625,48132.59765625,11,50201.10546875,51394.475,54069.6134765625,58737.67953125,53468.95015625,47011.823125,28.4552078087573,-2487.788693700051,-2053.282191180566,-434.50650251948537,61161.30260742358,54069.6134765625,46977.92434570142,10.85648959273002,11.153093468164622,TTNP
2007-03-02,47535.91015625,49723.7578125,46541.4375,46939.2265625,46939.2265625,4,49127.07265625,50837.56875,53433.1494140625,58387.624296875,53451.049609375,47024.75130859375,26.297011749847748,-2691.114844264841,-2180.8487217974207,-510.26612246742025,60683.712748673584,53433.1494140625,46182.586079451416,8.836667346469794,10.342982082170712,TTNP
2007-03-05,45745.85546875,48928.17578125,45348.06640625,46541.4375,46541.4375,8,48212.15546875,50260.7734375,52737.016796875,57989.834296875,53441.1048828125,47028.72921875,25.600014050979958,-2851.4804447727,-2314.9750663924765,-536.5053783802236,59825.357938671084,52737.016796875,45648.67565507892,7.362826924586081,9.01866128792861,TTNP
2007-03-06,46342.54296875,47138.12109375,45745.85546875,47138.12109375,47138.12109375,4,47774.5859375,49763.5359375,52080.6630859375,57647.73484375,53429.171171875,47035.690546875,28.65469789230433,-2897.0288143897124,-2431.3858159919237,-465.6429983977887,58672.795641742676,52080.6630859375,45488.530530132324,12.264311423482384,9.487935231512731,TTNP
2007-03-07,46740.33203125,48132.59765625,46342.54296875,47535.91015625,47535.91015625,6,47257.45859375,49286.187890625,51503.8673828125,57329.502734375,53417.2374609375,47049.61318359375,30.697543144185413,-2867.967824751875,-2518.702217743914,-349.2656070079611,57543.82827193438,51503.8673828125,45463.90649369063,18.786440416876417,12.804526254981605,TTNP
2007-03-08,47535.91015625,48132.59765625,46342.54296875,48132.59765625,48132.59765625,3,47257.45859375,48729.28203125,51026.5193359375,57051.0496875,53407.292734375,47077.45849609375,33.76134300591656,-2764.9168462635134,-2567.9451434478337,-196.9717028156797,56523.331360918775,51026.5193359375,45529.70731095622,24.90149031808286,18.6507473861472,TTNP
2007-03-09,48331.4921875,49524.86328125,45745.85546875,45745.85546875,45745.85546875,11,47018.784375,48072.928515625,50519.3369140625,56752.707109375,53367.5137109375,47127.18224609375,28.360423277546865,-2843.065264441997,-2622.9691676466664,-220.0960967953306,55999.607417529296,50519.3369140625,45039.066410595704,19.999991271220235,21.22930733539315,TTNP
2007-03-12,46541.4375,47734.8046875,44950.27734375,47337.015625,47337.015625,4,47177.9,47695.027734375,50171.2705078125,56486.187734375,53333.7015625,47174.91705078125,35.74076739909523,-2744.962898534068,-2647.367913824147,-97.59498470992094,55530.19009320289,50171.2705078125,44812.35092242211,20.362480801003105,21.754654130102043,TTNP
2007-03-13,46939.2265625,47535.91015625,44751.3828125,45944.75,45944.75,5,46939.22578125,47356.905859375,49813.259375,56191.823046875,53291.93359375,47222.65185546875,32.578174876519334,-2747.8843665716267,-2667.4712043736426,-80.4131621979841,55295.658913454965,49813.259375,44330.85983654504,14.158764928530067,18.173745666917778,TTNP
2007-03-14,44552.484375,46939.2265625,41767.95703125,44353.58984375,44353.58984375,33,46302.76171875,46780.11015625,49345.8560546875,55849.72359375,53254.143515625,47260.44189453125,29.37863545807531,-2845.7884993894113,-2703.134663376796,-142.6538360126151,55013.352280578234,49345.8560546875,43678.35982879677,19.555587442152227,18.025611057228446,TTNP
2007-03-15,43955.80078125,44751.3828125,43558.01171875,43955.80078125,43955.80078125,2,45467.40234375,46362.43046875,48878.452734375,55408.176640625,53208.39765625,47295.248515625,28.621834273047348,-2921.7958392108703,-2746.866898543611,-174.9289406672592,54702.88564752432,48878.452734375,43054.01982122568,17.156064572939414,16.956805647873882,TTNP
2007-03-16,45348.06640625,46740.33203125,44154.6953125,44751.3828125,44751.3828125,17,45268.5078125,46143.64609375,48490.607421875,55006.40875,53188.5081640625,47326.07724609375,32.373989215047395,-2884.5836973848272,-2774.4102583118542,-110.173439072973,54329.59035456783,48490.607421875,42651.62448918217,22.989410753947862,19.90035425634648,TTNP
2007-03-19,44353.58984375,46342.54296875,42762.4296875,44751.3828125,44751.3828125,10,44751.38125,45964.640625,48112.70703125,54668.287265625,53176.5744921875,47352.9280859375,32.3739892150474,-2822.5561367247064,-2784.0394339944246,-38.51670273028185,53892.17292116728,48112.70703125,42333.24114133272,26.111113256936523,22.085529527941244,TTNP
2007-03-20,43955.80078125,47734.8046875,43756.90625,45745.85546875,45745.85546875,6,44711.60234375,45825.4140625,47794.475,54338.121484375,53160.662890625,47381.7678515625,37.162613275862505,-2662.462011073898,-2759.723949410319,97.26193833642128,53355.14701478353,47794.475,42233.80298521647,33.33333333333335,27.477952448072557,TTNP
2007-03-21,44950.27734375,46342.54296875,44552.484375,45745.85546875,45745.85546875,3,44990.05546875,45646.40859375,47466.2982421875,53992.044140625,53144.7512890625,47402.65181640625,37.1626132758625,-2506.69069313012,-2709.1172981542795,202.42660502415947,52686.71480555806,47466.2982421875,42245.881678816935,39.999989198133,33.14814526280094,TTNP
2007-03-22,46740.33203125,46740.33203125,43955.80078125,46342.54296875,46342.54296875,7,45467.40390625,45467.403125,47098.342578125,53657.900546875,53140.7733984375,47432.48607421875,40.11347945706078,-2308.4823592068715,-2628.990310364798,320.5079511579265,51478.73193274273,47098.342578125,42717.95322350726,49.65810709844453,40.997143209970275,TTNP
2007-03-23,47734.8046875,55690.609375,47734.8046875,49922.65234375,49922.65234375,22,46501.6578125,45885.0828125,46979.0056640625,53395.359140625,53160.662890625,47484.1987890625,54.05484117160606,-1841.2906675666454,-2471.4503818051676,630.1597142385222,50889.91175893223,46979.0056640625,43068.09956919277,55.84858598771806,48.50222742809851,TTNP
2007-03-26,49922.65234375,51314.91796875,49723.7578125,51116.0234375,51116.0234375,6,47774.5859375,46262.98359375,46979.0056640625,53184.53046875,53200.4419140625,47552.817578125,57.59826908870892,-1359.0762274061635,-2248.975550925367,889.8993235192033,50889.91175893223,46979.0056640625,43068.09956919277,61.56287948442482,55.68985752352912,TTNP
2007-03-27,50917.12890625,53701.65625,49922.65234375,50718.23046875,50718.23046875,16,48769.0609375,46740.331640625,47048.61875,52977.679609375,53246.1877734375,47620.441875,56.046599025363385,-997.517615358418,-1998.683963811977,1001.1663484535591,51168.14734422048,47048.61875,42929.09015577952,63.33332304584193,60.24826283932825,TTNP
2007-03-28,50121.546875,50718.23046875,48729.28125,49524.86328125,49524.86328125,8,49524.8625,47257.458984375,47018.7845703125,52766.8509375,53281.98890625,47676.13248046875,51.55917050385032,-798.0748588781789,-1758.5621428252175,960.4872839470386,51056.696836436895,47018.7845703125,42980.8723041881,62.38094449832911,62.4257156761986,TTNP
2007-03-29,49723.7578125,50718.23046875,48530.38671875,49723.7578125,49723.7578125,3,50201.10546875,47834.2546875,47098.342578125,52556.0221875,53331.71265625,47735.80099609375,52.245442905584206,-616.8551883865002,-1530.220751937474,913.3655635509738,51281.006525013196,47098.342578125,42915.6786312368,59.047610229769276,61.58729259131342,TTNP
2007-03-30,49922.65234375,49922.65234375,47933.703125,49524.86328125,49524.86328125,4,50121.54765625,48311.602734375,47227.6244140625,52345.193515625,53369.502734375,47802.43083984375,51.46031202118016,-483.7105067233788,-1320.9187028946549,837.2081961712761,51540.437821043895,47227.6244140625,42914.8110070811,56.1904745872308,59.20634310510971,TTNP
2007-04-02,49524.86328125,49524.86328125,46740.33203125,47734.8046875,47734.8046875,4,49445.30390625,48609.944921875,47287.2927734375,52015.027734375,53375.4695703125,47869.0606640625,44.91784362700758,-516.6791994320592,-1160.0708022021358,643.3916027700766,51593.496914063246,47287.2927734375,42981.08863281175,51.90475241889322,55.71427907863108,TTNP
2007-04-03,48132.59765625,49325.96875,46541.4375,47535.91015625,47535.91015625,6,48808.83984375,48788.950390625,47307.1822265625,51712.707265625,53389.3922265625,47915.80099609375,44.244756467434684,-552.4875201504619,-1038.5541457918011,486.0666256413392,51614.1212117306,47307.1822265625,43000.243241394404,45.16482376108082,51.08668358906826,TTNP
2007-04-04,46740.33203125,48132.59765625,43955.80078125,47734.8046875,47734.8046875,9,48450.828125,48987.8453125,47317.126953125,51410.386796875,53429.1712109375,47962.54130859375,45.130219256298446,-558.3800877913673,-942.5193341917144,384.13924640034713,51627.05000722621,47317.126953125,43007.20389902379,39.413903495306705,45.49449322509356,TTNP
2007-04-05,47734.8046875,53303.8671875,46939.2265625,52110.49609375,52110.49609375,31,48928.17578125,49564.640625,47516.021875,51215.469609375,53492.8176171875,48018.2319140625,60.13136654134566,-207.5754620793523,-795.530559769242,587.9550976898897,52299.27171403305,47516.021875,42732.77203596695,49.23075621507525,44.60316115715423,TTNP
2007-04-09,52508.2890625,54497.23828125,48928.17578125,50917.12890625,50917.12890625,16,49206.62890625,49664.08828125,47774.585546875,51088.176796875,53544.5303515625,48079.889375,55.661845924094045,-25.560383249947336,-641.5365244653831,615.9761412154357,52703.9735737395,47774.585546875,42845.1975200105,56.923069343501396,48.522576351294425,TTNP
2007-04-10,51712.70703125,52508.2890625,48928.17578125,50519.3359375,50519.3359375,10,49763.53515625,49604.41953125,47933.7015625,50933.038671875,53612.1546484375,48132.59654296875,54.21524418526814,85.6025372232325,-496.10871212765994,581.7112493508924,52999.8669908832,47933.7015625,42867.536134116795,62.74662370220719,56.30014975359459,TTNP
2007-04-11,49524.86328125,51712.70703125,48331.4921875,49127.0703125,49127.0703125,5,50081.7671875,49445.303515625,48092.817578125,50742.099453125,53699.6684375,48183.314765625,49.378237945713096,60.65654144326254,-384.7556614134754,445.41220285673796,53098.654236779534,48092.817578125,43086.98091947047,53.33332441962229,57.66767248844361,TTNP
2007-04-12,48530.38671875,51911.6015625,48530.38671875,49127.0703125,49127.0703125,7,50360.2203125,49405.52421875,48331.4916015625,50547.182265625,53783.2043359375,48229.06060546875,49.378237945713096,40.42071521743492,-299.7203860872934,340.1411013047283,53048.28186922192,48331.4916015625,43614.701333903075,48.02258194409819,54.70084335530921,TTNP
2007-04-13,49922.65234375,50519.3359375,47933.703125,48331.4921875,48331.4921875,6,49604.41953125,49266.29765625,48550.276171875,50320.441953125,53809.060703125,48260.88380859375,46.621643311856424,-39.35912117279804,-247.6481331043943,208.28901193159626,52819.62151340753,48550.276171875,44280.93083034246,43.214998566050575,48.19030164325701,TTNP
2007-04-16,48530.38671875,48530.38671875,47734.8046875,48530.38671875,48530.38671875,8,49127.07109375,49166.85,48739.2263671875,50097.67953125,53856.7955078125,48296.684921875,47.41204577776828,-85.54992358767777,-215.22849120105099,129.67856761337322,52637.72119300418,48739.2263671875,44840.73154137081,42.99114719829618,44.7429092361483,TTNP
2007-04-17,48530.38671875,48530.38671875,46342.54296875,47337.015625,47337.015625,15,48490.60703125,49127.07109375,48868.5080078125,49835.138046875,53902.5413671875,48335.469453125,43.271806259200886,-215.96206488323514,-215.3752059374878,-0.5868589457473377,52381.92040693042,48868.5080078125,45355.09560869459,38.993708361248984,41.7332847085319,TTNP
2007-04-18,46740.33203125,47337.015625,46143.64453125,46740.33203125,46740.33203125,6,48013.259375,49047.51328125,48918.2318359375,49564.64078125,53944.3093359375,48370.27609375,41.32850670535797,-363.27440454632597,-244.95504565925543,-118.31935888707054,52278.26333451663,48918.2318359375,45558.200337358365,33.962262519540964,38.64903935969536,TTNP
2007-04-19,45944.75,46740.33203125,45348.06640625,45546.9609375,45546.9609375,6,47297.2375,48828.72890625,48908.287109375,49294.143515625,53970.165703125,48385.19322265625,37.68347146460439,-569.7478701137516,-309.91361055015466,-259.8342595635969,52306.774304026425,48908.287109375,45509.799914723575,24.528300022332527,32.494756967707474,TTNP
2007-04-20,45546.9609375,47138.12109375,45546.9609375,46342.54296875,46342.54296875,3,46899.44765625,48251.93359375,48908.287109375,49067.403203125,54017.9005078125,48409.060625,41.39442152693111,-661.5567438333746,-380.2422372067987,-281.31450662657596,52306.774304026425,48908.287109375,45509.799914723575,21.3836540912945,26.624738877722645,TTNP
2007-04-23,46342.54296875,47337.015625,44950.27734375,45348.06640625,45348.06640625,6,46262.98359375,47695.02734375,48679.5578125,48856.574453125,54039.7789453125,48437.90041015625,38.3223700534326,-805.2791285842613,-465.24961548229123,-340.0295131019701,52376.81270937481,48679.5578125,44982.302915625194,16.981137435794082,20.964363849807018,TTNP
2007-04-24,45745.85546875,48729.28125,44751.3828125,45944.75,45944.75,4,45984.53046875,47237.56875,48420.994140625,48689.502578125,54067.62421875,48473.70150390625,41.14469188914512,-861.1064752143429,-544.4209874287016,-316.6854877856414,52123.80859569994,48420.994140625,44718.17968555006,18.238995808209292,18.867929111765942,TTNP
2007-04-25,46939.2265625,46939.2265625,43756.90625,44154.6953125,44154.6953125,18,45467.403125,46740.33125,48092.8173828125,48510.49703125,54081.546875,48499.5578515625,35.84538581605555,-1037.8290554776322,-643.1026010384877,-394.7264544391445,52075.88619215528,48092.8173828125,44109.74857346972,11.92638562777887,15.715506290594064,TTNP
2007-04-26,43955.80078125,44353.58984375,42961.32421875,43558.01171875,43558.01171875,9,45069.61328125,46183.425390625,47794.4748046875,48307.624140625,54089.5026953125,48526.40869140625,34.26132509173471,-1212.0584970032578,-756.8937802314417,-455.1647167718161,52177.57249415152,47794.4748046875,43411.377115223484,9.24801351995576,13.137798318647958,TTNP
2007-04-27,42762.4296875,44154.6953125,41966.8515625,42762.4296875,42762.4296875,9,44353.590625,45626.519140625,47446.4083984375,48096.795390625,54091.491640625,48558.23189453125,32.21700328802374,-1398.2156460247206,-885.1581533900975,-513.0574926346231,52247.11808453403,47446.4083984375,42645.69871234098,5.474426050662949,8.882941732799177,TTNP
2007-04-30,42165.74609375,44154.6953125,42165.74609375,43756.90625,43756.90625,20,44035.35859375,45149.17109375,47158.010546875,47921.767734375,54085.5248046875,48593.038515625,37.25672502917411,-1448.799719092538,-997.8864665305856,-450.9132525619524,52115.087355612995,47158.010546875,42200.933738137,10.239860245053903,8.320766605224186,TTNP
2007-05-01,45745.85546875,46541.4375,44154.6953125,45149.171875,45149.171875,16,43876.24296875,44930.38671875,47028.72890625,47778.563359375,54053.7016015625,48642.76228515625,43.58116583917545,-1360.8566527599978,-1070.4805037764681,-290.3761489835297,52053.29891602275,47028.72890625,42004.158896477245,19.18238341149711,11.63222323573797,TTNP
2007-05-02,46740.33203125,49723.7578125,46143.64453125,48132.59765625,48132.59765625,38,44671.8234375,45069.61328125,47058.56328125,47699.005390625,54063.6463671875,48712.375546875,54.22824204905516,-1038.4529726247056,-1064.0749975461156,25.622024921410002,52101.87589328967,47058.56328125,42015.25066921033,40.69768043764089,23.373308031397283,TTNP
2007-05-03,49723.7578125,49723.7578125,44751.3828125,44751.3828125,44751.3828125,16,44910.49765625,44990.05546875,46909.3921875,47547.845234375,54039.778984375,48767.0716796875,44.07621512237208,-1043.7498150671381,-1060.00996105032,16.26014598318193,52039.611471028074,46909.3921875,41779.17290397193,46.66349689421269,35.514520247783544,TTNP
2007-05-04,45745.85546875,46143.64453125,43955.80078125,43955.80078125,43955.80078125,16,45149.171875,44751.38125,46501.657421875,47352.928125,53753.3701171875,48820.77333984375,42.080032880214965,-1099.4704113246917,-1067.9020511051945,-31.568360219497208,51190.858143851,46501.657421875,41812.456699899005,44.543832992555,43.96833677480284,TTNP
2007-05-07,45149.171875,45745.85546875,42762.4296875,43756.90625,43756.90625,29,45149.171875,44592.265234375,46143.6462890625,47181.8784375,53520.6629296875,48868.50814453125,41.57312259927938,-1146.4628022093893,-1083.6142013260335,-62.84860088335586,50512.097918570034,46143.6462890625,41775.19465955496,28.205124331409007,39.804151406058885,TTNP
2007-05-08,44751.3828125,46143.64453125,41966.8515625,43558.01171875,43558.01171875,34,44830.93984375,44353.59140625,45795.580078125,47030.718203125,53295.9115625,48918.2319140625,41.040702431807446,-1186.0813297292043,-1104.1076270066676,-81.9737027225367,49808.87529987371,45795.580078125,41782.28485637629,23.07691532948465,31.94195755114954,TTNP
2007-05-09,43756.90625,44353.58984375,41767.95703125,41966.8515625,41966.8515625,17,43597.790625,44134.80703125,45437.569140625,46883.535859375,53065.1933203125,48959.005390625,36.96241418757298,-1330.5350451822815,-1149.3931106417904,-181.1419345404911,49475.627855448074,45437.569140625,41399.51042580192,15.363242804547065,22.215094155146897,TTNP
2007-05-10,42165.74609375,42961.32421875,41767.95703125,42165.74609375,42165.74609375,7,43080.66328125,43995.58046875,45089.5029296875,46724.41984375,52860.3314453125,49001.76783203125,37.79453295576684,-1412.68201012208,-1202.0508905378483,-210.63111958423178,48993.3214790223,45089.5029296875,41185.6843803527,9.33760026976933,15.925919467933669,TTNP
2007-05-11,42165.74609375,42364.640625,41370.1640625,41569.0625,41569.0625,11,42603.315625,43876.24375,44751.3814453125,46593.149140625,52665.4143359375,49042.541328125,36.248626405299426,-1508.541918791474,-1263.3490961885734,-245.1928226029006,48644.84982294039,44751.3814453125,40857.91306768461,3.293658016601267,9.33150036363921,TTNP
2007-05-14,42563.53515625,42563.53515625,41171.26953125,41966.8515625,41966.8515625,10,42245.3046875,43697.23828125,44423.2046875,46493.701640625,52440.66296875,49084.309296875,38.06735260756265,-1534.7220141160215,-1317.623679774063,-217.09833434195843,48086.924277266146,44423.2046875,40759.48509773386,5.5611086500295315,6.064122312133364,TTNP
2007-05-15,42563.53515625,43558.01171875,40773.48046875,41370.1640625,41370.1640625,22,41807.73515625,43319.3375,44124.862109375,46390.276171875,52190.055234375,49120.110390625,36.39031656570613,-1585.3427780983257,-1371.1674994389155,-214.1752786594102,47762.57576391532,44124.862109375,40487.14845483467,6.1166624780147565,4.990476381548506,TTNP
2007-05-16,40972.375,40972.375,39580.109375,40375.69140625,40375.69140625,18,41489.503125,42543.646875,43806.630078125,46255.027578125,51951.3812109375,49134.033046875,33.72372870233205,-1686.2674885192391,-1434.1874972549801,-252.07999126425898,47584.326961063176,43806.630078125,40028.93319518683,7.9373831979392415,6.538384775327831,TTNP
2007-05-17,40375.69140625,40574.5859375,39381.21484375,39580.109375,39580.109375,12,40972.37578125,42026.51953125,43508.2875,46095.9115625,51712.7071484375,49157.90044921875,31.721123118291434,-1809.588064834541,-1509.2676107708924,-300.32045406364864,47617.04713210847,43508.2875,39399.52786789153,5.477625223259433,6.510556966404465,TTNP
2007-05-18,39580.109375,40375.69140625,39580.109375,39580.109375,39580.109375,6,40574.58515625,41588.950390625,43170.1658203125,45924.861796875,51487.9557421875,49181.7678515625,31.721123118291434,-1885.5846637729264,-1584.5310213712992,-301.05364240162726,47401.49143969751,43170.1658203125,38938.84020092749,3.896432766497428,5.77048039589869,TTNP
2007-05-21,39779.00390625,40375.69140625,39182.3203125,39580.109375,39580.109375,12,40097.23671875,41171.270703125,42881.76796875,45801.546875,51277.1269921875,49195.69048828125,31.721123118291434,-1923.6380143511706,-1652.3524199672734,-271.2855943838972,47263.60252493531,42881.76796875,38499.933412564686,2.5399062649626276,3.971321418239819,TTNP
2007-05-22,39381.21484375,41370.1640625,39381.21484375,40375.69140625,40375.69140625,17,39898.3421875,40853.038671875,42603.3150390625,45662.320390625,51074.2540625,49188.72916015625,36.435542674909875,-1868.0648590138808,-1695.4949077765948,-172.56995123728598,46877.66201892308,42603.3150390625,38328.96805920192,5.672469787981748,4.03626960648059,TTNP
2007-05-23,40176.796875,41569.0625,39580.109375,39779.00390625,39779.00390625,23,39779.0046875,40634.25390625,42384.53046875,45539.00546875,50865.4142578125,49184.75125,34.510922278196624,-1850.8351520229699,-1726.56295662587,-124.27219539709995,46765.46254718243,42384.53046875,38003.59839031757,7.888582285867446,5.366986112937263,TTNP
2007-05-24,40574.5859375,41569.0625,39977.90234375,41569.0625,41569.0625,55,40176.7953125,40574.585546875,42285.0830078125,45483.314921875,50666.5192578125,49193.70154296875,44.057856588850456,-1673.4472584172909,-1715.939816984154,42.49255856686318,46645.19684103788,42285.0830078125,37924.96917458712,18.059307099160023,10.540119724336394,TTNP
2007-05-25,41569.0625,44751.3828125,41569.0625,43955.80078125,43955.80078125,24,41051.93359375,40813.259375,42344.7515625,45483.314921875,50445.74578125,49214.58552734375,53.740947852652056,-1325.0024389009704,-1637.7523413675174,312.7499024665469,46761.655330772846,42344.7515625,37927.84779422716,37.14286729674767,21.03025222725837,TTNP
2007-05-29,44552.484375,44552.484375,42563.53515625,43756.90625,43756.90625,10,41887.29296875,40992.26484375,42344.7515625,45463.425390625,50234.9170703125,49233.480546875,52.918916106891444,-1052.7708484519826,-1520.7560427844105,467.9851943324279,46761.655330772846,42344.7515625,37927.84779422716,61.666676553353305,38.95628364975366,TTNP
2007-05-30,42961.32421875,43756.90625,41767.95703125,43756.90625,43756.90625,9,42563.5359375,41230.9390625,42275.13828125,45443.535859375,50055.9115625,49253.37005859375,52.918916106891444,-827.4866012517523,-1382.102154477879,554.6155532261266,46554.80373276958,42275.13828125,37995.472829730425,77.61903906841053,58.809527639503834,TTNP
2007-05-31,44154.6953125,44353.58984375,41569.0625,42364.640625,42364.640625,7,43080.66328125,41429.833984375,41986.7404296875,45375.9115625,49857.0165234375,49266.2982421875,47.07334493641939,-752.6157269353134,-1256.2048689693659,503.58914203405243,45321.77853467811,41986.7404296875,38651.7023246969,73.80950376896176,71.03173979690852,TTNP
2007-06-01,42165.74609375,42762.4296875,40176.796875,40972.375,40972.375,6,42961.32578125,41569.060546875,41797.7900390625,45280.441953125,49636.243046875,49242.43083984375,42.06883886152583,-796.4433171211858,-1164.2525585997298,367.809241478544,44905.33056257806,41797.7900390625,38690.24951554694,57.1428371022951,69.52379331322244,TTNP
2007-06-04,40972.375,41767.95703125,40176.796875,41767.95703125,41767.95703125,4,42523.75703125,41787.8453125,41688.3978515625,45188.950234375,49423.425390625,49227.5137109375,45.62616493342132,-758.2396622996093,-1083.0499793397057,324.8103170400964,44634.19442151409,41688.3978515625,38742.60128161091,45.238085217814245,58.73014202969035,TTNP
2007-06-05,41569.0625,42563.53515625,40972.375,42165.74609375,42165.74609375,3,42205.525,42046.408984375,41608.83984375,45033.812109375,49214.585625,49214.58552734375,47.366474308922044,-687.9346552479619,-1004.026914521357,316.09225927339503,44409.2373860809,41608.83984375,38808.4423014191,44.04761236743173,48.80951156251368,TTNP
2007-06-06,42364.640625,42563.53515625,40773.48046875,41966.8515625,41966.8515625,3,41847.5140625,42205.525,41529.2818359375,44850.828671875,49017.6795703125,49207.62419921875,46.56398124451022,-640.878904008081,-931.3973124187017,290.51840841062074,44190.613977395704,41529.2818359375,38867.9496944793,50.00000000000006,46.428565861748666,TTNP
2007-06-07,41767.95703125,42364.640625,40176.796875,42364.640625,42364.640625,3,41847.5140625,42464.088671875,41549.1712890625,44683.756875,48830.7182421875,49208.618671875,48.44526149182561,-564.975938318632,-858.1130375986878,293.13709928005585,44229.16714987061,41549.1712890625,38869.175428254384,53.57141855114759,49.206343639526445,TTNP
2007-06-08,41370.1640625,41767.95703125,40176.796875,41767.95703125,41767.95703125,3,42006.63046875,42483.978125,41529.2818359375,44528.61875,48647.73484375,49206.6297265625,45.83836116478724,-546.6680218147158,-795.8240344418934,249.1560126271777,44196.55309975887,41529.2818359375,38862.01057211613,51.19047285038257,51.5872971338434,TTNP
2007-06-11,40574.5859375,41171.26953125,40176.796875,40176.796875,40176.796875,2,41688.3984375,42106.077734375,41459.6685546875,44337.67953125,48446.850859375,49179.77890625,39.70286791221888,-653.0245324960924,-767.2641340527332,114.23960155664076,44191.056219001606,41459.6685546875,38728.2808903734,39.46208766690003,48.074659689476725,TTNP
2007-06-12,40176.796875,40176.796875,39580.109375,39580.109375,39580.109375,7,41171.27109375,41688.398046875,41340.3314453125,44138.784453125,48241.988984375,49158.894921875,37.66677956126289,-776.509410864739,-769.1131894151343,-7.396221449604695,44179.10139220489,41340.3314453125,38501.56149842011,20.41447529946835,37.02234527225031,TTNP
2007-06-13,39580.109375,40375.69140625,38983.42578125,39381.21484375,39381.21484375,5,40654.14375,41250.82890625,41240.883984375,43971.71265625,47993.3701953125,49135.02751953125,36.98589812300967,-880.2739430098009,-791.3453401340677,-88.92860287573319,44205.087957809366,41240.883984375,38276.68001094064,7.237125830468297,22.37122959894555,TTNP
2007-06-14,38983.42578125,39381.21484375,38784.53125,39381.21484375,39381.21484375,4,40057.45859375,40952.486328125,41191.16015625,43808.61875,47760.6630078125,49111.1601171875,36.98589812300967,-951.5393292430017,-823.3841379558545,-128.1551912871472,44243.794687742586,41191.16015625,38138.525624757414,5.6321689518377065,11.094590027258109,TTNP
2007-06-15,38386.7421875,39977.90234375,38386.7421875,39182.3203125,39182.3203125,6,39540.33125,40773.480859375,41171.270703125,43637.5690625,47523.9779296875,49074.36453125,36.22643281081584,-1012.3965109300698,-861.1866125506975,-151.20989837937225,44270.46185584407,41171.270703125,38072.079550405935,9.933236045933317,7.600843609413098,TTNP
2007-06-18,39779.00390625,42364.640625,39182.3203125,39977.90234375,39977.90234375,9,39500.55234375,40594.475390625,41191.1603515625,43394.9171875,47305.1933984375,49037.56896484375,41.40904988279523,-985.074123594517,-885.9641147594614,-99.11000883505562,44254.14421414484,41191.1603515625,38128.17648898016,16.523284951930854,10.69622998323395,TTNP
2007-06-19,40375.69140625,41171.26953125,39381.21484375,41171.26953125,41171.26953125,6,39818.784375,40495.027734375,41270.718359375,43200.0,47144.0883984375,48998.78443359375,48.20804218779923,-857.2443963533369,-880.2201710782365,22.975774724899566,44243.51743014008,41270.718359375,38297.919288609926,28.745507174147367,18.40067605733717,TTNP
2007-06-20,40176.796875,41569.0625,39977.90234375,40773.48046875,40773.48046875,4,40097.2375,40375.690625,41290.6078125,43005.082890625,46969.06078125,48960.994375,46.28019495069239,-779.0561945677618,-859.9873757761416,80.93118120837971,44244.45046375447,41290.6078125,38336.76516124553,42.62625555666734,29.29834922758185,TTNP
2007-06-21,40375.69140625,41171.26953125,39779.00390625,41171.26953125,41171.26953125,4,40455.2484375,40256.353515625,41360.22109375,42845.966875,46794.0331640625,48918.23193359375,48.49818865958997,-677.18703781761,-823.4273081844352,146.24027036682526,44232.79161923088,41360.22109375,38487.65056826912,55.959574134195634,42.44377895500344,TTNP
2007-06-22,40773.48046875,40773.48046875,39381.21484375,40574.5859375,40574.5859375,13,40733.7015625,40137.01640625,41310.497265625,42674.9171875,46611.0497265625,48876.463984375,45.465788231703144,-637.2564804598805,-786.1931426395242,148.9366621796437,44201.25722810559,41310.497265625,38419.737303144415,57.86434328325557,52.15005765803951,TTNP
2007-06-25,40176.796875,40773.48046875,39381.21484375,40574.5859375,40574.5859375,18,40853.03828125,40176.7953125,41141.4365234375,42519.7790625,46420.1105078125,48848.61869140625,45.465788231703144,-598.7096736359017,-748.6964488387997,149.986775202898,43777.90271535101,41141.4365234375,38504.97033152399,57.14284378246998,56.98892039997372,TTNP
2007-06-26,39381.21484375,40773.48046875,38784.53125,40574.5859375,40574.5859375,4,40733.7015625,40276.24296875,40982.3205078125,42360.663046875,46229.1712890625,48817.7899609375,45.46578823170314,-561.6862816953435,-711.2944154101085,149.60813371476502,43337.274837439814,40982.3205078125,38627.36617818519,53.25396201169881,56.08704969247478,TTNP
2007-06-27,40972.375,41370.1640625,39381.21484375,40574.5859375,40574.5859375,5,40693.92265625,40395.580078125,40823.2044921875,42225.414453125,46030.27625,48781.9888671875,45.465788231703144,-526.2783674206003,-674.2912058122068,148.01283839160658,42807.67483883797,40823.2044921875,38838.734145537026,54.126976095907594,54.84126063002545,TTNP
2007-06-28,40972.375,43160.22265625,39779.00390625,41370.1640625,41370.1640625,14,40733.7015625,40594.475,40773.4806640625,42118.01109375,45841.3259375,48759.1159375,50.964365131977075,-429.0747281179283,-625.2479102733512,196.17318215542286,42647.743346933436,40773.4806640625,38899.21798119157,57.49996958564979,54.96030256441872,TTNP
2007-06-29,41370.1640625,43160.22265625,40773.48046875,43160.22265625,43160.22265625,26,41250.82890625,40992.265234375,40882.873046875,42070.276328125,45682.209921875,48762.099375,60.59226979393294,-205.2315932298734,-541.2446468646556,336.0130536347822,43026.79224003853,40882.873046875,38738.95385371147,72.49997285894436,61.37563951350057,TTNP
2007-07-02,42563.53515625,43359.1171875,41171.26953125,42762.4296875,42762.4296875,23,41688.39765625,41270.71796875,40932.5966796875,41998.6740625,45533.0386328125,48767.07173828125,57.872891067422785,-59.24986860840727,-444.8456912134059,385.59582260499866,43198.953149742185,40932.5966796875,38666.240209632815,83.49995937297733,71.16663393919049,TTNP
2007-07-03,41370.1640625,42762.4296875,41171.26953125,42762.4296875,42762.4296875,1,42125.96640625,41429.833984375,40962.430859375,41946.961328125,45401.767890625,48772.0441015625,57.872891067422785,55.79848964041594,-344.71685504264155,400.5153446830575,43307.284289349205,40962.430859375,38617.5774294008,91.99996648147687,82.6666329044662,TTNP
2007-07-05,42762.4296875,42762.4296875,40972.375,42165.74609375,42165.74609375,1,42444.1984375,41569.060546875,40972.3755859375,41871.38125,45280.4419140625,48776.02201171875,53.68172116011546,97.7015207938748,-256.2331798753383,353.9347006692131,43335.797541196276,40972.3755859375,38608.95363067873,83.99995914929993,86.49996166791804,TTNP
2007-07-06,40972.375,42762.4296875,40773.48046875,42762.4296875,42762.4296875,1,42722.6515625,41728.1765625,40992.2650390625,41843.5359375,45177.016484375,48783.9778125,57.03277981614605,177.01681455178186,-169.58318098991424,346.5999955416961,43408.327812817166,40992.2650390625,38576.20226530783,83.65213249604865,86.55068604227513,TTNP
2007-07-09,42563.53515625,44154.6953125,41569.0625,44154.6953125,44154.6953125,16,42921.54609375,42086.1875,41111.601953125,41855.469609375,45081.546875,48797.90046875,63.642541755124384,348.20506533588195,-66.025531724755,414.23059706063697,43879.317177640245,41111.601953125,38343.88672860975,87.65214925531025,85.10141363355292,TTNP
2007-07-10,43558.01171875,44353.58984375,41966.8515625,43955.80078125,43955.80078125,15,43160.2203125,42424.308984375,41300.5521484375,41879.33703125,44988.0662109375,48813.8120703125,62.17116797802533,462.49253493497963,39.67808160719193,422.8144533277877,44293.97162234069,41300.5521484375,38307.13267453431,93.27120921667886,88.19183032267925,TTNP
2007-07-11,42762.4296875,43558.01171875,41767.95703125,42563.53515625,42563.53515625,9,43120.44140625,42623.20390625,41449.7234375,41855.469609375,44888.618671875,48818.78443359375,52.94385959001562,435.6995050204787,118.88236628984929,316.8171387306294,44382.05909377992,41449.7234375,38517.38778122007,86.90476607988198,89.27604151729037,TTNP
2007-07-12,42165.74609375,44154.6953125,42165.74609375,42961.32421875,42961.32421875,12,43279.55703125,42861.877734375,41628.72890625,41811.71265625,44795.1380078125,48825.7457421875,54.99891897566959,441.4750392182905,183.40090087553753,258.0741383427529,44469.79602858483,41628.72890625,38787.661783915166,78.5714269013806,86.2491340659805,TTNP
2007-07-13,42563.53515625,48132.59765625,42364.640625,48132.59765625,48132.59765625,33,44353.590625,43538.12109375,42066.298046875,41811.71265625,44755.3590234375,48860.5523828125,72.07359453925089,853.4922130004124,317.41916330051254,536.0730496998999,45907.599028771576,42066.298046875,38224.99706497843,80.95237427218895,82.14285575115052,TTNP
2007-07-16,48729.28125,49723.7578125,46143.64453125,48928.17578125,48928.17578125,17,45308.28671875,44114.91640625,42553.5908203125,41895.248515625,44721.546875,48896.3534765625,73.72531678101217,1230.0362057015009,499.9425717807102,730.0936339207907,47196.799187290206,42553.5908203125,37910.382453334794,89.24241255402279,82.92207124253078,TTNP
2007-07-17,48928.17578125,48928.17578125,46939.2265625,48331.4921875,48331.4921875,10,46183.425,44671.82265625,42971.2703125,41982.76234375,44667.845234375,48927.18220703125,70.3639335120966,1463.4331075390946,692.6406789323871,770.7924286067075,48090.99236770244,42971.2703125,37851.54825729755,93.08857151902242,87.76111944841138,TTNP
2007-07-18,48928.17578125,49127.0703125,47138.12109375,48530.38671875,48530.38671875,8,47376.7953125,45248.618359375,43339.226171875,42078.231953125,44630.0551953125,48953.0385546875,70.8411713713256,1645.4828581094043,883.2091147677905,762.2737433416138,48925.16766332285,43339.226171875,37753.284680427154,89.08856942411553,90.47318449905357,TTNP
2007-07-19,47734.8046875,49325.96875,46939.2265625,49325.96875,49325.96875,8,48649.72421875,45964.640625,43766.8505859375,42193.59109375,44612.1546484375,48980.8838671875,72.73266070964259,1832.8277209282023,1073.132835999873,759.6948849283294,49793.69876094546,43766.8505859375,37740.00241092954,90.0313400895676,90.73616034423519,TTNP
2007-07-20,48530.38671875,49723.7578125,46740.33203125,49127.0703125,49127.0703125,7,48848.61875,46601.1046875,44164.640625,42336.79546875,44610.1656640625,49004.75126953125,71.48419973082405,1942.8544164879058,1247.0771520974795,695.7772643904264,50496.22290473094,44164.640625,37833.05834526906,92.29628935206733,90.47206628858349,TTNP
2007-07-23,48331.4921875,48729.28125,46342.54296875,46939.2265625,46939.2265625,8,48450.82890625,46879.5578125,44482.87265625,42432.265078125,44578.3424609375,49011.71259765625,59.40500115702601,1832.3880307698637,1364.1393278319563,468.2487029379074,50699.44844644302,44482.87265625,38266.29686605698,85.925919136875,89.41784952616997,TTNP
2007-07-24,45745.85546875,46740.33203125,44552.484375,44950.27734375,44950.27734375,8,47774.5859375,46979.00546875,44701.6572265625,42499.889375,44546.5192578125,49007.73470703125,50.97250562979927,1566.295762050373,1404.5706146756397,161.7251473747333,50655.06803177116,44701.6572265625,38748.24642135384,69.62962187071429,82.61727678655221,TTNP
2007-07-25,43756.90625,44950.27734375,42165.74609375,44950.27734375,44950.27734375,22,47058.5640625,47217.6796875,44920.441796875,42559.557890625,44526.629765625,48988.8396875,50.97250562979927,1339.9693889846749,1391.6503695374467,-51.68098055277187,50564.682434045084,44920.441796875,39276.20115970491,54.07407795353179,69.87653965370703,TTNP
2007-07-26,42165.74609375,45149.171875,41767.95703125,45149.171875,45149.171875,10,46223.2046875,47436.464453125,45149.17109375,42635.138046875,44512.707109375,48976.90599609375,51.766559318545625,1163.2440805117221,1345.9691117323018,-182.7250312205797,50429.45090308962,45149.17109375,39868.89128441038,45.745260156193545,56.482986660146544,TTNP
2007-07-27,43955.80078125,46740.33203125,43160.22265625,46740.33203125,46740.33203125,7,45745.85703125,47297.237890625,45417.6794921875,42762.430859375,44508.72921875,48968.9501953125,57.67273203753388,1138.4578931125507,1304.4668680083516,-166.00897489580097,50441.93541940232,45417.6794921875,40393.423564972676,51.02303297856995,50.280790362765096,TTNP
2007-07-30,46740.33203125,46740.33203125,43558.01171875,43756.90625,43756.90625,4,45109.39296875,46780.1109375,45447.513671875,42845.966796875,44470.9391796875,48944.0883203125,46.2397524698668,868.0705569808633,1217.187605802854,-349.1170488219907,50424.661307641,45447.513671875,40470.366036109,43.80080375513827,46.85636562996726,TTNP
2007-07-31,43756.90625,46342.54296875,43756.90625,46342.54296875,46342.54296875,6,45387.84609375,46581.216015625,45626.5193359375,42981.21546875,44453.0386328125,48930.16568359375,54.63358524558183,852.5977035930046,1144.2696253608842,-291.67192176787967,50459.95566684844,45626.5193359375,40793.08300502656,48.333329241717166,47.719055325141795,TTNP
2007-08-01,44154.6953125,45745.85546875,43756.90625,45348.06640625,45348.06640625,3,45467.40390625,46262.983984375,45755.801171875,43096.574609375,44449.0607421875,48908.2872265625,51.314984659049244,751.4274208407805,1065.7011844568635,-314.273763616083,50410.92274885977,45755.801171875,41100.67959489023,42.499993862575735,44.87804228647706,TTNP
2007-08-02,43160.22265625,44751.3828125,42762.4296875,43955.80078125,43955.80078125,10,45228.7296875,45725.9671875,45845.30390625,43168.176796875,44415.24859375,48874.475078125,47.009762445071146,552.5357543444043,963.0680984343717,-410.5323440899674,50284.71998577217,45845.30390625,41405.887826727834,43.33332515010097,44.72221608479796,TTNP
2007-08-03,43558.01171875,44353.58984375,40176.796875,41370.1640625,41370.1640625,18,44154.69609375,44950.2765625,45775.690625,43200.0,44369.502734375,48830.7181640625,40.25511707868012,184.15062776640116,807.2846043007776,-623.1339765343764,50444.05047894358,45775.690625,41107.330771056426,28.33331287525238,38.05554396264302,TTNP
2007-08-06,40176.796875,41767.95703125,39381.21484375,40972.375,40972.375,24,43597.78984375,44353.59140625,45616.574609375,43188.06625,44335.6905859375,48794.91705078125,39.31909093537959,-138.30124137894745,618.1674351648326,-756.46867654378,50694.089270923956,45616.574609375,40539.05994782604,18.46152112664402,30.04271971733245,TTNP
2007-08-07,41569.0625,41767.95703125,40176.796875,41767.95703125,41767.95703125,5,42682.87265625,44035.359375,45507.182421875,43144.309375,44313.8121484375,48761.10490234375,42.21318380641989,-325.8931564058803,429.35531685069,-755.2484732565703,50812.2767703663,45507.182421875,40202.0880733837,16.98717313185777,21.260669044584716,TTNP
2007-08-08,40773.48046875,43359.1171875,39779.00390625,43160.22265625,43160.22265625,6,42245.30390625,43856.35390625,45537.016796875,43132.375703125,44297.900546875,48743.20435546875,46.97892779953822,-358.0890723796256,271.86643900462684,-629.9555113842524,50781.92841386859,45537.016796875,40292.105179881415,25.00000944218947,20.149567900230412,TTNP
2007-08-09,43359.1171875,43359.1171875,41171.26953125,41966.8515625,41966.8515625,2,41847.5140625,43538.121875,45487.2931640625,43096.574609375,44270.055234375,48723.31486328125,43.65555150537773,-474.4306998105676,122.60701124158794,-597.0377110521556,50846.54550185927,45487.2931640625,40128.04082626574,29.091668180197455,23.692950251414896,TTNP
2007-08-10,41171.26953125,42165.74609375,38983.42578125,38983.42578125,38983.42578125,11,41370.16640625,42762.43125,45029.8345703125,43028.9503125,44202.4309375,48681.5469140625,36.671201914859594,-798.1690092671706,-61.548192860163795,-736.6208164070068,50941.2678293084,45029.8345703125,39118.4013113166,21.399355645741334,25.16367775604275,TTNP
2007-08-13,39779.00390625,40176.796875,36397.7890625,39580.109375,39580.109375,22,41091.71328125,42344.7515625,44562.43125,43001.105,44140.7734765625,48642.7623828125,38.78074346103641,-995.11550054494,-248.26165439711906,-746.853846147821,50642.864443590115,44562.43125,38481.99805640989,19.476271217334343,23.322431681091043,TTNP
2007-08-14,39182.3203125,40176.796875,37591.16015625,38386.7421875,38386.7421875,6,40415.4703125,41549.171484375,44065.19375,42933.480703125,44061.21546875,48600.99443359375,36.18461893675134,-1233.2753419956716,-445.2643919168296,-788.010950078842,50450.2818704026,44065.19375,37680.1056295974,16.666672961459664,19.180766608178445,TTNP
2007-08-15,37392.265625,42762.4296875,37193.37109375,40972.375,40972.375,12,39977.90078125,41111.60234375,43687.2931640625,42909.61328125,43971.7126953125,48566.18779296875,44.80603191023823,-1199.5520835368952,-596.1219302408427,-603.4301532960525,49861.72680678095,43687.2931640625,37512.85952134406,31.410261494512298,22.51773522443543,TTNP
2007-08-16,40375.69140625,43558.01171875,38187.84375,43558.01171875,43558.01171875,20,40296.1328125,41071.8234375,43398.8953125,42941.436484375,43896.132578125,48548.28724609375,51.816355530568714,-953.1989993907046,-667.5373440708152,-285.6616553198894,49005.61875769704,43398.8953125,37792.17186730295,44.23077818874386,30.769237548238607,TTNP
2007-08-17,43955.80078125,44353.58984375,40574.5859375,44353.58984375,44353.58984375,3,41370.165625,41370.166015625,43160.2212890625,42981.21546875,43832.486171875,48539.33697265625,53.76235262513941,-685.8597354654485,-671.2018223497419,-14.657913115706606,48142.929106759606,43160.2212890625,38177.5134713654,64.48717235760101,46.70940401361906,TTNP
2007-08-20,43756.90625,43756.90625,41171.26953125,43160.22265625,43160.22265625,2,42086.18828125,41588.95078125,42971.27109375,43009.06078125,43768.839765625,48525.4143359375,50.469676566654954,-563.7872133249766,-649.7189005447888,85.93168721981215,47643.35759979546,42971.27109375,38299.18458770454,73.85706818900375,60.858339578449545,TTNP
2007-08-21,42165.74609375,43359.1171875,41370.1640625,43359.1171875,43359.1171875,2,43080.66328125,41748.066796875,42891.7130859375,43072.7071875,43705.193359375,48518.4530078125,51.008228166293335,-445.85519247902266,-608.9461589316355,163.09096645261286,47479.726401581065,42891.7130859375,38303.69977029394,78.55792095299908,72.30072049986795,TTNP
2007-08-22,42762.4296875,43756.90625,41966.8515625,42762.4296875,42762.4296875,25,43438.67421875,41708.2875,42782.320703125,43136.35359375,43637.5690234375,48503.53587890625,49.277173717309196,-395.97634204439237,-566.3521955541869,170.37585350979452,47272.06511562436,42782.320703125,38292.576290625635,78.55792880889986,76.99097265030089,TTNP
2007-08-23,42165.74609375,42762.4296875,41767.95703125,42364.640625,42364.640625,3,43200.0,41748.06640625,42643.094140625,43196.022109375,43583.8673828125,48479.6684765625,48.105107202951785,-384.11738054097077,-529.9052325515437,145.78785201057292,47001.392338582285,42643.094140625,38284.79594266771,79.44444853606068,78.85343276598654,TTNP
2007-08-24,41767.95703125,42762.4296875,41370.1640625,41767.95703125,41767.95703125,1,42682.8734375,42026.51953125,42394.475390625,43243.756953125,43526.1878515625,48457.7900390625,46.32519071613441,-418.04745657913736,-507.5336773570624,89.48622077792504,46336.96437304196,42394.475390625,38451.98640820803,74.16668098732339,77.3896861107613,TTNP
2007-08-27,39580.109375,43558.01171875,39580.109375,40773.48046875,40773.48046875,3,42205.525,42145.856640625,42245.3041015625,43275.58015625,43456.574609375,48442.87291015625,43.44025622442754,-519.1982395824962,-509.8665898021492,-9.331649780346993,46196.06256299613,42245.3041015625,38294.54564012887,65.83335174560625,73.14816042299675,TTNP
2007-08-28,40773.48046875,42762.4296875,39381.21484375,39580.109375,39580.109375,6,41449.7234375,42265.193359375,41907.182421875,43267.624296875,43331.2707421875,48412.0441796875,40.20461546279614,-687.7283335784887,-545.438938557417,-142.28939502107164,45542.33945543383,41907.182421875,38272.025388316164,54.16668098732339,64.72223790675099,TTNP
2007-08-29,40773.48046875,40972.375,39779.00390625,40972.375,40972.375,5,41091.7125,42265.193359375,41688.3978515625,43263.64640625,43231.823203125,48388.17677734375,45.32160951097711,-700.8662965830008,-576.5244101625337,-124.34188642046706,44979.25433129803,41688.3978515625,38397.54137182697,50.833339470757664,56.94445740122908,TTNP
2007-08-30,40773.48046875,40773.48046875,39779.00390625,40375.69140625,40375.69140625,3,40693.92265625,41946.961328125,41509.3923828125,43255.690625,43130.3867578125,48371.270703125,43.59959661522152,-750.771183377612,-611.3737648055494,-139.39741857206263,44674.51180742347,41509.3923828125,38344.27295820152,49.16667689570719,51.38889911792939,TTNP
2007-08-31,39977.90234375,40972.375,39779.00390625,40773.48046875,40773.48046875,4,40495.02734375,41588.950390625,41479.558203125,43247.73484375,43046.850859375,48373.2596484375,45.097274455185975,-749.5821958705128,-639.0154510185421,-110.56674485197072,44660.573296291645,41479.558203125,38298.54310995836,52.50001022904053,50.833342198501775,TTNP
2007-09-04,42563.53515625,42563.53515625,39779.00390625,40176.796875,40176.796875,4,40375.690625,41290.6078125,41439.779296875,43239.7790625,42957.348125,48370.27623046875,43.24236967101282,-787.7070969447741,-668.7537802037884,-118.95331674098566,44664.762712759504,41439.779296875,38214.795880990496,47.22223646710993,49.629641197285856,TTNP
2007-09-05,42961.32421875,42961.32421875,39977.90234375,40972.375,40972.375,2,40654.14375,41051.93359375,41400.0001953125,43247.73484375,42883.756953125,48346.408828125,46.40754930882396,-745.1353929779434,-684.0301027586195,-61.10529021932393,44627.4359817108,41400.0001953125,38172.56440891421,45.60932914542929,48.443858613859895,TTNP
2007-09-06,40773.48046875,41370.1640625,40176.796875,40574.5859375,40574.5859375,4,40574.5859375,40833.14921875,41270.718359375,43247.73484375,42804.1989453125,48330.4972265625,45.05464110476445,-735.0223832548945,-694.2285588578745,-40.79382439701999,44411.7487157888,41270.718359375,38129.6880029612,36.94266981093957,43.25807847449291,TTNP
2007-09-07,40176.796875,40972.375,39381.21484375,39779.00390625,39779.00390625,4,40455.2484375,40574.585546875,41161.3259765625,43231.823203125,42728.618828125,48315.58009765625,42.392762618478216,-782.1879948450442,-711.8204460553085,-70.36754878973568,44349.79379682966,41161.3259765625,37972.85815629533,26.084069775097873,36.21202291048889,TTNP
2007-09-10,39381.21484375,39779.00390625,38983.42578125,38983.42578125,38983.42578125,5,40097.2375,40296.132421875,41161.3259765625,43184.0884375,42651.049765625,48297.67955078125,39.856850383378216,-873.6922076880946,-744.1947983818657,-129.49740930622897,44349.79379682966,41161.3259765625,37972.85815629533,11.030302246879451,24.68568061097228,TTNP
2007-09-11,39779.00390625,39977.90234375,38784.53125,39779.00390625,39779.00390625,7,40017.67890625,40196.684765625,41171.270703125,43116.4640625,42593.3701953125,48281.76794921875,43.496838230432154,-871.9620145287918,-769.7482416112509,-102.21377291754084,44341.13586169787,41171.270703125,38001.40554455214,9.696945869561436,15.603772630512902,TTNP
2007-09-12,39779.00390625,40773.48046875,39182.3203125,40176.796875,40176.796875,1,39858.56328125,40256.353515625,41260.7734375,43064.75140625,42531.712734375,48274.80662109375,45.28011158873338,-828.9367885973916,-781.585951008479,-47.350837588912555,44204.08415738544,41260.7734375,38317.46271761456,16.388876586761352,12.372041567734064,TTNP
2007-09-13,39779.00390625,40972.375,39182.3203125,40176.796875,40176.796875,4,39779.00546875,40176.795703125,41220.99453125,43013.03875,42480.0000390625,48259.8894921875,45.28011158873338,-785.7809929121358,-782.4249593892104,-3.356033522925486,44200.107629828526,41220.99453125,38241.88143267147,26.111102218663735,17.39897489166216,TTNP
2007-09-14,39779.00390625,40773.48046875,39182.3203125,39381.21484375,39381.21484375,3,39699.44765625,40077.348046875,41012.1546875,42957.348125,42414.3646875,48240.994453125,42.19147302872779,-806.4799361882178,-787.2359547490119,-19.24398143920598,43890.57205222425,41012.1546875,38133.73732277575,23.61110770143098,22.037028835618674,TTNP
2007-09-17,39182.3203125,40375.69140625,39182.3203125,40375.69140625,40375.69140625,2,39977.90078125,40037.569140625,40813.259765625,42909.613359375,42376.5746484375,48229.06076171875,47.05323098615647,-734.1749387698947,-776.6237515531884,42.44881278329376,43257.64702764921,40813.259765625,38368.87250360079,26.587302190378647,25.43650403682444,TTNP
2007-09-18,40773.48046875,42961.32421875,39779.00390625,42961.32421875,42961.32421875,15,40614.36484375,40316.021875,40803.31484375,42885.7459375,42370.6077734375,48230.055234375,57.14486100765903,-462.8977513194259,-713.8785515064359,250.98080018701,43210.76633813644,40803.31484375,38395.86334936356,50.1984098918096,33.46560659453973,TTNP
2007-09-19,42563.53515625,42563.53515625,40176.796875,40773.48046875,40773.48046875,3,40733.7015625,40296.132421875,40674.0330078125,42822.09953125,42350.71828125,48221.1049609375,48.688518707564114,-419.61230244717444,-655.0253016945836,235.41299924740918,42777.059498214716,40674.0330078125,38571.00651741028,61.90477081168675,46.230160964624986,TTNP
2007-09-20,41171.26953125,41569.0625,40176.796875,40972.375,40972.375,2,40892.8171875,40335.911328125,40584.5302734375,42790.276328125,42322.87296875,48204.19888671875,49.4212831778909,-365.05106448519655,-597.0304542527062,231.9793897675097,42465.0086466193,40584.5302734375,38704.0519002557,66.6666666666667,59.58994912338767,TTNP
2007-09-21,40375.69140625,40773.48046875,39779.00390625,40773.48046875,40773.48046875,1,41171.2703125,40435.358984375,40504.972265625,42746.519453125,42279.1160546875,48166.408828125,48.67273410439489,-334.00976014763,-544.426315431691,210.41655528406102,42203.284035615914,40504.972265625,38806.66049563409,49.20635069083672,59.25926272306338,TTNP
2007-09-24,40375.69140625,41171.26953125,39779.00390625,40574.5859375,40574.5859375,1,41211.04921875,40594.475,40445.3037109375,42595.35921875,42203.5359375,48133.59115234375,47.89155630295521,-321.74950129172794,-499.8909526036984,178.14145131197046,42042.790684730484,40445.3037109375,38847.816737144516,47.61905207251007,54.49735647667115,TTNP
2007-09-25,40574.5859375,40773.48046875,38983.42578125,40176.796875,40176.796875,3,40654.14375,40634.254296875,40415.46953125,42420.331640625,42157.790078125,48098.78453125,46.29134038542941,-340.2096852218092,-467.95469912732057,127.74501390551137,42009.60989697814,40415.46953125,38821.329165521856,41.26985759920348,46.031753454183416,TTNP
2007-09-26,40972.375,43756.90625,40972.375,42961.32421875,42961.32421875,15,41091.7125,40912.70703125,40584.5302734375,42312.92828125,42147.8453125,47950.60771484375,57.097782047273526,-128.66822144655453,-400.09740359116734,271.4291821446128,42477.58792371921,40584.5302734375,38691.47262315579,53.3968266248001,47.42857876550454,TTNP
2007-09-27,43359.1171875,46939.2265625,42364.640625,43160.22265625,43160.22265625,15,41529.28203125,41211.049609375,40693.92265625,42205.525,42141.8784765625,47831.270703125,57.75168360806039,54.402239163078775,-309.1974750403181,363.5997142033969,42892.22974067034,40693.92265625,38495.61557182966,56.99729181020928,50.55465867807094,TTNP
2007-09-28,43558.01171875,44353.58984375,41767.95703125,43756.90625,43756.90625,9,42125.9671875,41648.61875,40862.9833984375,42094.14375,42143.867421875,47719.8894921875,59.73441573221422,244.81223442233022,-198.39553314778846,443.2077675701187,43427.03241759388,40862.9833984375,38298.93437928112,66.21137278082652,58.868497071945285,TTNP
2007-10-01,45745.85546875,50718.23046875,44751.3828125,48729.28125,48729.28125,31,43756.90625,42483.977734375,41260.7734375,42086.18796875,42211.49171875,47638.34251953125,71.66733154473977,787.8606667830245,-1.1442931616258534,789.0049599446504,45540.43766906563,41260.7734375,36981.10920593437,65.89500428566453,63.034556292233425,TTNP
2007-10-02,49723.7578125,51116.0234375,47535.91015625,49922.65234375,49922.65234375,14,45706.07734375,43180.110546875,41748.0662109375,42145.856484375,42289.06078125,47574.69611328125,73.68311284808046,1299.545187743308,258.99360301936093,1040.551584723947,47416.958267280104,41748.0662109375,36079.17415459489,78.06346288265152,70.05661331638085,TTNP
2007-10-03,51712.70703125,51712.70703125,45745.85546875,47337.015625,47337.015625,10,46581.215625,43836.4640625,42066.2982421875,42193.59125,42346.7403125,47506.07732421875,63.19255621707573,1479.3663683361956,503.06815608272785,976.2982122534677,48219.19856506403,42066.2982421875,35913.39791931097,79.61325785225077,74.52390834018892,TTNP
2007-10-04,47933.703125,48530.38671875,41966.8515625,43359.1171875,43359.1171875,26,46620.99453125,44075.13828125,42205.5248046875,42161.768046875,42360.66296875,47400.66296875,51.13139603188365,1286.0678012128337,659.668085108749,626.3997161040847,48343.10423680176,42205.5248046875,36067.94537257324,63.38797585490625,73.68823219660284,TTNP
2007-10-05,43756.90625,46541.4375,43359.1171875,46541.4375,46541.4375,14,47177.90078125,44651.933984375,42543.646484375,42189.613359375,42412.375703125,47301.21546875,58.03239866726806,1373.8273214015062,802.4999323673004,571.3273890342058,48851.97457116448,42543.646484375,36235.31839758552,53.12500255726017,65.37541208813904,TTNP
2007-10-08,42961.32421875,46143.64453125,42762.4296875,46143.64453125,46143.64453125,14,46660.7734375,45208.83984375,42901.657421875,42177.679609375,42470.055234375,47210.71822265625,56.94978808515173,1395.1958559920386,921.039117092248,474.1567388997905,49173.760643411355,42901.657421875,36629.55420033865,50.00000000000005,55.50432613738881,TTNP
2007-10-09,43160.22265625,47734.8046875,43160.22265625,45745.85546875,45745.85546875,11,45825.4140625,45765.745703125,43200.0,42217.45859375,42531.7126953125,47122.209921875,55.82819391539149,1364.3054566713326,1009.692385008065,354.61307166326765,49416.98843139976,43200.0,36983.01156860024,56.2499948854798,53.12499914757999,TTNP
2007-10-10,46342.54296875,49723.7578125,46143.64453125,48530.38671875,48530.38671875,12,46064.08828125,46322.651953125,43617.6794921875,42261.21546875,42621.21546875,47054.58560546875,61.53843591448312,1546.6837853326433,1117.0906650729808,429.59312025966256,50083.572594510355,43617.6794921875,37151.78638986464,61.45832566155301,55.90277351567761,TTNP
2007-10-11,49723.7578125,49723.7578125,45944.75,47734.8046875,47734.8046875,30,46939.22578125,46780.11015625,43995.5798828125,42308.950234375,42702.762421875,46989.94470703125,59.18429013467625,1608.4815299637776,1215.36883805114,393.1126919126375,50496.2527808632,43995.5798828125,37494.906984761794,65.62499232821968,61.11110429175081,TTNP
2007-10-12,45745.85546875,47138.12109375,45348.06640625,45348.06640625,45348.06640625,6,46700.5515625,46939.226171875,44293.9224609375,42336.795546875,42752.486171875,46913.3701171875,52.674168482929396,1448.1732159429957,1261.9297136295113,186.24350231348444,50459.15448967998,44293.9224609375,38128.69043219502,64.58332821881314,63.88888206952859,TTNP
2007-10-15,46939.2265625,46939.2265625,43359.1171875,45944.75,45944.75,16,46660.77265625,46660.773046875,44572.375390625,42428.287265625,42814.1436328125,46839.7789453125,54.03539431209862,1353.6708267849172,1280.2779362605925,73.39289052432468,50503.18319607522,44572.375390625,38641.56758517478,55.01542406567154,61.74124820423477,TTNP
2007-10-16,45944.75,45944.75,42961.32421875,42961.32421875,42961.32421875,8,46103.86640625,45964.640234375,44572.375390625,42468.06625,42828.06625,46747.29275390625,46.7888619675694,1026.2099658145162,1229.4643421713772,-203.25437635686103,50503.18319607522,44572.375390625,38641.56758517478,36.098753086440475,51.89916845697504,TTNP
2007-10-17,43756.90625,44353.58984375,41767.95703125,42165.74609375,42165.74609375,12,44830.93828125,45447.51328125,44641.988671875,42476.02203125,42810.165703125,46627.9557421875,45.05372065424764,694.4926890905335,1122.4700115552084,-427.9773224646749,50423.61038022892,44641.988671875,38860.366963521075,20.765416610745593,37.29319792095252,TTNP
2007-10-18,41171.26953125,42762.4296875,41171.26953125,41767.95703125,41767.95703125,5,43637.56875,45288.397265625,44681.7677734375,42448.17671875,42790.2762109375,46512.596640625,44.171675279748136,394.9533283912242,976.9666749224116,-582.0133465311874,50372.0769693357,44681.7677734375,38991.458577539306,7.220120674557189,21.361430123914406,TTNP
2007-10-19,41767.95703125,43160.22265625,39182.3203125,39182.3203125,39182.3203125,15,42404.41953125,44552.485546875,44602.209765625,42392.48609375,42744.5303515625,46400.22095703125,38.84781969273327,-50.491018135493505,771.4751363108305,-821.966154446324,50547.640227956836,44602.209765625,38656.77930329316,3.220130101641832,10.401889128981527,TTNP
2007-10-22,42165.74609375,42165.74609375,39977.90234375,41370.1640625,41370.1640625,6,41489.50234375,44075.1375,44641.988671875,42440.220859375,42734.5855859375,46295.8010546875,44.89944271368644,-224.3816341534548,572.3037822179734,-796.6854163714282,50488.92693750901,44641.988671875,38795.05040624099,7.7069016072021315,6.049050794467039,TTNP
2007-10-23,41370.1640625,42762.4296875,40773.48046875,41767.95703125,41767.95703125,5,41250.82890625,43677.34765625,44721.5466796875,42483.9778125,42742.54140625,46189.3922265625,45.94682828315485,-326.3308926814425,392.57684723809024,-718.9077399195328,50362.98206382456,44721.5466796875,39080.111295550436,13.996205821325361,8.307745843389762,TTNP
2007-10-24,41966.8515625,42364.640625,41171.26953125,41767.95703125,41767.95703125,7,41171.27109375,43001.1046875,44661.8783203125,42551.602109375,42742.54140625,46082.9833984375,45.946828283154844,-402.4867973095679,233.56411832855858,-636.0509156381265,50400.92124407812,44661.8783203125,38922.83539654688,22.172309946118588,14.625139124882017,TTNP
2007-10-25,42762.4296875,42961.32421875,40972.375,41171.26953125,41171.26953125,5,41051.93359375,42344.751171875,44562.4306640625,42555.58,42732.596640625,45973.5911328125,44.4760867149229,-505.16536307451315,85.81822204794423,-590.9835851224574,50468.607966892494,44562.4306640625,38656.253361232506,22.641512463709734,19.603342743717885,TTNP
2007-10-26,42165.74609375,42762.4296875,40773.48046875,41171.26953125,41171.26953125,3,41449.7234375,41927.071484375,44433.148828125,42507.84515625,42724.6408203125,45871.1601953125,44.47608671492289,-579.8546625989111,-47.31635488142683,-532.5383077174843,50514.78479301639,44433.148828125,38351.512863233605,20.75471255303974,21.85617832095601,TTNP
2007-10-29,40972.375,41171.26953125,39381.21484375,40176.796875,40176.796875,12,41211.05,41350.276171875,44005.524609375,42424.309296875,42702.7623828125,45766.7403125,41.88459163493528,-711.0950417835556,-180.0720922618526,-531.022949521703,50021.0712804707,44005.524609375,37989.977938279306,15.723266711331723,19.70649724269372,TTNP
2007-10-30,40773.48046875,40773.48046875,39779.00390625,40176.796875,40176.796875,6,40892.81796875,41071.8234375,43518.2318359375,42364.64078125,42686.85078125,45667.2928125,41.88459163493528,-805.8150534890956,-305.2206845073012,-500.5943689817944,49100.91361549163,43518.2318359375,37935.55005638337,12.578620780293695,16.352200014888375,TTNP
2007-10-31,39977.90234375,40574.5859375,36198.89453125,39779.00390625,39779.00390625,25,40495.02734375,40833.14921875,43140.33125,42293.038515625,42682.8728515625,45564.86185546875,40.78221931699374,-902.575583774189,-424.69166436067877,-477.8839194135102,48660.73373685421,43140.33125,37619.9287631458,17.198404012604517,15.1667638347433,TTNP
2007-11-01,39779.00390625,39779.00390625,35403.31640625,36198.89453125,36198.89453125,39,39500.55234375,40276.24296875,42782.3201171875,42161.7678125,42649.060703125,45445.52484375,32.49339432351049,-1253.6921250656524,-590.4917565016735,-663.2003685639788,49074.32226426201,42782.3201171875,36490.317970112985,16.352590855230137,15.376538549376102,TTNP
2007-11-02,37591.16015625,37988.94921875,34607.734375,35005.5234375,35005.5234375,24,38267.403125,39858.56328125,42205.5244140625,42014.58546875,42605.3037890625,45299.3369921875,30.28387662283098,-1609.6940366892668,-794.3322125391921,-815.3618241500747,49099.58261704444,42205.5244140625,35311.46621108056,14.377520394483904,15.97617175410617,TTNP
2007-11-05,35403.31640625,37790.0546875,33215.46875,34011.05078125,34011.05078125,21,37034.25390625,39122.651953125,41598.8947265625,41859.44734375,42551.6021484375,45156.132578125,28.542107991181375,-1949.5999737967868,-1025.3857647907112,-924.2142090060756,49107.83352025161,41598.8947265625,34089.955932873396,5.849391174168228,12.193167474627408,TTNP
2007-11-06,36198.89453125,37193.37109375,31624.30859375,36795.58203125,36795.58203125,32,36358.0109375,38625.414453125,41151.3810546875,41779.889375,42527.734765625,45025.85634765625,39.10337772018391,-1971.5625316582664,-1214.6211181642223,-756.9414134940441,48685.17118659653,41151.3810546875,33617.59092277847,18.49307945466099,12.906663674437693,TTNP
2007-11-07,35602.2109375,37392.265625,33812.15625,36198.89453125,36198.89453125,5,35641.9890625,38068.508203125,40534.8064453125,41712.265078125,42489.9446875,44897.56904296875,37.81366140991017,-2013.9007176561936,-1374.4770380626164,-639.4236795935772,47552.841525793396,40534.8064453125,33516.7713648316,30.5418804908483,18.29478370655916,TTNP
2007-11-08,35801.10546875,36000.0,32817.6796875,33613.2578125,33613.2578125,17,35124.86171875,37312.70703125,39828.7291015625,41565.082734375,42414.3645703125,44779.226484375,32.76984212114951,-2230.382844162763,-1545.6581992826457,-684.7246448801172,46645.781814224196,39828.7291015625,33011.67638890081,34.00887286166373,27.681277602390992,TTNP
2007-11-09,33414.36328125,33812.15625,32618.78515625,32817.6796875,32817.6796875,8,34687.29296875,36477.348046875,39202.209765625,41413.9225,42334.8065625,44651.933671875,31.38276073761156,-2438.0388011788746,-1724.1343196618914,-713.9044815169832,46176.48017153115,39202.209765625,32227.939359718846,22.575114407716004,29.041955920075996,TTNP
2007-11-12,33613.2578125,34209.9453125,32817.6796875,33215.46875,33215.46875,5,34528.1765625,35781.215234375,38565.745703125,41262.762265625,42255.2485546875,44524.640859375,32.911833680064056,-2541.215836007126,-1887.5506229309383,-653.6652130761879,45281.097184505576,38565.745703125,31850.394221744427,14.035088323784558,23.539691864388086,TTNP
2007-11-13,31624.30859375,36596.68359375,31624.30859375,34806.62890625,34806.62890625,8,34130.3859375,35244.1984375,38158.0109375,41155.35890625,42197.568984375,44404.30935546875,38.78779252226672,-2466.162664664509,-2003.2730312776525,-462.88963338685653,44745.3415564372,38158.0109375,31570.68031856281,17.543863276040423,18.05135533584698,TTNP
2007-11-14,34806.62890625,35801.10546875,34011.05078125,34209.9453125,34209.9453125,2,33732.59609375,34687.292578125,37760.2208984375,41020.1103125,42133.922578125,44277.01654296875,37.46269829183821,-2426.854595852892,-2087.9893441927006,-338.86525166019146,44292.06851161792,37760.2208984375,31228.37328525708,21.77318794575429,17.78404651519308,TTNP
2007-11-15,35602.2109375,35602.2109375,32817.6796875,33812.15625,33812.15625,4,33772.37578125,34448.61875,37362.430859375,40884.86171875,42066.29828125,44147.73478515625,36.56584634862559,-2400.1336740392,-2150.4182101620004,-249.71546387719945,43838.31988658203,37362.430859375,30886.541832167975,24.733722584248756,21.350257935347813,TTNP
2007-11-16,33613.2578125,34806.62890625,32022.099609375,33016.57421875,33016.57421875,7,33812.1546875,34249.723828125,37054.1435546875,40749.613125,41990.7181640625,44010.49720703125,34.772852386455675,-2415.3117614468283,-2203.396920418966,-211.91484102786217,43737.84529157171,37054.1435546875,30370.44181780329,20.449462040714767,22.318790856905924,TTNP
2007-11-19,33215.46875,33215.46875,31823.205078125,32817.6796875,32817.6796875,5,33732.596875,34130.38671875,36626.5193359375,40626.298203125,41905.1933203125,43873.25962890625,34.31977726309156,-2415.544735424919,-2245.826483420157,-169.71825200476223,43245.003877931114,36626.5193359375,30008.034793943883,17.15580977278274,20.779664799248742,TTNP
2007-11-20,35403.31640625,35403.31640625,30033.1484375,31425.4140625,31425.4140625,15,33056.35390625,33593.369921875,36109.3921875,40459.22640625,41787.845234375,43735.027578125,31.250276751452137,-2499.263614063879,-2296.513909548901,-202.74970451497757,42656.00036121278,36109.3921875,29562.784013787223,14.278819030223929,17.29469694790713,TTNP
2007-11-21,30629.833984375,31425.4140625,29436.46484375,30033.1484375,30033.1484375,9,32220.99453125,32976.7953125,35522.6517578125,40256.3534375,41660.552421875,43596.79552734375,28.504752943200323,-2647.4376159711683,-2366.698650833355,-280.73896513781347,42038.88515268892,35522.6517578125,29006.418362936074,11.53193010900278,14.322186304003134,TTNP
2007-11-23,30629.833984375,31823.205078125,30232.044921875,30430.939453125,30430.939453125,5,31544.751171875,32658.5634765625,34985.63525390625,40061.4362890625,41537.23751953125,43469.50270507813,30.3865891182036,-2701.6255123333394,-2433.6840231333517,-267.9414891999877,41318.99779234458,34985.63525390625,28652.272715467923,11.055735238732263,12.288828125986308,TTNP
2007-11-26,31027.625,31823.205078125,29237.568359375,29834.25390625,29834.25390625,4,30908.287109375,32360.2208984375,34418.78447265625,39870.4970703125,41413.92259765625,43347.18225585938,29.14728475949941,-2760.891508808447,-2499.1255202683706,-261.76598854007625,40458.74585379647,34418.78447265625,28378.823091516024,8.732854516229077,10.440173287988024,TTNP
2007-11-27,30232.044921875,32419.888671875,30232.044921875,31823.205078125,31823.205078125,3,30709.3921875,32220.99453125,34001.1048828125,39699.44734375,41304.5303515625,43240.77341796875,38.19579958595528,-2617.1990591871327,-2522.740228052123,-94.45883113500986,39523.76489770858,34001.1048828125,28478.44486791642,16.976388212032884,12.254992655664728,TTNP
2007-11-28,34607.734375,36596.68359375,32817.6796875,36198.89453125,36198.89453125,12,31664.08828125,32360.22109375,33802.209765625,39564.19875,41224.97234375,43153.259609375,52.55215878550683,-2125.736026223858,-2443.3393876864698,317.6033614626117,38668.3949368704,33802.209765625,28936.024594379593,44.539671563615855,23.41630476395926,TTNP
2007-11-29,36596.68359375,36596.68359375,33613.2578125,33812.15625,33812.15625,4,32419.88984375,32320.4421875,33503.8673828125,39424.972265625,41123.5358984375,43055.8010546875,46.24243933753459,-1906.8568060107718,-2336.04287135133,429.18606534055834,37526.22136499099,33503.8673828125,29481.513400634012,62.82137876956312,41.44581284840394,TTNP
2007-11-30,35005.5234375,36000.0,33812.15625,35403.31640625,35403.31640625,4,33414.365234375,32479.558203125,33464.0884765625,39313.59109375,41051.9337109375,42970.27619140625,50.50865245725061,-1586.7095206613594,-2186.176201213336,599.4666805519764,37393.71303430113,33464.0884765625,29534.463918823873,80.18020982870861,62.51375338729585,TTNP
2007-12-03,35801.10546875,36795.58203125,35403.31640625,36397.7890625,36397.7890625,2,34727.072265625,32817.6796875,33533.7017578125,39226.077265625,40986.298359375,42890.71818359375,53.01820467288787,-1238.4685635994392,-1996.6346736905566,758.1661100911174,37616.4313112979,33533.7017578125,29450.972204327103,80.227609120938,74.4097325730699,TTNP
2007-12-04,36397.7890625,36795.58203125,35602.2109375,35602.2109375,35602.2109375,1,35482.8734375,33096.1328125,33613.259765625,39126.629765625,40860.9944921875,42808.1767578125,50.799002777271994,-1014.9815267150407,-1800.3040442954534,785.3225175804128,37791.00273614511,33613.259765625,29435.516795104893,87.57704913873744,82.661622696128,TTNP
2007-12-05,36198.89453125,37193.37109375,35602.2109375,36994.4765625,36994.4765625,5,35641.98984375,33653.0390625,33623.2044921875,39062.983359375,40741.6575,42731.6021875,54.39644975594261,-717.2541798487437,-1583.6940714061116,866.4398915573679,37832.03225564145,33623.2044921875,29414.37672873355,92.14911054974196,86.6512562698058,TTNP
2007-12-06,36596.68359375,37790.0546875,35801.10546875,36198.89453125,36198.89453125,2,36119.3375,34269.613671875,33623.2044921875,38927.734765625,40620.3315234375,42644.08837890625,52.05424841474776,-539.2834099552201,-1374.8119391159332,835.5285291607131,37832.03225564145,33623.2044921875,29414.37672873355,87.70195872195971,89.14270613681305,TTNP
2007-12-07,37591.16015625,37988.94921875,36198.89453125,36994.4765625,36994.4765625,2,36437.56953125,34925.9673828125,33792.2654296875,38804.41984375,40504.972421875,42567.51380859375,54.17897547128073,-330.2367084294674,-1165.8968929786402,835.6601845491728,38250.177500062375,33792.2654296875,29334.35335931262,89.17724939476797,89.67610622215655,TTNP
2007-12-10,36596.68359375,37392.265625,35204.41796875,35801.10546875,35801.10546875,1,36318.2328125,35522.6525390625,33941.43671875,38645.303828125,40369.7237890625,42490.93921875,50.55961369103679,-257.88799296422076,-984.2951129757563,726.4071200115355,38458.19395375854,33941.43671875,29424.679483741464,81.67725272385626,86.18548694686132,TTNP
2007-12-11,35403.31640625,36198.89453125,34408.83984375,36198.89453125,36198.89453125,4,36437.56953125,35960.221484375,34090.6080078125,38394.69609375,40240.44203125,42425.30384765625,51.71746627026814,-166.53317109869386,-820.7427246003438,654.2095535016499,38697.76601278633,34090.6080078125,29483.45000283868,81.06062279903601,83.97170830588675,TTNP
2007-12-12,36000.0,39182.3203125,33812.15625,33812.15625,33812.15625,7,35801.10546875,35721.54765625,34040.884375,38072.486171875,40109.171328125,42343.75689453125,44.9199899020722,-283.4561431146067,-713.2854083031964,429.8292651885897,38637.51194475584,34040.884375,29444.256805244164,66.84849896530405,76.52879149606544,TTNP
2007-12-13,35403.31640625,38585.63671875,32220.994140625,33613.2578125,33613.2578125,15,35283.978125,35701.6578125,34011.05,37798.011015625,39995.8011328125,42271.1601953125,44.396306793062266,-387.69873280667525,-648.1680732038922,260.4693403972169,38610.645768172035,34011.05,29411.45423182797,56.515155338952695,68.14142570109759,TTNP
2007-12-14,32817.6796875,34408.83984375,30828.728515625,30828.728515625,30828.728515625,9,34050.828515625,35244.1990234375,33861.87861328125,37547.4032421875,39854.58564453125,42190.607705078124,37.75948596475809,-687.079751457939,-655.9504088547015,-31.129342603237433,38666.54250177006,33861.87861328125,29057.214724792444,32.22221885194238,51.86195771873304,TTNP
2007-12-17,30232.044921875,33613.2578125,30033.1484375,31823.205078125,31823.205078125,11,33255.2484375,34786.740625,33802.21015625,37253.03859375,39721.3259765625,42117.01654296875,41.14352188687543,-834.4760972507211,-691.6555465339054,-142.82055071681566,38676.51870567496,33802.21015625,28927.90160682505,23.410622612300866,37.38266560106531,TTNP
2007-12-18,32022.099609375,33613.2578125,29834.25390625,30828.728515625,30828.728515625,9,32181.215234375,34309.3923828125,33702.76259765625,36946.7402734375,39562.20994140625,42035.46958007813,38.867714607128434,-1019.7793293134309,-757.2803030898106,-262.4990262236204,38732.05510575375,33702.76259765625,28673.470089558745,12.290058023617746,22.640966495953663,TTNP
2007-12-19,31624.30859375,31624.30859375,30033.1484375,30828.728515625,30828.728515625,9,31584.5296875,33692.817578125,33672.9283203125,36648.397734375,39432.9281640625,41951.933671875,38.867714607128434,-1153.3385073760874,-836.4919439470659,-316.84656342902144,38762.62122916323,33672.9283203125,28583.235411461766,13.613938500093155,16.43820637867059,TTNP
2007-12-20,29834.25390625,32419.888671875,29834.25390625,31823.205078125,31823.205078125,14,31226.519140625,33255.2486328125,33762.43115234375,36314.2541015625,39287.73478515625,41870.38670898438,42.552996910440214,-1165.5039666003795,-902.2943484777286,-263.2096181226509,38651.97372543911,33762.43115234375,28872.888579248396,14.184396422221392,13.362797648644097,TTNP
2007-12-21,31823.205078125,36795.58203125,30828.728515625,36795.58203125,36795.58203125,10,32419.88984375,33235.3591796875,34080.66328125,36095.4696484375,39202.20994140625,41825.63534179688,56.63082032398913,-765.0963618504611,-874.8547511522751,109.75838930181396,38889.27776830213,34080.66328125,29272.048794197875,35.461001502232506,21.086445474849018,TTNP
2007-12-24,35602.2109375,37392.265625,32220.994140625,33812.15625,33812.15625,6,32817.680078125,33036.4642578125,34279.5583984375,35864.7514453125,39100.77349609375,41758.01104492188,48.889429668897186,-680.6617325666157,-836.0161474351432,155.35441486852756,38680.985088009096,34279.5583984375,29878.1317088659,46.09930752446443,31.91490181630611,TTNP
2007-12-26,31823.205078125,33613.2578125,30828.728515625,32220.994140625,32220.994140625,12,33096.133203125,32638.67421875,34299.4478515625,35590.276328125,39009.281796875,41689.392265625,45.330339611227174,-733.6827270941794,-815.5494633669505,81.86673627277105,38659.69756644772,34299.4478515625,29939.198136677285,47.51774368446019,43.026017570385704,TTNP
2007-12-27,31425.4140625,33812.15625,30629.833984375,30828.728515625,30828.728515625,10,33096.133203125,32340.3314453125,34030.93955078125,35347.6244140625,38907.84533203125,41621.767958984376,42.42035519849468,-877.9262601047376,-828.0248227145079,-49.90143739022972,38548.7918889811,34030.93955078125,29513.087212581406,26.24113860444908,39.952729937791226,TTNP
2007-12-28,31425.4140625,32220.994140625,29834.25390625,32220.994140625,32220.994140625,11,33175.691015625,32201.105078125,33951.3814453125,35148.729375,38812.375703125,41563.09392578125,46.14361685044847,-869.8687929750595,-836.3936167666182,-33.475176208441326,38537.36869259129,33951.3814453125,29365.394198033715,20.56737307110781,31.44208512000569,TTNP
2007-12-31,31226.51953125,33414.36328125,30828.728515625,33414.36328125,33414.36328125,20,32499.447265625,32459.6685546875,33851.9337890625,34981.6575,38714.917109375,41506.408828125,49.177164713103295,-758.4453896415507,-820.8039713416047,62.358581700053946,38393.71475718682,33851.9337890625,29310.152820938187,24.822688515547842,23.87706673036824,TTNP
2008-01-02,33613.2578125,33613.2578125,31624.30859375,32220.994140625,32220.994140625,1,32181.21484375,32499.4474609375,33643.09404296875,34842.4309765625,38617.45853515625,41443.75688476562,46.36470779846186,-757.7021373971584,-808.1836045527155,50.481467155557084,38080.326876270956,33643.09404296875,29205.86120966654,29.787229004438498,25.05909686369805,TTNP
2008-01-03,32618.78515625,33016.57421875,32022.099609375,32022.099609375,32022.099609375,2,32141.4359375,32618.7845703125,33464.0884765625,34655.4696875,38547.8452734375,41375.13810546875,45.89361401552555,-764.351265483212,-799.4171367388147,35.0658712556027,37859.39961858388,33464.0884765625,29068.777334541126,29.609924484439023,28.073280668141788,TTNP
2008-01-04,32220.994140625,32220.994140625,30828.728515625,31027.625,31027.625,3,32181.215234375,32638.67421875,33165.7458984375,34440.663046875,38462.3204296875,41301.546953125,43.51297179443981,-840.1814484582319,-807.5699990826981,-32.611449375533766,37367.80131293975,33165.7458984375,28963.69048393524,22.107132708319966,27.16809539906583,TTNP
2008-01-07,31823.205078125,31823.205078125,30232.044921875,30430.939453125,30430.939453125,4,31823.204296875,32499.44765625,32877.34814453125,34213.9226953125,38382.76240234375,41221.98893554688,42.101802667214294,-937.6166901585057,-833.5793372978596,-104.03735286064602,36998.077665093406,32877.34814453125,28756.618623969094,16.22807561581405,22.64837760285768,TTNP
2008-01-08,30629.833984375,32022.099609375,30629.833984375,31425.4140625,31425.4140625,2,31425.414453125,31962.430859375,32598.89501953125,34019.0055859375,38287.29279296875,41129.50274414063,45.28663526271787,-923.9384441312795,-851.6511586645436,-72.28728546673597,36300.481226017255,32598.89501953125,28897.308813045245,14.912285235400605,17.74916451984487,TTNP
2008-01-09,31027.625,32022.099609375,29834.25390625,32022.099609375,32022.099609375,3,31385.635546875,31783.4251953125,32409.9447265625,33836.0221875,38171.933671875,41034.033125,47.164581777712165,-855.0938095258243,-852.3396888367997,-2.754120689024603,35812.096961253636,32409.9447265625,29007.79249187136,19.298247427493607,16.812869426236087,TTNP
2008-01-10,31823.205078125,31823.205078125,30232.044921875,31027.625,31027.625,2,31186.740625,31664.08828125,32151.38125,33653.03875,38038.6740234375,40935.58009765625,44.4275785874156,-870.7423545625716,-856.0202219819541,-14.722132580617426,35120.91875324292,32151.38125,29181.843746757077,21.9298281883205,18.71345361707157,TTNP
2008-01-11,31226.51953125,32022.099609375,30430.939453125,32022.099609375,32022.099609375,4,31385.635546875,31783.425390625,32061.87841796875,33489.9448046875,37927.29279296875,40848.06627929687,47.696289398940685,-793.7483129795364,-843.5658401814705,49.817527201934126,34932.03834100356,32061.87841796875,29191.718494933943,24.56140894914739,21.9298281883205,TTNP
2008-01-14,32022.099609375,32618.78515625,31425.4140625,32220.994140625,32220.994140625,3,31743.646484375,31783.425390625,31992.265234375,33338.784609375,37815.9115625,40760.5524609375,48.35061834322164,-708.513550693915,-816.5553822839595,108.04183159004447,34774.73571219836,31992.265234375,29209.79475655164,25.43859966478044,23.97661226741611,TTNP
2008-01-15,31823.205078125,32618.78515625,30033.1484375,32220.994140625,32220.994140625,3,31902.7625,31664.0884765625,32061.878515625,33259.2266015625,37710.49720703125,40674.03311523437,48.35061834322163,-633.6599500348821,-779.976295834144,146.31634579926197,34793.62846164644,32061.878515625,29330.128569603563,40.17542832325261,30.05847897906015,TTNP
2008-01-16,30232.044921875,32817.6796875,29834.25390625,32220.994140625,32220.994140625,5,31942.54140625,31664.0884765625,32081.76796875,33203.536015625,37609.0607421875,40596.4640625,48.350618343221626,-567.7927706007649,-737.5395907874682,169.7468201867033,34812.0694101071,32081.76796875,29351.466527392895,50.52629478963178,38.71344092588828,TTNP
2008-01-17,32022.099609375,32220.994140625,31226.51953125,32022.099609375,32022.099609375,1,32141.436328125,31664.0884765625,32141.4365234375,33163.7569921875,37511.60216796875,40518.89500976563,47.60676663009392,-525.5830881170477,-695.1482902533842,169.56520213633644,34811.07977739606,32141.4365234375,29471.793269478945,59.29823776177316,49.99998695821918,TTNP
2008-01-18,31226.51953125,32022.099609375,30232.044921875,31823.205078125,31823.205078125,4,32101.657421875,31743.646484375,32191.1603515625,33064.309453125,37422.0994140625,40439.33701171875,46.83087460675356,-502.3895036142276,-656.5965329255529,154.2070293113253,34797.444882245,32191.1603515625,29584.87582088,56.84212264517496,55.555551732193294,TTNP
2008-01-22,30033.1484375,30828.728515625,30033.1484375,30430.939453125,30430.939453125,2,31743.646484375,31743.646484375,32121.5470703125,32948.9503515625,37330.60771484375,40330.93922851563,41.70671627499139,-589.5565798172684,-643.1885423038959,53.63196248662757,34835.5721852992,32121.5470703125,29407.521955325803,42.105296706893775,52.748552371280624,TTNP
2008-01-23,29834.25390625,30232.044921875,28044.19921875,29237.568359375,29237.568359375,7,31146.961328125,31524.8619140625,31743.64638671875,32861.4365625,37213.2596484375,40222.54142578125,37.88070358949889,-746.328973724867,-663.8166285880901,-82.51234513677684,33765.73508307988,31743.64638671875,29721.557690357615,30.80703354437638,43.251484298815036,TTNP
2008-01-24,28044.19921875,29237.568359375,28044.19921875,28441.98828125,28441.98828125,4,30391.16015625,31166.85078125,31475.13798828125,32773.922734375,37093.9226171875,40112.1546875,35.53997734958571,-924.11625183652,-715.8765532377761,-208.23969859874387,33738.9618096084,31475.13798828125,29211.3141669541,16.04092943926608,29.65108656351208,TTNP
2008-01-25,28044.19921875,29635.359375,28044.19921875,28839.779296875,28839.779296875,3,29754.69609375,30948.0662109375,31306.07724609375,32686.4089453125,36974.58560546875,40010.718232421874,37.61567373855143,-1021.1444228788532,-776.9301271659915,-244.2142957128617,33813.732517914,31306.07724609375,28798.4219742735,16.333320752976874,21.060427912206446,TTNP
2008-01-28,28243.09375,29237.568359375,28044.19921875,28441.98828125,28441.98828125,6,29078.452734375,30590.055078125,31186.740234375,32559.1161328125,36857.23751953125,39907.29282226563,36.35494528459358,-1117.2592883564175,-844.9959594040768,-272.26332895234077,33984.31032830234,31186.740234375,28389.170140447663,11.111097472390496,14.495115888211153,TTNP
2008-01-29,28640.884765625,28640.884765625,27248.619140625,27447.513671875,27447.513671875,6,28481.767578125,30112.70703125,30948.0662109375,32423.8675,36721.98890625,39802.8729296875,33.34596455342584,-1259.161966178086,-927.8291607588786,-331.3328054192074,34138.82851816182,30948.0662109375,27757.303903713186,9.523799781866238,12.322739335744538,TTNP
2008-01-30,27646.408203125,28640.884765625,26453.0390625,26453.0390625,26453.0390625,9,27924.86171875,29535.9115234375,30600.0,32276.68515625,36580.7734375,39692.48619140625,30.616969224576284,-1435.3211616161097,-1029.3275609303248,-405.99360068578494,34138.48743358654,30600.0,27061.51256641346,3.968244226310683,8.201047160189143,TTNP
2008-01-31,27845.3046875,27845.3046875,25060.7734375,25060.7734375,25060.7734375,15,27248.61875,28819.889453125,30241.98896484375,32117.569140625,36433.5911328125,39581.10498046875,27.254138192620893,-1668.0446134650883,-1157.0709714372774,-510.9736420278109,34439.52246605947,30241.98896484375,26044.45546362803,1.190473267893233,4.894172425356722,TTNP
2008-02-01,25458.564453125,26651.93359375,24066.298828125,24066.298828125,24066.298828125,8,26293.92265625,28024.309375,29844.19892578125,31942.5415234375,36284.41986328125,39467.73481445313,25.130861882725675,-1910.7000546819218,-1307.7967880862063,-602.9032665957154,34741.17868729932,29844.19892578125,24947.21916426318,4.026408835973901e-14,1.719572498067989,TTNP
2008-02-04,24066.298828125,29635.359375,23867.40234375,27646.408203125,27646.408203125,19,26134.806640625,27606.6296875,29675.1380859375,31866.96140625,36163.09390625,39378.23205078125,42.498492385500406,-1793.447586351158,-1404.9269477391967,-388.5206386119612,34630.1397884532,29675.1380859375,24720.1363834218,14.074073589141904,5.088182285678395,TTNP
2008-02-05,27845.3046875,28640.884765625,25856.353515625,27447.513671875,27447.513671875,5,26134.806640625,27308.287109375,29525.966796875,31815.2487109375,36035.80107421875,39283.756904296875,41.916742254171595,-1697.0111981421433,-1463.343797819786,-233.66740032235725,34559.975988633385,29525.966796875,24491.957605116615,27.407408377271867,13.827160655471275,TTNP
2008-02-06,27248.619140625,27248.619140625,25458.564453125,25458.564453125,25458.564453125,5,25935.91171875,26930.38671875,29227.62431640625,31715.8012109375,35888.61875,39184.30939453125,36.5313836890457,-1760.7790801220654,-1522.830854280242,-237.9482258418234,34478.56594456294,29227.62431640625,23976.68268824956,33.75662177778875,25.079367914734178,TTNP
2008-02-07,25657.458984375,26453.0390625,25259.66796875,25856.353515625,25856.353515625,4,26095.027734375,26671.8232421875,28919.33701171875,31636.243203125,35753.37013671875,39083.86741210937,38.24039691884156,-1758.9413521277347,-1570.0529538497406,-188.88839827799416,34201.71324436452,28919.33701171875,23636.960779072986,27.812632020857922,29.65888739197285,TTNP
2008-02-08,26254.14453125,26850.828125,22872.927734375,22872.927734375,22872.927734375,9,25856.353515625,26075.1380859375,28511.6021484375,31457.23765625,35578.3425,38977.45857421875,31.409283347344964,-1975.4507004697516,-1651.1325031737429,-324.31819729600875,34313.44195748119,28511.6021484375,22709.762339393812,14.479297232727959,25.349517010458214,TTNP
2008-02-11,24066.298828125,24861.87890625,23867.40234375,23867.40234375,23867.40234375,11,25100.55234375,25617.6794921875,28103.86728515625,31210.6078125,35387.40328125,38879.00552734375,35.542656922840166,-2043.2369652266607,-1729.5533955843264,-313.6835696423343,34006.862641361986,28103.86728515625,22200.87192895052,12.634585228402942,18.308838160662944,TTNP
2008-02-12,25458.564453125,25458.564453125,23469.61328125,23867.40234375,23867.40234375,23,24384.530078125,25259.668359375,27686.1876953125,31011.712734375,35218.3425,38784.530390625,35.54265692284016,-2073.0611103755036,-1798.2549385425618,-274.8061718329418,33546.811343649526,27686.1876953125,21825.564046975473,9.406459065780952,12.173447175637287,TTNP
2008-02-13,24662.984375,24861.87890625,23867.40234375,24861.87890625,24861.87890625,29,24265.19296875,25100.55234375,27318.23193359375,30800.883984375,35057.2375390625,38690.05525390625,39.75324900105397,-1993.4715141488086,-1837.2982536638112,-156.1732604849974,32911.7812455266,27318.23193359375,21724.682621660893,19.210384032289877,13.750476108824595,TTNP
2008-02-14,24662.984375,25060.7734375,23469.61328125,24066.298828125,24066.298828125,44,23907.18203125,25001.1048828125,26910.49716796875,30554.2541796875,34890.16572265625,38584.64088867188,37.635186034386514,-1971.862446252977,-1864.2110921816443,-107.65135407133266,32195.419275377426,26910.49716796875,21625.575060560077,20.588239541469527,16.401694213180125,TTNP
2008-02-15,24464.087890625,24464.087890625,22872.927734375,23071.822265625,23071.822265625,21,23946.9609375,24901.6572265625,26462.98330078125,30303.64640625,34715.1380859375,38459.33701171875,35.11650668909014,-2011.7923616194566,-1893.7273460692068,-118.06501555024988,31448.032561666863,26462.98330078125,21477.934039895634,16.666671480332123,18.821765018030515,TTNP
2008-02-19,23668.5078125,23668.5078125,21878.453125,21878.453125,21878.453125,25,23549.17109375,24324.86171875,25965.745703125,30001.3259375,34532.1546484375,38344.97236328125,32.3211895693452,-2115.347612949383,-1938.051399445242,-177.29621350414095,30690.036454701534,25965.745703125,21241.45495154847,6.862746513823201,14.705885845208288,TTNP
2008-02-20,22077.34765625,23867.40234375,21878.453125,22475.138671875,22475.138671875,15,23270.718359375,23827.62421875,25567.9556640625,29726.8508203125,34327.29279296875,38237.569052734376,35.10282966037448,-2124.775272070274,-1975.3961739702484,-149.37909810002543,30055.187760693636,25567.9556640625,21080.723567431367,3.5444941094138613,9.0246373678564,TTNP
2008-02-21,22276.2421875,23867.40234375,22276.2421875,23071.822265625,23071.822265625,8,22912.70703125,23588.95,25259.668359375,29448.397734375,34126.4087890625,38134.1436328125,37.85355830287564,-2060.3489602325644,-1992.3867312227117,-67.96222900985276,29538.45470154613,25259.668359375,20980.88201720387,7.6923051098282444,6.0331819110217735,TTNP
2008-02-22,22872.927734375,24066.298828125,22872.927734375,22872.927734375,22872.927734375,7,22674.0328125,23290.607421875,24981.21533203125,29189.8341796875,33917.56900390625,38030.71821289063,37.28623071891495,-2002.2589752715903,-1994.3611800324875,-7.897795239102834,29117.84951375133,24981.21533203125,20844.58115031117,11.965807016059655,7.734202078433924,TTNP
2008-02-25,22872.927734375,24066.298828125,22872.927734375,23867.40234375,23867.40234375,5,22833.148828125,23390.0548828125,24732.596484375,28943.2043359375,33668.95021484375,37940.22096679688,41.96939934972433,-1854.597804821864,-1966.4085049903629,111.8107001684989,28492.238718437955,24732.596484375,20972.954250312046,19.20561785427556,12.95457666005449,TTNP
2008-02-26,23071.822265625,24662.984375,23071.822265625,24662.984375,24662.984375,7,23390.055078125,23469.6130859375,24543.6462890625,28760.2208984375,33416.35353515625,37852.70715820313,45.47717031615032,-1654.308602633937,-1903.9885245190776,249.67992188514063,27896.429117031676,24543.6462890625,21190.863461093326,31.36137235280687,20.844265741047366,TTNP
2008-02-27,24464.087890625,25060.7734375,23668.5078125,24464.087890625,24464.087890625,5,23787.844921875,23529.281640625,24394.475,28577.2375,33187.6242578125,37767.18228515625,44.748915274132855,-1494.400729557823,-1822.0709655268267,327.67023596900367,27471.311224104782,24394.475,21317.638775895215,44.421202208728026,31.662730805270154,TTNP
2008-02-28,23867.40234375,24861.87890625,22872.927734375,24464.087890625,24464.087890625,4,24066.298046875,23489.5025390625,24295.02744140625,28449.9446875,32998.67396484375,37679.66846679687,44.74891527413285,-1352.086575671321,-1728.0740875557256,375.9875118844045,27224.326653393106,24295.02744140625,21365.728229419397,51.9506186317025,42.57773106441247,TTNP
2008-02-29,24662.984375,24861.87890625,22872.927734375,22872.927734375,22872.927734375,4,24066.298046875,23370.1654296875,24185.63515625,28270.939140625,32761.9888671875,37587.18228515625,38.96037163142973,-1352.1086433451892,-1652.8809987136183,300.7723553684291,27155.505071647156,24185.63515625,21215.76524085284,43.92591571163712,46.76591218402255,TTNP
2008-03-03,23071.822265625,24464.087890625,23071.822265625,24265.193359375,24265.193359375,3,24145.85625,23489.5025390625,24195.5798828125,28139.6684375,32543.20435546875,37506.62979492187,45.5923031138279,-1225.6533628236284,-1567.4354715356203,341.7821087119919,27165.116781679004,24195.5798828125,21226.042983945998,48.81480011005482,48.230444817798144,TTNP
2008-03-04,24464.087890625,24464.087890625,23071.822265625,23469.61328125,23469.61328125,4,23907.18203125,23648.6185546875,23986.74013671875,27992.4861328125,32320.44193359375,37426.07731445313,42.734987505623515,-1176.0762306093166,-1489.1636233503596,313.087392741043,26510.121898878235,23986.74013671875,21463.358374559262,48.14813501456893,46.962950278753624,TTNP
2008-03-05,23867.40234375,24066.298828125,22674.033203125,22872.927734375,22872.927734375,2,23588.95,23688.3974609375,23758.01083984375,27813.4805859375,32063.86734375,37342.54140625,40.67601122809526,-1171.4300170227834,-1425.6169020848442,254.1868850620608,25760.73700030558,23758.01083984375,21755.284679381923,49.305544379383385,48.75615983466904,TTNP
2008-03-06,22872.927734375,23867.40234375,22674.033203125,22674.033203125,22674.033203125,3,23230.9390625,23648.6185546875,23618.78427734375,27531.049609375,31813.25962890625,37258.011025390624,39.984465248501245,-1170.306421782363,-1374.554806024348,204.24838424198492,25513.514051223927,23618.78427734375,21724.054503463576,35.416661552146465,44.290113648699595,TTNP
2008-03-07,20883.978515625,23071.822265625,20883.978515625,21878.453125,21878.453125,6,23032.044140625,23549.17109375,23419.8892578125,27292.375546875,31578.56349609375,37165.524833984375,37.2559634638102,-1219.5543642588746,-1343.5547176712532,124.00035341237867,25162.35053014942,23419.8892578125,21677.427985475584,26.686499853014183,37.13623526151468,TTNP
2008-03-10,21878.453125,23270.71875,20883.978515625,21480.662109375,21480.662109375,6,22475.137890625,23310.4970703125,23350.2759765625,27077.56890625,31333.9226171875,37074.033125,35.93554103765133,-1275.9734957731307,-1330.0384732916286,54.064977518497926,25276.17167854416,23350.2759765625,21424.380274580843,21.031731929121708,27.711631111427454,TTNP
2008-03-11,21480.662109375,23071.822265625,18895.02734375,21679.55859375,21679.55859375,21,22117.126953125,23012.1544921875,23240.8837890625,26894.5855078125,31121.1049609375,36974.58560546875,37.13526410225547,-1289.769124322498,-1321.9846034978025,32.21547917530438,25281.95777862931,23240.8837890625,21199.80979949569,27.752166124006795,25.156799302047563,TTNP
2008-03-12,23270.71875,23270.71875,19889.501953125,20486.1875,20486.1875,11,21639.77890625,22614.364453125,23071.823046875,26659.889375,30904.309375,36857.2375390625,33.12681298330607,-1381.0771356580735,-1333.8031099298566,-47.274025728216884,25415.073379599053,23071.823046875,20728.57271415095,28.417811012880453,25.733903022002988,TTNP
2008-03-13,19889.501953125,20883.978515625,19690.607421875,20088.3984375,20088.3984375,6,21122.651953125,22176.7955078125,22833.1490234375,26393.370078125,30687.5137890625,36738.895,31.891089120537725,-1468.608441426306,-1360.7641762291464,-107.84426519715953,25363.418860428057,22833.1490234375,20302.879186446946,30.10753505643689,28.759170731108046,TTNP
2008-03-14,19889.501953125,20685.08203125,17900.552734375,19491.712890625,19491.712890625,6,20645.30390625,21838.6740234375,22604.4197265625,26138.784453125,30490.60771484375,36617.56903320312,30.078594681066978,-1568.0496683011188,-1402.221274643541,-165.82839365757786,25454.315247588016,22604.4197265625,19754.524205536985,22.461174935625877,26.99550700164774,TTNP
2008-03-17,18895.02734375,19491.712890625,17900.552734375,18298.341796875,18298.341796875,10,20008.83984375,21241.9888671875,22365.745703125,25864.309296875,30259.8894921875,36497.2375390625,26.798189665398866,-1723.2876436355036,-1466.4345484419334,-256.8530951935702,25765.570952091486,22365.745703125,18965.920454158517,15.710872384829466,22.759860792297417,TTNP
2008-03-18,17900.552734375,19889.501953125,17900.552734375,19491.712890625,19491.712890625,4,19571.270703125,20844.198828125,22246.40869140625,25633.5910546875,30037.12705078125,36389.834228515625,34.4921184829848,-1730.0765382720128,-1519.1629464079492,-210.91359186406362,25866.68057956224,22246.40869140625,18626.13680325026,16.878301797651563,18.350116372702306,TTNP
2008-03-19,19889.501953125,19889.501953125,18497.23828125,19690.607421875,19690.607421875,2,19412.1546875,20525.966796875,22107.18212890625,25418.7844140625,29816.3535546875,36279.44748046875,35.70504708268921,-1699.8132704570562,-1555.2930112177705,-144.52025923928568,25891.992949333704,22107.18212890625,18322.371308478796,18.042320022389465,16.877164734956835,TTNP
2008-03-20,19889.501953125,21281.767578125,18696.1328125,19690.607421875,19690.607421875,7,19332.596484375,20227.62421875,21938.12138671875,25184.08828125,29601.54693359375,36167.07178710937,35.705047082689205,-1656.7316415939786,-1575.5807372930121,-81.15090430096643,25835.855004154313,21938.12138671875,18040.38776928319,25.281380004219596,20.067333941420213,TTNP
2008-03-24,18099.447265625,22872.927734375,18099.447265625,20685.08203125,20685.08203125,4,19571.2703125,20108.287109375,21828.7291015625,24957.3479296875,29396.68505859375,36060.66293945313,41.93903758125453,-1524.7667881289563,-1565.417947460201,40.6511593312448,25738.167630050666,21828.7291015625,17919.290573074337,31.80374315348871,25.042481060032596,TTNP
2008-03-25,21281.767578125,24861.87890625,19889.501953125,24861.87890625,24861.87890625,5,20883.977734375,20446.4087890625,21878.4529296875,24834.0330078125,29243.53587890625,35973.149130859376,59.63937302295228,-1070.8074879711312,-1466.495855562387,395.6883675912559,25913.621030466824,21878.4529296875,17843.284828908178,56.56565085467673,37.88359133746169,TTNP
2008-03-26,24861.87890625,25856.353515625,23071.822265625,23867.40234375,23867.40234375,8,21759.115625,20665.1931640625,21838.673828125,24670.9390625,29080.44193359375,35883.64635742187,55.31543482993195,-782.2698989532219,-1329.650664240554,547.3807652873322,25777.799743123876,21838.673828125,17899.547913126124,72.47473947561878,53.614711161261404,TTNP
2008-03-27,24662.984375,28044.19921875,23867.40234375,27248.619140625,27248.619140625,16,23270.71796875,21341.436328125,21977.900390625,24571.4915625,28955.1380859375,35819.00546875,64.68925193157092,-277.56623260496417,-1119.2337779134361,841.667545308472,26440.424193175197,21977.900390625,17515.376588074803,89.05228361593066,72.6975579820754,TTNP
2008-03-28,27646.408203125,30033.1484375,27049.724609375,29834.25390625,29834.25390625,17,25299.447265625,22316.021875,22246.40869140625,24523.7567578125,28891.4916796875,35770.27619140625,69.89084476991893,327.2814785451519,-829.9307266217186,1157.2122051668705,27790.23086689463,22246.40869140625,16702.58651591787,88.50583684802051,83.34428664652332,TTNP
2008-03-31,29436.46484375,30430.939453125,28839.779296875,30232.044921875,30232.044921875,10,27208.83984375,23390.055078125,22614.36455078125,24483.9777734375,28843.75689453125,35724.530341796875,70.60819004431636,829.1679260938763,-498.11099607859956,1327.2789221724759,29161.72816024098,22614.36455078125,16067.000941321523,96.3100750634131,91.28939850912143,TTNP
2008-04-01,30828.728515625,30828.728515625,26850.828125,29834.25390625,29834.25390625,12,28203.31484375,24543.6462890625,22892.817578125,24440.220859375,28801.98892578125,35676.79553710938,68.84187945407803,1181.2019800369635,-162.24840085548692,1343.4503808924505,30134.235891598943,22892.817578125,15651.399264651056,96.36035262054627,93.72542151065996,TTNP
2008-04-02,29834.25390625,29834.25390625,27248.619140625,27845.3046875,27845.3046875,5,28998.8953125,25379.00546875,23111.6021484375,24360.6628515625,28712.48615234375,35620.110458984374,60.6697107003929,1284.8885292939449,127.17898517439949,1157.7095441195454,30667.10077493227,23111.6021484375,15556.103521942732,89.21449518249638,93.96164095548524,TTNP
2008-04-03,27248.619140625,29038.673828125,26850.828125,28044.19921875,28044.19921875,5,29158.011328125,26214.3646484375,23370.16572265625,24312.928046875,28630.93919921875,35560.44194335937,61.16616437106692,1367.3480557996227,375.2127992994441,992.1352565001786,31223.371990400632,23370.16572265625,15516.959454911866,82.56410945932352,89.37965242078872,TTNP
2008-04-04,26254.14453125,28839.779296875,25060.7734375,26453.0390625,26453.0390625,7,28481.768359375,26890.6078125,23559.116015625,24257.2374609375,28559.33701171875,35486.850791015626,55.16680155504764,1289.4406289929648,558.0583652381482,731.3822637548166,31517.37847296083,23559.116015625,15600.853558289173,73.84616167106752,81.8749221042958,TTNP
2008-04-07,26651.93359375,27248.619140625,25060.7734375,27049.724609375,27049.724609375,9,27845.304296875,27527.0720703125,23817.67958984375,24229.3921875,28501.6574609375,35418.23201171875,56.87500367731395,1261.3064136787143,698.7079749262614,562.5984387524529,31876.1201941268,23817.67958984375,15759.238985560696,71.79487954231108,76.06838355756737,TTNP
2008-04-08,26850.828125,27646.408203125,26055.248046875,26055.248046875,26055.248046875,10,27089.503125,27646.408984375,24046.40888671875,24173.7015625,28430.05525390625,35342.65190429687,53.234461109427265,1145.5586113535464,788.0781022117184,357.48050914182807,32086.198000056174,24046.40888671875,16006.619773381326,66.47436447504087,70.70513522947317,TTNP
2008-04-09,25856.353515625,26850.828125,23668.5078125,24265.193359375,24265.193359375,9,26373.480859375,27686.1880859375,24175.690625,24090.1656640625,28324.6408984375,35261.10494140625,47.3582576801642,899.0218269238176,810.2668471541382,88.75497976967938,32141.902471464848,24175.690625,16209.478778535151,60.568914943913605,66.27938632042186,TTNP
2008-04-10,24662.984375,24662.984375,23071.822265625,23270.71875,23270.71875,5,25418.784765625,27288.398046875,24314.9171875,24006.629765625,28215.2486328125,35174.58560546875,44.4244090493082,616.2896557318782,771.4714088696862,-155.18175313780807,32113.910917268327,24314.9171875,16515.92345773167,50.52083716922353,59.18803886272601,TTNP
2008-04-11,24464.087890625,24861.87890625,23867.40234375,24861.87890625,24861.87890625,3,25100.552734375,26791.160546875,24553.5912109375,23974.8065625,28125.745859375,35096.0220703125,49.784639381820526,514.6827573680312,720.1136785693552,-205.43092120132405,32108.959058676366,24553.5912109375,16998.22336319863,44.83902277468629,51.97625829594114,TTNP
2008-04-14,24464.087890625,26651.93359375,23668.5078125,23668.5078125,23668.5078125,4,24424.309375,26134.8068359375,24762.43095703125,23946.96125,28032.2651953125,35011.4916796875,46.18663270137495,334.0131884092516,642.8935805373345,-308.8803921280829,31969.460806765437,24762.43095703125,17555.401107297064,31.257292663685075,42.20571753586497,TTNP
2008-04-15,24066.298828125,24066.298828125,22872.927734375,22872.927734375,22872.927734375,3,23787.8453125,25438.67421875,24991.16025390625,23923.093828125,27932.81767578125,34919.00549804688,43.90835412247049,125.19146076024845,539.3531565819173,-414.1616958216689,31631.12754611181,24991.16025390625,18351.192961700694,17.715623439758286,31.270646292709895,TTNP
2008-04-16,22872.927734375,24861.87890625,22872.927734375,24066.298828125,24066.298828125,8,23748.06640625,25060.7736328125,25219.88955078125,23851.491640625,27859.2265234375,34823.53587890625,48.04805212302167,55.355704858488025,442.5536662372315,-387.19796137874346,31384.480919853773,25219.88955078125,19055.298181708724,7.564108592578389,18.845674898673924,TTNP
2008-04-17,24265.193359375,25657.458984375,24066.298828125,25259.66796875,25259.66796875,2,24145.85625,24782.3205078125,25498.342578125,23807.7347265625,27811.49171875,34736.0220703125,51.873144561068806,95.2077853288065,373.0844900555465,-277.87670472674,31117.75239466218,25498.342578125,19878.93276158782,15.00000409161621,13.426578707984303,TTNP
2008-04-18,25856.353515625,26651.93359375,25259.66796875,26453.0390625,26453.0390625,5,24464.08828125,24782.3205078125,25836.46416015625,23827.62421875,27771.71271484375,34654.4751171875,55.40883559087681,220.54363038015435,342.57631812046804,-122.03268774031369,30791.945308912687,25836.46416015625,20880.983011399814,30.00000818323241,17.52137362247568,TTNP
2008-04-21,26850.828125,27447.513671875,25060.7734375,26055.248046875,26055.248046875,2,24941.436328125,24682.8728515625,26104.9724609375,23831.602109375,27733.92265625,34573.92262695313,53.9851142826384,284.49529542317396,330.96011358100924,-46.46481815783528,30460.501395009836,26104.9724609375,21749.443526865165,40.23809826088117,28.41270351190994,TTNP
2008-04-22,26453.0390625,26850.828125,25060.7734375,25259.66796875,25259.66796875,3,25418.784375,24603.31484375,26124.8619140625,23879.3369140625,27668.28728515625,34486.40881835938,51.15411258859683,267.8926872113152,318.34662830707043,-50.453941095755226,30461.09317564436,26124.8619140625,21788.630652480642,43.14132304549324,37.79314316320228,TTNP
2008-04-23,26651.93359375,26850.828125,24265.193359375,26651.93359375,26651.93359375,3,25935.911328125,24841.9888671875,26264.0884765625,23935.0275390625,27572.81767578125,34398.89500976563,55.547368148520974,362.8959621198446,327.25649506962526,35.639467050219366,30478.551856387276,26264.0884765625,22049.625096737727,49.25242933758984,44.21061688132142,TTNP
2008-04-24,27049.724609375,28640.884765625,26055.248046875,28640.884765625,28640.884765625,5,26612.1546875,25379.00546875,26333.7017578125,24030.4971875,27521.1049609375,34322.3204296875,60.95066480324844,591.8559323872687,380.17638253315397,211.67954985411473,30655.540433471575,26333.7017578125,22011.863082153428,67.34766850165822,53.24714029491378,TTNP
2008-04-25,28640.884765625,29237.568359375,27845.3046875,28640.884765625,28640.884765625,5,27049.723828125,25756.9060546875,26274.03330078125,24106.0773046875,27453.48064453125,34252.70717773437,60.95066480324844,764.4957275268498,457.04025153189315,307.45547599495666,30430.701901582426,26274.03330078125,22117.364699980077,84.65278472215986,67.08429418713598,TTNP
2008-04-28,28243.09375,30629.833984375,27845.3046875,28839.779296875,28839.779296875,18,27606.630078125,26274.033203125,26204.42001953125,24201.5469140625,27377.900546875,34182.099453125,61.493494413314394,906.9088546729399,547.0139721601025,359.8948825128374,30134.044572326682,26204.42001953125,22274.79546673582,89.18270256195218,80.39438526192343,TTNP
2008-04-29,29834.25390625,30033.1484375,28044.19921875,28044.19921875,28044.19921875,4,28163.536328125,26791.1603515625,26114.91728515625,24300.994453125,27302.3204296875,34081.6574609375,58.019194384826775,944.6858699406948,626.548351716221,318.13751822447387,29782.576601318502,26114.91728515625,22447.257968994,78.07159424852719,83.96902717754641,TTNP
2008-04-30,27845.3046875,28839.779296875,27049.724609375,27049.724609375,27049.724609375,6,28243.09453125,27089.5029296875,26075.13828125,24404.4198828125,27202.87291015625,33972.265205078125,53.918385676658275,884.186287765111,678.075938925999,206.11034883911202,29683.64492764393,26075.13828125,22466.631634856072,65.81197635709042,77.68875772252328,TTNP
2008-05-01,27646.408203125,28044.19921875,25856.353515625,27845.3046875,27845.3046875,4,28083.978515625,27348.0666015625,26065.1935546875,24511.823203125,27119.33701171875,33869.834267578124,56.563402846377805,890.175210665835,720.4957932739662,169.6794173918688,29652.975913299775,26065.1935546875,22477.411196075223,61.538474450859006,68.47401501882555,TTNP
2008-05-02,28441.98828125,31425.4140625,27845.3046875,28441.98828125,28441.98828125,11,28044.19921875,27546.9615234375,26164.641015625,24619.2265234375,27033.81212890625,33769.39227539062,58.48791322201284,932.3216311217766,762.8609608435283,169.46067027824824,29897.249871328873,26164.641015625,22432.032159921124,61.02167454832676,62.790708452092076,TTNP
2008-05-05,28441.98828125,31624.30859375,27845.3046875,31624.30859375,31624.30859375,11,28601.105078125,28103.867578125,26393.37021484375,24794.254140625,26992.04416015625,33680.88397460937,66.9088560701845,1208.577892805246,852.0043472358718,356.5735455693741,30812.422160965012,26393.37021484375,21974.31826872249,76.40628476798317,66.32214458905632,TTNP
2008-05-06,32022.099609375,32817.6796875,30828.728515625,32817.6796875,32817.6796875,11,29555.801171875,28859.66875,26731.491796875,24973.2596875,26958.23201171875,33599.337021484374,69.41449301821866,1506.4427105167379,982.892019892045,523.5506906246928,31956.64255121447,26731.491796875,21506.341042535532,88.37209178404278,75.26668370011758,TTNP
2008-05-07,32618.78515625,32817.6796875,29834.25390625,31823.205078125,31823.205078125,9,30510.497265625,29376.7958984375,27109.3923828125,25116.4641015625,26938.3425,33523.7569140625,64.99769834264512,1643.3138357762618,1114.9763830688885,528.3374527073734,32650.109685228817,27109.3923828125,21568.675080396184,96.12403313211719,86.96746989471438,TTNP
2008-05-08,31425.4140625,32817.6796875,29834.25390625,30629.833984375,30629.833984375,7,31067.403125,29575.6908203125,27477.34814453125,25239.7790234375,26908.50826171875,33452.15469726562,60.05911401529881,1636.6241305861295,1219.3059325723366,417.3181980137929,32926.16464145241,27477.34814453125,22028.531647610092,87.59689993292795,90.69767494969598,TTNP
2008-05-09,31027.625,31823.205078125,31027.625,31027.625,31027.625,9,31584.53046875,29814.36484375,27785.63544921875,25371.049765625,26910.4972265625,33382.541435546875,61.119586751286704,1644.4645379589747,1304.3376536496642,340.1268843093105,33304.892124805636,27785.63544921875,22266.378773631863,80.62015804827712,88.1136970377741,TTNP
2008-05-12,31027.625,31624.30859375,29237.568359375,29834.25390625,29834.25390625,12,31226.51953125,29913.8123046875,28093.92275390625,25510.2762890625,26890.60771484375,33305.96684570312,56.290938908313784,1536.6692765649495,1350.8039782327212,185.86529833222835,33340.94567392253,28093.92275390625,22846.899833889966,72.8682167002027,80.36175822713595,TTNP
2008-05-13,30232.044921875,30232.044921875,29038.673828125,29237.568359375,29237.568359375,7,30510.497265625,30033.14921875,28412.15478515625,25609.7237890625,26874.69611328125,33218.45302734375,53.994020954615365,1387.103552057495,1358.063892997676,29.039659059819087,33095.742114939814,28412.15478515625,23728.567455372686,64.25248928283638,72.58028801043876,TTNP
2008-05-14,30828.728515625,31425.4140625,28044.19921875,28044.19921875,28044.19921875,9,29754.69609375,30132.5966796875,28611.0498046875,25701.2155078125,26846.8508203125,33139.8894921875,49.63204628534242,1158.9174426977224,1318.2346029376854,-159.31716023996296,32856.93473252632,28611.0498046875,24365.164876848678,48.37208991358978,61.83093196554298,TTNP
2008-05-15,29635.359375,29635.359375,26651.93359375,28839.779296875,28839.779296875,8,29396.68515625,30232.044140625,28790.05537109375,25820.5525390625,26817.0165625,33052.37567382812,52.39325801318674,1030.3971929620275,1260.6671209425538,-230.2699279805263,32747.766609082246,28790.05537109375,24832.344133105253,40.95238041796583,51.19231987146403,TTNP
2008-05-16,29436.46484375,29436.46484375,28243.09375,28441.98828125,28441.98828125,3,28879.5578125,30232.044140625,28889.50283203125,25935.911640625,26733.480625,32967.845283203125,50.89100802518204,886.2296548233862,1185.7796277187203,-299.5499728953341,32704.71188892877,28889.50283203125,25074.293775133727,37.142856875649585,42.1557757357351,TTNP
2008-05-19,28441.98828125,29038.673828125,27845.3046875,28839.779296875,28839.779296875,6,28680.662890625,29953.5912109375,29028.72939453125,26075.1381640625,26683.75685546875,32892.26517578125,52.36198259909916,794.9110133136419,1107.6059048377047,-312.69489152406277,32616.511223679194,29028.72939453125,25440.947565383303,40.95238041796583,39.68253923719377,TTNP
2008-05-20,27845.3046875,29237.568359375,27646.408203125,28044.19921875,28044.19921875,8,28441.9890625,29476.2431640625,29167.95595703125,26206.40890625,26641.98890625,32825.6353515625,49.18860147641214,650.8411766870449,1016.2529592075728,-365.4117825205278,32353.44452833147,29167.95595703125,25982.467385731026,37.14285687564959,38.412698056421696,TTNP
2008-05-21,28441.98828125,30430.939453125,27845.3046875,27845.3046875,27845.3046875,3,28402.21015625,29078.453125,29227.62451171875,26329.723828125,26612.15466796875,32760.0,48.398895850880564,514.6827246811699,915.9389123022922,-401.2561876211223,32263.559896713283,29227.62451171875,26191.689126724217,31.213525372998422,36.43625422220464,TTNP
2008-05-22,28243.09375,29635.359375,28044.19921875,29237.568359375,29237.568359375,3,28481.76796875,28939.2265625,29257.45869140625,26504.7514453125,26582.32041015625,32697.348056640625,53.96981447646033,513.2043133198058,835.391992505795,-322.18767918598917,32281.44784794166,29257.45869140625,26233.469534870837,30.90630062815718,33.08756095893509,TTNP
2008-05-23,28243.09375,29237.568359375,27845.3046875,28640.884765625,28640.884765625,2,28521.547265625,28700.5525390625,29257.45869140625,26675.801171875,26534.585625,32624.7513671875,51.40823518305334,458.59884037776646,760.0333620801892,-301.4345217024228,32281.44784794166,29257.45869140625,26233.469534870837,31.182801148735688,31.100875716630455,TTNP
2008-05-27,28441.98828125,29436.46484375,28243.09375,28441.98828125,28441.98828125,2,28441.9890625,28561.3259765625,29237.569140625,26854.8066796875,26496.79556640625,32557.12705078125,50.54700352157372,394.72419085334695,686.9715278348208,-292.24733698147384,32277.476248509618,29237.569140625,26197.662032740383,34.408599425632175,32.16590040084171,TTNP
2008-05-28,28243.09375,29834.25390625,28243.09375,29635.359375,29635.359375,4,28760.22109375,28601.105078125,29317.1271484375,27081.54703125,26472.9281640625,32510.38671875,55.377324483974064,435.37936248403275,636.6530947646631,-201.27373228063038,32310.877034143432,29317.1271484375,26323.377262731567,36.559142169238534,34.050180914535495,TTNP
2008-05-29,29436.46484375,30828.728515625,29237.568359375,30430.939453125,30430.939453125,3,29277.348046875,28839.7791015625,29486.187890625,27300.3315625,26466.96130859375,32464.640869140625,58.30145874288161,525.7351942105342,614.4695146538373,-88.73432044330309,32326.628869619977,29486.187890625,26645.74691163002,50.16542247555396,40.37772135680825,TTNP
2008-05-30,30430.939453125,31027.625,29436.46484375,30430.939453125,30430.939453125,3,29516.022265625,28998.8951171875,29615.46962890625,27515.138203125,26466.96130859375,32424.86185546875,58.30145874288159,590.5355159995561,609.6827149229811,-19.14719892342498,32379.752799902202,29615.46962890625,26851.186457910295,65.82134562117659,50.84863675532305,TTNP
2008-06-02,30828.728515625,30828.728515625,29436.46484375,29834.25390625,29834.25390625,7,29754.69609375,29138.1216796875,29685.08291015625,27718.0111328125,26451.04970703125,32369.17125,55.15749710012771,586.9764023684511,605.1414524120751,-18.165050043623978,32397.28478890519,29685.08291015625,26972.881031407305,71.91453422288156,62.633767439870724,TTNP
2008-06-03,29436.46484375,30629.833984375,29436.46484375,30430.939453125,30430.939453125,7,30152.486328125,29297.2376953125,29625.414453125,27912.92828125,26435.13810546875,32303.535888671875,57.61875011726314,625.0975803014189,609.1326779899439,15.964902311475043,32214.031628024983,29625.414453125,27036.797278225014,73.94445361512078,70.56011115305967,TTNP
2008-06-04,29834.25390625,30828.728515625,29436.46484375,29834.25390625,29834.25390625,2,30192.265234375,29476.2431640625,29476.2431640625,28012.37578125,26423.20439453125,32230.939208984375,54.40305834207504,600.24213385658,607.3545691632711,-7.112435306691054,31616.930414078473,29476.2431640625,27335.555914046527,72.85353335281515,72.90417373027252,TTNP
2008-06-05,29834.25390625,30629.833984375,29436.46484375,30232.044921875,30232.044921875,3,30152.486328125,29714.9171875,29396.68515625,28139.6686328125,26405.30384765625,32166.2983203125,56.159680774831166,605.6607439128275,607.0158041131824,-1.3550602003549557,31286.083264157023,29396.68515625,27507.28704834298,76.12151060690479,74.30649919161358,TTNP
2008-06-06,30629.833984375,31027.625,29834.25390625,29834.25390625,29834.25390625,3,30033.14921875,29774.5857421875,29356.90615234375,28191.381328125,26381.4364453125,32098.67400390625,53.92251813008671,571.2713603011944,599.8669153507848,-28.595555049590416,31172.851583597367,29356.90615234375,27540.96072109013,71.3012412288088,73.42542839617626,TTNP
2008-06-09,29635.359375,30430.939453125,29436.46484375,29834.25390625,29834.25390625,4,30033.14921875,29893.92265625,29297.23759765625,28191.381328125,26357.56904296875,32034.033125,53.922518130086715,537.8178961006124,587.4571115007503,-49.639215400137914,30961.788091232513,29297.23759765625,27632.68710407999,68.627445317258,72.01673238432387,TTNP
2008-06-10,30828.728515625,31027.625,29237.568359375,30828.728515625,30828.728515625,10,30112.70703125,30132.5966796875,29346.961328125,28203.315,26343.64638671875,31976.353564453126,58.69341782839691,584.8102460235095,586.9277384053022,-2.1174923817926583,31128.04362027321,29346.961328125,27565.879035976788,74.3872304973854,71.43863901448408,TTNP
2008-06-11,31226.51953125,31226.51953125,28441.98828125,29038.673828125,29038.673828125,6,29953.591015625,30072.928125,29337.0166015625,28187.4033984375,26313.81212890625,31912.7071484375,48.88226287661476,472.1667246408979,563.9755356524213,-91.8088110115234,31122.646298130818,29337.0166015625,27551.386904994182,64.58330553087289,69.19932711517212,TTNP
2008-06-12,29834.25390625,29834.25390625,28044.19921875,28044.19921875,28044.19921875,5,29516.021875,29834.2541015625,29337.0166015625,28191.3812890625,26276.0220703125,31849.0607421875,44.43802248086796,299.2011282269923,511.02065416733546,-211.81952594034317,31122.646298130818,29337.0166015625,27551.386904994182,44.97546239361537,61.31533280729125,TTNP
2008-06-13,28441.98828125,29834.25390625,28243.09375,29436.46484375,29436.46484375,2,29436.4640625,29734.806640625,29366.85087890625,28219.2266015625,26266.07732421875,31798.34251953125,51.13606313475103,271.34099709670045,463.08472275320844,-191.743725656508,31138.133487636005,29366.85087890625,27595.568270176496,28.308816185029695,45.95586136983935,TTNP
2008-06-16,29436.46484375,29436.46484375,28243.09375,28441.98828125,28441.98828125,2,29158.0109375,29595.580078125,29366.85087890625,28259.0055859375,26258.1215234375,31735.6905859375,46.79654954992303,167.08959026132288,403.8856962548313,-236.79610599350843,31138.133487636005,29366.85087890625,27595.568270176496,20.71077466869532,31.33168441578016,TTNP
2008-06-17,28839.779296875,29834.25390625,28243.09375,28640.884765625,28640.884765625,2,28720.4421875,29416.574609375,29356.90615234375,28290.8287890625,26260.11048828125,31677.016552734374,47.75155180442816,99.37336895570115,342.9832307950053,-243.60986183930413,31142.09268563739,29356.90615234375,27571.719619050105,25.000000000000014,24.673196951241707,TTNP
2008-06-18,29038.673828125,29635.359375,27248.619140625,28044.19921875,28044.19921875,2,28521.547265625,29237.569140625,29356.90615234375,28330.6078125,26252.1546875,31613.370146484376,45.13413539802607,-2.4119576749799307,273.9041931010082,-276.31615077598815,31142.09268563739,29356.90615234375,27571.719619050105,17.0833282188131,20.931367629169507,TTNP
2008-06-19,28441.98828125,28441.98828125,26254.14453125,26850.828125,26850.828125,3,28282.873046875,28899.4474609375,29307.18232421875,28382.3205078125,26236.2430859375,31546.740302734375,40.368285947256254,-177.32850359446093,183.6576537619144,-360.9861573563753,31301.198056464298,29307.18232421875,27313.1665919732,16.916662354102282,19.666663524305164,TTNP
2008-06-20,26850.828125,29834.25390625,26850.828125,27248.619140625,27248.619140625,5,27845.30390625,28640.883984375,29207.73486328125,28461.878515625,26234.254140625,31478.1215234375,42.54609057655235,-280.61792717274875,90.80253757498176,-371.42046474773053,31394.766368734206,29207.73486328125,27020.703357828294,17.33332128761408,17.111103953509854,TTNP
2008-06-23,27845.3046875,29635.359375,27845.3046875,28044.19921875,28044.19921875,3,27765.74609375,28461.878515625,29177.9005859375,28525.524921875,26250.1657421875,31415.46958984375,46.73586029462902,-294.8796866822595,13.666092723533495,-308.545779405793,31410.84610744089,29177.9005859375,26944.955064434107,22.666652526039712,18.972212055918725,TTNP
2008-06-24,27646.408203125,28640.884765625,27049.724609375,27447.513671875,27447.513671875,4,27527.071875,28123.75703125,29128.17685546875,28601.1050390625,26274.03314453125,31353.812138671874,44.13622708829695,-350.291824661992,-59.12549075357161,-291.16633390842037,31466.272297264935,29128.17685546875,26790.081413672568,26.666656192128187,22.222210001927362,TTNP
2008-06-25,27845.3046875,27845.3046875,26850.828125,27049.724609375,27049.724609375,3,27328.176953125,27924.862109375,28998.8951171875,28684.6409765625,26303.86740234375,31294.1436328125,42.44133191920377,-421.44642408016443,-131.58967741889018,-289.85674666127426,31491.359991517973,28998.8951171875,26506.43024285703,25.333326001156404,24.8888782397748,TTNP
2008-06-26,27248.619140625,28839.779296875,27049.724609375,28839.779296875,28839.779296875,4,27725.9671875,28004.4201171875,28919.337109375,28780.1105859375,26315.80111328125,31239.447509765625,51.472320724014374,-329.5951360279614,-171.19076914070442,-158.404366887257,31323.91121224227,28919.337109375,26514.76300650773,30.66665985821666,27.55554735050045,TTNP
2008-06-27,28441.98828125,28441.98828125,26850.828125,27447.513671875,27447.513671875,6,27765.74609375,27805.525,28770.1658203125,28823.8675,26315.80111328125,31175.80109375,45.49351372693953,-364.93973073318193,-209.94056145919993,-154.999169273982,31151.18090622974,28770.1658203125,26389.15073439526,30.66665985821666,28.888881905863276,TTNP
2008-06-30,27646.408203125,27646.408203125,25856.353515625,27447.513671875,27447.513671875,5,27646.408984375,27706.0775390625,28650.82880859375,28843.7569921875,26335.69060546875,31112.154677734376,45.493513726939526,-388.4725074311973,-245.6469506535994,-142.8255567775979,31045.759413043208,28650.82880859375,26255.89820414429,35.20986831301027,32.181062676481226,TTNP
2008-07-01,26850.828125,27447.513671875,26055.248046875,26055.248046875,26055.248046875,6,27367.955859375,27447.5138671875,28432.04423828125,28843.7569921875,26337.67955078125,31045.52484375,40.09252183187727,-513.5467554717361,-299.22691161722673,-214.31984385450937,30933.618735286578,28432.04423828125,25930.469741275923,19.543199125908178,28.4732424323784,TTNP
2008-07-02,18895.02734375,18895.02734375,10143.646484375,14718.232421875,14718.232421875,214,24901.657421875,26114.9171875,27676.2431640625,28632.92828125,26256.13259765625,30917.237548828125,19.642768573217403,-1510.0643300850134,-541.394395310784,-968.6699347742293,34094.453383857304,27676.2431640625,21258.032944267696,19.28731326556535,24.680126901494628,TTNP
2008-07-03,14718.232421875,15513.8125,12928.1767578125,15116.0224609375,15116.0224609375,15,22156.9060546875,24941.43662109375,26920.442041015624,28402.21005859375,26168.618798828124,30778.011040039062,21.162261551625562,-2241.8704685595476,-881.4896099605368,-1360.380858599011,35236.32355606124,26920.442041015624,18604.560525970013,17.82827998907439,18.886264126849333,TTNP
2008-07-07,15116.0224609375,18895.02734375,15116.0224609375,16309.392578125,16309.392578125,24,19929.2818359375,23847.51396484375,26244.198974609375,28155.58021484375,26093.038701171874,30655.69060058594,25.70127068411966,-2694.4768586592872,-1244.0870597002868,-1450.3897989590005,35632.78144782722,26244.198974609375,16855.616501391527,26.599328419492533,21.238307224710784,TTNP
2008-07-08,17104.97265625,17104.97265625,15513.8125,16508.287109375,16508.287109375,9,17741.4365234375,22693.92275390625,25577.900634765625,27912.92826171875,26009.502783203126,30533.370161132814,26.46120451327556,-3002.51048534815,-1595.7717448298595,-1406.7387405182903,35714.44659642249,25577.900634765625,15441.35467310876,29.629630548061986,24.68574631887633,TTNP
2008-07-09,16906.078125,18298.341796875,15513.8125,16309.392578125,16309.392578125,9,15792.2654296875,21580.11064453125,24851.933837890625,27662.32052734375,25931.933720703124,30411.049721679687,26.172913473587094,-3225.4969590605324,-1921.716787675994,-1303.7801713845383,35449.49310898898,24851.933837890625,14254.37456679227,31.6498325181677,29.292930495240768,TTNP
2008-07-10,15513.8125,16906.078125,15116.0224609375,15314.9169921875,15314.9169921875,4,15911.60234375,20406.6298828125,24165.74599609375,27407.7348828125,25854.36466796875,30284.751376953125,24.72256920392023,-3442.7750469263774,-2225.9284395260706,-1216.8466074003068,35351.00536731097,24165.74599609375,12980.486624876527,29.966330049823828,30.415264372017862,TTNP
2008-07-11,14718.232421875,19889.501953125,14121.546875,14519.3369140625,14519.3369140625,7,15792.265234375,18974.58564453125,23489.502880859374,27157.12712890625,25780.773505859375,30156.464077148437,23.59606436084543,-3637.238340837779,-2508.1904197884123,-1129.0479210493668,35274.364778790434,23489.502880859374,11704.640982928318,26.6749123649637,29.430358310985103,TTNP
2008-07-14,14320.4423828125,16707.181640625,14121.546875,14718.232421875,14718.232421875,9,15474.033203125,17701.65751953125,22753.591259765624,26894.58568359375,25703.204443359376,30015.248618164063,24.522010117422276,-3732.2793044945756,-2753.008196729645,-979.2711077649305,34796.45105602585,22753.591259765624,10710.731463505403,24.393230172828947,27.011490862538853,TTNP
2008-07-15,14121.546875,15116.0224609375,14121.546875,14121.546875,14121.546875,4,14996.68515625,16369.06083984375,22037.569189453126,26608.17685546875,25613.701689453126,29870.055239257814,23.598054228591046,-3811.8073475149176,-2964.7680268866998,-847.0393206282179,34342.47014675417,22037.569189453126,9732.668232152086,22.73121984681487,24.59978746153587,TTNP
2008-07-16,14519.3369140625,14917.126953125,14320.4423828125,14519.3369140625,14519.3369140625,2,14638.6740234375,15215.4697265625,21331.491796875,26266.077421875,25530.16578125,29723.867392578126,25.610390333722087,-3798.943704628262,-3131.603162435012,-667.3405421932498,33660.336609808226,21331.491796875,9002.646983941775,23.049645056666282,23.391365025436727,TTNP
2008-07-17,15116.0224609375,15513.8125,14320.4423828125,14917.126953125,14917.126953125,6,14559.116015625,15235.3591796875,20675.13818359375,25908.0663671875,25440.66302734375,29554.80662109375,27.662241387147446,-3713.840007459905,-3248.0505314399907,-465.7894760199142,32901.90968068689,20675.13818359375,8448.366686500605,23.589268417245467,23.123377773575566,TTNP
2008-07-18,15513.8125,15513.8125,14320.4423828125,14917.126953125,14917.126953125,5,14638.6740234375,15215.46962890625,20078.453125,25569.9448046875,25343.204453125,29379.778994140626,27.662241387147446,-3604.840358596266,-3319.408496871246,-285.4318617250201,32205.815510164255,20078.453125,7951.090739835747,25.587979297043887,24.075630923651904,TTNP
2008-07-21,14320.4423828125,14917.126953125,14121.546875,14121.546875,14121.546875,12,14519.3369140625,14996.68505859375,19422.09951171875,25239.7790625,25239.77904296875,29213.701650390623,25.99887662376494,-3541.826048954141,-3363.892007287825,-177.9340416663158,31345.37122859079,19422.09951171875,7498.827794846708,25.44939629763409,24.87554800397451,TTNP
2008-07-22,14917.126953125,14917.126953125,13922.65234375,14121.546875,14121.546875,14,14519.3369140625,14758.01103515625,18725.96689453125,24901.6575,25136.3536328125,29067.513798828124,25.998876623764932,-3452.093173320518,-3381.5322404943636,-70.56093282615439,30170.487720273086,18725.96689453125,7281.446068789415,30.35918698224384,27.132187525640635,TTNP
2008-07-23,14121.546875,14917.126953125,12928.1767578125,13922.65234375,13922.65234375,15,14400.0,14519.33701171875,18049.723828125,24583.42546875,25046.85087890625,28904.419873046874,25.553367522206642,-3358.315775549785,-3376.888947505448,18.57317195566293,28937.750678214004,18049.723828125,7161.696978035992,26.030185325315582,27.279589535064535,TTNP
2008-07-24,13922.65234375,14320.4423828125,13127.072265625,13723.7568359375,13723.7568359375,9,14161.3259765625,14360.22099609375,17383.425439453124,24273.14923828125,24941.436513671873,28742.320434570312,25.090351982071535,-3262.438358824995,-3353.998829769357,91.56047094436235,27596.95126495879,17383.425439453124,7169.899613947458,22.176874369235062,26.188748892264858,TTNP
2008-07-25,14320.4423828125,14718.232421875,12530.38671875,13127.072265625,13127.072265625,18,13803.3150390625,14220.99453125,16597.790087890626,23974.80669921875,24838.011103515626,28579.226518554686,23.702792959604828,-3197.7407090646902,-3322.7472056284237,125.00649656373344,25498.403431506347,16597.790087890626,7697.176744274904,11.274136604425323,19.82706543299202,TTNP
2008-07-28,11337.0166015625,13524.8623046875,11138.12109375,11933.701171875,11933.701171875,83,13365.7458984375,13942.54140625,15822.099462890625,23636.68513671875,24728.618837890626,28396.243090820313,21.1799769164621,-3205.807871756022,-3299.3593388539434,93.55146709792143,23412.987343977107,15822.099462890625,8231.211581804142,9.542532200747521,14.331181058135998,TTNP
2008-07-29,12928.1767578125,14917.126953125,11337.0166015625,11933.701171875,11933.701171875,49,12928.1767578125,13723.7568359375,15046.408837890625,23306.51939453125,24621.215517578126,28217.237573242186,21.179976916462095,-3175.5948753260855,-3274.606446148372,99.01157082228656,20632.881086832473,15046.408837890625,9459.936588948778,8.763311154319135,9.859993319830691,TTNP
2008-07-30,12530.38671875,12530.38671875,8552.486328125,9745.8564453125,9745.8564453125,34,12092.817578125,13246.4087890625,14230.9392578125,22924.6409375,24499.88955078125,28039.2265234375,17.271361177557043,-3290.2635329449276,-3277.737863507683,-12.525669437244687,17381.966492144984,14230.9392578125,11079.912023480018,9.569378141552205,9.291740498872985,TTNP
2008-07-31,9944.7509765625,9944.7509765625,9348.06640625,9348.06640625,9348.06640625,9,11217.6794921875,12689.502734375,13962.43095703125,22550.71828125,24378.56359375,27856.24310546875,16.669037268874757,-3374.3403073242753,-3297.0583522710012,-77.28195505327403,17752.099060243996,13962.43095703125,10172.762853818505,9.79110782629735,9.374599040722927,TTNP
2008-08-01,9348.06640625,9348.06640625,8751.380859375,9348.06640625,9348.06640625,34,10461.8783203125,12132.5966796875,13674.033154296874,22180.773515625,24255.248671875,27688.17681640625,16.669037268874757,-3401.758403406964,-3317.9983624981937,-83.7600409087704,17919.172555063902,13674.033154296874,9428.893753529846,10.57032833831056,9.976938102053403,TTNP
2008-08-04,9348.06640625,9546.9609375,6165.74609375,6563.5361328125,6563.5361328125,48,9387.8453125,11376.79560546875,13186.74033203125,21727.29287109375,24116.022158203126,27510.165766601564,12.991017159466342,-3606.6011112854885,-3375.718912255653,-230.88219902983565,18265.539508349782,13186.74033203125,8107.941155712718,8.479995899586568,9.613810688064858,TTNP
2008-08-05,6961.326171875,7558.01123046875,4972.37548828125,6563.5361328125,6563.5361328125,62,8313.8123046875,10620.99453125,12689.502783203125,21285.7458984375,23980.77353515625,27334.143662109374,12.991017159466345,-3725.9895449648375,-3445.77303879749,-280.2165061673477,18290.57879836384,12689.502783203125,7088.42676804241,10.259410803309855,9.769911680402359,TTNP
2008-08-06,6762.43115234375,6762.43115234375,5370.16552734375,5767.95556640625,5767.95556640625,28,7518.23212890625,9805.524853515624,12162.430932617188,20832.265244140624,23843.53596191406,27167.071838378906,12.105897165403235,-3840.5311886723503,-3524.724668772462,-315.8065198998884,18263.387934127855,12162.430932617188,6061.47393110652,8.965610298376362,9.23500566709096,TTNP
2008-08-07,5370.16552734375,6563.5361328125,5370.16552734375,6364.64111328125,6364.64111328125,11,6921.5470703125,9069.61328125,11714.917138671875,20366.85087890625,23724.198955078125,26992.044223632813,16.690478385022267,-3838.9062084796897,-3587.5609767139076,-251.34523176578205,18130.199021635293,11714.917138671875,5299.635255708457,12.213838730336796,10.479619944007702,TTNP
2008-08-08,6364.64111328125,6762.43115234375,5966.8505859375,5966.8505859375,5966.8505859375,15,6245.30390625,8353.59111328125,11287.292822265625,19877.5691015625,23588.95033203125,26813.03869140625,16.088007859009878,-3825.617434629903,-3635.1722682971067,-190.44516633279636,18029.658221557143,11287.292822265625,4544.927422974105,10.515724281234027,10.565057769982426,TTNP
2008-08-11,6762.43115234375,6762.43115234375,5767.95556640625,5767.95556640625,5767.95556640625,18,6086.18779296875,7737.016552734375,10839.778979492188,19384.309423828126,23449.72381347656,26633.038684082032,15.78127294900912,-3787.475491609004,-3665.632912959486,-121.84257864951815,17796.557261227048,10839.778979492188,3883.0006977573275,10.666667779586236,11.132076930385717,TTNP
2008-08-12,5767.95556640625,6563.5361328125,5569.060546875,6364.64111328125,6364.64111328125,17,6046.4087890625,7180.110546875,10451.93369140625,18914.91716796875,23316.464150390624,26459.00554199219,20.667974046838168,-3666.831242008766,-3665.872578769342,-0.9586632394239132,17497.956674024023,10451.93369140625,3405.9107087884768,10.666667779586236,10.61635328013553,TTNP
2008-08-13,6762.43115234375,9149.1708984375,6762.43115234375,9149.1708984375,9149.1708984375,44,6722.65185546875,7120.4419921875,10183.425390625,18489.281796875,23201.1050390625,26298.895048828126,38.578826148214475,-3308.3944112609715,-3594.376945267668,285.98253400669637,16994.353185355903,10183.425390625,3372.497595894095,21.333333922526055,14.222223160566207,TTNP
2008-08-14,9944.7509765625,10541.4365234375,7756.90625,9149.1708984375,9149.1708984375,25,7279.5578125,7100.55244140625,9895.027587890625,18075.58013671875,23043.977958984375,26143.756918945313,38.57882614821448,-2989.8653340510373,-3473.474623024342,483.6092889733045,16359.421962378376,9895.027587890625,3430.6332134028744,32.66666669939961,21.55555613383733,TTNP
2008-08-15,8552.486328125,9149.1708984375,7756.90625,8353.5908203125,8353.5908203125,14,7756.905859375,7001.1048828125,9566.85078125,17638.0110546875,22888.83984375,25984.640888671875,35.89356978671274,-2769.6980537620457,-3332.7193091718827,563.0212554098371,15632.203501255026,9566.85078125,3501.4980612449717,39.3333314020906,31.11111067467212,TTNP
2008-08-18,9944.7509765625,9944.7509765625,8353.5908203125,8353.5908203125,8353.5908203125,5,8274.03291015625,7180.1103515625,9278.452978515625,17208.39779296875,22699.889560546875,25827.51382324219,35.89356978671274,-2565.638810757713,-3179.3032094890486,613.6643987313355,14988.195450191808,9278.452978515625,3568.710506839442,40.2456118278366,37.415203309775634,TTNP
2008-08-19,8353.5908203125,9546.9609375,8353.5908203125,9149.1708984375,9149.1708984375,8,8830.9388671875,7438.673828125,9029.8341796875,16794.6961328125,22493.03873046875,25692.265205078125,40.68199437947102,-2313.060208886709,-3006.0546093685807,692.9944004818717,14289.695863948116,9029.8341796875,3769.972495426883,51.24561032329103,43.60818451773944,TTNP
2008-08-20,9745.8564453125,9745.8564453125,8751.380859375,9149.1708984375,9149.1708984375,7,8830.9388671875,7776.795361328125,8791.160107421874,16361.10498046875,22282.209990234376,25562.983442382814,40.68199437947102,-2088.811330396473,-2822.6059535741592,733.7946231776864,13550.69769206578,8791.160107421874,4031.6225227779687,64.91227535448041,52.134499168536045,TTNP
2008-08-21,8552.486328125,10342.541015625,8552.486328125,10143.646484375,10143.646484375,12,9029.833984375,8154.6958984375,8612.15458984375,15983.20443359375,22085.303916015626,25443.646420898436,46.477689180789426,-1809.9822611296604,-2620.0812150852594,810.098953955599,12857.71319868197,8612.15458984375,4366.595981005532,80.95237677726277,65.70342081834477,TTNP
2008-08-22,10342.541015625,10342.541015625,8950.2763671875,8950.2763671875,8950.2763671875,7,9149.17109375,8453.0384765625,8403.314794921875,15601.3259765625,21896.3536328125,25304.419892578124,41.26708082490436,-1666.0974753415067,-2429.2844671365087,763.1869917950021,12117.649271615479,8403.314794921875,4688.980318228271,79.76190361374728,75.20885191516352,TTNP
2008-08-25,9546.9609375,9546.9609375,8751.380859375,9149.1708984375,9149.1708984375,4,9308.287109375,8791.160009765625,8264.08828125,15195.58009765625,21707.403349609376,25169.171274414064,42.42560644723394,-1518.5141338369249,-2247.130400476592,728.6162666396672,11631.17592306048,8264.08828125,4897.0006394395205,79.12087786463798,79.9450527518827,TTNP
2008-08-26,9745.8564453125,9944.7509765625,8950.2763671875,9149.1708984375,9149.1708984375,2,9308.287109375,9069.61298828125,8124.861767578125,14809.72375,21534.36466796875,25046.85083984375,42.42560644723394,-1385.5811553494386,-2074.8205514511615,689.2393961017228,11078.369105242487,8124.861767578125,5171.354429913763,72.52746876245475,77.13675008028002,TTNP
2008-08-27,8950.2763671875,9348.06640625,8751.380859375,8751.380859375,8751.380859375,5,9228.7291015625,9029.833984375,8075.13798828125,14411.933671875,21351.38123046875,24926.519345703124,40.569413107706346,-1297.3738259713573,-1919.3312063552007,621.9573803838434,10950.25472715562,8075.13798828125,5200.02124940688,70.05127535633333,73.89987399447539,TTNP
2008-08-28,8751.380859375,8751.380859375,7756.90625,8154.6962890625,8154.6962890625,9,8830.9390625,8930.3865234375,8015.469482421875,14014.14361328125,21172.375712890625,24801.21548339844,37.89140753657192,-1261.07940171464,-1787.6808454270886,526.6014437124486,10831.362146033143,8015.469482421875,5199.576818810607,63.02563820189349,68.53479410689388,TTNP
2008-08-29,8751.380859375,8950.2763671875,7955.80126953125,7955.80126953125,7955.80126953125,7,8632.04404296875,8890.607568359375,7945.856225585938,13636.243076171875,21009.281791992187,24666.961345214844,37.01431335029687,-1234.1385933654074,-1676.9723950147522,442.8338016493449,10694.56803618326,7945.856225585938,5197.144414988616,54.66666784505204,62.58119380109299,TTNP
2008-09-02,8552.486328125,9348.06640625,7558.01123046875,7756.90625,7756.90625,6,8353.59111328125,8830.939111328125,8005.524731445313,13246.408818359376,20854.143666992186,24534.696149902345,36.11405646760147,-1214.8331343265872,-1584.5445428771193,369.71140855053204,10682.492035360137,8005.524731445313,5328.557427530487,42.105266431187395,53.26585749271101,TTNP
2008-09-03,7558.01123046875,7955.80126953125,7558.01123046875,7756.90625,7756.90625,3,8075.13818359375,8691.712646484375,8065.1932373046875,12840.662958984374,20683.093940429688,24404.419899902343,36.11405646760147,-1185.8635224377504,-1504.8083387892455,318.9448163514951,10662.963171307481,8065.1932373046875,5467.4233033018945,26.994153748895815,41.25536267504511,TTNP
2008-09-04,7955.80126953125,8154.6962890625,7558.01123046875,7756.90625,7756.90625,6,7876.24326171875,8552.486181640625,8164.640771484375,12446.850810546875,20523.977924804687,24278.121560058593,36.11405646760147,-1149.6524188503408,-1433.7771548014646,284.12473595112374,10546.320298998628,8164.640771484375,5782.961243970123,13.375104845247956,27.49150834177709,TTNP
2008-09-05,7558.01123046875,8154.6962890625,7558.01123046875,7955.80126953125,7955.80126953125,4,7836.4642578125,8333.70166015625,8244.198779296876,12064.97234375,20374.80666015625,24153.81216796875,37.99753114687358,-1092.3141746656838,-1365.4845587743084,273.1703841086246,10482.010768486532,8244.198779296876,6006.386790107218,9.365080617615174,16.57811307058635,TTNP
2008-09-08,8154.6962890625,8154.6962890625,7558.01123046875,7955.80126953125,7955.80126953125,5,7836.4642578125,8234.254150390625,8343.646313476562,11647.292783203126,20213.70168457031,24036.464104003906,37.99753114687357,-1034.9430240974707,-1299.3762518389408,264.4332277414701,10330.506881486242,8343.646313476562,6356.785745466882,11.904763992321572,11.548316485061603,TTNP
2008-09-09,7558.01123046875,7955.80126953125,6961.326171875,7160.22119140625,7160.22119140625,6,7717.12724609375,8035.3591796875,8413.259594726562,11241.54693359375,20032.707216796876,23922.099467773438,33.42593928560615,-1041.6649719175584,-1247.8339958546644,206.16902393710598,10110.75578618235,8413.259594726562,6715.763403270774,11.484595790739624,10.918146800225493,TTNP
2008-09-10,7160.22119140625,7359.1162109375,5569.060546875,5569.060546875,5569.060546875,17,7279.55810546875,7677.34814453125,8373.48056640625,10803.97787109375,19823.867431640625,23797.790073242188,26.546737622119,-1161.9908232273283,-1230.6653613291971,68.67453810186885,10284.943342367786,8373.48056640625,6462.017790444715,6.722690193811001,10.03734999229077,TTNP
2008-09-11,5569.060546875,5966.8505859375,4972.37548828125,5569.060546875,5569.060546875,6,6841.98896484375,7359.11611328125,8194.475048828124,10394.25412109375,19619.005556640626,23676.464106445314,26.546737622119,-1243.0211531910809,-1233.136519701574,-9.884633489506996,10425.64812000417,8194.475048828124,5963.301977652078,5.664488300586083,7.957258095045606,TTNP
2008-09-12,4972.37548828125,5569.060546875,4972.37548828125,5171.2705078125,5171.2705078125,18,6285.0828125,7060.77353515625,7995.580029296875,10203.3148828125,19418.12158203125,23543.20443359375,25.051866501539056,-1324.0735099461172,-1251.3239177504825,-72.7495921956347,10538.326706548643,7995.580029296875,5452.833352045107,5.037037037037055,5.808071843811416,TTNP
2008-09-15,4972.37548828125,7756.90625,4972.37548828125,5171.2705078125,5171.2705078125,5,5728.17666015625,6782.320458984375,7836.464013671875,10004.41984375,19203.314951171877,23388.066313476564,25.051866501539056,-1372.486911848826,-1275.5565165701512,-96.93039527867472,10653.19963284066,7836.464013671875,5019.72839450309,6.370370370370388,5.6906319026645455,TTNP
2008-09-16,5370.16552734375,5569.060546875,4972.37548828125,5370.16552734375,5370.16552734375,3,5370.16552734375,6543.64638671875,7687.292749023438,9785.635302734376,18970.60775878906,23245.856359863283,27.421810563299537,-1378.9104939826566,-1296.2273120526522,-82.68318193000437,10688.631267319986,7687.292749023438,4685.954230726889,5.696969358819653,5.701458922075736,TTNP
2008-09-17,4972.37548828125,5370.16552734375,4972.37548828125,4972.37548828125,4972.37548828125,12,5250.828515625,6265.193310546875,7478.452978515625,9554.9170703125,18733.922666015624,23093.70165527344,25.673279690206176,-1399.9616740528072,-1316.9741844526832,-82.98748960012404,10621.749703964218,7478.452978515625,4335.156253067032,4.363636025486319,5.47699191822549,TTNP
2008-09-18,4574.58544921875,5370.16552734375,4375.6904296875,4972.37548828125,4972.37548828125,8,5131.49150390625,5986.740234375,7269.613208007812,9328.176728515626,18495.248627929686,22936.574587402345,25.67327969020618,-1400.5007846598737,-1333.6795044941214,-66.82128016575234,10495.087329599095,7269.613208007812,4044.139086416529,7.030302299357871,5.696969227887984,TTNP
2008-09-19,4773.48046875,5171.2705078125,4773.48046875,5171.2705078125,5171.2705078125,7,5131.49150390625,5708.287158203125,7020.994409179688,9125.303798828125,18266.519340820312,22784.419885253905,28.32356686451316,-1369.0967724987013,-1340.7629580950374,-28.333814403663837,10084.494538654384,7020.994409179688,3957.4942797049916,9.333332416811414,6.909090247218572,TTNP
2008-09-22,4972.37548828125,5767.95556640625,3977.900634765625,4972.37548828125,4972.37548828125,9,5091.7125,5409.944580078125,6822.099365234375,8934.3645703125,18045.745849609375,22624.309379882812,27.27615892732208,-1344.756516409123,-1341.5616697578546,-3.1948466512683353,9875.251541458354,6822.099365234375,3768.947189010395,17.269837941028765,11.211157552399387,TTNP
2008-09-23,4972.37548828125,5767.95556640625,4972.37548828125,5569.060546875,5569.060546875,6,5131.49150390625,5250.828515625,6643.09384765625,8751.3811328125,17822.983408203127,22471.160209960937,35.03749705053248,-1262.7628465205316,-1325.80190511039,63.039058589858314,9545.598831600604,6643.09384765625,3740.588863711894,25.968248341604767,17.523806233148353,TTNP
2008-09-24,5767.95556640625,6961.326171875,5370.16552734375,6165.74609375,6165.74609375,10,5370.165625,5310.4970703125,6493.922607421875,8592.2651171875,17600.220986328124,22317.016557617186,41.7341655954543,-1136.5334849309447,-1287.948221074501,151.41473614355618,9163.19492116413,6493.922607421875,3824.6502936796214,38.09523392011979,27.11110673425115,TTNP
2008-09-25,6762.43115234375,6762.43115234375,4972.37548828125,5171.2705078125,5171.2705078125,6,5409.94462890625,5270.71806640625,6314.91708984375,8405.3037890625,17335.69060546875,22163.8673828125,35.21797566824666,-1104.0152741884658,-1251.1616316972938,147.14635750882803,8830.369523716283,6314.91708984375,3799.464655971217,39.68253541464097,34.58200589212188,TTNP
2008-09-26,5569.060546875,5569.060546875,3977.900634765625,4375.6904296875,4375.6904296875,16,5250.82861328125,5191.16005859375,6125.966796875,8194.47505859375,17051.270712890626,22004.751362304687,31.04226958214059,-1129.4217503610143,-1226.813655430038,97.39190506902355,8627.936940929458,6125.966796875,3623.9966528205423,30.317456489804638,36.03174194152184,TTNP
2008-09-29,4773.48046875,5370.16552734375,4176.79541015625,4574.58544921875,4574.58544921875,7,5171.27060546875,5131.491552734375,5956.906005859375,7987.624228515625,16778.78451660156,21858.56350830078,33.17544371741054,-1120.5899366833264,-1205.5689116806957,84.97897499736928,8397.649002410113,5956.906005859375,3516.163009308637,18.12029350291439,29.37342846912004,TTNP
2008-09-30,4176.79541015625,4972.37548828125,4176.79541015625,4375.6904296875,4375.6904296875,10,4932.59658203125,5032.04404296875,5787.84521484375,7792.707099609375,16516.243081054687,21712.37567138672,32.105865820247836,-1116.7664382183057,-1187.8084169882177,71.04197876991202,8174.254344657959,5787.84521484375,3401.4360850295407,12.105256033836028,20.181002008851724,TTNP
2008-10-01,4375.6904296875,4773.48046875,4176.79541015625,4176.79541015625,4176.79541015625,8,4534.8064453125,4952.48603515625,5608.839672851563,7593.8120703125,16247.73478515625,21579.116005859374,31.028552861666313,-1116.9104060705022,-1173.6288148046747,56.7184087341725,7913.277266106705,5608.839672851563,3304.402079596421,10.526308648980514,13.583952728577017,TTNP
2008-10-02,4574.58544921875,4574.58544921875,3977.900634765625,3977.900634765625,3977.900634765625,19,4296.132470703125,4853.038549804687,5419.889392089844,7394.917036132812,15989.171252441407,21439.88948364258,29.94640563500606,-1120.1611275691057,-1162.9352773575608,42.774149788455134,7605.473573041451,5419.889392089844,3234.305211138236,5.263153247749226,9.29823931018863,TTNP
2008-10-03,4574.58544921875,4574.58544921875,3977.900634765625,3977.900634765625,3977.900634765625,21,4216.57451171875,4733.7015625,5220.994360351562,7199.999912109375,15736.574575195313,21305.635344238282,29.94640563500606,-1109.9426201669385,-1152.3367459194365,42.394125752497985,7157.030977424034,5220.994360351562,3284.9577432790907,1.7543836980890581,5.847948531606306,TTNP
2008-10-06,3977.900634765625,4375.6904296875,3182.320556640625,3779.005615234375,3779.005615234375,17,4057.458544921875,4614.364575195313,5012.154577636718,7013.038579101562,15493.922639160157,21170.38672973633,28.782228291350613,-1105.154017690047,-1142.9002002735585,37.74618258351143,6591.336044529437,5012.154577636718,3432.9731107440007,5.2631575547133655,4.093564833517257,TTNP
2008-10-07,3779.005615234375,3977.900634765625,3381.215576171875,3779.005615234375,3779.005615234375,14,3938.12158203125,4435.35908203125,4843.093798828125,6849.94466796875,15243.31490234375,21030.165732421876,28.78222829135061,-1088.8079158327682,-1132.0817433854004,43.273827552632156,6170.038091143553,4843.093798828125,3516.1495065126965,10.526315109426722,5.847952120743089,TTNP
2008-10-08,3580.110595703125,3977.900634765625,3381.215576171875,3779.005615234375,3779.005615234375,8,3858.563623046875,4196.685034179687,4753.591052246094,6686.850756835937,14996.685075683594,20865.082850341798,28.782228291350613,-1063.5930734564636,-1118.384009399613,54.79093594314941,6113.660674347993,4753.591052246094,3393.521430144194,15.789472664140078,10.526315109426763,TTNP
2008-10-09,3580.110595703125,3779.005615234375,3381.215576171875,3580.110595703125,3580.110595703125,7,3779.005615234375,4037.56904296875,4654.1435546875,6563.53583984375,14744.088388671875,20713.922622070313,27.44943762854201,-1047.5834056489566,-1104.2238886494818,56.64048300052514,6051.51370426324,4654.1435546875,3256.773405111761,14.035086812568958,13.45029152871196,TTNP
2008-10-10,3381.215576171875,3779.005615234375,3381.215576171875,3381.215576171875,3381.215576171875,19,3659.668603515625,3938.1215576171876,4564.640808105469,6444.198823242187,14497.458552246093,20569.723729248046,26.145607682457605,-1038.968215555552,-1091.1727540306958,52.20453847514386,6044.9061353054,4564.640808105469,3084.375480905537,10.52631510942672,13.45029152871196,TTNP
2008-10-13,3977.900634765625,3977.900634765625,3381.215576171875,3580.110595703125,3580.110595703125,3,3619.889599609375,3838.674072265625,4485.0828125,6328.83970703125,14254.806611328126,20433.48063964844,29.73964453832757,-1004.5120597584482,-1073.8406151762463,69.32855541779804,5997.077379145181,4485.0828125,2973.088245854818,8.771929257855602,11.111110393283802,TTNP
2008-10-14,3977.900634765625,3977.900634765625,3381.215576171875,3381.215576171875,3381.215576171875,7,3540.331591796875,3739.2265869140624,4385.635314941406,6265.193295898437,13996.243083496094,20289.28174682617,28.25868618001278,-981.9353345836271,-1055.4595590577223,73.52422447409526,5913.247387146451,4385.635314941406,2858.0232427363617,7.115009280280774,8.804417882521074,TTNP
2008-10-15,3779.005615234375,3779.005615234375,3182.320556640625,3381.215576171875,3381.215576171875,12,3460.773583984375,3659.668603515625,4306.077319335937,6201.546884765625,13743.646391601562,20139.11600830078,28.25868618001278,-953.0568708759056,-1034.979021421359,81.9221505454534,5868.51123493408,4306.077319335937,2743.6434037377944,8.138401490627476,8.008446676254659,TTNP
2008-10-16,3580.110595703125,3580.110595703125,3182.320556640625,3182.320556640625,3182.320556640625,7,3381.215576171875,3580.110595703125,4216.574572753906,6149.834184570313,13491.04971435547,19993.92264038086,26.715763943784086,-935.4365162996883,-1015.0705203970249,79.63400409733663,5820.610724585015,4216.574572753906,2612.538420922797,4.629629787485238,6.6276801861312045,TTNP
2008-10-17,3580.110595703125,3580.110595703125,2983.42529296875,3182.320556640625,3182.320556640625,6,3341.436572265625,3500.552587890625,4117.1270751953125,6086.1877734375,13226.519326171874,19849.723745117186,26.715763943784093,-910.9711499929695,-994.2506463162138,83.2794963232443,5718.69510858768,4117.1270751953125,2515.559041802945,6.111115486867358,6.293048921660066,TTNP
2008-10-20,3580.110595703125,3580.110595703125,2983.42529296875,2983.42529296875,2983.42529296875,6,3222.09951171875,3420.9945556640623,4017.6795654296875,6026.519267578125,12952.044184570312,19709.50274658203,25.124785366824675,-897.2879791909545,-974.8581128911619,77.5701337002074,5641.325744058977,4017.6795654296875,2394.033386800398,3.333337424949537,4.69136089976742,TTNP
2008-10-21,3580.110595703125,3580.110595703125,2983.42529296875,2983.42529296875,2983.42529296875,5,3142.541455078125,3341.4365234375,3888.397802734375,5970.828662109375,12677.56904296875,19572.26517578125,25.124785366824675,-876.3420421900487,-955.1548987509393,78.81285656089062,5405.616180825595,3888.397802734375,2371.179424643155,3.333337424949537,4.259263445588853,TTNP
2008-10-22,2983.42529296875,3182.320556640625,2983.42529296875,2983.42529296875,2983.42529296875,9,3062.9833984375,3261.8784912109377,3729.2817626953124,5903.204345703125,12409.060756835937,19430.055231933595,25.124785366824675,-849.9446038880278,-934.112839778357,84.16823589032924,4881.328615472945,3729.2817626953124,2577.2349099176795,7.105427357601002e-15,2.222224949966402,TTNP
2008-10-23,2983.42529296875,3182.320556640625,2784.5302734375,2784.5302734375,2784.5302734375,14,2983.425341796875,3182.320458984375,3609.9447509765623,5775.911533203125,12132.596665039062,19283.867385253907,23.385402825607063,-835.4431412050285,-914.3789000636914,78.9357588586629,4626.25741379891,3609.9447509765623,2593.632088154214,7.105427357601002e-15,1.1111124749832255,TTNP
2008-10-24,3182.320556640625,3182.320556640625,2386.740234375,2585.63525390625,2585.63525390625,10,2864.08828125,3102.7624267578126,3520.4419921875,5644.6408203125,11860.110478515626,19141.657436523437,21.762869632949638,-830.4271461743447,-897.5885492858221,67.1614031114774,4566.107882208986,3520.4419921875,2474.776102166015,4.166666027351741,1.38888867578396,TTNP
2008-10-27,2784.5302734375,2784.5302734375,2386.740234375,2386.740234375,2386.740234375,5,2744.75126953125,2983.425390625,3411.0497314453123,5525.30380859375,11581.657431640626,18993.48063964844,20.249815426643533,-832.8999476807253,-884.6508289648027,51.75088128407742,4450.454722892994,3411.0497314453123,2371.6447399976305,4.166666027351741,2.7777773515678716,TTNP
2008-10-28,2784.5302734375,2784.5302734375,1988.9503173828125,1988.9503173828125,1988.9503173828125,19,2545.8562744140627,2844.198864746094,3291.712725830078,5398.010998535156,11303.204395751953,18842.320420532225,17.612437656340106,-857.0781194736401,-879.1362870665702,22.05816759293009,4406.057585361388,3291.712725830078,2177.3678662987677,4.166666027351741,4.166666027351783,TTNP
2008-10-29,2187.84521484375,2983.42529296875,1988.9503173828125,2585.63525390625,2585.63525390625,22,2466.2982666015623,2764.640832519531,3212.154718017578,5266.7402856445315,11030.718209228515,18694.143626098634,31.933103431672006,-818.6550611901662,-867.0400418912893,48.38498070112314,4288.9468832882685,3212.154718017578,2135.3625527468876,9.999997340449642,6.111109798384416,TTNP
2008-10-30,2983.42529296875,4972.37548828125,2784.5302734375,4176.79541015625,4176.79541015625,39,2744.7512939453127,2864.0883178710938,3222.0994567871094,5167.2927758789065,10764.198878173827,18553.92263244629,54.59717510971957,-652.2919681767307,-824.0904271483776,171.79845897164682,4330.214408881098,3222.0994567871094,2113.9845046931205,34.44444142119486,16.203701596332124,TTNP
2008-10-31,2983.42529296875,4176.79541015625,2585.63525390625,3580.110595703125,3580.110595703125,40,2943.6463623046875,2903.867321777344,3202.2099548339843,5036.022058105469,10509.613245849609,18411.71268737793,48.125811213965264,-562.1157754510491,-771.6954968089119,209.5797213578628,4268.851267034728,3202.2099548339843,2135.56864263324,52.222221290243226,32.22222001729595,TTNP
2008-11-03,3977.900634765625,4176.79541015625,3381.215576171875,3779.005615234375,3779.005615234375,17,3222.0994384765627,2983.4253540039062,3202.2099548339843,4932.596643066407,10266.961309814453,18271.491690063478,50.24292451999207,-469.19276505719836,-711.1949504585692,242.00218540137087,4268.851267034728,3202.2099548339843,2135.56864263324,62.22222613198898,49.62962961447573,TTNP
2008-11-04,3779.005615234375,3977.900634765625,3580.110595703125,3580.110595703125,3580.110595703125,13,3540.331494140625,3043.093884277344,3192.265203857422,4821.215437011719,10008.397767333985,18137.237545776366,48.12762487565192,-406.90917995274594,-650.3377963574046,243.42861640465867,4240.7647168319845,3192.265203857422,2143.7656908828594,55.55556192029214,56.666669780841495,TTNP
2008-11-05,3977.900634765625,3977.900634765625,3580.110595703125,3580.110595703125,3580.110595703125,15,3739.2265625,3102.762414550781,3182.320452880859,4709.834230957032,9759.778990478515,18008.950256958007,48.12762487565192,-353.47435766347144,-590.9651086186179,237.4907509551465,4211.974561767233,3182.320452880859,2152.666343994485,55.55556192029214,57.77778332419114,TTNP
2008-11-06,3580.110595703125,3779.005615234375,3580.110595703125,3779.005615234375,3779.005615234375,3,3659.668603515625,3202.2099487304686,3192.265203857422,4610.386726074219,9511.160198974609,17885.63534362793,50.54252032757379,-291.71500123304577,-531.1150871415035,239.40008590845775,4240.7647168319845,3192.265203857422,2143.7656908828594,55.55556192029214,55.5555619202922,TTNP
2008-11-07,3182.320556640625,3779.005615234375,3182.320556640625,3381.215576171875,3381.215576171875,11,3619.889599609375,3281.7679809570313,3192.265203857422,4514.917111816406,9264.530362548829,17758.342525024414,45.936413913514535,-271.736192316951,-479.239308176593,207.50311585964198,4240.7647168319845,3192.265203857422,2143.7656908828594,53.33333960714511,54.81482114924319,TTNP
2008-11-10,3381.215576171875,3779.005615234375,2585.63525390625,2983.42529296875,2983.42529296875,11,3460.77353515625,3341.436486816406,3162.430938720703,4415.469592285156,9025.856334228516,17631.049710083007,41.8309714236138,-284.7191288083859,-440.3352723029516,155.61614349456568,4198.977564436944,3162.430938720703,2125.884313004463,46.666669939959775,51.85185715579906,TTNP
2008-11-11,3182.320556640625,3182.320556640625,2386.740234375,2585.63525390625,2585.63525390625,12,3261.878466796875,3401.10498046875,3122.651922607422,4312.044172363281,8779.226495361328,17506.740317993164,38.1583444064575,-323.37882143989873,-416.943982130341,93.56516069044227,4183.342610640056,3122.651922607422,2061.9612345747883,33.33333333333335,44.444447626812796,TTNP
2008-11-12,2585.63525390625,2983.42529296875,2187.84521484375,2187.84521484375,2187.84521484375,24,2983.425390625,3361.3259765625,3062.9834045410157,4200.662951660156,8520.662955322266,17385.414348754883,34.86211597351437,-381.71506440758094,-409.898198585789,28.183134178208036,4190.91296398755,3062.9834045410157,1935.0538450944816,19.99999672670693,33.33333333333339,TTNP
2008-11-13,2386.740234375,2386.740234375,1790.0552978515625,1988.9503173828125,1988.9503173828125,31,2625.4143310546874,3142.541467285156,3003.314892578125,4085.3038330078125,8266.077321777344,17270.055233154297,33.3126181669184,-438.93632847421486,-415.70582456347415,-23.23050391074071,4222.267274372284,3003.314892578125,1784.3625107839664,10.972219938091612,21.435183332710675,TTNP
2008-11-14,1988.9503173828125,2386.740234375,1988.9503173828125,2187.84521484375,2187.84521484375,18,2386.7402587890624,3003.3149291992186,2953.5911254882812,3969.9447119140623,8017.458527832031,17160.66296508789,36.3588297344215,-462.8994201423666,-425.14454367925265,-37.75487646311393,4219.507651383563,2953.5911254882812,1687.6745995929998,8.472219910387963,13.148145525062212,TTNP
2008-11-17,2585.63525390625,2585.63525390625,1988.9503173828125,1988.9503173828125,1988.9503173828125,23,2187.845263671875,2824.3093994140627,2903.8673767089845,3850.6076928710936,7748.95023803711,17032.37567565918,34.65409937492311,-492.26497472093797,-438.56862988758974,-53.696344833348235,4237.502712168693,2903.8673767089845,1570.2320412492766,8.33333237436077,9.259257407613491,TTNP
2008-11-18,3381.215576171875,3381.215576171875,1591.1602783203125,1790.0552978515625,1790.0552978515625,17,2028.7292724609374,2645.3038696289063,2844.198876953125,3743.204375,7492.375654296875,16904.08838378906,32.98841687390517,-525.5285877041242,-455.9606214508966,-69.56796625322761,4262.363700070698,2844.198876953125,1426.034053835552,8.210783345627755,8.338778543458872,TTNP
2008-11-19,1988.9503173828125,1988.9503173828125,1392.26513671875,1591.1602783203125,1591.1602783203125,18,1909.39228515625,2446.408837890625,2774.585626220703,3663.646369628906,7233.812120361328,16784.751362915038,31.364866622632658,-561.4671625372716,-477.0619296681716,-84.40523286910002,4291.804065921254,2774.585626220703,1257.3671865201522,6.4250716400063155,7.65639578666499,TTNP
2008-11-20,1988.9503173828125,2386.740234375,1392.26513671875,1591.1602783203125,1591.1602783203125,16,1829.83427734375,2227.624304199219,2714.917126464844,3584.0883642578124,6989.171242675781,16663.425396728515,31.364866622632654,-583.2256794289142,-498.29467962032015,-84.93099980859404,4317.3495917886985,2714.917126464844,1112.4846611409894,6.7226920690024805,7.119515684878894,TTNP
2008-11-21,1988.9503173828125,1988.9503173828125,1591.1602783203125,1790.0552978515625,1790.0552978515625,9,1750.2762939453125,2068.5082763671876,2675.1381286621095,3516.4640600585935,6859.8894714355465,16558.0110345459,35.07092974437708,-577.76023464433,-514.1877906251221,-63.572444019207865,4327.164596715771,2675.1381286621095,1023.1116606084481,9.890113902176408,7.6792925370617775,TTNP
2008-11-24,1988.9503173828125,1988.9503173828125,1392.26513671875,1392.26513671875,1392.26513671875,12,1630.9392578125,1909.3922607421875,2625.414373779297,3440.8839526367187,6722.65189819336,16445.635348510743,31.417108065910206,-598.6265772579504,-531.0755479516878,-67.55102930626265,4366.62647962883,2625.414373779297,884.2022679297645,7.509160059932529,8.040655343703849,TTNP
2008-11-25,1790.0552978515625,1790.0552978515625,1392.26513671875,1790.0552978515625,1790.0552978515625,8,1630.9392578125,1829.8342651367188,2615.469622802734,3369.281748046875,6577.458525390625,16335.24861328125,38.33571205802194,-576.4203476226085,-540.1445078858719,-36.27583973673654,4373.301145844422,2615.469622802734,857.6380997610465,10.683762909804143,9.361012290637737,TTNP
2008-11-26,1591.1602783203125,1591.1602783203125,1392.26513671875,1591.1602783203125,1591.1602783203125,10,1630.9392578125,1770.165771484375,2565.7458740234374,3301.6574438476564,6428.287257080078,16218.895020141601,36.36061494988198,-568.319680974932,-545.779542503684,-22.540138471248042,4379.511505893692,2565.7458740234374,751.9802421531833,8.333335890593213,8.84208628677667,TTNP
2008-11-28,1591.1602783203125,1591.1602783203125,1392.26513671875,1392.26513671875,1392.26513671875,7,1591.1602294921875,1710.4972534179688,2426.5193603515627,3230.0552368164062,6279.115982666016,16105.52485168457,34.44922488908488,-571.3627063676188,-550.8961752764709,-20.466531091147885,4149.460150253257,2426.5193603515627,703.578570449868,8.333335890593213,9.116811563663566,TTNP
2008-12-01,1591.1602783203125,1591.1602783203125,1193.3701171875,1392.26513671875,1392.26513671875,13,1511.602197265625,1630.9392456054688,2317.127087402344,3154.4751293945315,6139.889464111328,15997.127066040039,34.44922488908488,-567.2355871582693,-554.1640576528306,-13.071529505438662,4010.7740695528637,2317.127087402344,623.4801052518239,5.808081890630689,7.491584557272414,TTNP
2008-12-02,1591.1602783203125,1591.1602783203125,1193.3701171875,1193.3701171875,1193.3701171875,21,1471.823193359375,1551.3812255859375,2187.8453125,3078.895021972656,6006.629796142578,15893.701651000976,32.469680610134596,-573.4041353510636,-558.0120731924771,-15.392062158586441,3808.5652668579355,2187.8453125,567.1253581420647,3.030302692152988,5.723906824459005,TTNP
2008-12-03,1392.26513671875,1392.26513671875,994.4751586914062,1193.3701171875,1193.3701171875,20,1352.4861572265625,1491.7127075195312,2068.5082885742186,2991.381213378906,5871.381173095703,15787.29280822754,32.469680610134596,-571.7025234183404,-560.7501632376498,-10.952360180690675,3611.19540150152,2068.5082885742186,525.8211756469173,5.808079404405796,4.882154662396533,TTNP
2008-12-04,795.5801391601562,1193.3701171875,198.89503479003906,397.7900695800781,397.7900695800781,384,1113.8121154785156,1372.3756866455078,1909.3922622680664,2876.0220928955077,5734.143605041504,15673.922647247315,25.635867152600888,-627.3192982269891,-574.0639902355176,-53.255307991471454,3452.0793515880086,1909.3922622680664,366.7051729481243,4.861110055575457,4.566497384044789,TTNP
2008-12-05,397.7900695800781,596.68505859375,397.7900695800781,397.7900695800781,397.7900695800781,90,914.9171020507813,1253.0386657714844,1740.3314849853516,2780.5524841308593,5592.92813659668,15561.54695892334,25.635867152600888,-663.7447565730586,-592.0001435030258,-71.74461307003276,3162.8133617635867,1740.3314849853516,317.84960820711626,6.944443398898088,5.871210952959822,TTNP
2008-12-08,596.68505859375,596.68505859375,397.7900695800781,397.7900695800781,397.7900695800781,106,716.0220886230469,1113.8121429443358,1591.1602096557617,2700.994476928711,5447.734767761231,15444.198897552491,25.635867152600888,-684.7191782792604,-610.5439504582728,-74.17522782098763,2916.463866370924,1591.1602096557617,265.8565529405996,6.25000002996791,6.018517828147194,TTNP
2008-12-09,596.68505859375,596.68505859375,397.7900695800781,596.68505859375,596.68505859375,80,596.6850769042969,1034.254135131836,1471.8231979370116,2621.436469116211,5304.530348815918,15323.86740097046,30.221514480668432,-677.4827952698747,-623.9317194205931,-53.551075849281574,2700.4729632534736,1471.8231979370116,243.17343262054987,10.227272557041909,7.807238661969344,TTNP
2008-12-10,397.7900695800781,596.68505859375,397.7900695800781,596.68505859375,596.68505859375,48,477.3480651855469,914.9171112060546,1372.3756881713866,2545.856361694336,5169.2817306518555,15204.530386810302,30.22151448066842,-664.0926627665683,-631.9639080897882,-32.12875467678009,2545.013275152126,1372.3756881713866,199.73810119064706,14.204545084115907,10.227272557041951,TTNP
2008-12-11,397.7900695800781,1193.3701171875,397.7900695800781,397.7900695800781,397.7900695800781,684,477.3480651855469,795.5800903320312,1282.8729309082032,2470.2762548828123,5032.044162597656,15084.198897705079,28.20443113116109,-661.9000775896661,-637.9511419897638,-23.94893559990237,2466.089416584392,1282.8729309082032,99.65644523201445,15.824915507639203,13.418911049599048,TTNP
2008-12-12,596.68505859375,596.68505859375,397.7900695800781,397.7900695800781,397.7900695800781,107,477.3480651855469,696.1325836181641,1203.3149185180664,2398.6740435791016,4896.795539855957,14971.823209381104,28.204431131161094,-652.6392193731225,-640.8887574664355,-11.750461906686951,2399.830117660655,1203.3149185180664,6.799719375477707,13.4680134040885,14.49915799861458,TTNP
2008-12-15,397.7900695800781,596.68505859375,397.7900695800781,397.7900695800781,397.7900695800781,46,477.3480651855469,596.6850769042969,1113.8121612548828,2327.0718322753905,4763.535872192383,14852.486192932129,28.204431131161094,-637.9460772447977,-640.3002214221079,2.354144177310218,2269.459046390245,1113.8121612548828,-41.83472388047949,11.574074240315724,13.62233438401452,TTNP
2008-12-16,397.7900695800781,596.68505859375,397.7900695800781,397.7900695800781,397.7900695800781,36,437.5690673828125,517.1270721435546,1034.2541488647462,2259.4475213623045,4636.243050231934,14737.12707687378,28.20443113116109,-619.164315437765,-636.0730402252393,16.908724787474284,2156.5580214733463,1034.2541488647462,-88.04972374385375,12.632275235374559,12.558120959926304,TTNP
2008-12-17,596.68505859375,596.68505859375,397.7900695800781,397.7900695800781,397.7900695800781,82,397.7900695800781,437.5690673828125,964.6408874511719,2191.8232104492185,4520.883939208984,14624.751388549805,28.20443113116109,-597.3932562962121,-628.3370834394339,30.94382714322171,2063.2546445540493,964.6408874511719,-133.97286965170542,13.690476230433395,12.632275235374602,TTNP
2008-12-18,596.68505859375,596.68505859375,397.7900695800781,596.68505859375,596.68505859375,60,437.5690673828125,457.4585662841797,914.9171264648437,2128.1767993164062,4407.513778076172,14514.364647827148,34.53363738809736,-557.6619913916688,-614.2020650298808,56.54007363821199,1985.260700575616,914.9171264648437,-155.42644764592865,19.047617951650526,15.123456472486202,TTNP
2008-12-19,596.68505859375,596.68505859375,397.7900695800781,596.68505859375,596.68505859375,29,477.3480651855469,477.3480651855469,865.1933654785156,2068.5082885742186,4316.022064208984,14407.955807495116,34.53363738809736,-520.178385083076,-595.3973290405198,75.2189439574438,1896.9583225941074,865.1933654785156,-166.57159163707604,23.80952161758675,18.849205266556933,TTNP
2008-12-22,596.68505859375,795.5801391601562,397.7900695800781,397.7900695800781,397.7900695800781,110,477.3480651855469,477.3480651855469,795.5801040649415,2008.8397784423828,4226.519300842285,14302.541447296142,31.330414793428474,-500.7491953884535,-576.4677023101066,75.7185069216531,1753.5854023206361,795.5801040649415,-162.42519419075336,24.603172908482573,22.486770825906657,TTNP
2008-12-23,596.68505859375,596.68505859375,397.7900695800781,596.68505859375,596.68505859375,45,517.1270629882813,477.3480651855469,755.8011001586914,1949.1712677001954,4139.005487365723,14197.12707962036,37.56695850543337,-463.9540853031036,-553.964978908706,90.0108936056024,1676.751650982606,755.8011001586914,-165.14945066522318,28.4126975071037,25.608464011057716,TTNP
2008-12-24,596.68505859375,795.5801391601562,596.68505859375,596.68505859375,596.68505859375,50,556.9060607910156,477.3480651855469,696.1325881958007,1893.4806573486328,4079.336976623535,14097.67956741333,37.56695850543337,-429.8387815575661,-529.139739438478,99.30095788091194,1486.7246610317247,696.1325881958007,-94.45948464012338,27.222221453623465,26.746030623069952,TTNP
2008-12-26,795.5801391601562,795.5801391601562,397.7900695800781,596.68505859375,596.68505859375,14,556.9060607910156,497.23756408691406,646.4088272094726,1837.7900469970702,4019.668465881348,14000.221000518799,37.56695850543337,-398.2118195739391,-502.95415546557024,104.74233589163111,1322.359317271702,646.4088272094726,-29.54166285275653,29.999997775183633,28.544972245303637,TTNP
2008-12-29,397.7900695800781,596.68505859375,397.7900695800781,596.68505859375,596.68505859375,34,556.9060607910156,517.1270629882813,606.6298233032227,1786.0773370361328,3967.955760803223,13905.745861358642,37.56695850543337,-368.8948343209672,-476.1422912366496,107.24745691568239,1189.5652847004376,606.6298233032227,23.69436190600777,24.99999712308227,27.407405450629824,TTNP
2008-12-30,596.68505859375,596.68505859375,596.68505859375,596.68505859375,596.68505859375,28,596.68505859375,537.0165618896484,566.8508193969726,1734.3646270751954,3910.2762002563477,13817.237577667236,37.56695850543337,-341.7217565948955,-449.2581843082988,107.53642771340327,1025.173288930393,566.8508193969726,108.52834986355231,24.99999712308227,26.666664007116093,TTNP
2008-12-31,596.68505859375,596.68505859375,397.7900695800781,397.7900695800781,397.7900695800781,12,556.9060607910156,537.0165618896484,527.0718170166016,1682.651922607422,3854.5855950927735,13721.767963562012,33.19944917316566,-332.40431013145815,-425.88740947293064,93.4830993414725,888.9295670823494,527.0718170166016,165.2140669508538,16.66666474872152,22.222219664962054,TTNP
2009-01-02,596.68505859375,596.68505859375,397.7900695800781,596.68505859375,596.68505859375,16,556.9060607910156,556.9060607910156,497.23756408691406,1634.9171179199218,3802.8728900146484,13626.298351745605,40.63241099109988,-305.44996622731594,-401.7999208238077,96.34995459649178,696.1325524843219,497.23756408691406,298.34257568950625,24.999995205137548,22.22221902564715,TTNP
2009-01-05,596.68505859375,596.68505859375,397.7900695800781,397.7900695800781,397.7900695800781,9,517.1270629882813,537.0165618896484,497.23756408691406,1583.2044134521484,3743.2043795776367,13529.83426498413,36.284437063069916,-296.71724615277026,-380.78338588960025,84.06613973683,696.1325524843219,497.23756408691406,298.34257568950625,16.666662830776797,19.444440928211993,TTNP
2009-01-06,596.68505859375,596.68505859375,397.7900695800781,596.68505859375,596.68505859375,3,517.1270629882813,537.0165618896484,507.1823135375977,1539.4475091552733,3657.679521179199,13429.39228012085,42.868237305287366,-270.6277114020752,-358.75225099209524,88.12453959002005,705.0803282902916,507.1823135375977,309.2842987849038,33.33332566155357,24.99999456582268,TTNP
2009-01-07,397.7900695800781,596.68505859375,397.7900695800781,397.7900695800781,397.7900695800781,3,477.3480651855469,537.0165618896484,507.1823135375977,1495.69060546875,3570.165712890625,13307.0718359375,38.57556176578857,-262.9693831694067,-339.5956774275575,76.62629425815084,705.0803282902916,507.1823135375977,309.2842987849038,16.666662830776797,22.22221710770243,TTNP
2009-01-08,397.7900695800781,795.5801391601562,397.7900695800781,596.68505859375,596.68505859375,21,517.1270629882813,537.0165618896484,507.1823135375977,1459.889501953125,3492.5966552734376,13190.71824951172,44.55474056806074,-238.10619943993584,-319.29778183003316,81.19158239009732,705.0803282902916,507.1823135375977,309.2842987849038,33.33332566155357,27.77777138462802,TTNP
2009-01-09,596.68505859375,596.68505859375,596.68505859375,596.68505859375,596.68505859375,3,517.1270629882813,537.0165618896484,507.1823135375977,1432.0441967773438,3415.02759765625,13057.458579101563,44.554740568060744,-215.91303612550792,-298.6208326891281,82.7077965636202,705.0803282902916,507.1823135375977,309.2842987849038,33.33332566155357,27.77777138462802,TTNP
2009-01-12,596.68505859375,596.68505859375,397.7900695800781,596.68505859375,596.68505859375,17,556.9060607910156,537.0165618896484,517.1270629882813,1392.2651928710939,3329.5027392578127,12911.270734863281,44.55474056806074,-196.06468268969672,-278.10960268924185,82.04491999954513,712.0035565512943,517.1270629882813,322.2505694252683,49.99998849233035,38.8888799384792,TTNP
2009-01-13,596.68505859375,596.68505859375,397.7900695800781,596.68505859375,596.68505859375,3,556.9060607910156,537.0165618896484,527.0718124389648,1320.6629858398437,3243.977880859375,12763.093935546874,44.554740568060744,-178.27962307258315,-258.14360676591014,79.86398369332699,716.805538778479,527.0718124389648,337.3380860994506,49.99998849233035,44.44443421540479,TTNP
2009-01-14,596.68505859375,596.68505859375,596.68505859375,596.68505859375,596.68505859375,12,596.68505859375,537.0165618896484,537.0165618896484,1260.9944750976563,3148.5082666015624,12616.906091308594,44.554740568060744,-162.31378293868977,-238.97764200046606,76.6638590617763,719.3068297177614,537.0165618896484,354.72629406153544,49.99998849233035,49.99998849233038,TTNP
2009-01-15,596.68505859375,596.68505859375,596.68505859375,596.68505859375,596.68505859375,4,596.68505859375,556.9060607910156,546.961311340332,1197.3480639648437,3064.972353515625,12480.662993164062,44.554740568060744,-147.95520411083965,-220.77315442254078,72.81795031170114,719.2094237999983,546.961311340332,374.7131988806658,49.99998849233035,49.99998849233038,TTNP
2009-01-16,596.68505859375,596.68505859375,596.68505859375,596.68505859375,596.68505859375,141,596.68505859375,556.9060607910156,556.9060607910156,1137.6795532226563,2979.4474951171874,12343.425422363282,44.554740568060744,-135.01950612194457,-203.62242476242153,68.60291864047696,716.0220512316229,556.9060607910156,397.7900703504084,49.99998849233035,49.99998849233038,TTNP
2009-01-20,596.68505859375,596.68505859375,596.68505859375,596.68505859375,596.68505859375,9,596.68505859375,576.7955596923828,556.9060607910156,1078.0110424804689,2893.92263671875,12214.14365234375,44.554740568060744,-123.3460161748394,-187.5671430449051,64.22112687006569,716.0220512316229,556.9060607910156,397.7900703504084,49.99998849233035,49.99998849233038,TTNP
2009-01-21,596.68505859375,596.68505859375,596.68505859375,596.68505859375,596.68505859375,8,596.68505859375,576.7955596923828,556.9060607910156,1014.3646313476562,2812.3756787109373,12081.878454589843,44.554740568060744,-112.79446688665337,-172.61260781325475,59.81814092660139,716.0220512316229,556.9060607910156,397.7900703504084,49.99998849233035,49.99998849233038,TTNP
2009-01-22,596.68505859375,596.68505859375,596.68505859375,596.68505859375,596.68505859375,4,596.68505859375,596.68505859375,566.8508102416993,958.6740209960938,2736.79556640625,11954.585639648438,44.55474056806074,-103.24217651116123,-158.73852155283606,55.49634504167483,708.8902422624521,566.8508102416993,424.8113782209463,49.99998849233035,49.99998849233038,TTNP
2009-01-23,596.68505859375,795.5801391601562,596.68505859375,596.68505859375,596.68505859375,11,596.68505859375,596.68505859375,566.8508102416993,910.9392163085937,2663.204404296875,11836.24309814453,44.554740568060744,-94.58163930516412,-145.90714510330167,51.325505798137556,708.8902422624521,566.8508102416993,424.8113782209463,49.99998849233035,49.99998849233038,TTNP
2009-01-26,596.68505859375,596.68505859375,596.68505859375,596.68505859375,596.68505859375,1,596.68505859375,596.68505859375,566.8508102416993,871.1602124023437,2591.6021923828125,11722.8729296875,44.554740568060744,-86.71846469299919,-134.06940902124117,47.35094432824198,708.8902422624521,566.8508102416993,424.8113782209463,49.99998849233035,49.99998849233038,TTNP
2009-01-27,596.68505859375,596.68505859375,397.7900695800781,397.7900695800781,397.7900695800781,6,556.9060607910156,576.7955596923828,556.9060607910156,835.3591094970703,2518.0110305786134,11600.552485504151,36.02206626298633,-95.43588012110592,-126.34270324121412,30.9068231201082,716.0220512316229,556.9060607910156,397.7900703504084,33.33332566155358,44.44443421540479,TTNP
2009-01-28,397.7900695800781,596.68505859375,397.7900695800781,596.68505859375,596.68505859375,4,556.9060607910156,576.7955596923828,556.9060607910156,807.5138043212891,2446.408818664551,11485.193371734618,46.960922084522124,-85.31190869621162,-118.13654433221362,32.824635636002,716.0220512316229,556.9060607910156,397.7900703504084,33.33332566155358,38.8888799384792,TTNP
2009-01-29,596.68505859375,596.68505859375,596.68505859375,596.68505859375,596.68505859375,6,556.9060607910156,576.7955596923828,556.9060607910156,775.6906011962891,2372.8176565551757,11373.812158355713,46.960922084522124,-76.40780676848863,-109.79079681946862,33.38299005098,716.0220512316229,556.9060607910156,397.7900703504084,33.33332566155358,33.33332566155361,TTNP
2009-01-30,596.68505859375,596.68505859375,596.68505859375,596.68505859375,596.68505859375,9,556.9060607910156,576.7955596923828,566.8508102416993,747.8452960205078,2299.2264944458007,11256.464089508057,46.960922084522124,-68.56091429783976,-101.54482031514286,32.9839060173031,708.8902422624521,566.8508102416993,424.8113782209463,49.99998849233035,38.8888799384792,TTNP
2009-02-02,596.68505859375,596.68505859375,596.68505859375,596.68505859375,596.68505859375,6,556.9060607910156,576.7955596923828,566.8508102416993,723.9778912353515,2233.591133117676,11133.149174957276,46.960922084522124,-61.631743110888806,-93.56220487429205,31.930461763403244,708.8902422624521,566.8508102416993,424.8113782209463,49.99998849233035,44.44443421540479,TTNP
2009-02-03,596.68505859375,795.5801391601562,596.68505859375,596.68505859375,596.68505859375,4,596.68505859375,576.7955596923828,576.7955596923828,704.0883868408204,2183.8673782348633,11003.867404937744,46.960922084522124,-55.50054923950677,-85.94987374733499,30.449324507828223,696.1325520734795,576.7955596923828,457.45856731128606,49.99998849233035,49.99998849233038,TTNP
2009-02-04,596.68505859375,596.68505859375,596.68505859375,596.68505859375,596.68505859375,2,596.68505859375,576.7955596923828,576.7955596923828,684.1988824462891,2134.143623352051,10876.574589996339,46.960922084522124,-50.06442242586547,-78.77278348304108,28.70836105717561,696.1325520734795,576.7955596923828,457.45856731128606,49.99998849233035,49.99998849233038,TTNP
2009-02-05,596.68505859375,795.5801391601562,596.68505859375,596.68505859375,596.68505859375,5,596.68505859375,576.7955596923828,586.7403091430664,660.3314776611328,2088.3977688598634,10753.259675445557,46.960922084522124,-45.23481398297429,-72.06518958302772,26.83037560005343,673.4366234779831,586.7403091430664,500.04399480814965,49.99998849233035,49.99998849233038,TTNP
2009-02-06,397.7900695800781,596.68505859375,397.7900695800781,596.68505859375,596.68505859375,3,596.68505859375,576.7955596923828,586.7403091430664,644.4198760986328,2042.6519143676758,10622.983432769775,46.96092208452212,-40.93543626865244,-65.83923892015267,24.90380265150023,673.4366234779831,586.7403091430664,500.04399480814965,49.99998849233035,49.99998849233038,TTNP
2009-02-09,596.68505859375,596.68505859375,596.68505859375,596.68505859375,596.68505859375,8,596.68505859375,576.7955596923828,586.7403091430664,620.5524713134765,1994.9171096801758,10482.762434234619,46.96092208452212,-37.10047724724757,-60.091486585571644,22.991009338324076,673.4366234779831,586.7403091430664,500.04399480814965,49.99998849233035,49.99998849233038,TTNP
2009-02-10,596.68505859375,596.68505859375,596.68505859375,596.68505859375,596.68505859375,5,596.68505859375,596.68505859375,586.7403091430664,600.6629669189454,1951.1602053833008,10342.541435699462,46.960922084522124,-33.67308226184775,-54.80780572082686,21.13472345897911,673.4366234779831,586.7403091430664,500.04399480814965,49.99998849233035,49.99998849233038,TTNP
2009-02-11,596.68505859375,596.68505859375,596.68505859375,596.68505859375,596.68505859375,4,596.68505859375,596.68505859375,586.7403091430664,584.7513653564453,1907.4033010864257,10201.325964508056,46.96092208452212,-30.604062461185777,-49.96705706889865,19.36299460771287,673.4366234779831,586.7403091430664,500.04399480814965,49.99998849233035,49.99998849233038,TTNP
2009-02-12,596.68505859375,596.68505859375,596.68505859375,596.68505859375,596.68505859375,2,596.68505859375,596.68505859375,586.7403091430664,568.8397637939453,1861.6574465942383,10064.088393707276,46.96092208452212,-27.85079552378761,-45.54380475987644,17.693009236088827,673.4366234779831,586.7403091430664,500.04399480814965,49.99998849233035,49.99998849233038,TTNP
2009-02-13,596.68505859375,795.5801391601562,596.68505859375,596.68505859375,596.68505859375,9,596.68505859375,596.68505859375,586.7403091430664,556.9060626220703,1817.9005422973632,9931.82319595337,46.96092208452211,-25.376289569714572,-41.510301721844066,16.134012152129493,673.4366234779831,586.7403091430664,500.04399480814965,49.99998849233035,49.99998849233038,TTNP
2009-02-17,795.5801391601562,795.5801391601562,596.68505859375,596.68505859375,596.68505859375,5,596.68505859375,596.68505859375,586.7403091430664,544.9723614501953,1768.1767874145507,9795.580097808837,46.96092208452211,-23.14838559350676,-37.837918496176606,14.689532902669846,673.4366234779831,586.7403091430664,500.04399480814965,49.99998849233035,49.99998849233038,TTNP
2009-02-18,596.68505859375,795.5801391601562,596.68505859375,596.68505859375,596.68505859375,1,596.68505859375,596.68505859375,586.7403091430664,548.9502612304688,1712.4861770629882,9656.353581695557,46.96092208452211,-21.139077514215614,-34.498150299784406,13.359072785568792,673.4366234779831,586.7403091430664,500.04399480814965,49.99998849233035,49.99998849233038,TTNP
2009-02-19,596.68505859375,795.5801391601562,596.68505859375,596.68505859375,596.68505859375,12,596.68505859375,596.68505859375,586.7403091430664,552.9281610107422,1666.7403225708008,9501.215464019775,46.9609220845221,-19.32393212429554,-31.463306664686634,12.139374540391096,673.4366234779831,586.7403091430664,500.04399480814965,49.99998849233035,49.99998849233038,TTNP
2009-02-20,596.68505859375,596.68505859375,596.68505859375,596.68505859375,596.68505859375,32,596.68505859375,596.68505859375,586.7403091430664,556.9060607910156,1628.9502688598632,9340.110490875244,46.9609220845221,-17.68159391710128,-28.706964115169562,11.02537019806828,673.4366234779831,586.7403091430664,500.04399480814965,49.99998849233035,49.99998849233038,TTNP
2009-02-23,596.68505859375,596.68505859375,596.68505859375,596.68505859375,596.68505859375,5,596.68505859375,596.68505859375,586.7403091430664,556.9060607910156,1589.1712649536132,9183.977890777587,46.9609220845221,-16.193362057708555,-26.20424370367736,10.010881645968805,673.4366234779831,586.7403091430664,500.04399480814965,49.99998849233035,49.99998849233038,TTNP
2009-02-24,596.68505859375,596.68505859375,596.68505859375,596.68505859375,596.68505859375,20,596.68505859375,596.68505859375,586.7403091430664,556.9060607910156,1551.3812112426758,9033.81214614868,46.96092208452211,-14.842828697127857,-23.93196070236746,9.089132005239602,673.4366234779831,586.7403091430664,500.04399480814965,49.99998849233035,49.99998849233038,TTNP
2009-02-25,596.68505859375,596.68505859375,596.68505859375,596.68505859375,596.68505859375,3,596.68505859375,596.68505859375,596.68505859375,560.8839605712891,1515.5801077270507,8881.65744644165,46.96092208452211,-13.61556946935525,-21.86868245576502,8.253112986409768,596.68505859375,596.68505859375,596.68505859375,49.99998849233035,49.99998849233038,TTNP
2009-02-26,596.68505859375,596.68505859375,596.68505859375,596.68505859375,596.68505859375,2,596.68505859375,596.68505859375,596.68505859375,564.8618603515625,1481.767951965332,8735.46960220337,46.96092208452211,-12.498878399512137,-19.994721644514442,7.495843245002305,596.68505859375,596.68505859375,596.68505859375,49.99998849233035,49.99998849233038,TTNP
2009-02-27,596.68505859375,596.68505859375,596.68505859375,596.68505859375,596.68505859375,1,596.68505859375,596.68505859375,596.68505859375,568.839760131836,1447.9557962036133,8592.265185699463,46.96092208452211,-11.481540627988238,-18.292085441209203,6.8105448132209645,596.68505859375,596.68505859375,596.68505859375,33.33332566155358,44.44443421540479,TTNP
2009-03-02,596.68505859375,596.68505859375,596.68505859375,596.68505859375,596.68505859375,3,596.68505859375,596.68505859375,596.68505859375,572.8176599121093,1416.132590637207,8455.027614898681,46.9609220845221,-10.553637352543774,-16.74439582347612,6.190758470932344,596.68505859375,596.68505859375,596.68505859375,16.6666628307768,33.33332566155361,TTNP
2009-03-03,596.68505859375,596.68505859375,596.68505859375,596.68505859375,596.68505859375,1,596.68505859375,596.68505859375,596.68505859375,576.7955596923828,1384.3093850708008,8313.812143707275,46.9609220845221,-9.706378235286252,-15.336792305838145,5.630414070551893,596.68505859375,596.68505859375,596.68505859375,2.3684757858670007e-14,16.666662830776833,TTNP
2009-03-04,596.68505859375,596.68505859375,596.68505859375,596.68505859375,596.68505859375,3,596.68505859375,596.68505859375,596.68505859375,576.7955596923828,1352.4861795043946,8174.585627593994,46.96092208452211,-8.931957237602546,-14.055825292191026,5.123868054588479,596.68505859375,596.68505859375,596.68505859375,2.3684757858670007e-14,5.5555542769256485,TTNP
2009-03-05,596.68505859375,596.68505859375,596.68505859375,596.68505859375,596.68505859375,1,596.68505859375,596.68505859375,596.68505859375,576.7955596923828,1322.6519241333008,8033.370156402588,46.96092208452211,-8.22342845323385,-12.88934592439959,4.66591747116574,596.68505859375,596.68505859375,596.68505859375,2.3684757858670007e-14,5.6448672896496843e-14,TTNP
2009-03-06,596.68505859375,596.68505859375,596.68505859375,596.68505859375,596.68505859375,3,596.68505859375,596.68505859375,596.68505859375,580.7734594726562,1294.8066189575195,7896.132585601807,46.96092208452211,-7.574599024418035,-11.826396544403279,4.251797519985244,596.68505859375,596.68505859375,596.68505859375,2.3684757858670007e-14,5.6448672896496843e-14,TTNP
2009-03-09,596.68505859375,596.68505859375,596.68505859375,596.68505859375,596.68505859375,11,596.68505859375,596.68505859375,596.68505859375,580.7734594726562,1264.9723635864257,7759.889487457275,46.96092208452211,-6.979936662531941,-10.857104568029012,3.877167905497071,596.68505859375,596.68505859375,596.68505859375,2.3684757858670007e-14,5.6448672896496843e-14,TTNP
2009-03-10,596.68505859375,596.68505859375,596.68505859375,596.68505859375,596.68505859375,4,596.68505859375,596.68505859375,596.68505859375,580.7734594726562,1237.1270584106446,7616.685070953369,46.96092208452211,-6.43448966490007,-9.972581587403223,3.5380919225031526,596.68505859375,596.68505859375,596.68505859375,2.3684757858670007e-14,5.6448672896496843e-14,TTNP
2009-03-11,596.68505859375,596.68505859375,596.68505859375,596.68505859375,596.68505859375,10,596.68505859375,596.68505859375,596.68505859375,580.7734594726562,1209.2817532348633,7476.464072418213,46.9609220845221,-5.93381763353716,-9.16482879663001,3.23101116309285,596.68505859375,596.68505859375,596.68505859375,2.3684757858670007e-14,5.6448672896496843e-14,TTNP
2009-03-12,596.68505859375,596.68505859375,596.68505859375,596.68505859375,596.68505859375,2,596.68505859375,596.68505859375,596.68505859375,580.7734594726562,1183.4253982543946,7337.237556304932,46.96092208452211,-5.473931368127069,-8.426649310929422,2.9527179428023533,596.68505859375,596.68505859375,596.68505859375,2.3684757858670007e-14,5.6448672896496843e-14,TTNP
2009-03-13,596.68505859375,596.68505859375,596.68505859375,596.68505859375,596.68505859375,1,596.68505859375,596.68505859375,596.68505859375,580.7734594726562,1157.5690432739257,7192.0441847229,46.96092208452211,-5.051240631772998,-7.751567575098138,2.7003269433251393,596.68505859375,596.68505859375,596.68505859375,2.3684757858670007e-14,5.6448672896496843e-14,TTNP
2009-03-16,596.68505859375,596.68505859375,397.7900695800781,596.68505859375,596.68505859375,22,596.68505859375,596.68505859375,596.68505859375,584.7513592529297,1133.7016409301757,7042.872912750244,46.96092208452211,-4.662508680136284,-7.133755796105767,2.471247115969483,596.68505859375,596.68505859375,596.68505859375,33.33333333333336,11.111111111111166,TTNP
2009-03-17,596.68505859375,596.68505859375,596.68505859375,596.68505859375,596.68505859375,1,596.68505859375,596.68505859375,596.68505859375,584.7513592529297,1109.8342385864257,6893.701640777588,46.9609220845221,-4.304812607712847,-6.567967158427183,2.2631545507143356,596.68505859375,596.68505859375,596.68505859375,66.66666666666669,33.33333333333339,TTNP
2009-03-18,596.68505859375,596.68505859375,596.68505859375,596.68505859375,596.68505859375,1,596.68505859375,596.68505859375,596.68505859375,588.7292590332031,1085.9668362426758,6747.513796539307,46.9609220845221,-3.975508703589526,-6.049475467459652,2.073966763870126,596.68505859375,596.68505859375,596.68505859375,100.00000000000001,66.66666666666673,TTNP
2009-03-19,596.68505859375,596.68505859375,596.68505859375,596.68505859375,596.68505859375,2,596.68505859375,596.68505859375,596.68505859375,588.7292590332031,1064.0883840942383,6598.34252456665,46.9609220845221,-3.6722021268137723,-5.574020799330476,1.9018186725167032,596.68505859375,596.68505859375,596.68505859375,100.00000000000001,88.88888888888893,TTNP
2009-03-20,596.68505859375,596.68505859375,596.68505859375,596.68505859375,596.68505859375,7,596.68505859375,596.68505859375,596.68505859375,592.7071588134766,1044.1988821411132,6452.154680328369,46.96092208452211,-3.3927203116554665,-5.137760701795473,1.745040390140007,596.68505859375,596.68505859375,596.68505859375,100.00000000000001,100.00000000000004,TTNP
2009-03-23,596.68505859375,596.68505859375,596.68505859375,596.68505859375,596.68505859375,8,596.68505859375,596.68505859375,596.68505859375,592.7071588134766,1026.2983303833007,6303.977881011963,46.96092208452212,-3.1350895982219527,-4.73722648108077,1.602136882858817,596.68505859375,596.68505859375,596.68505859375,100.00000000000001,100.00000000000004,TTNP
2009-03-24,596.68505859375,596.68505859375,596.68505859375,596.68505859375,596.68505859375,6,596.68505859375,596.68505859375,596.68505859375,592.7071588134766,1012.3756777954102,6157.790036773682,46.9609220845221,-2.8975146563783483,-4.369284116140285,1.471769459761937,596.68505859375,596.68505859375,596.68505859375,100.00000000000001,100.00000000000004,TTNP
2009-03-25,596.68505859375,596.68505859375,596.68505859375,596.68505859375,596.68505859375,4,596.68505859375,596.68505859375,596.68505859375,592.7071588134766,992.4861758422852,6011.602192535401,46.9609220845221,-2.678360332639045,-4.031099359440037,1.3527390268009922,596.68505859375,596.68505859375,596.68505859375,100.00000000000001,100.00000000000004,TTNP
2009-03-26,596.68505859375,596.68505859375,596.68505859375,596.68505859375,596.68505859375,1,596.68505859375,596.68505859375,596.68505859375,592.7071588134766,956.6850723266601,5860.4419752502445,46.96092208452211,-2.4761356022718246,-3.7201066080063945,1.2439710057345699,596.68505859375,596.68505859375,596.68505859375,100.00000000000001,100.00000000000004,TTNP
2009-03-27,596.68505859375,596.68505859375,596.68505859375,596.68505859375,596.68505859375,1,596.68505859375,596.68505859375,596.68505859375,592.7071588134766,926.8508169555664,5718.232031402588,46.96092208452211,-2.289479353667616,-3.4339811571386387,1.1445018034710226,596.68505859375,596.68505859375,596.68505859375,100.00000000000001,100.00000000000004,TTNP
2009-03-30,596.68505859375,795.5801391601562,596.68505859375,596.68505859375,596.68505859375,1,596.68505859375,596.68505859375,596.68505859375,592.7071588134766,895.0276113891601,5580.994460601807,46.96092208452211,-2.117147770246447,-3.1706144797602005,1.0534667095137533,596.68505859375,596.68505859375,596.68505859375,83.33332949744346,94.44444316581452,TTNP
2009-03-31,795.5801391601562,795.5801391601562,596.68505859375,596.68505859375,596.68505859375,7,596.68505859375,596.68505859375,596.68505859375,592.7071588134766,865.1933560180664,5436.7955616760255,46.9609220845221,-1.9580031077911144,-2.9280922053663834,0.970089097575269,596.68505859375,596.68505859375,596.68505859375,66.6666589948869,83.3333294974435,TTNP
2009-04-01,596.68505859375,795.5801391601562,596.68505859375,596.68505859375,596.68505859375,5,596.68505859375,596.68505859375,596.68505859375,592.7071588134766,835.3591006469727,5297.569045562745,46.96092208452211,-1.8110036929581383,-2.7046745028847345,0.8936708099265962,596.68505859375,596.68505859375,596.68505859375,49.99998849233034,66.66665899488694,TTNP
2009-04-02,795.5801391601562,795.5801391601562,596.68505859375,795.5801391601562,795.5801391601562,7,636.4640747070313,616.5745666503906,606.6298126220703,596.6850604248046,805.5248458862304,5158.34252243042,90.85553009451688,14.191079240689305,0.6744762458300739,13.51660299485923,693.3261668638996,606.6298126220703,519.933458380241,66.6666589948869,61.11110216070142,TTNP
2009-04-03,596.68505859375,795.5801391601562,596.68505859375,596.68505859375,596.68505859375,3,636.4640747070313,616.5745666503906,606.6298126220703,596.6850604248046,777.6795407104493,5021.104951629639,48.039918340672,10.700327770407057,2.6796465507454705,8.020681219661586,693.3261668638996,606.6298126220703,519.933458380241,49.99999616411012,55.55554788377583,TTNP
2009-04-06,596.68505859375,795.5801391601562,596.68505859375,596.68505859375,596.68505859375,3,636.4640747070313,616.5745666503906,606.6298126220703,596.6850604248046,753.8121383666992,4889.834236297607,48.039918340672,7.8434674700957885,3.712410734615534,4.1310567354802545,693.3261668638996,606.6298126220703,519.933458380241,33.33333333333335,49.999996164110165,TTNP
2009-04-07,795.5801391601562,795.5801391601562,596.68505859375,596.68505859375,596.68505859375,2,636.4640747070313,616.5745666503906,606.6298126220703,596.6850604248046,733.9226364135742,4756.574565887451,48.039918340672,5.515802363355078,4.073089060363443,1.4427133029916357,693.3261668638996,606.6298126220703,519.933458380241,1.4210854715202004e-14,27.777776499147866,TTNP
2009-04-08,795.5801391601562,1193.3701171875,795.5801391601562,1193.3701171875,1193.3701171875,25,755.8010864257812,676.2430725097656,636.4640655517578,612.5966613769531,723.9778854370118,4622.320420379639,81.2129330596606,51.228083066539966,13.504087861598748,37.72399520494122,906.2584031889742,636.4640655517578,366.6697279145414,33.33333333333335,22.222222222222275,TTNP
2009-04-09,994.4751586914062,1193.3701171875,994.4751586914062,1193.3701171875,1193.3701171875,23,835.35908203125,735.9115783691407,666.2983184814453,624.5303625488282,716.0220834350586,4491.049702606201,81.21293305966061,86.45875218651054,28.095020726581104,58.36373145992943,1028.1560947145995,666.2983184814453,304.4405422482913,66.66666666666669,33.33333333333339,TTNP
2009-04-13,1193.3701171875,1193.3701171875,795.5801391601562,994.4751586914062,994.4751586914062,7,914.9171020507813,775.6905883789062,686.1878234863282,632.4861645507813,704.0883828735351,4360.7734553527835,65.13656479743501,97.20957885703831,41.917932352672544,55.291646504365765,1073.3951156214928,686.1878234863282,298.98053135116356,88.88889229856908,62.96296409952308,TTNP
2009-04-14,994.4751586914062,1193.3701171875,795.5801391601562,994.4751586914062,994.4751586914062,10,994.4751220703125,815.4695983886719,706.0773284912109,640.4419665527344,694.1436312866211,4221.546934661866,65.13656479743501,104.52478973728614,54.43930382959526,50.08548590769088,1113.2052993679079,706.0773284912109,298.94935761451393,77.77778459713812,77.777781187458,TTNP
2009-04-15,1193.3701171875,1193.3701171875,994.4751586914062,994.4751586914062,994.4751586914062,9,1074.0331420898438,855.2486083984375,725.9668334960937,648.3977685546874,686.1878298950195,4089.2817420959473,65.13656479743503,109.06491461796702,65.36442598726961,43.70048863069741,1148.3554495630895,725.9668334960937,303.57821742909806,66.66667689570717,77.77778459713817,TTNP
2009-04-16,994.4751586914062,1193.3701171875,795.5801391601562,994.4751586914062,994.4751586914062,9,1034.254150390625,895.0276184082031,745.8563385009766,656.3535705566406,680.2209786987305,3957.0165495300294,65.13656479743503,111.37908750604504,74.5673582910247,36.811729215020335,1179.338012878444,745.8563385009766,312.37466412350904,66.66667689570717,70.37037946285085,TTNP
2009-04-17,1193.3701171875,1193.3701171875,994.4751586914062,994.4751586914062,994.4751586914062,6,994.4751586914062,914.9171203613281,765.7458435058594,664.3093725585937,674.2541275024414,3831.7126850891113,65.13656479743503,111.92290857213413,82.03846834724659,29.88444022488754,1206.4677986935712,765.7458435058594,325.02388831814744,66.66667689570717,66.6666768957072,TTNP
2009-04-20,994.4751586914062,1193.3701171875,795.5801391601562,994.4751586914062,994.4751586914062,9,994.4751586914062,954.6961303710938,785.6353485107422,672.2651745605468,666.2983261108399,3763.0938987731934,65.13656479743503,111.07350446639623,87.84547557107652,23.22802889531971,1229.9332016151131,785.6353485107422,341.3374954063714,66.66667689570717,66.6666768957072,TTNP
2009-04-21,795.5801391601562,994.4751586914062,795.5801391601562,994.4751586914062,994.4751586914062,5,994.4751586914062,994.4751403808593,805.524853515625,680.2209765625,662.3204263305664,3692.486162261963,65.13656479743503,109.14222199647168,92.10482485615555,17.03739714031613,1249.8227079861508,805.524853515625,361.22699904509915,66.66667689570717,66.6666768957072,TTNP
2009-04-22,994.4751586914062,994.4751586914062,994.4751586914062,994.4751586914062,994.4751586914062,2,994.4751586914062,1034.254150390625,825.4143585205078,688.1767785644531,654.3646249389649,3615.911575164795,65.13656479743503,106.38532294457673,94.96092447383978,11.424398470736946,1266.1363178399379,825.4143585205078,384.69239920107776,66.66667689570717,66.6666768957072,TTNP
2009-04-23,994.4751586914062,1193.3701171875,994.4751586914062,994.4751586914062,994.4751586914062,4,994.4751586914062,1014.3646545410156,845.3038635253906,696.1325805664062,648.3977737426758,3538.342515411377,65.13656479743503,103.01299094728483,96.57133776852879,6.441653178756042,1278.7855449040712,845.3038635253906,411.82218214670996,66.66667689570717,66.6666768957072,TTNP
2009-04-24,994.4751586914062,994.4751586914062,994.4751586914062,994.4751586914062,994.4751586914062,6,994.4751586914062,994.4751586914062,865.1933685302735,704.0883825683594,644.4198739624023,3461.767928314209,65.13656479743503,99.1969132747937,97.09645286978177,2.1004604050119298,1287.5819946563856,865.1933685302735,442.8047424041613,66.66667689570717,66.6666768957072,TTNP
2009-04-27,994.4751586914062,994.4751586914062,994.4751586914062,994.4751586914062,994.4751586914062,1,994.4751586914062,994.4751586914062,885.0828735351563,712.0441845703125,640.4419741821289,3390.1657191467284,65.13656479743501,95.07665967640548,96.69249423110651,-1.6158345547010242,1292.210857829785,885.0828735351563,477.9548892405276,66.66667689570717,66.6666768957072,TTNP
2009-04-28,795.5801391601562,994.4751586914062,596.68505859375,994.4751586914062,994.4751586914062,22,994.4751586914062,994.4751586914062,904.972378540039,719.9999865722656,638.453024597168,3322.541410369873,65.13656479743503,90.76504606312244,95.50700459750969,-4.741958534387251,1292.179687918616,904.972378540039,517.765069161462,66.66667689570717,66.6666768957072,TTNP
2009-04-29,994.4751586914062,994.4751586914062,795.5801391601562,994.4751586914062,994.4751586914062,10,994.4751586914062,994.4751586914062,924.8618835449219,727.9557885742188,636.464075012207,3253.922624053955,65.13656479743503,86.35264171011579,93.6761320200309,-7.323490309915115,1286.7196815842499,924.8618835449219,563.0040855055938,66.66667689570717,66.6666768957072,TTNP
2009-04-30,994.4751586914062,994.4751586914062,795.5801391601562,994.4751586914062,994.4751586914062,11,994.4751586914062,994.4751586914062,944.7513885498047,735.9115905761719,642.4309259033203,3188.287265472412,65.13656479743503,81.9115540636277,91.32321642875027,-9.411662365122567,1274.5814846490412,944.7513885498047,614.9212924505682,66.66667689570717,66.6666768957072,TTNP
2009-05-01,994.4751586914062,994.4751586914062,795.5801391601562,795.5801391601562,795.5801391601562,6,954.6961547851563,974.5856567382813,944.7513885498047,739.8894921875,646.4088265991211,3119.6684815979006,41.790074692738195,61.63233507242046,85.38504015748431,-23.75270508506385,1274.5814846490412,944.7513885498047,614.9212924505682,55.55556578459606,62.962973192003496,TTNP
2009-05-04,795.5801391601562,994.4751586914062,795.5801391601562,994.4751586914062,994.4751586914062,7,954.6961547851563,974.5856567382813,964.6408935546875,747.8452941894532,652.3756774902344,3050.0552226257323,58.001338696905435,60.90796465647554,80.48962505728255,-19.58166040080701,1253.5526089784098,964.6408935546875,675.7291781309652,55.55556578459606,59.25926948829979,TTNP
2009-05-05,795.5801391601562,994.4751586914062,795.5801391601562,994.4751586914062,994.4751586914062,8,954.6961547851563,974.5856567382813,984.5303985595704,755.8010961914063,656.3535784912109,2980.4419636535645,58.001338696905435,59.646330117983325,76.32096606942271,-16.674635951439384,1219.02416617528,984.5303985595704,750.0366309438607,55.55556578459606,55.55556578459609,TTNP
2009-05-06,795.5801391601562,1193.3701171875,795.5801391601562,994.4751586914062,994.4751586914062,18,954.6961547851563,974.5856567382813,1004.4199035644531,763.7568981933593,660.3314794921876,2914.8066050720213,58.001338696905435,57.97813975172335,72.65240080588283,-14.674261054159487,1157.1940359214375,1004.4199035644531,851.6457712074687,66.66667689570717,59.259269488299786,TTNP
2009-05-07,32817.6796875,33812.15625,14121.546875,15911.6025390625,15911.6025390625,458,3938.121630859375,2466.2983947753905,1740.331524658203,1070.0552478027344,815.4696041870117,2923.756883392334,98.44952806690081,1245.9807088134394,307.31806240739417,938.6626464060453,8243.773280240193,1740.331524658203,-4763.110230923788,59.81371236527121,60.67865168185816,TTNP
2009-05-08,16309.392578125,16508.287109375,10143.646484375,14121.546875,14121.546875,215,6603.314978027343,3779.00556640625,2386.740362548828,1340.5524841308593,952.707172241211,2924.751356048584,87.55271998642378,2019.7562787934053,649.8057056845964,1369.9505731088088,10826.079346112074,2386.740362548828,-6052.598621014418,51.16434031764022,59.214909859539546,TTNP
2009-05-11,13723.7568359375,17900.552734375,13325.966796875,16309.392578125,16309.392578125,87,9666.298461914062,5310.49730834961,3152.486233520508,1654.8066345214843,1111.8231973266602,2937.6795347595216,89.1355308169071,2777.5025361062744,1075.345071768932,1702.1574643373424,13508.998387110285,3152.486233520508,-7204.02592006927,44.71057734880006,51.896210010570506,TTNP
2009-05-12,16309.392578125,16508.287109375,14519.3369140625,15314.9169921875,15314.9169921875,63,12530.386828613282,6742.541491699219,3868.5083251953124,1949.1712731933594,1260.9944665527344,2948.618758392334,83.91226513021344,3260.1945424036076,1512.314965895867,1747.8795765077405,15438.302423468806,3868.5083251953124,-7701.28577307818,44.11177451639247,46.662230727610925,TTNP
2009-05-13,15712.70703125,15911.6025390625,14917.126953125,15911.6025390625,15911.6025390625,32,15513.8123046875,8234.254229736329,4614.364694213868,2255.469622802734,1416.1325912475586,2968.5082652282713,84.49918898264461,3648.8176731006224,1939.6155073368182,1709.2021657638043,17223.493883178715,4614.364694213868,-7994.76449475098,45.90818203358749,44.910177966260015,TTNP
2009-05-14,15712.70703125,15911.6025390625,13524.8623046875,15314.9169921875,15314.9169921875,45,15394.4751953125,9666.298413085937,5330.3867858886715,2549.8342614746093,1563.3149105834962,2985.414344329834,81.30480050234631,3864.113670071497,2324.515139883754,1539.598530187743,18642.750670916626,5330.3867858886715,-7981.977099139285,44.910177639584084,44.97671139652135,TTNP
2009-05-15,15314.9169921875,16110.4970703125,15116.0224609375,15712.70703125,15712.70703125,33,15712.7072265625,11158.011102294922,6066.298379516602,2852.154700927734,1714.4751303100586,3015.2485972595214,81.79880196440516,4020.489925286466,2663.710096964296,1356.77982832217,19953.387978152008,6066.298379516602,-7820.7912191188025,45.309379201179894,45.37591295811716,TTNP
2009-05-18,16110.4970703125,18696.1328125,15911.6025390625,18497.23828125,18497.23828125,64,16150.2763671875,12908.287414550781,6941.436535644531,3210.1657653808593,1895.4696124267577,3060.9944566345216,84.82216810197596,4319.317234354759,2994.831524442389,1324.4857099123706,21623.015659251258,6941.436535644531,-7740.142587962196,47.81160390799724,46.01038691625374,TTNP
2009-05-19,18497.23828125,24265.193359375,18497.23828125,22872.927734375,22872.927734375,88,17661.878515625,15096.13267211914,8035.359164428711,3655.6906188964845,2118.23203918457,3128.6187632751466,88.15255416655515,4853.276054137841,3366.5204303814794,1486.7556237563617,23986.88922053654,8035.359164428711,-7916.1708916791185,55.3303007601913,49.48376128978949,TTNP
2009-05-20,24066.298828125,24265.193359375,20883.978515625,21878.453125,21878.453125,38,18855.2486328125,17184.53046875,9079.558062744141,4081.3259802246093,2331.049719848633,3205.193348236084,83.65959481402824,5136.98056171988,3720.6124566491594,1416.3681050707205,25767.917668700935,9079.558062744141,-7608.801543212652,61.445780566732424,54.86256174497367,TTNP
2009-05-21,21878.453125,23867.40234375,20685.08203125,22475.138671875,22475.138671875,20,20287.29296875,17840.88408203125,10153.59123840332,4518.895052490235,2549.8342559814455,3284.7513609313964,84.18057915665419,5348.313931095041,4046.152751538336,1302.161179556705,27378.624188912516,10153.59123840332,-7071.441712105878,65.46184447482392,60.74597526724923,TTNP
2009-05-22,23867.40234375,25856.353515625,22872.927734375,25856.353515625,25856.353515625,53,22316.022265625,19014.36474609375,11396.68515625,5024.08842163086,2802.430940551758,3385.1933506774903,86.75721532941076,5722.6656019747825,4381.455321625625,1341.210280349157,29370.502150601475,11396.68515625,-6577.1318381014735,68.47389289885831,65.1271726468049,TTNP
2009-05-26,26651.93359375,34806.62890625,26254.14453125,30232.044921875,30232.044921875,88,24662.98359375,20406.62998046875,12858.56364440918,5616.7956188964845,3098.7845391845703,3504.530369720459,89.20716268793122,6299.803512114468,4765.124959723394,1534.678552391074,31932.70067399222,12858.56364440918,-6215.573385173862,76.03865728775115,69.99146488714446,TTNP
2009-05-27,31823.205078125,33812.15625,30232.044921875,30232.044921875,30232.044921875,52,26134.80703125,21898.3427734375,14320.44213256836,6209.502816162109,3397.1270877075194,3625.8563414001464,89.20716268793122,6680.1844558180455,5148.136858942324,1532.0475968757219,34005.223050501976,14320.44213256836,-5364.338785365258,81.30164718559877,75.27139912406942,TTNP
2009-05-28,30828.728515625,31425.4140625,26850.828125,28441.98828125,28441.98828125,44,27447.5140625,23151.38134765625,15692.81778869629,6766.408880615234,3675.580119934082,3739.226504974365,82.0088971883398,6759.279714387023,5470.365430031264,1288.9142843557593,35297.008003775576,15692.81778869629,-3911.372426382999,80.73162643601042,79.35731030312012,TTNP
2009-05-29,28839.779296875,28839.779296875,25259.66796875,28441.98828125,28441.98828125,33,28640.883984375,24464.0884765625,17065.193444824217,7323.3149450683595,3956.022102050781,3849.613240814209,82.0088971883398,6744.220105409589,5725.136365106929,1019.0837403026608,36198.68838586197,17065.193444824217,-2068.301496213531,75.3385125333786,79.12392871832925,TTNP
2009-06-01,29635.359375,30828.728515625,25458.564453125,26453.0390625,26453.0390625,37,28760.22109375,25538.1216796875,18348.06639099121,7840.442025146484,4214.5856420898435,3936.1325816345216,74.28469283332454,6496.901441547958,5879.4893803951345,617.4120611528233,36353.450094755564,18348.06639099121,342.6826872268575,68.43719533233532,74.83577810057477,TTNP
2009-06-02,25458.564453125,27845.3046875,25458.564453125,27049.724609375,27049.724609375,19,28123.75703125,26393.3703125,19650.828863525392,8369.502816162109,4481.104987487793,4025.635350189209,75.04409632687009,6276.693341788301,5958.930172673768,317.7631691145334,36152.932593013094,19650.828863525392,3148.7251340376897,64.88981517529909,69.55517434700432,TTNP
2009-06-03,26254.14453125,27646.408203125,25657.458984375,26055.248046875,26055.248046875,12,27288.39765625,26711.60234375,20903.86750793457,8878.674075927735,4735.690617370606,4114.143636322022,71.26662824214172,5953.30489577389,5957.805117293792,-4.50022151990197,35208.77626068366,20903.86750793457,6598.958755185478,61.059192961649075,64.79540115642781,TTNP
2009-06-04,25458.564453125,26055.248046875,22872.927734375,24861.87890625,24861.87890625,38,26572.37578125,27009.944921875,22097.2376953125,9363.97795288086,4978.342555847168,4196.685076751709,66.91386240078509,5536.896410946087,5873.623376024251,-336.72696507816454,33178.315030599275,22097.2376953125,11016.160360025719,57.308288282495,61.08576547314772,TTNP
2009-06-05,24861.87890625,25856.353515625,23867.40234375,25657.458984375,25657.458984375,13,26015.469921875,27328.176953125,22584.530517578125,9865.193431396485,5228.950295104981,4279.226517181396,68.30375329895344,5211.016989909247,5741.102098801251,-530.0851088920035,33388.37596261533,22584.530517578125,11780.68507254092,53.317469405662955,57.228316883269,TTNP
2009-06-08,25458.564453125,26055.248046875,23867.40234375,25458.564453125,25458.564453125,11,25816.575,27288.398046875,23151.381396484376,10362.431019287109,5477.569089050293,4360.773484954834,67.5398848345149,4880.4473157788525,5568.971142196771,-688.5238264179188,33288.70809094431,23151.381396484376,13014.05470202444,47.918945622147184,52.84823443676837,TTNP
2009-06-09,25259.66796875,25458.564453125,24265.193359375,24662.984375,24662.984375,12,25339.226953125,26731.4919921875,23569.060986328124,10843.757005615234,5718.232082214356,4433.370174407959,64.43570865342635,4502.371270660693,5355.651167889556,-853.2798972288629,33221.1070940683,23569.060986328124,13917.014878587948,40.81030353522859,47.348906187679574,TTNP
2009-06-10,24861.87890625,24861.87890625,23867.40234375,23867.40234375,23867.40234375,9,24901.6578125,26095.027734375,23996.68525390625,11309.171351318359,5950.939255065918,4507.955804290771,61.39680075707567,4091.3835374266855,5102.797641796982,-1011.4141043702966,32874.87014198804,23996.68525390625,15118.500365824462,31.12905660286621,39.952768586747325,TTNP
2009-06-11,24066.298828125,24066.298828125,20883.978515625,21878.453125,21878.453125,28,24304.97265625,25438.67421875,24295.027783203124,11734.806712646485,6163.756935729981,4571.602215423584,54.479347425592785,3564.096531973526,4795.057419832291,-1230.960887858765,32436.882781729444,24295.027783203124,16153.172784676803,19.282363855499067,30.407241331197955,TTNP
2009-06-12,21480.662109375,21679.55859375,19491.712890625,20088.3984375,20088.3984375,40,23191.160546875,24603.315234375,24533.70185546875,12124.640980224609,6358.674069519043,4626.298353118897,49.115834728158916,2967.5670622370235,4429.559348313238,-1461.9922860762144,31846.198672054998,24533.70185546875,17221.2050388825,11.191390611257047,20.534270356540777,TTNP
2009-06-15,19491.712890625,20088.3984375,18497.23828125,18895.02734375,18895.02734375,24,21878.453125,23847.5140625,24692.81787109375,12486.629924316407,6541.657492370606,4677.016585540771,45.873393011952494,2371.1845464208236,4017.884387934755,-1646.6998415139315,31338.73979200985,24692.81787109375,18046.89595017765,4.545452439262681,11.673068968672931,TTNP
2009-06-16,18895.02734375,21480.662109375,18497.23828125,20486.1875,20486.1875,10,21043.09375,23191.1603515625,24792.26533203125,12884.419973144531,6740.552516784668,4738.674041595459,50.5599373088611,2003.841396391941,3615.075789626192,-1611.234393234251,31116.095303966722,24792.26533203125,18468.435360095777,7.292703864312183,7.676515638277304,TTNP
2009-06-17,21082.873046875,25856.353515625,20287.29296875,25060.7734375,25060.7734375,23,21281.76796875,23091.712890625,24901.6576171875,13373.701740722656,6985.19340057373,4824.198902435302,61.01187574597529,2058.1253690600024,3303.685705512954,-1245.5603364529516,31164.29338685572,24901.6576171875,18639.021847519278,23.735937030471536,11.8580311113488,TTNP
2009-06-18,25259.66796875,25856.353515625,22276.2421875,22276.2421875,22276.2421875,12,21361.32578125,22833.14921875,24921.5470703125,13807.29288330078,7201.988971862793,4896.795582122802,53.58590267187915,1855.0732779132086,3013.9632199930047,-1158.8899420797961,31148.07359619489,24921.5470703125,18695.02054443011,33.085188985766045,21.37127662684992,TTNP
2009-06-19,22475.138671875,24265.193359375,22475.138671875,23469.61328125,23469.61328125,6,22037.56875,22614.3646484375,24971.27080078125,14252.817746582032,7432.707203979492,4975.359117279053,56.05456054493704,1770.0441395883645,2765.179403912077,-995.1352643237124,31134.417912055214,24971.27080078125,18808.123689507287,45.68747996845618,34.169535328231255,TTNP
2009-06-22,23469.61328125,23469.61328125,21679.55859375,22077.34765625,22077.34765625,4,22674.0328125,22276.24296875,24782.3205078125,14670.497297363281,7647.513829956055,5046.961324310303,52.54332609925617,1572.1905011334202,2526.5816233563455,-954.3911222229253,31056.06400059421,24782.3205078125,18508.577015030787,40.98902049460647,39.92056314960956,TTNP
2009-06-23,21878.453125,22674.033203125,20486.1875,21679.55859375,21679.55859375,7,22912.70703125,21977.900390625,24354.69619140625,15084.198966064454,7858.342565307617,5115.580110931396,51.54977306393713,1367.5278050375673,2294.77085969259,-927.2430546550227,30238.056986948137,24354.69619140625,18471.33539586436,44.80905941459525,43.8285199592193,TTNP
2009-06-24,22077.34765625,22077.34765625,20287.29296875,20883.978515625,20883.978515625,10,22077.348046875,21679.5580078125,23887.29287109375,15481.989033203125,8061.21549987793,5180.220997161865,49.532433956049594,1128.1300989577685,2061.4427075456256,-933.3126085878571,29294.750814735107,23887.29287109375,18479.83492745239,37.60488277749964,41.134320895567114,TTNP
2009-06-25,20883.978515625,22674.033203125,20486.1875,21480.662109375,21480.662109375,4,21918.23203125,21639.77890625,23539.2265625,15891.712772216797,8270.055270385743,5251.823201751709,51.07873727784399,975.3103014000044,1844.2162263165014,-868.905924916497,28615.182143504233,23539.2265625,18463.270981495767,37.71929665883747,40.04441295031078,TTNP
2009-06-26,21480.662109375,22872.927734375,21480.662109375,22475.138671875,22475.138671875,6,21719.337109375,21878.4529296875,23240.88408203125,16321.326042480468,8488.839806518554,5336.353592376709,53.62888315151866,923.7965071436338,1660.1322824819279,-736.3357753382941,27804.69107086696,23240.88408203125,18677.07709319554,41.70222633960349,39.00880192531353,TTNP
2009-06-29,22475.138671875,22475.138671875,21679.55859375,21878.453125,21878.453125,5,21679.558203125,22176.7955078125,23012.15478515625,16739.00560180664,8701.657487182618,5417.900555267334,51.88139336462507,825.3102542616507,1493.1678768378724,-667.8576225762217,27362.639995471938,23012.15478515625,18661.669574840562,46.491223309845736,41.97091543609556,TTNP
2009-06-30,22475.138671875,22674.033203125,21480.662109375,21480.662109375,21480.662109375,4,21639.77890625,22276.24296875,22733.70166015625,17148.72934082031,8910.49725769043,5499.447513275147,50.695409810395255,707.0107984294809,1335.9364611561941,-628.9256627267132,26711.801324567943,22733.70166015625,18755.601995744557,46.846841108422005,45.01343025262374,TTNP
2009-07-01,21480.662109375,22276.2421875,20883.978515625,21082.873046875,21082.873046875,8,21679.5578125,21878.4529296875,22485.08291015625,17550.497298583985,9115.359137573243,5579.005525970459,49.47738448027742,574.536475644396,1183.6564640538345,-609.1199884094385,26215.57145066232,22485.08291015625,18754.594369650178,40.540532172004305,44.62619886342401,TTNP
2009-07-02,21480.662109375,21480.662109375,20486.1875,21082.873046875,21082.873046875,6,21600.0,21759.116015625,22296.1326171875,17952.265256347655,9320.221017456055,5657.569063568115,49.477384480277415,464.1986275860618,1039.76489676028,-575.5662691742182,25906.83096469895,22296.1326171875,18685.43426967605,36.93692832929967,41.44143386990865,TTNP
2009-07-06,21082.873046875,21082.873046875,19889.501953125,20287.29296875,20287.29296875,9,21162.430859375,21440.883984375,22027.62431640625,18338.121612548828,9517.127096557617,5734.143650970459,46.86557177397309,308.9965053242777,893.6112184730795,-584.6147131488018,25388.597402232008,22027.62431640625,18666.651230580494,31.531526988611862,36.336329163305265,TTNP
2009-07-07,21082.873046875,21281.767578125,20088.3984375,20088.3984375,20088.3984375,5,20804.419921875,21241.9890625,21759.116015625,18720.000078125,9712.044230346679,5809.723765716552,46.20884602312297,168.01184287901197,748.491343354266,-580.479500475254,24825.97150795355,21759.116015625,18692.260523296452,20.930935823998947,29.799797047303482,TTNP
2009-07-08,20088.3984375,21281.767578125,20088.3984375,21082.873046875,21082.873046875,5,20724.862109375,21182.3205078125,21580.11044921875,19121.768035888672,9916.906110229493,5889.281778411865,49.98286821940509,134.97041700589762,625.7871580845923,-490.8167410786947,24351.824947584148,21580.11044921875,18808.395950853355,15.885896577950012,22.782786463520264,TTNP
2009-07-09,19889.501953125,21281.767578125,19491.712890625,20088.3984375,20088.3984375,5,20525.9671875,21102.7625,21391.16025390625,19503.646501464842,10111.823244018555,5964.861893157959,46.4715857791815,28.213827702107665,506.27249200809536,-478.0586643059877,24025.22415940246,21391.16025390625,18757.096348410043,11.944460219895982,16.253764207281638,TTNP
2009-07-10,20287.29296875,21480.662109375,20287.29296875,20883.978515625,20883.978515625,4,20486.18828125,21043.094140625,21341.4365234375,19901.436568603516,10314.696178588867,6041.436483001709,49.526393049743746,7.716177611364401,406.5612291287492,-398.8450515173848,23974.37379109823,21341.4365234375,18708.49925577677,22.50001186568626,16.776789554510742,TTNP
2009-07-13,20883.978515625,21281.767578125,20088.3984375,20486.1875,20486.1875,3,20525.9671875,20844.1990234375,21361.3259765625,20291.27081542969,10513.59120300293,6113.038690032959,48.04984632405758,-40.16378513194286,317.21622627661077,-357.3800114085536,23961.911599746323,21361.3259765625,18760.74035337868,25.6372590053747,20.027243696985636,TTNP
2009-07-14,20685.08203125,21281.767578125,20287.29296875,20685.08203125,20685.08203125,5,20645.30390625,20724.8619140625,21450.8287109375,20689.060853271483,10714.475172729492,6190.607747650147,48.87063889364047,-61.35263908886918,241.5024532035148,-302.855092292384,23818.51492560777,21450.8287109375,19083.14249626723,33.23528688298841,27.124185918016448,TTNP
2009-07-15,20685.08203125,21281.767578125,20685.08203125,21082.873046875,21082.873046875,2,20645.30390625,20685.0830078125,21480.66298828125,21090.828811035157,10919.337052612305,6274.143660736084,50.55331516532896,-45.52180103844148,184.09760235512354,-229.61940339356502,23813.7616607975,21480.66298828125,19147.564315764997,37.254892899764435,32.042479596042504,TTNP
2009-07-16,20883.978515625,25060.7734375,20883.978515625,23867.40234375,23867.40234375,22,21401.1046875,20963.5359375,21420.99443359375,21548.287354736327,11152.044225463867,6370.60774520874,60.38216043823478,189.5277373676072,185.18362935762028,4.344108009986911,23422.237760750657,21420.99443359375,19419.751106436845,53.64144507432963,41.377208285694145,TTNP
2009-07-17,23071.822265625,23867.40234375,22674.033203125,23469.61328125,23469.61328125,6,21918.231640625,21202.2099609375,21480.66298828125,21997.7901171875,11380.77350769043,6466.0773594665525,58.590409735438584,339.79103754479365,216.10511099505496,123.6859265497387,23644.87453092185,21480.66298828125,19316.451445640647,65.6862709298929,52.194202967995636,TTNP
2009-07-20,22276.2421875,23668.5078125,22276.2421875,23071.822265625,23071.822265625,8,22435.35859375,21480.662890625,21460.7734375,22140.99451171875,11605.524879760742,6560.552493743897,56.7760600125462,421.913815211592,257.26685183836236,164.64696337322965,23557.771801822844,21460.7734375,19363.775073177156,71.42855973823943,63.58542524748731,TTNP
2009-07-21,23071.822265625,23071.822265625,21082.873046875,22475.138671875,22475.138671875,4,22793.369921875,21719.3369140625,21480.66298828125,22308.06634765625,11824.309415893555,6653.038683929443,54.071262326478966,433.848196899693,292.58312085062846,141.26507604906453,23608.002729683194,21480.66298828125,19353.323246879303,63.0952351726551,66.7366886135958,TTNP
2009-07-22,22475.138671875,25060.7734375,22475.138671875,24662.984375,24662.984375,18,23509.3921875,22077.348046875,21629.83427734375,22475.13818359375,12064.972409057616,6756.464102630615,61.343236138950594,612.7833589057591,356.6231684616546,256.1601904441045,24170.324007833526,21629.83427734375,19089.344546853976,70.23809816067823,68.25396435719091,TTNP
2009-07-23,25458.564453125,26453.0390625,24861.87890625,26254.14453125,26254.14453125,21,23986.740625,22693.92265625,21898.342578125,22693.922734375,12321.54700378418,6868.839797210693,65.60810595885927,872.9215939229834,459.88285355392037,413.0387403690631,25112.57501243789,21898.342578125,18684.11014381211,81.19048736309331,71.50794023214222,TTNP
2009-07-24,26055.248046875,29834.25390625,26055.248046875,28243.09375,28243.09375,15,24941.43671875,23429.8341796875,22236.46416015625,22940.55255859375,12598.011090698243,6991.160237884522,70.05537717224094,1225.4483927236797,612.9959613878723,612.4524313358074,26466.152968644954,22236.46416015625,18006.775351667548,91.53846978849565,80.98901843742239,TTNP
2009-07-27,29038.673828125,34806.62890625,28441.98828125,32419.888671875,32419.888671875,50,26811.05,24623.204296875,22733.70166015625,23282.6519921875,12916.243126831054,7134.364653167725,76.83099672727317,1820.8709964609916,854.5709684024962,966.3000280584954,28868.05743266372,22733.70166015625,16599.34588764878,88.7246109638523,87.15118937181374,TTNP
2009-07-28,33613.2578125,33613.2578125,29834.25390625,31823.205078125,31823.205078125,12,28680.66328125,25737.0166015625,23230.9392578125,23604.861953125,13228.508327026368,7275.580125579834,74.24640917758848,2219.020829557623,1127.4609406335217,1091.5598889241014,30512.34463694636,23230.9392578125,15949.533878678641,83.18348599910043,87.81552225048277,TTNP
2009-07-29,31823.205078125,31823.205078125,29834.25390625,31226.51953125,31226.51953125,10,29993.3703125,26751.38125,23718.23212890625,23859.447578125,13534.80667175293,7414.806645355225,71.65066948443553,2458.07474827797,1393.5837021624113,1064.4910461155584,31733.3561883911,23718.23212890625,15703.1080694214,80.2035846929047,84.03722721861912,TTNP
2009-07-30,31226.51953125,32817.6796875,31226.51953125,31226.51953125,31226.51953125,5,30987.8453125,27487.29296875,24225.414453125,24026.5194140625,13841.105016479492,7553.038690032959,71.65066948443553,2617.3554566967287,1638.3380530692748,979.0174036274539,32775.21740371533,24225.414453125,15675.611502534664,77.29028361893357,80.22578477031288,TTNP
2009-07-31,32817.6796875,32817.6796875,28839.779296875,31226.51953125,31226.51953125,7,31584.53046875,28262.98359375,24732.59677734375,24213.4807421875,14147.403361206054,7692.26520980835,71.65066948443553,2712.3206219057647,1853.1345668365727,859.186055069192,33671.174741366485,24732.59677734375,15794.018813321018,75.56461101457937,77.68615977547255,TTNP
2009-08-03,30232.044921875,31823.205078125,29237.568359375,29436.46484375,29436.46484375,13,30987.845703125,28899.4478515625,25190.05537109375,24352.707265625,14435.801159057617,7822.54145614624,63.3517908910083,2613.0175070763107,2005.1111548845204,607.9063521917903,34108.25206807359,25190.05537109375,16271.858674113908,70.99666500695623,74.61718654682305,TTNP
2009-08-04,30430.939453125,30430.939453125,27248.619140625,29635.359375,29635.359375,14,30550.2765625,29615.469921875,25667.40341796875,24428.2873828125,14726.18790222168,7954.806650238037,63.8527652113537,2521.3041745082046,2108.3497588092573,412.9544156989473,34463.399810556235,25667.40341796875,16871.407025381264,66.72382053004655,71.09503218386071,TTNP
2009-08-05,29436.46484375,30430.939453125,29237.568359375,29436.46484375,29436.46484375,5,30192.265625,30092.81796875,26085.0830078125,24412.37578125,15014.585700073243,8086.077371673584,62.926404118596665,2404.84995790062,2167.64979862753,237.20015927309032,34763.17661418081,26085.0830078125,17406.98940144419,61.89952147964568,66.5400023388828,TTNP
2009-08-06,29635.359375,29834.25390625,27845.3046875,28640.884765625,28640.884765625,4,29675.138671875,30331.4919921875,26512.70732421875,24380.552578125,15295.027697143554,8214.364669036866,59.22512109695938,2222.7401243217355,2178.667863766371,44.072260555364664,34800.785374939864,26512.70732421875,18224.629273497638,59.599731536139224,62.74102451527713,TTNP
2009-08-07,26254.14453125,31027.625,26254.14453125,30828.728515625,30828.728515625,10,29595.58046875,30590.05546875,27009.94482421875,24428.2873828125,15597.348131713867,8353.591185150146,65.27419379232711,2229.259954146579,2188.7862818424123,40.473672304166485,35077.92768451384,27009.94482421875,18941.961963923663,62.31884635489641,61.27269979022708,TTNP
2009-08-10,31624.30859375,31624.30859375,27845.3046875,28243.09375,28243.09375,15,29356.90625,30172.3759765625,27397.79013671875,24424.3094921875,15873.812218627929,8479.889527435304,54.907036510790604,2002.701948299702,2151.5694151338703,-148.86746683416823,34899.98320394076,27397.79013671875,19895.597069496744,57.6203859528919,59.84632128130915,TTNP
2009-08-11,28044.19921875,29237.568359375,27049.724609375,27646.408203125,27646.408203125,4,28959.116015625,29754.6962890625,27745.8564453125,24448.176875,16144.309450073242,8604.19891708374,52.822081422568644,1754.7775758963107,2072.2110472863583,-317.43347139004754,34586.80465180445,27745.8564453125,20904.90823882055,48.596225981651195,56.178486096479816,TTNP
2009-08-12,27049.724609375,28243.09375,27049.724609375,27845.3046875,27845.3046875,5,28640.883984375,29416.5748046875,28083.97802734375,24464.0884765625,16416.795646362305,8730.49726425171,53.45652611226105,1556.4037549503919,1969.049588819165,-412.645833868773,34204.77666673455,28083.97802734375,21963.17938795295,31.742916138529665,45.9865093576909,TTNP
2009-08-13,27845.3046875,28640.884765625,27646.408203125,28044.19921875,28044.19921875,3,28521.546875,29098.3427734375,28292.81787109375,24503.8675,16691.270787963866,8858.784559173584,54.12095691796206,1399.1121056485972,1855.0620921850514,-455.94998653645416,34100.92720496876,28292.81787109375,22484.708537218743,23.128261852145215,34.48913465744201,TTNP
2009-08-14,28441.98828125,28640.884765625,27447.513671875,28044.19921875,28044.19921875,7,27964.641015625,28780.1107421875,28521.54716796875,24567.51390625,16965.74592956543,8989.06080368042,54.12095691796206,1259.9336099774082,1736.0363957435227,-476.1027857661145,33895.98364196401,28521.54716796875,23147.11069397349,21.903039461893346,25.591405817522727,TTNP
2009-08-17,28044.19921875,29237.568359375,27049.724609375,28044.19921875,28044.19921875,8,27924.862109375,28640.8841796875,28770.166015625,24615.2487109375,17240.22107116699,9116.35362350464,54.12095691796206,1136.5324112609233,1616.1355988470027,-479.60318758607946,33539.12753759712,28770.166015625,24001.204493652876,24.17575935167666,23.06902022190506,TTNP
2009-08-18,28044.19921875,31226.51953125,28044.19921875,31226.51953125,31226.51953125,15,28640.884375,28800.0001953125,29207.73505859375,24730.6078125,17546.519415893556,9251.602244110107,64.30414659880338,1280.7589339330698,1549.060265864216,-268.30133193114625,33113.93372169641,29207.73505859375,25301.536395491086,42.45154052512153,29.510113112897162,TTNP
2009-08-19,31226.51953125,32419.888671875,29436.46484375,30828.728515625,30828.728515625,9,29237.569140625,28939.2265625,29516.022265625,24853.9226953125,17848.839850463868,9387.845333709716,62.43854869643491,1347.4287617439186,1508.7339650401566,-161.305203296238,32873.52076746992,29516.022265625,26158.523763780082,57.57574946015458,41.40101644565091,TTNP
2009-08-20,30828.728515625,31425.4140625,29436.46484375,30629.833984375,30629.833984375,10,29754.69609375,29138.121484375,29734.80673828125,24989.171328125,18149.17133972168,9522.09947555542,61.478148150301806,1368.441413384964,1480.6754547091182,-112.23404132415408,32768.20015921292,29734.80673828125,26701.41331734958,72.14075649182074,57.38934882569894,TTNP
2009-08-21,29834.25390625,30629.833984375,29436.46484375,29834.25390625,29834.25390625,5,30112.70703125,29038.6740234375,29814.36474609375,25148.28734375,18441.54702819824,9653.370192108154,57.65779616785657,1305.8444656933607,1445.7092569059666,-139.86479121260595,32769.545647440595,29814.36474609375,26859.18384474691,66.2430698689021,65.31985860695913,TTNP
2009-08-24,30232.044921875,31823.205078125,29834.25390625,29834.25390625,29834.25390625,6,30470.71796875,29197.7900390625,29685.0830078125,25343.204453125,18733.922716674806,9784.64090866089,57.65779616785657,1241.919854645028,1404.951376453779,-163.031521808751,32388.519195046756,29685.0830078125,26981.646820578244,62.36559037600958,66.91647224557747,TTNP
2009-08-25,30828.728515625,31823.205078125,29834.25390625,31823.205078125,31823.205078125,8,30590.055078125,29615.4697265625,29685.0830078125,25601.7680078125,19044.198966064454,9924.861905975342,64.12206775842006,1336.3463086496704,1391.2303628929571,-54.884054243286755,32388.519195046756,29685.0830078125,26981.646820578244,68.81721009150122,65.80862344547097,TTNP
2009-08-26,31823.205078125,33613.2578125,31425.4140625,33215.46875,33215.46875,25,31067.403125,30152.4861328125,29784.53046875,25856.3536328125,19370.386802978515,10074.033171844483,67.82500749189643,1506.1618996159887,1414.2166702375634,91.94522937842521,32831.91088725226,29784.53046875,26737.15005024774,80.99390742019949,70.72556929590344,TTNP
2009-08-27,33613.2578125,33613.2578125,31823.205078125,31823.205078125,31823.205078125,7,31306.07734375,30530.38671875,29814.36474609375,25991.602265625,19682.65200317383,10218.232070770264,61.0404482916182,1510.980295925885,1433.5693953752277,77.41090055065729,32928.58044510378,29814.36474609375,26700.149047083723,85.88150265151222,78.56420672107099,TTNP
2009-08-28,31027.625,32022.099609375,29834.25390625,30232.044921875,30232.044921875,8,31385.635546875,30749.1712890625,29764.641015625,26150.7183203125,19979.00560180664,10356.464119110107,54.34927018844918,1370.6060891638263,1420.9767341329475,-50.37064496912126,32818.246219457724,29764.641015625,26711.035811792273,71.93559079008838,79.60366695393337,TTNP
2009-08-31,30828.728515625,31027.625,29237.568359375,29834.25390625,29834.25390625,6,31385.635546875,30928.1767578125,29784.53046875,26278.0111328125,20265.414439697266,10494.69616256714,52.79125174856094,1213.2742382985234,1379.4362349660628,-166.16199666753937,32834.506149053464,29784.53046875,26734.55478844653,54.54546987493139,70.78752110551066,TTNP
2009-09-01,29436.46484375,29834.25390625,28044.19921875,28441.98828125,28441.98828125,6,30709.3921875,30649.7236328125,29724.8619140625,26405.3039453125,20537.90062133789,10626.961352386475,47.64332077350529,965.1181316285765,1296.5726142985654,-331.4544826699889,32830.364096764904,29724.8619140625,26619.359731360102,37.37373887662725,54.61826651388234,TTNP
2009-09-02,28441.98828125,28640.884765625,27447.513671875,28640.884765625,28640.884765625,6,29794.475390625,30430.9392578125,29685.08291015625,26544.53046875,20814.364717407225,10759.226550140382,48.417186251544344,775.5617205224517,1192.3704355433426,-416.808715020891,32824.53844381128,29685.08291015625,26545.627376501216,29.292927790039396,40.404045513866016,TTNP
2009-09-03,29237.568359375,29834.25390625,28640.884765625,28640.884765625,28640.884765625,2,29158.011328125,30232.0443359375,29685.08291015625,26699.66859375,21090.82881347656,10892.486222381593,48.41718625154435,618.2105526128362,1077.5384589572413,-459.32790634440516,32824.53844381128,29685.08291015625,26545.627376501216,23.23232443463513,29.966330367100596,TTNP
2009-09-04,27845.3046875,28044.19921875,26850.828125,28044.19921875,28044.19921875,11,28720.4421875,30053.0388671875,29545.8564453125,26830.9393359375,21361.326054077148,11023.756941986085,46.04907516587637,440.2857415071521,950.0879154672235,-509.8021739600714,32716.90671569737,29545.8564453125,26374.80617492763,22.043980777489594,24.85641100072138,TTNP
2009-09-08,28640.884765625,29635.359375,27845.3046875,28839.779296875,28839.779296875,4,28521.547265625,29953.59140625,29575.69072265625,26958.2321484375,21639.779095458984,11160.000037078857,49.589433084429125,359.333536855891,831.937039744957,-472.603502889066,32708.145086368317,29575.69072265625,26443.236358944185,23.767097488980355,23.01446756703503,TTNP
2009-09-09,28839.779296875,28839.779296875,27845.3046875,28640.884765625,28640.884765625,5,28561.3265625,29635.359375,29625.41455078125,27093.48078125,21916.24319152832,11295.24865951538,48.728528152638084,275.94824539856927,720.7392808756795,-444.7910354771102,32663.95478119322,29625.41455078125,26586.87432036928,24.50982430886334,23.440300858444434,TTNP
2009-09-10,28243.09375,30828.728515625,27845.3046875,30828.728515625,30828.728515625,9,28998.8953125,29396.6853515625,29774.5857421875,27280.442109375,22214.585725097655,11440.442025604249,57.47425863979817,382.00202564826395,652.9918298301964,-270.9898041819324,32740.989832829437,29774.5857421875,26808.181651545565,38.235311673373054,28.837411157072257,TTNP
2009-09-11,30430.939453125,31027.625,28839.779296875,29635.359375,29635.359375,3,29197.790234375,29177.90078125,29854.14375,27451.4918359375,22500.994567260743,11581.657496795655,52.23987425439823,365.5417564989002,595.5018151639372,-229.96005866503697,32714.085115607635,29854.14375,26994.202384392363,42.15688086713778,34.967338949791404,TTNP
2009-09-14,28839.779296875,30232.044921875,28044.19921875,29834.25390625,29834.25390625,7,29555.801171875,29138.1216796875,29943.646484375,27626.519453125,22789.392354736327,11721.878489837647,53.0080288245236,364.34604662120546,549.2706614553908,-184.92461483418538,32680.82038035021,29943.646484375,27206.47258839979,48.03922984411806,42.81047412820964,TTNP
2009-09-15,29635.359375,30629.833984375,28044.19921875,28044.19921875,28044.19921875,11,29396.68515625,28959.1162109375,29943.646484375,27781.657578125,23059.889595336914,11854.143684539795,45.859159074400594,216.4607598609473,482.70868113650215,-266.24792127555486,32680.82038035021,29943.646484375,27206.47258839979,34.31374247960834,41.50328439695473,TTNP
2009-09-16,28044.19921875,28839.779296875,27447.513671875,28044.19921875,28044.19921875,9,29277.348046875,28919.3373046875,29784.53046875,27940.77359375,23330.3868359375,11987.40335494995,45.859159074400594,98.12942966574701,405.7928308423511,-307.6634011766041,32574.38290986454,29784.53046875,26994.67802763546,26.47060409207889,36.2745254719351,TTNP
2009-09-17,28044.19921875,29635.359375,27447.513671875,28441.98828125,28441.98828125,13,28800.0,28899.44765625,29665.19345703125,28087.9558984375,23604.861967163088,12122.651970672607,47.67776224912544,36.03387475878844,331.8410396256386,-295.80716486685014,32470.318293210985,29665.19345703125,26860.068620851518,22.02112552817866,27.601824033288636,TTNP
2009-09-18,27845.3046875,29834.25390625,27248.619140625,28044.19921875,28044.19921875,10,28481.76796875,28839.7791015625,29535.91171875,28247.0719140625,23875.35920776367,12256.90611618042,46.01327387560145,-44.75959204590981,256.5209132913289,-301.2805053372387,32389.206037576936,29535.91171875,26682.617399923067,25.66258090113254,24.71810350713004,TTNP
2009-09-21,28243.09375,28243.09375,27248.619140625,27248.619140625,27248.619140625,4,27964.641015625,28760.22109375,29406.62998046875,28374.3647265625,24137.900647583007,12387.182361297608,42.7953399106491,-171.01431338667317,171.01386795572847,-342.02818134240164,32423.743378049054,29406.62998046875,26389.51658288845,22.954832151609185,23.54617952697347,TTNP
2009-09-22,28044.19921875,28243.09375,27049.724609375,27248.619140625,27248.619140625,7,27805.525,28601.105078125,29277.3482421875,28509.613359375,24400.442087402345,12521.436506652832,42.795339910649105,-267.982949042409,83.21450455610096,-351.19745359851,32428.688892615966,29277.3482421875,26126.007591759037,15.873033686848842,21.496815579863533,TTNP
2009-09-23,27248.619140625,27845.3046875,26850.828125,27646.408203125,27646.408203125,9,27725.966796875,28501.657421875,29068.5083984375,28648.8398828125,24668.95036804199,12657.679597320557,45.02479710737325,-309.16912926793157,4.737777791294448,-313.906907059226,32067.209325518794,29068.5083984375,26069.80747135621,12.698423832058301,17.17542989017212,TTNP
2009-09-24,27447.513671875,27447.513671875,25856.353515625,26651.93359375,26651.93359375,4,27367.955859375,28083.9779296875,28740.331640625,28760.22109375,24925.524952392578,12788.950314941407,40.7490611191883,-417.2455170384346,-79.65888117465137,-337.5866358637833,31248.302541263365,28740.331640625,26232.360739986638,14.652018137043202,14.407825218650125,TTNP
2009-09-25,27248.619140625,27248.619140625,26055.248046875,26453.0390625,26453.0390625,10,27049.723828125,27765.7458984375,28471.82333984375,28811.933828125,25180.110591430664,12918.232084960937,39.93229592253957,-513.0320453681634,-166.33351401335378,-346.6985313548096,30740.534636892276,28471.82333984375,26203.112042795226,15.323564549480723,14.224668839527418,TTNP
2009-09-28,28839.779296875,28839.779296875,26651.93359375,26850.828125,26850.828125,6,26970.165625,27467.4033203125,28302.7625,28879.558125,25438.67412109375,13049.502800292968,42.41817347511222,-550.4994908359768,-243.16670937787836,-307.3327814580984,30525.052708955725,28302.7625,26080.472291044276,15.38461247932632,15.120065055283424,TTNP
2009-09-29,26453.0390625,27447.513671875,26055.248046875,26453.0390625,26453.0390625,8,26811.049609375,27308.2873046875,28133.7017578125,28947.1824609375,25544.088486328124,13179.779045257568,40.60833998653576,-605.3132893838556,-315.5960253790738,-289.7172640047818,30378.573649076774,28133.7017578125,25888.82986654823,14.102564586778938,14.936913871862004,TTNP
2009-09-30,26453.0390625,28441.98828125,26254.14453125,27447.513671875,27447.513671875,5,26771.270703125,27248.61875,28083.97802734375,29046.6299609375,25677.348154296877,13315.027663269044,46.727796614805264,-562.0291081320902,-364.8826419296771,-197.14646620241308,30343.34136962669,28083.97802734375,25824.61468506081,20.51281663910176,16.66666456840235,TTNP
2009-10-01,28839.779296875,34607.734375,26453.0390625,32419.888671875,32419.888671875,25,27924.86171875,27646.4087890625,28272.92822265625,29201.768046875,25838.453115234373,13475.138156280518,65.73710484145028,-125.05541503589848,-316.9171965509214,191.86178151502293,31215.70059028183,28272.92822265625,25330.15585503067,39.102562726953394,24.57264798427804,TTNP
2009-10-02,32419.888671875,32618.78515625,29834.25390625,30232.044921875,30232.044921875,23,28680.662890625,27865.193359375,28352.48623046875,29281.3260546875,25987.62439453125,13624.309430541993,56.229577468704846,44.19917830198392,-244.69392158034032,288.89309988232424,31414.37135992109,28352.48623046875,25290.601101016407,51.92307684604308,37.179485404032754,TTNP
2009-10-05,30430.939453125,31027.625,28839.779296875,30828.728515625,30828.728515625,16,29476.24296875,28223.204296875,28491.7126953125,29333.03875,26136.795654296875,13776.464122772217,58.01311851263424,223.90105032394786,-150.9749271994827,374.87597752343055,31732.84698851131,28491.7126953125,25250.57840211369,60.606060606060595,50.54390005968569,TTNP
2009-10-06,29834.25390625,30828.728515625,28640.884765625,29834.25390625,29834.25390625,19,30152.4859375,28481.7677734375,28541.43642578125,29281.3260546875,26281.9890234375,13922.651967010497,54.05938193118236,282.81022850698355,-64.21789605818944,347.028124565173,31832.532750389713,28541.43642578125,25250.340101172784,50.757577617401296,54.42890502316832,TTNP
2009-10-07,29834.25390625,29834.25390625,28441.98828125,28640.884765625,28640.884765625,4,30391.16015625,28581.2154296875,28541.43642578125,29217.6796484375,26411.27080078125,14062.872965545654,49.68355654674433,230.5436961673986,-5.265577613071827,235.80927378047042,31832.532750389713,28541.43642578125,25250.340101172784,44.69697155679523,52.02020326008571,TTNP
2009-10-08,28441.98828125,32022.099609375,28441.98828125,29834.25390625,29834.25390625,5,29874.033203125,28899.4474609375,28491.7126953125,29189.8343359375,26524.64095703125,14210.055284729004,53.718017738023924,282.16439348775384,52.22041660709331,229.94397688066053,31671.23461017216,28491.7126953125,25312.190780452842,40.90909462874199,45.45454793431284,TTNP
2009-10-09,29834.25390625,30430.939453125,28839.779296875,30430.939453125,30430.939453125,3,29913.812109375,29297.2375,28531.49169921875,29173.922734375,26600.22107421875,14359.22655670166,55.63353399080378,366.99125816480955,115.17458491863657,251.81667324617297,31786.267370216232,28531.49169921875,25276.716028221268,43.1818237612948,42.92929664894401,TTNP
2009-10-12,30430.939453125,30828.728515625,29436.46484375,29635.359375,29635.359375,6,29675.13828125,29575.690625,28521.54697265625,29142.09953125,26677.79013671875,14504.41992828369,52.51276351838492,365.80373840991524,165.3004156168923,200.50332279302293,31761.521659854334,28521.54697265625,25281.57228545817,46.96970068934805,43.68687302646162,TTNP
2009-10-13,37790.0546875,41171.26953125,34408.83984375,35602.2109375,35602.2109375,133,30828.7296875,30490.6078125,28899.44755859375,29265.414453125,26809.060859375,14679.447557678222,67.31951273811417,836.6928006998423,299.5788926334823,537.11390806636,33361.26207997994,28899.44755859375,24437.63303720756,53.0303106145268,47.72727835505655,TTNP
2009-10-14,35403.31640625,38386.7421875,34408.83984375,36994.4765625,36994.4765625,38,32499.448046875,31445.3041015625,29346.96142578125,29412.596796875,26920.44208984375,14861.436515197754,69.69401596594659,1307.151941517306,501.0935024102471,806.058439107059,35009.67483440504,29346.96142578125,23684.24801715746,59.728878731708214,53.24296334519436,TTNP
2009-10-15,36994.4765625,37392.265625,35801.10546875,36397.7890625,36397.7890625,22,33812.155078125,31843.094140625,29744.75146484375,29551.82328125,26982.09953125,15040.442035217286,67.4326845642198,1613.2499641917602,723.5247947665497,889.7251694252105,36164.44104313156,29744.75146484375,23325.06188655594,68.14195502180291,60.300381456012644,TTNP
2009-10-16,36994.4765625,36994.4765625,34607.734375,34806.62890625,34806.62890625,17,34687.29296875,32300.5525390625,30082.87294921875,29675.1381640625,27027.84537109375,15212.486229400634,61.684915193864285,1707.7555824359442,920.3709523004286,787.3846301355156,36813.4936328421,30082.87294921875,23352.252265595394,66.2280755591441,64.69963643755175,TTNP
2009-10-19,34408.83984375,35005.5234375,32220.994140625,34806.62890625,34806.62890625,9,35721.546875,32698.342578125,30460.7734375,29754.696171875,27091.49177734375,15383.535948638915,61.684915193864285,1762.3368436536293,1088.7641305710688,673.5727130825605,37359.04820795219,30460.7734375,23562.498667047814,61.21637287240071,65.19546781778257,TTNP
2009-10-20,34408.83984375,34806.62890625,32817.6796875,34011.05078125,34011.05078125,5,35403.31484375,33116.022265625,30798.89501953125,29870.0553125,27147.18240234375,15551.602252197266,58.77959643085414,1721.5514076429354,1215.3215859854422,506.2298216574932,37697.169933583195,30798.89501953125,23900.62010547931,55.52647579307268,60.990308074872495,TTNP
2009-10-21,34408.83984375,35403.31640625,34209.9453125,34209.9453125,34209.9453125,17,34846.40859375,33672.9283203125,31127.071875,30001.3260546875,27224.75146484375,15719.668553466798,59.29575038862337,1685.844417162847,1309.426152220923,376.418264941924,38018.72006615762,31127.071875,24235.42368384238,51.33240068159444,56.02508311568928,TTNP
2009-10-22,34011.05078125,36198.89453125,33812.15625,34011.05078125,34011.05078125,7,34369.0609375,34090.6080078125,31495.027734375,30124.6409765625,27294.3647265625,15887.734857025147,58.50678502117033,1622.7907222178983,1372.099066220318,250.69165599758026,38174.200068726765,31495.027734375,24815.855400023236,46.80462941494204,51.221168629869716,TTNP
2009-10-23,34011.05078125,34806.62890625,34011.05078125,34209.9453125,34209.9453125,2,34249.72421875,34468.50859375,31882.873046875,30247.9558984375,27375.91169921875,16055.801158294678,59.092946471064025,1570.7625680192286,1411.8317665801,158.93080143912857,38238.93099689372,31882.873046875,25526.815096856277,44.79167945296728,47.642903183167924,TTNP
2009-10-26,34209.9453125,34209.9453125,32220.994140625,33016.57421875,33016.57421875,8,33891.71328125,34806.630078125,32191.1603515625,30347.4033984375,27457.45865234375,16217.90060409546,54.15010350620537,1416.9016469317394,1412.8457426504278,4.055904281311541,38125.136157490495,32191.1603515625,26257.184545634504,41.66667689570715,44.42099525453883,TTNP
2009-10-27,33414.36328125,33414.36328125,33016.57421875,33414.36328125,33414.36328125,2,33772.37578125,34587.8453125,32539.2265625,30454.8066796875,27535.0276953125,16381.98899520874,55.486678037266635,1311.9407747471596,1392.6647490697742,-80.7239743226146,37872.284448215665,32539.2265625,27206.168676784335,40.10417050255684,42.187508950410425,TTNP
2009-10-28,33016.57421875,33414.36328125,32817.6796875,32817.6796875,32817.6796875,12,33493.92265625,34170.165625,32807.73486328125,30486.6298828125,27608.61884765625,16543.09396835327,52.99130554459743,1167.1568899188205,1347.5631772395834,-180.40628732076289,37601.847792540735,32807.73486328125,28013.62193402177,35.752689023576096,39.174512140613366,TTNP
2009-10-29,32817.6796875,33414.36328125,32817.6796875,33414.36328125,33414.36328125,7,33374.58515625,33871.823046875,32857.45859375,30538.342578125,27696.13263671875,16707.18235946655,55.162852943567884,1088.0199803391406,1295.654537859495,-207.6345575203543,37655.0771336994,32857.45859375,28059.840053800603,35.0729519690701,36.976603831734344,TTNP
2009-10-30,33613.2578125,34408.83984375,33613.2578125,34209.9453125,34209.9453125,11,33374.58515625,33812.1546875,33056.35361328125,30609.9448046875,27799.55806640625,16875.248660736084,57.95194342505074,1077.084273271419,1251.9404849418797,-174.85621167046065,37730.34456479946,33056.35361328125,28382.362661763043,29.459531362876874,33.42839078517436,TTNP
2009-11-02,34408.83984375,34408.83984375,34011.05078125,34011.05078125,34011.05078125,16,33573.48046875,33732.596875,33215.4697265625,30693.4807421875,27920.88404296875,17042.320489349364,56.99738584735786,1040.3757165429051,1209.6275312620849,-169.25181471917972,37790.92011818678,33215.4697265625,28640.019334938213,28.384265781496392,30.972249704481126,TTNP
2009-11-03,34209.9453125,36198.89453125,33812.15625,36198.89453125,36198.89453125,15,34130.38671875,33951.38125,33533.7017578125,30820.7735546875,28081.98900390625,17220.331536712645,64.01830384666944,1174.2881639317566,1202.559657796019,-28.27149386426254,38008.44201973825,33533.7017578125,29058.961495886753,42.72585568958288,33.52321761131872,TTNP
2009-11-04,36198.89453125,36795.58203125,35403.31640625,36198.89453125,36198.89453125,16,34806.6296875,34150.276171875,33911.60224609375,30908.28734375,28255.02767578125,17398.342584075926,64.01830384666945,1265.823122268528,1215.212350690521,50.61077157800719,37922.18626536518,33911.60224609375,29901.01822682233,63.09621065325471,44.73544404144466,TTNP
2009-11-05,35801.10546875,38585.63671875,35801.10546875,37988.94921875,37988.94921875,14,35721.546875,34548.066015625,34319.33701171875,31003.756953125,28430.05529296875,17585.30390487671,68.84496345170466,1465.9095960677878,1265.3517997659742,200.5577963018136,38246.14123263932,34319.33701171875,30392.532790798185,83.62710871706798,63.14972501996852,TTNP
2009-11-06,38386.7421875,38386.7421875,37591.16015625,37790.0546875,37790.0546875,7,36437.56875,34906.076953125,34687.2927734375,31123.0939453125,28557.34810546875,17771.27075302124,67.757379310263,1590.1007500151463,1330.3015898158087,259.7991601993376,38463.99434244876,34687.2927734375,30910.591204426237,87.15274563444977,77.95868833492415,TTNP
2009-11-09,37790.0546875,38784.53125,37591.16015625,37591.16015625,37591.16015625,11,37153.590625,35363.535546875,35085.0828125,31270.27625,28710.49728515625,17956.243128509523,66.62392096527121,1653.4144749737316,1394.9241668473933,258.4903081263383,38280.800263027544,35085.0828125,31889.365361972446,86.64770288806157,85.80918574652644,TTNP
2009-11-10,37591.16015625,40773.48046875,35801.10546875,40574.5859375,40574.5859375,18,38028.72890625,36079.5578125,35333.7015625,31485.082890625,28881.54701171875,18157.127107849123,73.72428462533126,1922.1709944572503,1500.3735323693647,421.7974620878856,39326.04542350988,35333.7015625,31341.357701490117,88.9975228642712,87.59932379559417,TTNP
2009-11-11,40773.48046875,46541.4375,40773.48046875,45745.85546875,45745.85546875,31,39938.12109375,37372.375390625,35771.2705078125,31831.160234375,29118.23208984375,18382.8729598999,81.19282166650193,2523.353062135706,1704.9694383226329,818.383623813073,41796.54214071815,35771.2705078125,29745.998874906847,91.31234233582296,88.98585602938523,TTNP
2009-11-12,46143.64453125,46143.64453125,44154.6953125,45149.171875,45149.171875,7,41370.165625,38545.85625,36208.8396484375,32161.3259765625,29352.92822265625,18605.635393981935,78.42297388027897,2918.009802130102,1947.5775110841266,970.4322910459753,43492.28203165544,36208.8396484375,28925.39726521955,94.13221056805749,91.4806919227172,TTNP
2009-11-13,44950.27734375,46143.64453125,44950.27734375,46143.64453125,46143.64453125,7,43040.88359375,39739.226171875,36775.6904296875,32511.381171875,29605.5248828125,18833.370191345213,79.6679279845563,3273.291279807985,2212.7202648288985,1060.5710149790866,45208.36997628771,36775.6904296875,28343.010883087292,93.9412118315679,93.12858824514943,TTNP
2009-11-16,46541.4375,48331.4921875,45546.9609375,47734.8046875,47734.8046875,15,45069.6125,41111.6015625,37422.09921875,32905.19328125,29868.06630859375,19069.060789489748,81.50652292041988,3641.273404073472,2498.430892677813,1142.8425113956591,47049.336800314166,37422.09921875,27794.861637185837,94.51101153008022,94.19481130990185,TTNP
2009-11-17,47734.8046875,49325.96875,46143.64453125,47337.015625,47337.015625,7,46422.0984375,42225.413671875,38088.3974609375,33275.1380078125,30116.685078125,19302.76244232178,79.56932619366756,3856.350033152441,2770.0147207727387,1086.3353123797024,48492.33677456789,38088.3974609375,27684.45814730711,93.73568338670304,94.0626355827837,TTNP
2009-11-18,46939.2265625,47734.8046875,43955.80078125,46939.2265625,46939.2265625,21,46660.77265625,43299.446875,38724.8615234375,33641.10484375,30367.2928125,19534.47514984131,77.58352596352974,3949.177893876389,3005.8473553934687,943.3305384829205,49646.42570508088,38724.8615234375,27803.297341794125,89.63858010776066,92.6284250081813,TTNP
2009-11-19,47138.12109375,47535.91015625,44950.27734375,45546.9609375,45546.9609375,4,46740.33046875,44055.248046875,39301.65703125,33935.4694921875,30607.95580078125,19759.22652923584,70.91286519260578,3865.8374740005456,3177.845379114884,687.9920948856616,50383.80473297574,39301.65703125,28219.509329524255,82.80097370056706,88.72507906501023,TTNP
2009-11-20,44950.27734375,45745.85546875,44751.3828125,44950.27734375,44950.27734375,3,46501.65703125,44771.2703125,39838.6736328125,34241.7678515625,30846.62984375,19980.994490661622,68.20622794492294,3708.8884540949657,3284.0539941109005,424.83445998406523,50922.749011617736,39838.6736328125,28754.59825400726,77.41533237109358,83.28496205980709,TTNP
2009-11-23,45745.85546875,45745.85546875,44950.27734375,45348.06640625,45348.06640625,3,46024.309375,45546.9609375,40455.2482421875,34552.0441015625,31089.28177734375,20204.7513973999,69.05423538594306,3575.388623495499,3342.32091998782,233.06770350767874,51322.56362689319,40455.2482421875,29587.932857481814,72.95481270571732,77.72370625912596,TTNP
2009-11-24,45348.06640625,45745.85546875,43756.90625,43756.90625,43756.90625,3,45308.2875,45865.19296875,40972.375390625,34866.2982421875,31323.97791015625,20420.552503356932,61.937849786459196,3303.1194147096394,3334.480618932184,-31.36120422254453,51426.76387745373,40972.375390625,30517.98690379626,67.34898253227485,72.5730425363619,TTNP
2009-11-25,45745.85546875,45745.85546875,41966.8515625,42762.4296875,42762.4296875,9,44472.928125,45566.850390625,41469.612890625,35160.6628515625,31550.71822265625,20631.381226501464,57.9202651629815,2972.82923287218,3262.150341720183,-289.32110884800295,51249.505762377354,41469.612890625,31689.72001887265,60.57421676432434,66.95933733410548,TTNP
2009-11-27,41966.8515625,42762.4296875,41767.95703125,42762.4296875,42762.4296875,2,43916.021875,45328.176171875,41937.0162109375,35447.0716796875,31767.5137890625,20842.209949645996,57.92026516298149,2680.1764780665035,3145.755568989447,-465.5790909229436,50999.538317271086,41937.0162109375,32874.49410460392,53.92155362014114,60.614917638913425,TTNP
2009-11-30,42165.74609375,46740.33203125,40773.48046875,44751.3828125,44751.3828125,17,43876.24296875,45188.95,42464.0880859375,35781.2153515625,32014.1436328125,21062.983438415526,63.42341597169153,2579.0097373718454,3032.4064026659266,-453.39666529408123,50870.07968846853,42464.0880859375,34058.09648340647,56.372537268601086,56.95610255102218,TTNP
2009-12-01,46740.33203125,46740.33203125,43558.01171875,44154.6953125,44154.6953125,6,43637.56875,44830.9390625,42971.2703125,36119.336875,32246.85080078125,21280.77348968506,60.85229530387778,2422.758618737884,2910.4768458803183,-487.71822714243444,50448.74463222006,42971.2703125,35493.79599277993,52.393969520044756,54.229353469595644,TTNP
2009-12-02,44154.6953125,44751.3828125,43756.90625,43955.80078125,43955.80078125,9,43677.34765625,44492.817578125,43359.115625,36453.4805078125,32481.54693359375,21497.56906829834,59.97945274363224,2256.8636359051525,2779.7542038852853,-522.8905679801328,50165.86018908105,43359.115625,36552.371060918944,47.640210097403575,52.13557229534979,TTNP
2009-12-03,44154.6953125,44751.3828125,42961.32421875,43359.1171875,43359.1171875,6,43796.68515625,44134.806640625,43717.1267578125,36767.7346875,32708.28728515625,21711.38122894287,57.323048490165185,2053.570999302239,2634.517562968676,-580.9465636664368,49680.794291595856,43717.1267578125,37753.45922402914,35.65890835558792,45.2310293243454,TTNP
2009-12-04,43359.1171875,44751.3828125,43359.1171875,44154.6953125,44154.6953125,4,44075.13828125,43995.580078125,44025.4140625,37117.789921875,32939.0055078125,21929.171280212402,59.874766399929925,1934.3585447067671,2494.485759316294,-560.1272146095271,49379.01620206735,44025.4140625,38671.81192293265,35.65890835558792,39.652675602859794,TTNP
2009-12-07,44154.6953125,44751.3828125,43955.80078125,44353.58984375,44353.58984375,5,43995.5796875,43935.911328125,44353.5908203125,37475.8009375,33143.8673828125,22147.955804138182,60.51045740717532,1834.7807318361665,2362.544753820269,-527.7640219841023,48878.61617857366,44353.5908203125,39828.56546205134,37.209291703757636,36.17570280497781,TTNP
2009-12-08,44353.58984375,44353.58984375,43359.1171875,43756.90625,43756.90625,4,43916.021875,43776.7953125,44661.878125,37813.9225,33346.7403125,22363.756910095213,57.56409533160253,1688.2560535120574,2227.6870137586266,-539.4309602465692,47981.63761056803,44661.878125,41342.118639431974,41.41748912129352,38.09522972687967,TTNP
2009-12-09,43756.90625,44950.27734375,43359.1171875,44751.3828125,44751.3828125,6,44075.13828125,43876.24296875,44870.71796875,38179.889375,33563.53591796875,22584.530398864747,60.97474107181383,1633.5495948135504,2108.8595299696112,-475.3099351560609,47610.56421503576,44870.71796875,42130.871722464246,47.84705580878002,42.15794554461038,TTNP
2009-12-10,45348.06640625,45348.06640625,44353.58984375,44552.484375,44552.484375,8,44313.81171875,44055.2484375,44811.0494140625,38521.9887890625,33784.309375,22804.309395446777,59.93716288869112,1556.2059174023161,1998.3288074561522,-442.12289005383604,47523.90722509308,44811.0494140625,42098.191603031926,55.00467469876247,48.08973987627866,TTNP
2009-12-11,44751.3828125,44950.27734375,44552.484375,44751.3828125,44751.3828125,6,44433.14921875,44254.14375,44791.1599609375,38768.618671875,33985.193359375,23025.08288421631,60.65812200418949,1493.7410207991852,1897.4112501247587,-403.6702293255735,47499.63957179664,44791.1599609375,42082.68035007836,62.941184565100684,55.26430502421437,TTNP
2009-12-14,46740.33203125,46740.33203125,41767.95703125,44353.58984375,44353.58984375,6,44433.14921875,44214.364453125,44701.6572265625,39051.0495703125,34166.1878125,23243.86740814209,58.394763977549346,1396.0458248616924,1797.1381650721455,-401.09234021045313,47342.92008048295,44701.6572265625,42060.39437264205,63.333320240163665,60.42639316800892,TTNP
2009-12-15,44751.3828125,44751.3828125,42961.32421875,43756.90625,43756.90625,6,44433.14921875,44174.585546875,44502.7623046875,39309.613125,34321.3259375,23459.66851409912,55.075120591654624,1255.9959593139574,1688.909723920508,-432.91376460655056,46773.565440429185,44502.7623046875,42231.95916894582,58.88888743409228,61.72113074645219,TTNP
2009-12-16,43359.1171875,43756.90625,41966.8515625,42364.640625,42364.640625,9,43955.80078125,44015.46953125,44254.1435546875,39560.220859375,34420.77345703125,23668.508291931154,48.191032170013635,1020.8930124111575,1555.306381618638,-534.4133692074804,46307.681048033555,44254.1435546875,42200.606061341445,45.55554537197916,55.92591768207834,TTNP
2009-12-17,42165.74609375,42165.74609375,40773.48046875,41569.0625,41569.0625,6,43359.11640625,43836.4640625,43985.6353515625,39818.7844140625,34518.23203125,23873.370179138183,44.74896460819633,761.5965168330513,1396.5644086615207,-634.9678918284694,45967.711918770554,43985.6353515625,42003.55878435445,30.000008728779818,44.8148138449504,TTNP
2009-12-18,41370.1640625,41767.95703125,41370.1640625,41370.1640625,41370.1640625,4,42682.87265625,43558.0109375,43776.7955078125,40049.5026171875,34619.6684765625,24077.237574157716,43.904664115508375,533.898287199685,1224.0311843691536,-690.1328971694686,45929.64517572872,43776.7955078125,41623.94583989628,16.666666666666696,30.740740255808536,TTNP
2009-12-21,41569.0625,42762.4296875,40972.375,42364.640625,42364.640625,10,42285.0828125,43359.116015625,43647.513671875,40288.176640625,34731.0496875,24286.077351989745,49.07796422870845,428.7493910516059,1064.974825705644,-636.225434654038,45813.46170425903,43647.513671875,41481.56563949097,16.666666666666696,21.11111402070438,TTNP
2009-12-22,42762.4296875,43558.01171875,42165.74609375,42364.640625,42364.640625,7,42006.6296875,43219.889453125,43498.3423828125,40542.762265625,34842.4308984375,24494.917129821777,49.07796422870846,341.48174431392545,920.2762094273003,-578.7944651133748,45584.75061598905,43498.3423828125,41411.934149635956,21.111099472738086,18.148144268690473,TTNP
2009-12-23,42563.53515625,44154.6953125,42563.53515625,43558.01171875,43558.01171875,5,42245.30390625,43100.55234375,43488.39765625,40701.87828125,34983.6463671875,24709.723763122558,54.87029960329585,364.415820652619,809.104131672364,-444.688311019745,45571.67506369449,43488.39765625,41405.12024880551,33.333333333333364,23.70369982424603,TTNP
2009-12-24,44154.6953125,44154.6953125,43558.01171875,43955.80078125,43955.80078125,2,42722.6515625,43040.883984375,43548.0662109375,40841.104765625,35126.85078125,24926.51934173584,56.6407811255541,409.96368806153623,729.2760429501984,-319.3123548886622,45613.03368008046,43548.0662109375,41483.098741794536,42.22222076742562,32.222217857832334,TTNP
2009-12-28,43558.01171875,44552.484375,43558.01171875,44154.6953125,44154.6953125,8,43279.5578125,42981.215234375,43617.6794921875,40996.242890625,35274.0330859375,25144.309393005373,57.53776874164307,456.84361871739384,674.7895581036375,-217.9459393862437,45665.81558065757,43617.6794921875,41569.54340371743,52.22221640303572,42.59259016793155,TTNP
2009-12-29,44353.58984375,45546.9609375,44154.6953125,45348.06640625,45348.06640625,15,43876.24296875,43080.662890625,43647.513671875,41207.071640625,35441.10490234375,25368.066299743652,62.54453733006474,583.56440812051,656.5445281070121,-72.98011998650202,45776.619647292064,43647.513671875,41518.407696457936,62.22221203864583,52.2222164030357,TTNP
2009-12-30,44950.27734375,46143.64453125,44751.3828125,45348.06640625,45348.06640625,17,44472.928125,43239.77890625,43707.1822265625,41417.900390625,35586.29828125,25591.823206481935,62.544537330064756,676.1967712355327,660.4749767327162,15.721794502816465,45953.46363948537,43707.1822265625,41460.90081363963,69.99999127122022,61.48147323763391,TTNP
2009-12-31,45348.06640625,45944.75,45348.06640625,45944.75,45944.75,13,44950.27578125,43597.78984375,43806.6296875,41656.574375,35763.31484375,25818.563531188964,64.9416276929367,788.6647296306619,686.1129273123054,102.55180231835652,46255.139574573,43806.6296875,41358.119800427,79.99998690683033,70.74073007223211,TTNP
2010-01-04,45745.85546875,48132.59765625,45745.85546875,47933.703125,47933.703125,28,45745.85625,44234.25390625,44035.358984375,41931.04953125,35966.18779296875,26055.248621520997,71.49120454383085,1026.4559465541242,754.1815311606691,272.2744153934551,47060.65663027195,44035.358984375,41010.06133847805,86.87686762951357,78.95894860252135,TTNP
2010-01-05,47933.703125,48132.59765625,46342.54296875,46541.4375,46541.4375,9,46223.2046875,44751.38125,44154.69609375,42181.657265625,36153.14912109375,26284.97238372803,62.6658054155614,1089.998178371039,821.3448606027431,268.653317768296,47371.63534356941,44154.69609375,40937.75684393058,87.44744108948659,84.77476520861013,TTNP
2010-01-06,49524.86328125,49524.86328125,46541.4375,47138.12109375,47138.12109375,5,46581.215625,45228.729296875,44293.92265625,42440.22078125,36344.08833984375,26517.67956390381,64.67827938484086,1174.9590378045687,892.0676960431082,282.89134176146047,47764.2850574372,44293.92265625,40823.560255062795,82.800981216198,85.70842997839937,TTNP
2010-01-07,47734.8046875,47734.8046875,46143.64453125,46740.33203125,46740.33203125,6,46859.66875,45666.2984375,44443.0939453125,42714.6959375,36531.04966796875,26748.39779876709,62.268457111348965,1196.4015063031475,952.934458095116,243.46704820803143,48061.61758673737,44443.0939453125,40824.57030388764,73.09581776742847,81.11474669103767,TTNP
2010-01-08,46342.54296875,47337.015625,45745.85546875,46740.33203125,46740.33203125,8,47018.78515625,45984.53046875,44542.54140625,42981.2153125,36718.01099609375,26979.116033630373,62.26845711134897,1199.566955909686,1002.2609576580301,197.30599825165586,48296.28704403304,44542.54140625,40788.79576846696,69.4503096536137,75.11570287908005,TTNP
2010-01-11,46342.54296875,47138.12109375,46342.54296875,46939.2265625,46939.2265625,3,46819.88984375,46282.873046875,44661.878515625,43263.64625,36875.13806640625,27210.828741149904,63.066428344467276,1204.242960733507,1042.6573582731255,161.58560246038155,48558.34372214101,44661.878515625,40765.41330910899,68.46370194259185,70.33660978787799,TTNP
2010-01-12,46939.2265625,47138.12109375,45944.75,46541.4375,46541.4375,7,46819.88984375,46521.547265625,44751.38125,43526.187734375,37032.26515625,27440.552503356932,60.31884807481137,1162.4504699460886,1066.615980607718,95.83448933837053,48733.25823693287,44751.38125,40769.50426306713,65.55625086594098,67.8234208207155,TTNP
2010-01-13,46541.4375,46541.4375,45745.85546875,45745.85546875,45745.85546875,5,46541.43671875,46561.326171875,44820.99453125,43756.9059375,37183.42537109375,27666.298355407715,55.14433086702378,1052.9945334180957,1063.8916911697936,-10.897157751697932,48821.25808470922,44820.99453125,40820.73097779078,58.31372131296916,64.11122470716731,TTNP
2010-01-14,45944.75,46143.64453125,42563.53515625,45745.85546875,45745.85546875,8,46342.54140625,46601.105078125,44920.4419921875,43991.60203125,37342.54138671875,27892.044207458497,55.1443308670238,955.2385200879799,1042.161056953431,-86.9225368654511,48908.82087136498,44920.4419921875,40932.06311301002,50.29600008591246,58.055324088274176,TTNP
2010-01-15,43955.80078125,46143.64453125,43955.80078125,45546.9609375,45546.9609375,6,46103.8671875,46561.326171875,45079.5580078125,44178.563359375,37499.66845703125,28116.795586853026,53.80602630288923,851.8969114807696,1004.1082278588987,-152.21131637812903,48897.66952140413,45079.5580078125,41261.446494220865,44.76189140153004,51.12387093347053,TTNP
2010-01-19,45546.9609375,47337.015625,45348.06640625,47138.12109375,47138.12109375,9,46143.64609375,46481.76796875,45358.0109375,44397.347890625,37652.8176171875,28348.508291625978,61.794376812014505,888.1531917146494,980.9172206300489,-92.76402891539942,48914.78645019337,45358.0109375,41801.23542480663,51.42855806819671,48.828816518546375,TTNP
2010-01-20,46740.33203125,47535.91015625,46740.33203125,46939.2265625,46939.2265625,4,46223.20390625,46521.546875,45636.4640625,44576.3534375,37790.0551953125,28580.22099914551,60.38858732842749,890.571474969518,962.8480714979427,-72.27659652842465,48744.51353238704,45636.4640625,42528.414592612964,57.142846454557365,51.111098641428015,TTNP
2010-01-21,46740.33203125,46939.2265625,45149.171875,46342.54296875,46342.54296875,5,46342.54140625,46441.9890625,45835.3591796875,44747.403203125,37935.24857421875,28808.950288696287,56.254013205175355,834.7184874202576,937.2221546824056,-102.50366726214804,48566.74677573453,45835.3591796875,43103.971583640465,60.952378280306014,56.50792760102001,TTNP
2010-01-22,45745.85546875,46342.54296875,43359.1171875,45745.85546875,45745.85546875,6,46342.54140625,46342.54140625,46004.419921875,44910.497109375,38090.3866796875,29034.69614074707,52.3910502530057,733.8475599965386,896.5472357452322,-162.6996757486936,48226.71080907358,46004.419921875,43782.12903467642,54.28571161363934,57.46031211616755,TTNP
2010-01-25,44751.3828125,45348.06640625,43756.90625,44552.484375,44552.484375,3,46143.64609375,46123.756640625,46054.1435546875,44990.055078125,38237.568984375,29251.49171203613,45.64061497988558,551.2570018583356,827.4891889678529,-276.2321871095173,48092.11504022844,46054.1435546875,44016.17206914656,42.85713484091803,52.698408244954436,TTNP
2010-01-26,44154.6953125,44552.484375,41767.95703125,43756.90625,43756.90625,8,45467.403125,45805.524609375,46044.198828125,44950.27609375,38390.7181640625,29464.309392700194,41.77610346564351,338.45466853799735,729.6822848818817,-391.2276163438844,48124.531386485396,46044.198828125,43963.86626976461,33.30889521399286,43.483913889516714,TTNP
2010-01-27,43359.1171875,43558.01171875,41171.26953125,42364.640625,42364.640625,5,44552.4859375,45387.844921875,45954.69609375,44894.58546875,38527.95572265625,29671.16022003174,36.027056584354824,56.80823595325637,595.1074750961567,-538.2992391429003,48462.58875541995,45954.69609375,43446.80343208004,24.131416791055557,33.43248228198879,TTNP
2010-01-28,42165.74609375,43756.90625,41767.95703125,43756.90625,43756.90625,3,44035.35859375,45188.95,45875.1380859375,44846.850703125,38679.1159375,29884.97237548828,44.28421898338708,-53.43838628211961,465.3983028205014,-518.836689102621,48550.332250841566,45875.1380859375,43199.94392103343,28.149289621917905,28.529867208988748,TTNP
2010-01-29,43756.90625,43756.90625,42762.4296875,42762.4296875,42762.4296875,3,43438.6734375,44890.607421875,45745.85625,44747.403203125,38826.2982421875,30093.812148132325,40.28449893999459,-218.53642422970006,328.6113574104611,-547.1477816401612,48741.192366558294,45745.85625,42750.5201334417,27.935619142788422,26.73877518525393,TTNP
2010-02-01,42165.74609375,43756.90625,41171.26953125,43359.1171875,43359.1171875,5,43200.0,44671.823046875,45616.574609375,44667.845234375,38971.49162109375,30305.635358276366,43.577343323528794,-297.79729243103066,203.32962744216275,-501.1269198731934,48784.630228596776,45616.574609375,42448.51899015322,33.333353791414325,29.806087518706857,TTNP
2010-02-02,43756.90625,44552.484375,41171.26953125,43756.90625,43756.90625,7,43200.0,44333.7015625,45407.734765625,44604.198828125,39122.6518359375,30519.44751373291,45.72599767012587,-324.77010107957904,97.70968173781438,-422.4797828173934,48486.69180574748,45407.734765625,42328.777725502514,33.333353791414325,31.534108908538997,TTNP
2010-02-03,43558.01171875,44552.484375,43558.01171875,43756.90625,43756.90625,4,43478.453125,44015.46953125,45268.508203125,44568.397734375,39251.93361328125,30733.259669189454,45.72599767012587,-342.2015596950587,9.727433451239762,-351.92899314629847,48381.45389679076,45268.508203125,42155.56250945924,38.54169479652803,35.06946745978553,TTNP
2010-02-04,43558.01171875,43756.90625,43558.01171875,43756.90625,43756.90625,5,43478.453125,43756.905859375,45099.4474609375,44544.5303125,39393.14908203125,30947.071824645995,45.725997670125864,-351.95895251692855,-62.609843742393906,-289.34910877453467,48154.60741980927,45099.4474609375,42044.28750206574,40.62502301534112,37.50002386776112,TTNP
2010-02-05,43558.01171875,43756.90625,41171.26953125,43359.1171875,43359.1171875,5,43597.790625,43518.23203125,44930.38671875,44504.751328125,39528.39771484375,31158.89503479004,43.649888375987544,-387.3251660951282,-127.55290821294078,-259.77225788218743,47977.83248424104,44930.38671875,41882.94095325896,38.541694796528034,39.23613753613236,TTNP
2010-02-08,43756.90625,46740.33203125,43558.01171875,44353.58984375,44353.58984375,4,43796.68515625,43498.342578125,44811.049609375,44516.685,39691.49162109375,31375.690608215333,49.78780420388947,-331.2886239145664,-168.3000513532659,-162.98857256130051,47750.66162987515,44811.049609375,41871.43758887485,41.66668712474766,40.27780164553891,TTNP
2010-02-09,43359.1171875,44154.6953125,41767.95703125,42762.4296875,42762.4296875,2,43597.78984375,43398.894921875,44602.209765625,44516.685,39838.67392578125,31584.530380859374,41.920005943993374,-410.54013610740367,-216.74806830409347,-193.7920678033102,47500.55477576738,44602.209765625,41703.86475548262,37.320412749865504,39.17626489038037,TTNP
2010-02-10,42762.4296875,43756.90625,42762.4296875,42762.4296875,42762.4296875,3,43398.89453125,43438.673828125,44413.259375,44516.685,39981.87833984375,31793.37015350342,41.92000594399337,-467.9532566447306,-266.9891059722209,-200.96415067250967,47273.75445511549,44413.259375,41552.76429488451,35.385872813947394,38.12432422952015,TTNP
2010-02-11,42762.4296875,43558.01171875,42762.4296875,43160.22265625,43160.22265625,3,43279.5578125,43379.00546875,44283.977734375,44484.861796875,40133.03857421875,32004.19889099121,44.46456757561486,-475.8694731580763,-308.765179409392,-167.1042937486843,47125.53274296539,44283.977734375,41442.422725784614,30.62398141241736,34.443422325410054,TTNP
2010-02-12,42165.74609375,43558.01171875,42165.74609375,43160.22265625,43160.22265625,4,43239.77890625,43418.784765625,44154.69609375,44464.97234375,40292.154609375,32215.027628479005,44.46456757561486,-476.64862315391656,-342.3418681582969,-134.30675499561966,46953.397165587885,44154.69609375,41355.99502191211,33.333356713989126,33.1144036467846,TTNP
2010-02-16,42364.640625,43756.90625,41767.95703125,42961.32421875,42961.32421875,2,42961.32578125,43379.00546875,44025.4142578125,44445.0828125,40449.28166015625,32424.861873779297,43.362905446300296,-487.6937171887839,-371.4122379643943,-116.28147922438961,46793.63020395369,44025.4142578125,41257.198311671316,34.52382956437163,32.82705589692601,TTNP
2010-02-17,42762.4296875,43558.01171875,42762.4296875,43160.22265625,43160.22265625,1,43040.884375,43319.337109375,43826.5193359375,44441.104921875,40604.4198046875,32636.685086364745,44.83482485536681,-474.92297570968367,-392.1143855134522,-82.80859019623148,46217.482593051114,43826.5193359375,41435.55607882388,34.523829564371624,34.127005280910765,TTNP
2010-02-18,42762.4296875,43756.90625,42165.74609375,43160.22265625,43160.22265625,3,43120.44296875,43259.66875,43637.569140625,44421.21546875,40769.5026953125,32847.51382385254,44.834824855366804,-459.5051813803584,-405.59254468683343,-53.91263669352497,45567.56851602554,43637.569140625,41707.569765224456,34.523829564371624,34.523829564371596,TTNP
2010-02-19,43160.22265625,43359.1171875,43160.22265625,43160.22265625,43160.22265625,1,43120.44296875,43200.000390625,43478.453125,44397.348125,40936.57453125,33058.34256134033,44.83482485536681,-442.1891866051883,-412.9118730705044,-29.277313534683913,44963.65385701965,43478.453125,41993.25239298035,35.71432579540991,34.920661641384356,TTNP
2010-02-22,43160.22265625,43359.1171875,43160.22265625,43160.22265625,43160.22265625,1,43120.44296875,43180.1109375,43349.171484375,44385.414453125,41099.6684765625,33269.17129882812,44.83482485536681,-423.58333102230245,-415.046164660864,-8.537166361438437,44412.65523720819,43349.171484375,42285.68773154181,35.71432579540991,35.31749371839712,TTNP
2010-02-23,43160.22265625,44154.6953125,43160.22265625,43359.1171875,43359.1171875,2,43200.0015625,43080.663671875,43289.503125,44357.569140625,41268.7292578125,33406.408872070315,46.69801282096594,-388.31270286166546,-409.6994723010243,21.38676943935883,44198.99960160173,43289.503125,42380.006648398274,36.904798645792425,36.111150078870715,TTNP
2010-02-24,43160.22265625,44154.6953125,42762.4296875,42762.4296875,42762.4296875,2,43120.44296875,43080.663671875,43239.779296875,44321.768046875,41421.87841796875,33549.613286132815,42.10369856538644,-403.8528066918079,-408.530139179181,4.677332487373064,44150.36270879847,43239.779296875,42329.19588495153,34.52382956437163,35.714318001857954,TTNP
2010-02-25,43160.22265625,43160.22265625,41370.1640625,42165.74609375,42165.74609375,4,42921.54765625,43020.9953125,43229.8345703125,44270.0553125,41519.3369921875,33678.895053710934,38.070137942317395,-459.0244817673665,-418.6290076968181,-40.3954740705484,44181.83377462121,43229.8345703125,42277.83536600379,28.571441931803317,33.3333567139891,TTNP
2010-02-26,40773.48046875,42165.74609375,40773.48046875,41171.26953125,41171.26953125,4,42523.75703125,42822.1,43100.552734375,44206.40890625,41628.72923828125,33808.17681640625,32.484424444376295,-576.3505685728014,-450.17331987201476,-126.17724870078666,44377.824986283966,43100.552734375,41823.280482466034,17.698410219319864,26.93122723849824,TTNP
2010-03-01,40773.48046875,40773.48046875,37392.265625,38386.7421875,38386.7421875,21,41569.0609375,42344.751953125,42881.768359375,44099.005625,41704.309375,33920.552514648436,22.520763607148197,-883.8321561004486,-536.9050871177016,-346.9270689827471,45302.738109272876,42881.768359375,40460.79860947712,13.076572748310141,19.782141633144413,TTNP
2010-03-02,37988.94921875,38386.7421875,33812.15625,35801.10546875,35801.10546875,37,40057.45859375,41628.730078125,42503.8677734375,43967.734921875,41763.977890625,34022.98345703125,17.234552772337125,-1320.9259910597102,-693.7092679061033,-627.216723153607,46411.737286599964,42503.8677734375,38595.99826027504,13.53443958913813,14.769807518922683,TTNP
2010-03-03,34806.62890625,36198.89453125,33812.15625,35403.31640625,35403.31640625,7,38585.6359375,40853.039453125,42086.18828125,43844.42,41831.60220703125,34121.43650390625,16.58940072342206,-1680.0575990356592,-890.9789341320145,-789.0786649036447,47020.06752156325,42086.18828125,37152.30904093674,16.440429282737615,14.350480540061932,TTNP
2010-03-04,35403.31640625,35403.31640625,34806.62890625,35403.31640625,35403.31640625,4,37233.15,40077.348828125,41668.5087890625,43725.083046875,41887.29283203125,34205.96689453125,16.58940072342206,-1942.2825614209723,-1101.239659589806,-841.0429018311663,47327.06296115709,41668.5087890625,36009.95461696791,16.666666666666675,15.547178512847443,TTNP
2010-03-05,34806.62890625,35801.10546875,34806.62890625,35005.5234375,35005.5234375,4,36000.00078125,39261.87890625,41230.9396484375,43577.900703125,41933.038671875,34266.62987304688,15.899145841001822,-2157.3279675043814,-1312.457321172721,-844.8706463316603,47496.73267687988,41230.9396484375,34965.146619995125,14.102557323553748,15.736551090985982,TTNP
2010-03-08,34408.83984375,35801.10546875,33812.15625,34806.62890625,34806.62890625,12,35283.978125,38426.51953125,40803.315234375,43426.74046875,41984.7513671875,34331.270751953125,15.550744044587233,-2317.09213182894,-1513.3842833039648,-803.7078485249754,47576.58899911773,40803.315234375,34030.04146963226,12.179472168821384,14.316232053013906,TTNP
2010-03-09,34806.62890625,35801.10546875,33812.15625,34011.05078125,34011.05078125,5,34925.9671875,37491.712890625,40286.18828125,43235.80125,41968.839765625,34388.9503125,14.209437190318312,-2479.322798956964,-1706.5719864345647,-772.7508125223994,47463.488447008785,40286.18828125,33108.88811549121,7.692290260566767,11.324773250980604,TTNP
2010-03-10,35801.10546875,38784.53125,33812.15625,38187.84375,38187.84375,13,35482.87265625,37034.254296875,40057.458984375,43120.442109375,41980.7734375,34450.60776367188,42.33207678982062,-2244.980745223009,-1814.2537381922534,-430.72700703075543,47195.989992808354,40057.458984375,32918.927975941646,17.94870245383713,12.60682162774173,TTNP
2010-03-11,38585.63671875,39182.3203125,37392.265625,38983.42578125,38983.42578125,7,36198.89453125,36716.022265625,39868.5087890625,43017.01671875,42006.6298046875,34494.36466796875,45.96548757785466,-1972.330361653978,-1845.8690628845984,-126.46129876937948,46910.03933408324,39868.5087890625,32826.97824404176,31.41024817860098,19.01708029766826,TTNP
2010-03-12,38784.53125,38784.53125,37392.265625,37790.0546875,37790.0546875,6,36755.80078125,36377.90078125,39600.000390625,42865.856484375,42036.4640625,34532.154716796875,41.719359820315596,-1831.4363835824697,-1842.9825270241727,11.546143441702952,46527.603412602286,39600.000390625,32672.39736864771,43.589732937013025,30.98289452315035,TTNP
2010-03-15,36000.0,37790.0546875,36000.0,36795.58203125,36795.58203125,3,37153.59140625,36218.784765625,39281.768359375,42694.806796875,42056.35359375,34573.92268554687,38.525529645927726,-1779.509445893018,-1830.2879107979418,50.778464904923794,46109.982846193925,39281.768359375,32453.55387255607,39.10256361834908,38.03418157798767,TTNP
2010-03-16,36198.89453125,38784.53125,35801.10546875,38386.7421875,38386.7421875,4,38028.7296875,36477.3484375,39053.0392578125,42543.646640625,42100.1105078125,34623.646455078124,45.68964482156304,-1591.6164828640394,-1782.5536252111613,190.93714234712183,45676.303798476154,39053.0392578125,32429.774717148855,38.74795457835014,40.48008371123739,TTNP
2010-03-17,38386.7421875,38784.53125,37988.94921875,37988.94921875,37988.94921875,2,37988.95078125,36735.91171875,38794.4755859375,42344.7515625,42137.900546875,34681.32600585937,44.299703477049505,-1458.0015893044256,-1717.643218029814,259.6416287253885,45154.73335701298,38794.4755859375,32434.217814862022,42.59410450466862,40.14820756712259,TTNP
2010-03-18,37193.37109375,37790.0546875,37193.37109375,37392.265625,37392.265625,1,37670.71875,36934.806640625,38506.077734375,42161.768125,42171.7126953125,34733.0387109375,42.22470859339795,-1384.3008444009756,-1650.9747433040463,266.6738989030707,44564.25193869632,38506.077734375,32447.903530053685,50.12157257380539,43.82121055227469,TTNP
2010-03-19,37392.265625,37790.0546875,36795.58203125,37392.265625,37392.265625,2,37591.1609375,37173.480859375,38217.6798828125,41966.851015625,42203.5358984375,34789.72379882813,42.22470859339795,-1310.7825873466936,-1582.9363121125757,272.1537247658821,43899.6411550314,38217.6798828125,32535.718610593605,56.03173716935988,49.5824714159446,TTNP
2010-03-22,36795.58203125,38386.7421875,36198.89453125,36795.58203125,36795.58203125,4,37591.1609375,37372.376171875,37899.4478515625,41767.956015625,42241.3259765625,34849.39231445312,40.049111531566865,-1285.843811237537,-1523.517811937568,237.674000700031,43133.78869283115,37899.4478515625,32665.107010293854,57.88360489697434,54.67897154671317,TTNP
2010-03-23,35801.10546875,36795.58203125,35204.41796875,36795.58203125,36795.58203125,6,37272.92890625,37650.829296875,37571.27109375,41569.061015625,42275.1381640625,34905.0829296875,40.049111531566865,-1251.6513933601382,-1469.144528222082,217.49313486194387,42181.00321214852,37571.27109375,32961.53897535148,59.25927542367333,57.72487249666915,TTNP
2010-03-24,35403.31640625,37790.0546875,35204.41796875,36795.58203125,36795.58203125,5,37034.25546875,37511.603125,37272.9287109375,41366.188125,42314.9171875,34961.76801757813,40.04911153156687,-1210.5986284321407,-1417.4353482640938,206.83671983195313,41225.68859348928,37272.9287109375,33320.16882838572,55.55557980217666,57.56615337427474,TTNP
2010-03-25,36198.89453125,37591.16015625,35801.10546875,35801.10546875,35801.10546875,2,36716.0234375,37193.37109375,36954.6966796875,41151.381484375,42338.784609375,35017.45862304688,36.169737412968594,-1243.970249175938,-1382.7423284464626,138.7720792705245,40250.83753365518,36954.6966796875,33658.55582571981,49.382729519727775,54.73252824852589,TTNP
2010-03-26,36795.58203125,36795.58203125,35005.5234375,36397.7890625,36397.7890625,11,36517.128125,37054.14453125,36716.02265625,40964.42015625,42360.663046875,35080.110556640626,39.929531211207276,-1208.3411155088106,-1347.8620858589322,139.52097035012162,39388.62724122861,36716.02265625,34043.41807127139,46.913574858775554,50.6172947268933,TTNP
2010-03-29,36198.89453125,36397.7890625,34806.62890625,35801.10546875,35801.10546875,3,36318.2328125,36954.696875,36586.7408203125,40765.52515625,42378.56359375,35149.72381835937,37.547728690154045,-1214.2549742111078,-1321.1406635293674,106.88568931825967,39172.299567819864,36586.7408203125,34001.18207280514,40.74072457632667,45.67900965160997,TTNP
2010-03-30,35801.10546875,35801.10546875,35005.5234375,35005.5234375,35005.5234375,3,35960.22109375,36616.575,36546.96171875,40554.69640625,42366.6298828125,35224.30944335937,34.585421049474185,-1268.5159090295929,-1310.6157126294124,42.09980359981955,39203.16006043033,36546.96171875,33890.76337706966,29.91019571540124,39.18816505016779,TTNP
2010-03-31,35602.2109375,36198.89453125,35204.41796875,35602.2109375,35602.2109375,5,35721.546875,36377.901171875,36556.9064453125,40323.978203125,42360.663046875,35307.84536132812,38.50409680179013,-1248.9730128443116,-1298.2871726723922,49.31415982808062,39197.34578897716,36556.9064453125,33916.467101647846,20.527503535459974,30.392807942395933,TTNP
2010-04-01,35602.2109375,35801.10546875,34806.62890625,34806.62890625,34806.62890625,2,35522.6515625,36119.3375,36527.0720703125,40081.32625,42328.83984375,35379.44756835938,35.454393764847254,-1282.8935495185797,-1295.2084480416297,12.314898523050033,39231.67922569591,36527.0720703125,33822.464914929085,8.181827217183306,19.53984215601481,TTNP
2010-04-05,35204.41796875,35801.10546875,34806.62890625,35204.41796875,35204.41796875,4,35283.97734375,35900.552734375,36537.016796875,39858.56375,42302.9834765625,35430.16579101563,38.094564135051044,-1263.117138228983,-1288.7901860791003,25.6730478501172,39220.552710679236,36537.016796875,33853.48088307077,10.000003273291355,12.903111341978184,TTNP
2010-04-06,34806.62890625,35005.5234375,34408.83984375,34408.83984375,34408.83984375,4,35005.52421875,35661.878515625,36517.12734375,39631.8234375,42271.1602734375,35490.82877929688,35.01014194290927,-1296.6932232501931,-1290.3707935133189,-6.3224297368742555,39256.97434999941,36517.12734375,33777.28033750059,3.333323513459289,7.171718001311288,TTNP
2010-04-07,33812.15625,34806.62890625,32817.6796875,33613.2578125,33613.2578125,4,34727.07109375,35343.64609375,36497.2376953125,39413.03890625,42201.5469921875,35541.54700195313,32.20222946751018,-1371.687375281057,-1306.6341098668665,-65.05326541419049,39314.25507699061,36497.2376953125,33680.22031363439,8.095214914989318,7.142847233913293,TTNP
2010-04-08,33414.36328125,34209.9453125,33414.36328125,33613.2578125,33613.2578125,1,34329.28046875,35025.413671875,36268.5083984375,39210.1659375,42080.221015625,35599.22655273438,32.202229467510186,-1414.811712339062,-1328.2696303613056,-86.54208197775642,39238.04654268568,36268.5083984375,33298.97025418932,9.523782803060067,6.98410707716953,TTNP
2010-04-09,33414.36328125,33812.15625,33215.46875,33613.2578125,33613.2578125,4,34090.60625,34806.62890625,36000.0,39035.13828125,41964.861875,35658.895048828126,32.20222946751018,-1432.4753757054277,-1349.1107794301302,-83.36459627529757,38909.585126052065,36000.0,33090.414873947935,14.285674204590096,10.634890640879801,TTNP
2010-04-12,32618.78515625,33215.46875,32419.888671875,32419.888671875,32419.888671875,8,33533.700390625,34408.8388671875,35731.49169921875,38808.3979296875,41827.62431640625,35716.574599609376,27.995691765618226,-1525.187460777881,-1384.3261156996803,-140.86134507820066,38909.52238549214,35731.49169921875,32553.461012945358,9.523782803060067,11.111079936903382,TTNP
2010-04-13,32220.994140625,32817.6796875,30033.1484375,32220.994140625,32220.994140625,8,33096.13125,34050.827734375,35502.7623046875,38597.56921875,41672.4862109375,35770.276259765626,27.35433781607869,-1596.3103109967196,-1426.7229547590882,-169.5873562376314,38985.41524088988,35502.7623046875,32020.10936848512,14.163602309685805,12.657686439111963,TTNP
2010-04-14,31823.205078125,32817.6796875,31823.205078125,32817.6796875,32817.6796875,5,32937.015625,33832.043359375,35224.3091796875,38386.74046875,41527.2928515625,35821.98896484375,32.360600923542556,-1586.242924255108,-1458.6269486582921,-127.61597559681582,38629.77429360091,35224.3091796875,31818.844065774094,21.68241538272944,15.123266831825077,TTNP
2010-04-15,32817.6796875,33215.46875,31823.205078125,32817.6796875,32817.6796875,3,32777.9,33553.590234375,34965.745703125,38167.9559375,41386.0773828125,35876.68509765625,32.360600923542556,-1560.2785280985117,-1478.957264546336,-81.32126355217565,38276.25903942929,34965.745703125,31655.232366820714,35.40790444618104,23.75130737953207,TTNP
2010-04-16,33215.46875,35801.10546875,32022.099609375,32817.6796875,32817.6796875,8,32618.784375,33354.6953125,34737.01640625,37949.17140625,41258.7845703125,35933.370185546875,32.360600923542556,-1522.1551005900837,-1487.5968317550855,-34.558268834998216,37976.687364865895,34737.01640625,31497.3454476341,40.58953198587886,32.55995060492975,TTNP
2010-04-19,32220.994140625,33812.15625,31823.205078125,31823.205078125,31823.205078125,8,32499.44765625,33016.5740234375,34458.56337890625,37710.4973828125,41127.51384765625,35987.071845703125,28.30079845504984,-1554.2711293516913,-1500.9316912744066,-53.33943807728474,37694.81324175661,34458.56337890625,31222.31351605589,37.986254019020755,37.994563483693526,TTNP
2010-04-20,31823.205078125,36994.4765625,31624.30859375,34806.62890625,34806.62890625,41,33016.574609375,33056.3529296875,34359.11572265625,37539.4476171875,41022.09947265625,36055.690625,48.980032255790384,-1323.726845034129,-1465.490722026351,141.7638769922221,37419.451082620515,34359.11572265625,31298.780362691985,47.11789979648717,41.897895267128895,TTNP
2010-04-21,35801.10546875,36596.68359375,33215.46875,34607.734375,34607.734375,11,33374.585546875,33155.8005859375,34249.72333984375,37344.5305078125,40930.60775390625,36127.29283203125,47.9863883800659,-1143.8820054544558,-1401.168978711972,257.28697325751614,37103.29555271203,34249.72333984375,31396.151126975477,54.43931790924561,46.51449057491781,TTNP
2010-04-22,34607.734375,36596.68359375,33812.15625,34209.9453125,34209.9453125,12,33653.038671875,33215.4693359375,34120.44150390625,37173.4808203125,40845.08291015625,36197.90056640625,45.97742944712607,-1021.674697317052,-1325.270122432988,303.595425115936,36724.295640491226,34120.44150390625,31516.587367321277,64.76189140153004,55.439703035754235,TTNP
2010-04-23,34209.9453125,35204.41796875,33812.15625,33812.15625,33812.15625,4,33851.933984375,33235.3591796875,34020.99404296875,36994.4753515625,40755.58017578125,36261.546982421874,43.993937195841475,-946.0176751601975,-1249.41963297843,303.4019578182324,36509.88513373072,34020.99404296875,31532.102952206777,60.00000000000001,59.73373643692518,TTNP
2010-04-26,34011.05078125,34806.62890625,34011.05078125,34011.05078125,34011.05078125,3,34289.503125,33394.475390625,33901.65712890625,36811.4919140625,40648.17685546875,36331.16024414063,45.26539656141647,-860.0951718303477,-1171.5547407488134,311.4595689184657,36139.469124172894,33901.65712890625,31663.845133639603,57.14286515908199,60.63491885353731,TTNP
2010-04-27,34408.83984375,34408.83984375,32419.888671875,33414.36328125,33414.36328125,3,34011.05,33513.8123046875,33782.32001953125,36616.5747265625,40540.77353515625,36393.81216796875,42.17223342966612,-830.5743196849653,-1103.3586565360438,272.7843368510785,35850.34985565733,33782.32001953125,31714.290183405177,53.33333333333334,56.82539949747174,TTNP
2010-04-28,33414.36328125,33414.36328125,32022.099609375,32419.888671875,32419.888671875,9,33573.480859375,33474.033203125,33653.03828125,36405.746015625,40425.4144140625,36453.480673828126,37.56489496871058,-877.3115203795023,-1058.1492293047354,180.83770892523307,35722.31130498674,33653.03828125,31583.76525751327,46.66665731440437,52.38095193560653,TTNP
2010-04-29,31823.205078125,32817.6796875,30629.833984375,31027.625,31027.625,14,32937.016796875,33295.027734375,33424.308984375,36163.0940625,40302.0994921875,36505.193388671876,32.25240528834341,-1014.994901923601,-1049.5183638285084,34.523461904907435,35590.25604108453,33424.308984375,31258.361927665468,32.38094570076502,44.12697878283421,TTNP
2010-04-30,31027.625,31027.625,24861.87890625,27845.3046875,27845.3046875,52,31743.646484375,32797.790234375,33076.2427734375,35856.795703125,40139.0055859375,36539.005546875,23.92407189281045,-1365.1599135103024,-1112.6466737648673,-252.51323974543516,36246.356717653165,33076.2427734375,29906.12882922184,24.387199189861434,34.4782674016769,TTNP
2010-05-03,27646.408203125,27845.3046875,24265.193359375,24861.87890625,24861.87890625,60,29913.812109375,32101.6576171875,32559.1158203125,35490.828828125,39944.0884765625,36543.9779296875,18.976716634116865,-1861.94242179321,-1262.5058233705358,-599.4365984226743,37203.38864744473,32559.1158203125,27914.842993180275,14.52113280828919,23.763092566305176,TTNP
2010-05-04,24662.984375,24861.87890625,22276.2421875,24265.193359375,24265.193359375,16,28083.978125,31047.5140625,32051.93349609375,35112.9282421875,39749.17134765625,36547.95583007813,18.167529737529957,-2277.5396166739156,-1465.5125820312119,-812.0270346427037,37849.68035309538,32051.93349609375,26254.18663909212,14.263728521794386,17.724020173314965,TTNP
2010-05-05,24265.193359375,24265.193359375,23071.822265625,23469.61328125,23469.61328125,18,26293.923046875,29933.701953125,31544.75126953125,34715.1381640625,39536.35365234375,36549.94478515625,17.11934466810141,-2640.6601645741976,-1700.542098539809,-940.1180660343884,38387.89606588993,31544.75126953125,24701.60647317257,8.76971123485613,12.518190854979864,TTNP
2010-05-06,24861.87890625,24861.87890625,23071.822265625,23469.61328125,23469.61328125,7,24782.320703125,28859.66875,31037.56904296875,34329.2818359375,39325.52494140625,36554.91715820313,17.11934466810141,-2895.063327008047,-1939.4463442334568,-955.6169827745903,38652.391582100114,31037.56904296875,23422.746503837385,9.909914572378872,10.981118109676425,TTNP
2010-05-07,23071.822265625,24861.87890625,23071.822265625,23469.61328125,23469.61328125,7,23907.182421875,27825.414453125,30530.38681640625,33955.3591796875,39112.70724609375,36548.950302734374,17.119344668101405,-3061.3898693478623,-2163.8350492563377,-897.5548200915246,38720.90227109333,30530.38681640625,22339.87136171917,8.108113129228528,8.929246312154474,TTNP
2010-05-10,24066.298828125,25657.458984375,23469.61328125,24662.984375,24662.984375,5,23867.403515625,26890.6078125,30142.5416015625,33625.1934765625,38915.80119140625,36540.99450195312,25.20407757074299,-3061.617359493328,-2343.3915113037356,-718.2258481895924,38666.27825870289,30142.5416015625,21618.80494442211,10.960968854614796,9.659665518740695,TTNP
2010-05-11,24861.87890625,27248.619140625,24861.87890625,26850.828125,26850.828125,4,24384.53046875,26234.254296875,29874.03330078125,33394.4751953125,38746.74041015625,36534.033173828124,37.28288470342167,-2852.3765200404196,-2445.1885130510723,-407.1880069893473,38457.085339587415,29874.03330078125,21290.981261975085,18.90641376291349,12.658498582252236,TTNP
2010-05-12,25259.66796875,27248.619140625,25259.66796875,26651.93359375,26651.93359375,4,25020.99453125,25657.4587890625,29565.74599609375,33211.4917578125,38589.61333984375,36505.1933984375,36.70260913489965,-2671.801904499931,-2490.511191340844,-181.29071315908686,38146.65460452977,29565.74599609375,20984.837387657728,27.48576361258218,19.117715410036784,TTNP
2010-05-13,27248.619140625,27248.619140625,26055.248046875,27248.619140625,27248.619140625,2,25776.795703125,25279.558203125,29287.29296875,33048.3978125,38446.40890625,36482.32046875,39.733086786791525,-2452.2793341177858,-2482.8648198962323,30.585485778446582,37789.095661049425,29287.29296875,20785.490276450575,35.15772011963009,27.183299165041884,TTNP
2010-05-14,27845.3046875,27845.3046875,25259.66796875,25657.458984375,25657.458984375,2,26214.36484375,25060.7736328125,28929.28193359375,32853.4806640625,38289.28185546875,36454.475166015625,34.93042302447386,-2379.272667973735,-2462.146389511733,82.87372153799788,37409.28041753553,28929.28193359375,20449.28344965197,33.7991912242076,32.14755831880658,TTNP
2010-05-17,25259.66796875,27248.619140625,23867.40234375,26651.93359375,26651.93359375,3,26612.1546875,25239.7791015625,28670.718359375,32686.4088671875,38132.15478515625,36431.60223632812,39.82599335120594,-2215.6281867087528,-2412.842748951137,197.2145622423841,37097.18017077068,28670.718359375,20244.25654797932,35.6123780159505,34.856429786596024,TTNP
2010-05-18,24861.87890625,26850.828125,24861.87890625,25259.66796875,25259.66796875,1,26293.92265625,25339.2265625,28193.3703125,32495.4696484375,37961.10505859375,36401.76797851562,35.76865685671653,-2173.2312989745515,-2364.92045895582,191.6891599812684,36248.864545203265,28193.3703125,20137.876079796733,31.81882390431524,33.74346438149107,TTNP
2010-05-19,25856.353515625,25856.353515625,19889.501953125,21480.662109375,21480.662109375,32,25259.668359375,25140.3314453125,27537.01669921875,32244.861875,37740.3315625,36361.98896484375,27.561140694162408,-2416.7073523639992,-2375.277837637456,-41.4295147265434,35533.95761992382,27537.01669921875,19540.07577851368,27.29110744191073,31.574103120725443,TTNP
2010-05-20,20088.3984375,21480.662109375,18298.341796875,20287.29296875,20287.29296875,26,23867.403125,24822.0994140625,26840.88408203125,31886.850859375,37503.646484375,36315.2486328125,25.566083976913195,-2675.121657806001,-2435.246601671165,-239.8750561348361,34817.02131658492,26840.88408203125,18864.74684747758,21.14031285751377,26.750081401246536,TTNP
2010-05-21,20088.3984375,21480.662109375,20088.3984375,20883.978515625,20883.978515625,7,22912.70703125,24563.5359375,26194.4751953125,31524.8619140625,37270.93931640625,36272.48620117187,28.35848766071579,-2799.4984442812893,-2508.09697019319,-291.40147408809935,33896.72194847187,26194.4751953125,18492.22844215313,20.734131405692597,23.055183901705657,TTNP
2010-05-24,21480.662109375,21480.662109375,20685.08203125,20685.08203125,20685.08203125,5,21719.33671875,24165.745703125,25528.1767578125,31182.7624609375,37024.30947265625,36232.7071875,27.98165631268,-2880.9079145550204,-2582.659159065556,-298.2487554894642,32697.53533751847,25528.1767578125,18358.81817810653,24.305559107305005,22.06000112350375,TTNP
2010-05-25,19491.712890625,20883.978515625,19093.921875,19889.501953125,19889.501953125,5,20645.303515625,23469.6130859375,24851.93369140625,30844.640859375,36769.723828125,36178.0110546875,26.46668310944303,-2975.324481092215,-2661.192223470888,-314.13225762132697,31446.706381883723,24851.93369140625,18257.16100092878,22.916667092876608,22.652119201958026,TTNP
2010-05-26,18895.02734375,21480.662109375,18895.02734375,20883.978515625,20883.978515625,4,20525.966796875,22892.817578125,24275.13818359375,30494.5855859375,36519.11611328125,36141.21547851562,31.46194910193864,-2936.059279164463,-2716.1656346096033,-219.89364455485975,30093.591564506816,24275.13818359375,18456.684802680684,22.916667092876608,23.37963109768603,TTNP
2010-05-27,21480.662109375,22077.34765625,20287.29296875,22077.34765625,22077.34765625,3,20883.977734375,22375.6904296875,23827.62431640625,30176.3535546875,36260.55255859375,36113.37017578125,36.99324052888674,-2776.639041032584,-2728.2603158941993,-48.37872513838465,28817.630939630948,23827.62431640625,18837.617693181553,27.777778914337606,24.53703770003023,TTNP
2010-05-28,21082.873046875,22475.138671875,21082.873046875,21878.453125,21878.453125,2,21082.87265625,21997.78984375,23529.28173828125,29866.0773046875,36013.92271484375,36083.53591796875,36.46503355512645,-2635.9607653192033,-2709.8004057792,73.83964045999664,28227.75334913136,23529.28173828125,18830.81012743114,34.722225347761736,28.47222378499194,TTNP
2010-06-01,21878.453125,22077.34765625,21082.873046875,22077.34765625,22077.34765625,1,21361.32578125,21540.33125,23390.05517578125,29559.7789453125,35763.31498046875,36053.70166015625,37.4272039712218,-2479.837073702518,-2663.8077393638637,183.97066566134572,28087.347886315612,23390.05517578125,18692.762465246888,38.88888775232907,33.79629733814276,TTNP
2010-06-02,21281.767578125,22872.927734375,20883.978515625,22077.34765625,22077.34765625,2,21798.894921875,21222.09921875,23280.662890625,29265.4142578125,35516.68513671875,36023.86740234375,37.42720397122181,-2329.2576905418355,-2596.897729599458,267.64003905762274,27993.216228097408,23280.662890625,18568.109553152593,38.88888775232907,37.500000284139915,TTNP
2010-06-03,22475.138671875,22475.138671875,21281.767578125,22077.34765625,22077.34765625,2,22037.56875,21281.7677734375,23211.049609375,28971.0495703125,35270.05529296875,35994.03314453125,37.4272039712218,-2184.7381431590584,-2514.465812311378,329.7276691523198,27951.432292603116,23211.049609375,18470.666926146885,39.5833303498638,39.120368618173934,TTNP
2010-06-04,21082.873046875,22276.2421875,20883.978515625,20883.978515625,20883.978515625,5,21798.894921875,21341.436328125,23081.76787109375,28652.8175,35009.5028125,35942.32043945313,33.612616907480245,-2141.8108150525077,-2439.934812859604,298.1239978070962,27926.7708486602,23081.76787109375,18236.764893527303,36.018520408996515,38.16357950372975,TTNP
2010-06-07,19889.501953125,21878.453125,19889.501953125,21878.453125,21878.453125,4,21798.894921875,21440.8837890625,23002.20986328125,28374.364453125,34762.87296875,35897.5690625,39.17599692796759,-2004.438884704894,-2352.835627228662,348.3967425237679,27871.321117853007,23002.20986328125,18133.09860870949,36.77756834065236,37.45980636650418,TTNP
2010-06-08,21878.453125,22475.138671875,20287.29296875,20685.08203125,20685.08203125,2,21520.441796875,21440.8837890625,22803.31474609375,28060.1103125,34512.265234375,35847.84530273438,35.347897081358354,-1969.1663896638347,-2276.1017797156965,306.93539005186176,27709.656481141632,22803.31474609375,17896.97301104587,34.10943932007759,35.63517602324211,TTNP
2010-06-09,20088.3984375,22276.2421875,20088.3984375,20883.978515625,20883.978515625,1,21281.76796875,21540.3314453125,22504.972265625,27761.7677734375,34263.64646484375,35803.09392578125,36.46227156692085,-1903.224215141192,-2201.5262668007954,298.3020516596034,27106.7603616912,22504.972265625,17903.184169558805,43.32039418391337,38.06913394821439,TTNP
2010-06-10,20088.3984375,21480.662109375,20088.3984375,20883.978515625,20883.978515625,2,21043.094140625,21540.3314453125,22216.57451171875,27479.336875,34017.016640625,35758.34254882813,36.462271566920855,-1829.870953448055,-2127.1952041302475,297.32425068219254,26450.93716970862,22216.57451171875,17982.21185372888,46.033577652201984,41.15447038539761,TTNP
2010-06-11,20486.1875,20486.1875,20287.29296875,20486.1875,20486.1875,2,20963.5359375,21381.2154296875,21878.4529296875,27177.01640625,33750.4973046875,35701.6574609375,35.06054160909427,-1783.279835664849,-2058.412130437168,275.1322947723188,25484.98526907416,21878.4529296875,18271.92059030084,48.84059655615548,46.0648561307569,TTNP
2010-06-14,20287.29296875,22872.927734375,20287.29296875,22872.927734375,22872.927734375,4,21162.430859375,21480.662890625,21739.2263671875,26938.3423828125,33509.83431640625,35649.944755859375,47.98194323924834,-1536.059313455331,-1953.9415670408005,417.88225358546947,24944.09111431464,21739.2263671875,18534.36162006036,63.333341516565724,52.735838574974345,TTNP
2010-06-15,22872.927734375,23668.5078125,21480.662109375,22872.927734375,22872.927734375,4,21600.0,21560.2208984375,21550.27607421875,26691.712578125,33275.1381640625,35605.19336914062,47.981943239248345,-1324.8630716848493,-1828.1258679696102,503.26279628476095,23907.91610054493,21550.27607421875,19192.636047892567,74.44444444444444,62.20612750572184,TTNP
2010-06-16,21878.453125,22475.138671875,21082.873046875,21878.453125,21878.453125,2,21798.894921875,21540.3314453125,21381.21533203125,26441.10484375,33036.464140625,35563.42541015625,43.77306968280006,-1223.6290839038775,-1707.2265111564636,483.59742725258616,23028.56555145283,21381.21533203125,19733.86511260967,78.65497710733855,72.1442543561162,TTNP
2010-06-17,22276.2421875,22872.927734375,21281.767578125,21480.662109375,21480.662109375,4,21918.231640625,21480.662890625,21381.21533203125,26198.4529296875,32805.74591796875,35521.65745117187,42.179272392900444,-1162.1028316591946,-1598.2017752570098,436.09894359781515,23028.56555145283,21381.21533203125,19733.86511260967,59.35672967984499,70.81871707720929,TTNP
2010-06-18,21480.662109375,21480.662109375,21082.873046875,21281.767578125,21281.767578125,1,22077.34765625,21520.441796875,21430.9390625,25951.823125,32580.99453125,35485.85634765625,41.36822630024297,-1116.5213962776434,-1501.8656994611365,385.34430318349314,23001.454166443684,21430.9390625,19860.42395855632,43.859656376640885,60.623787721274766,TTNP
2010-06-21,21281.767578125,21480.662109375,20088.3984375,20088.3984375,20088.3984375,3,21520.441796875,21341.436328125,21391.16005859375,25681.3259375,32358.232109375,35443.09391601563,36.79641210936933,-1163.2830932077377,-1434.1491782104567,270.86608500271905,23052.737054431138,21391.16005859375,19729.58306275636,28.070189039534995,43.762191698673576,TTNP
2010-06-22,20088.3984375,21281.767578125,19889.501953125,20486.1875,20486.1875,1,21043.09375,21321.546875,21381.21533203125,25442.6519140625,32125.524921875,35402.3204296875,39.20814808774144,-1154.9305021335058,-1378.3054429950666,223.37494086156084,23061.848651042947,21381.21533203125,19700.582013019553,19.298264655348994,30.409370023841575,TTNP
2010-06-23,20883.978515625,20883.978515625,19491.712890625,19491.712890625,19491.712890625,2,20565.745703125,21182.3203125,21361.32587890625,25188.0662890625,31892.81775390625,35359.557998046876,35.555404413488,-1214.556156004026,-1345.5555855968585,130.99942959283248,23119.719499755825,21361.32587890625,19602.932258056673,7.017560180775327,18.128671291886388,TTNP
2010-06-24,20486.1875,21082.873046875,19491.712890625,20883.978515625,20883.978515625,2,20446.408984375,21182.3203125,21361.32587890625,24949.392265625,31668.0663671875,35319.77899414062,43.49250697492496,-1136.3663915891448,-1303.7177467953156,167.35135520617087,23119.719499755825,21361.32587890625,19602.932258056673,16.374277828468596,14.230034221530923,TTNP
2010-06-25,21281.767578125,22674.033203125,20287.29296875,20883.978515625,20883.978515625,2,20366.851171875,21222.0994140625,21301.657421875,24710.7182421875,31439.33708984375,35280.99446289062,43.49250697492495,-1062.1565603058152,-1255.4055094974156,193.24894919160033,23039.685468457297,21301.657421875,19563.6293752927,22.222232613629643,15.204690207624473,TTNP
2010-06-28,20685.08203125,21878.453125,20486.1875,20685.08203125,20685.08203125,2,20486.187890625,21003.31484375,21241.9888671875,24468.0662890625,31208.61884765625,35230.27623046875,42.62276293564204,-1007.7769925518587,-1205.8798061083041,198.10281355644543,22978.65076026529,21241.9888671875,19505.326974109714,31.746035457248677,23.447515299782257,TTNP
2010-06-29,20883.978515625,20883.978515625,19093.921875,19292.818359375,19292.818359375,12,20247.5140625,20645.30390625,21102.76240234375,24217.4585546875,30963.97796875,35178.56352539062,37.0391299556014,-1064.751048705577,-1177.6540546277588,112.90300592218182,22989.226494032126,21102.76240234375,19216.298310655373,22.084205031840465,25.350824367572883,TTNP
2010-06-30,19292.818359375,20883.978515625,19093.921875,20486.1875,20486.1875,2,20446.408984375,20506.07734375,21023.20439453125,23931.0497265625,30735.248671875,35131.82319335938,43.83128720342427,-1002.0573886199636,-1142.5347214261997,140.47733280623606,22872.393000762313,21023.20439453125,19174.01578830019,21.118018736336996,24.982753075142,TTNP
2010-07-01,18895.02734375,20486.1875,18895.02734375,19690.607421875,19690.607421875,1,20207.734765625,20327.071875,20903.8673828125,23632.7071875,30488.61884765625,35090.055234375,40.680513467218674,-1004.9840442025161,-1115.024585981463,110.04054177894682,22773.480323239564,20903.8673828125,19034.254442385434,17.149771448273516,20.117331738816944,TTNP
2010-07-02,19889.501953125,20486.1875,18895.02734375,20486.1875,20486.1875,3,20128.1765625,20247.5138671875,20883.97783203125,23358.23203125,30265.85642578125,35052.26517578125,44.942701207233306,-932.3591209002152,-1078.4914929652134,146.1323720649982,22762.456565896642,20883.97783203125,19005.49909816586,26.811596677978013,21.693128954196126,TTNP
2010-07-06,20486.1875,20685.08203125,20287.29296875,20685.08203125,20685.08203125,1,20128.1765625,20307.1822265625,20824.30927734375,23095.690546875,30045.08294921875,35013.48064453125,45.98754823049185,-848.9678466360165,-1032.586763699374,183.61891706335746,22647.645969828027,20824.30927734375,19000.97258485947,31.666662575050456,25.209343567100614,TTNP
2010-07-07,19292.818359375,20685.08203125,19292.818359375,20287.29296875,20287.29296875,3,20327.071484375,20287.2927734375,20804.41982421875,22821.215390625,29816.35365234375,34974.69611328125,44.181645418080876,-805.6904162679275,-987.2074942130846,181.5170779451571,22642.020104667467,20804.41982421875,18966.81954377003,37.777777777777764,32.08534567693536,TTNP
2010-07-08,20088.3984375,20685.08203125,19491.712890625,19889.501953125,19889.501953125,1,20207.734375,20327.0716796875,20754.69599609375,22550.7181640625,29583.6464453125,34937.90052734375,42.389001150140565,-794.3345570690799,-948.6329067842837,154.2983497152038,22634.332657649713,20754.69599609375,18875.059334537786,35.43859105085266,34.96101046789357,TTNP
2010-07-09,20088.3984375,20088.3984375,19491.712890625,19889.501953125,19889.501953125,1,20247.51328125,20227.6240234375,20704.97216796875,22300.1104296875,29352.92822265625,34901.10494140625,42.38900115014056,-776.3852707216174,-914.1833795717505,137.79810885013308,22620.569593201417,20704.97216796875,18789.374742736083,29.21051952665485,34.14229611842837,TTNP
2010-07-12,19491.712890625,19491.712890625,18895.02734375,19292.818359375,19292.818359375,3,20008.839453125,20068.5080078125,20645.3037109375,22065.414296875,29114.2541796875,34859.3369921875,39.59425179308085,-801.0734353841835,-891.5613907342371,90.48795535005354,22656.40652435545,20645.3037109375,18634.20089751955,21.05262885875965,28.567246478755663,TTNP
2010-07-13,19292.818359375,19491.712890625,18895.02734375,19292.818359375,19292.818359375,4,19730.38671875,19929.281640625,20466.2982421875,21894.3645703125,28875.58013671875,34822.54141601562,39.59425179308085,-811.2869725370874,-875.5065070948071,64.21953455771973,22280.063459090463,20466.2982421875,18652.533025284534,15.789484564961318,22.017544316791884,TTNP
2010-07-14,19292.818359375,20486.1875,19093.921875,19292.818359375,19292.818359375,3,19531.491796875,19929.281640625,20287.2927734375,21782.983359375,28636.90609375,34786.7403125,39.59425179308085,-810.0435959755523,-862.4139248709562,52.37032889540387,21796.799426359903,20287.2927734375,18777.7861205151,10.526340271162985,15.789484564961263,TTNP
2010-07-15,19292.818359375,19889.501953125,19292.818359375,19690.607421875,19690.607421875,3,19491.712890625,19849.7236328125,20177.90048828125,21691.491640625,28402.20994140625,34750.939208984375,42.73780259177366,-768.1057136726304,-843.5522826312911,75.44656895866069,21517.897531519393,20177.90048828125,18837.90344504311,14.035103133695207,13.450309323273116,TTNP
2010-07-16,19690.607421875,19690.607421875,18895.02734375,18895.02734375,18895.02734375,2,19292.81796875,19770.165625,20048.61875,21599.999921875,28157.56904296875,34713.14915039062,38.430244816988264,-789.9601344689436,-832.8338529988216,42.87371852987803,21359.516204871175,20048.61875,18737.721295128827,10.52632304330754,11.695922149388522,TTNP
2010-07-19,18895.02734375,19093.921875,18099.447265625,18696.1328125,18696.1328125,4,19173.480859375,19591.16015625,19919.33701171875,21504.5303125,27916.90607421875,34669.39224609375,37.414960132203085,-813.9463796430464,-829.0563583276665,15.10997868462016,21228.271502647007,19919.33701171875,18610.402520790496,14.1604034358707,12.907276537624426,TTNP
2010-07-20,18696.1328125,19093.921875,17900.552734375,18895.02734375,18895.02734375,2,19093.92265625,19412.1546875,19859.66845703125,21413.03859375,27684.19888671875,34601.76793945312,39.14631560889891,-807.597049242213,-824.7644965105758,17.16744726836282,21239.23138126102,19859.66845703125,18480.10553280148,18.25396432007876,14.313563599752277,TTNP
2010-07-21,19093.921875,19093.921875,17900.552734375,18696.1328125,18696.1328125,1,18974.585546875,19253.038671875,19770.16572265625,21293.7015625,27459.44751953125,34544.08837890625,38.013806370465744,-809.2853478684301,-821.6686667821466,12.383318913716494,21206.622725509274,19770.16572265625,18333.708719803224,27.777777183984313,20.0640483133112,TTNP
2010-07-22,18696.1328125,18696.1328125,18099.447265625,18298.341796875,18298.341796875,4,18696.132421875,19093.92265625,19710.49716796875,21122.6518359375,27258.563515625,34481.4364453125,35.78405120698778,-833.118080541466,-823.9585495340104,-9.159531007455598,21281.138219621946,19710.49716796875,18139.856116315557,25.396811442650172,23.809517648904357,TTNP
2010-07-23,17900.552734375,20088.3984375,17900.552734375,18895.02734375,18895.02734375,2,18696.132421875,18994.4751953125,19611.049609375,20967.5137109375,27089.502734375,34426.7403125,41.34204397493619,-794.6973792606077,-818.1063154793299,23.408936218722147,21122.651593258448,19611.049609375,18099.447625491553,26.19046784023611,26.45501882229014,TTNP
2010-07-26,18895.02734375,21679.55859375,18099.447265625,20883.978515625,20883.978515625,6,19133.7015625,19153.5912109375,19611.049609375,20840.2208984375,26944.30935546875,34387.95578125,55.24677755968956,-596.8765382868805,-773.86036004084,176.98382175395943,21122.651593258448,19611.049609375,18099.447625491553,42.982445356744016,31.523241546543375,TTNP
2010-07-27,21480.662109375,23469.61328125,20883.978515625,23469.61328125,23469.61328125,7,20048.61875,19571.270703125,19750.276171875,20796.463984375,26824.97232421875,34356.132578125,66.39811828363077,-228.8252252999191,-664.8533330926558,436.0281077927367,21976.123877400474,19750.276171875,17524.428466349527,71.55388394846067,46.90893238181354,TTNP
2010-07-28,23867.40234375,23867.40234375,21878.453125,22077.34765625,22077.34765625,4,20724.86171875,19849.7236328125,19889.50263671875,20704.972265625,26695.69056640625,34314.36461914062,58.015386527197506,-48.92216412438211,-541.667099299001,492.74493517461894,22322.20910951332,19889.50263671875,17456.79616392418,82.98245813817793,65.83959581446082,TTNP
2010-07-29,21480.662109375,22872.927734375,21281.767578125,22276.2421875,22276.2421875,2,21520.441796875,20108.287109375,19979.00537109375,20645.30375,26570.38669921875,34277.56903320312,58.81531466675929,108.45127563279675,-411.6434243126415,520.0946999454383,22616.07123989051,19979.00537109375,17341.93950229699,81.11111074741181,78.5491509446834,TTNP
2010-07-30,21878.453125,22077.34765625,20685.08203125,21082.873046875,21082.873046875,5,21958.0109375,20327.0716796875,20048.61865234375,20637.34796875,26441.104921875,34204.97234375,52.36820380875613,135.31610438833377,-302.25151857244646,437.5676229607802,22724.773067614187,20048.61865234375,17372.464237073313,65.55555810145047,76.54970899568,TTNP
2010-08-02,20088.3984375,21082.873046875,20088.3984375,20685.08203125,20685.08203125,2,21918.231640625,20525.9666015625,20058.56337890625,20645.30375,26266.0773046875,34123.42537109375,50.38555580554578,123.08936664679277,-217.1833415285986,340.27270817539136,22742.614550414735,20058.56337890625,17374.51220739776,57.77777632298065,68.14814839061424,TTNP
2010-08-03,20486.1875,22674.033203125,20486.1875,22276.2421875,22276.2421875,2,21679.557421875,20864.0880859375,20138.12138671875,20673.1490234375,26099.00546875,34052.81763671875,57.34247833692464,239.03744080488104,-125.93918506190266,364.9766258667837,22981.346231875617,20138.12138671875,17294.896541561884,57.77777632298065,60.37037024913718,TTNP
2010-08-04,22475.138671875,22872.927734375,22276.2421875,22674.033203125,22674.033203125,1,21798.89453125,21261.878125,20257.4583984375,20712.928046875,25947.84525390625,33992.15465820312,58.89428289796178,358.88849227996616,-28.97364959352889,387.86214187349503,23308.47159844084,20257.4583984375,17206.445198434158,66.66666666666664,60.740739770875905,TTNP
2010-08-05,22872.927734375,22872.927734375,22077.34765625,22276.2421875,22276.2421875,1,21798.89453125,21659.6681640625,20376.79541015625,20760.6628515625,25802.65185546875,33929.502724609374,56.673991934279044,416.96637475582975,60.21435527634284,356.7520194794869,23545.349570242102,20376.79541015625,17208.241250070398,75.55555701035264,66.66666666666657,TTNP
2010-08-06,21878.453125,22276.2421875,21480.662109375,22276.2421875,22276.2421875,1,22037.568359375,21997.7896484375,20496.132421875,20788.508125,25641.54685546875,33870.828681640625,56.67399193427903,457.7172356727533,139.71493135562494,318.0023043171284,23760.616884278304,20496.132421875,17231.6479594717,75.55555701035264,72.59259356245724,TTNP
2010-08-09,21480.662109375,22276.2421875,20486.1875,21480.662109375,21480.662109375,2,22196.684375,22057.4580078125,20605.524609375,20776.5744140625,25476.463984375,33807.182265625,52.116650705977975,420.96332006580997,195.96460909766196,224.998710968148,23847.940220773467,20605.524609375,17363.10899797653,68.88888379709898,73.33333260593469,TTNP
2010-08-10,21480.662109375,21480.662109375,17900.552734375,21480.662109375,21480.662109375,3,22037.568359375,21858.562890625,20714.916796875,20768.61859375,25317.34794921875,33744.53032226562,52.116650705977975,387.3702144470808,234.24573016754573,153.12448427953507,23920.21334841583,20714.916796875,17509.620245334172,64.444438625256,69.62962647756915,TTNP
2010-08-11,21480.662109375,21480.662109375,19093.921875,20088.3984375,20088.3984375,3,21520.44140625,21659.66796875,20754.69580078125,20728.839609375,25144.30927734375,33673.92258789062,44.80433783728538,245.57258562816787,236.51110125967017,9.061484368497702,23907.730650644393,20754.69580078125,17601.660950918107,52.222222585921486,61.8518483360921,TTNP
2010-08-12,19491.712890625,20088.3984375,19491.712890625,19889.501953125,19889.501953125,1,21043.093359375,21420.9939453125,20764.64052734375,20685.0826953125,24975.2484765625,33608.2872265625,43.85763479469814,115.8126430919474,212.37140962612563,-96.55876653417823,23905.418844462878,20764.64052734375,17623.86221022462,43.333332242235485,53.3333311511376,TTNP
2010-08-13,20883.978515625,20883.978515625,19292.818359375,19889.501953125,19889.501953125,2,20565.7453125,21301.6568359375,20814.3642578125,20641.32578125,24806.18767578125,33540.66291992187,43.857634794698136,12.829068249131524,172.4629413507268,-159.63387310159527,23865.377442536916,20814.3642578125,17763.351073088084,34.44444189854949,43.33333224223543,TTNP
2010-08-16,19889.501953125,20883.978515625,19292.818359375,20883.978515625,20883.978515625,1,20446.40859375,21321.546484375,20923.75654296875,20641.32578125,24647.071640625,33480.9944140625,49.98571683076559,11.329194731268217,140.23619202683508,-128.90699729556687,23815.884324196875,20923.75654296875,18031.628761740623,38.888887070392485,38.88888707039243,TTNP
2010-08-17,19889.501953125,20685.08203125,19690.607421875,19690.607421875,19690.607421875,1,20088.39765625,21062.9830078125,20963.535546875,20597.5688671875,24485.96666015625,33412.37563476562,43.80644224854014,-85.17272156884064,95.15440930769994,-180.3271308765406,23763.36706762099,20963.535546875,18163.704026129006,39.777777501366444,37.70370215676942,TTNP
2010-08-18,20088.3984375,20486.1875,19690.607421875,20486.1875,20486.1875,4,20167.95546875,20844.1984375,21053.03828125,20593.5909765625,24326.85064453125,33343.75684570312,48.387245855795534,-96.3439292860894,56.85474158894206,-153.19867087503147,23665.38641775883,21053.03828125,18440.69014474117,46.00000178940066,41.55555545371981,TTNP
2010-08-19,20486.1875,20486.1875,19292.818359375,20088.3984375,20088.3984375,2,20207.734765625,20625.4140625,21142.54111328125,20577.679375,24169.72357421875,33274.143583984376,46.35262676447551,-135.73082431486546,18.337628408180557,-154.06845272304602,23479.366998960115,21142.54111328125,18805.715227602388,44.00000104745383,43.25926011274026,TTNP
2010-08-20,20088.3984375,20088.3984375,19292.818359375,19292.818359375,19292.818359375,5,20088.398046875,20327.0716796875,21162.4306640625,20545.856171875,24012.5965234375,33189.613203125,42.5032526314488,-228.50779019279435,-31.03145531201443,-197.47633488077992,23428.088199409598,21162.4306640625,18896.773128715402,41.333340665510256,43.77778116745486,TTNP
2010-08-23,18895.02734375,20287.29296875,18298.341796875,18895.02734375,18895.02734375,2,19690.6078125,20068.508203125,21062.98310546875,20514.03296875,23845.5246875,33103.0938671875,40.68399133470019,-330.3248354724492,-90.89013134410138,-239.43470412834782,23534.088373043007,21062.98310546875,18591.87783789449,30.666672951389742,38.66667155478455,TTNP
2010-08-24,18895.02734375,20287.29296875,18298.341796875,19690.607421875,19690.607421875,3,19690.6078125,19889.502734375,20874.0328125,20450.3865625,23694.36447265625,33011.602158203124,45.69078878039009,-342.86656174742166,-141.28541742476543,-201.58114432265623,23150.40308848071,20874.0328125,18597.662536519292,27.999999476273057,33.333337697724296,TTNP
2010-08-25,18696.1328125,19690.607421875,18298.341796875,18298.341796875,18298.341796875,2,19253.038671875,19710.4970703125,20685.08251953125,20358.89484375,23525.3037109375,32914.14359375,39.419932309932165,-459.8493138232843,-204.9981967044692,-254.85111711881513,23150.09698185663,20685.08251953125,18220.06805720587,21.69695822042387,26.7878768826955,TTNP
2010-08-26,18298.341796875,19690.607421875,18099.447265625,18497.23828125,18497.23828125,3,18934.806640625,19571.270703125,20496.13232421875,20291.270546875,23366.1876953125,32818.673984375,40.672620718882094,-530.3956329203465,-270.0776839476447,-260.31794897270186,23022.881670442228,20496.13232421875,17969.382977995272,19.575753451948817,23.09090371621519,TTNP
2010-08-27,18099.447265625,19690.607421875,18099.447265625,18497.23828125,18497.23828125,2,18775.690625,19432.0443359375,20366.8505859375,20231.6020703125,23215.0275,32708.28724609375,40.672620718882094,-579.6225708690981,-331.98666133193535,-247.63590953716277,23021.63301225933,20366.8505859375,17712.06815961567,13.13131716406735,18.134676278813284,TTNP
2010-08-30,19690.607421875,19690.607421875,18099.447265625,18099.447265625,18099.447265625,2,18616.574609375,19153.5912109375,20237.56884765625,20167.9556640625,23059.88939453125,32570.055205078126,38.811105675924026,-643.3179158546554,-394.25291223647935,-249.0650036181761,23064.047924623006,20237.56884765625,17411.089770689494,10.101020896767807,14.269363837594597,TTNP
2010-08-31,18099.447265625,19491.712890625,18099.447265625,18895.02734375,18895.02734375,5,18457.45859375,19074.033203125,20068.50810546875,20144.0882421875,22912.70708984375,32438.784482421874,44.30170678256686,-622.4253404133669,-439.8873978718569,-182.53794254151006,22789.51960396688,20068.50810546875,17347.49660697062,15.079367800926661,12.770568620587213,TTNP
2010-09-01,18099.447265625,19690.607421875,17502.76171875,17900.552734375,17900.552734375,11,18377.90078125,18815.4697265625,19829.83408203125,20092.375546875,22767.51373046875,32297.5690234375,39.52710870446909,-678.2946550985325,-487.568849317192,-190.7258057813405,22429.50642838783,19829.83408203125,17230.161735674672,13.445382739554619,12.875257145749636,TTNP
2010-09-02,17502.76171875,19292.818359375,17502.76171875,18895.02734375,18895.02734375,4,18457.45859375,18696.1326171875,19660.77333984375,20080.4418359375,22634.2540625,32153.37013671875,45.8159742917312,-635.0057487040212,-517.0562291945579,-117.94951950946336,22031.798513497986,19660.77333984375,17289.74816618951,27.170871803006218,18.565207447829106,TTNP
2010-09-03,17900.552734375,19292.818359375,17701.658203125,17900.552734375,17900.552734375,6,18338.121484375,18556.9060546875,19441.9888671875,20020.7733203125,22485.08279296875,32006.187822265623,41.201623648025645,-673.1847139723795,-548.2819261501222,-124.90278782225732,21605.74339336906,19441.9888671875,17278.234341005944,21.813742514997532,20.809999019186062,TTNP
2010-09-07,17900.552734375,19889.501953125,17502.76171875,18298.341796875,18298.341796875,6,18377.900390625,18497.2375,19282.8728515625,19969.0605859375,22339.8894140625,31862.9833984375,43.64650800278833,-663.6929272000416,-571.3641263601061,-92.32880083993552,21285.598501885706,19282.8728515625,17280.147201239295,26.781053393251,25.255222570418187,TTNP
2010-09-08,17502.76171875,18895.02734375,17502.76171875,18298.341796875,18298.341796875,5,18258.56328125,18358.0109375,19123.7568359375,19921.32578125,22194.69603515625,31726.740302734375,43.64650800278833,-648.6928899601699,-586.8298790801189,-61.86301088005098,20895.039749513606,19123.7568359375,17352.473922361394,21.94445176389166,23.513082557380002,TTNP
2010-09-09,17701.658203125,18298.341796875,17701.658203125,18298.341796875,18298.341796875,2,18338.12109375,18358.0109375,19034.25400390625,19901.43625,22059.44740234375,31593.480625,43.64650800278833,-629.5482124650007,-595.3735457570953,-34.17466670790543,20782.26871940755,19034.25400390625,17286.23928840495,27.301581051900342,25.34236206968094,TTNP
2010-09-10,17900.552734375,18895.02734375,17900.552734375,18099.447265625,18099.447265625,1,18179.005078125,18318.2318359375,18944.75126953125,19853.7014453125,21892.3755859375,31457.237529296875,42.54183618847734,-623.2407130745996,-600.9469792205962,-22.29373385400345,20691.747378406533,18944.75126953125,17197.75516065597,25.55555410075891,24.93386230551691,TTNP
2010-09-13,18099.447265625,18298.341796875,17900.552734375,18298.341796875,18298.341796875,1,18258.562890625,18298.3421875,18865.19326171875,19825.8561328125,21729.28166015625,31329.94470703125,44.06638502873087,-595.3302513661656,-599.82363364971,4.493382283544406,20577.424486885197,18865.19326171875,17152.9620365523,26.19047285038249,26.34920266768052,TTNP
2010-09-14,18099.447265625,18298.341796875,17900.552734375,18298.341796875,18298.341796875,1,18258.562890625,18318.231640625,18735.91142578125,19782.09921875,21570.165625,31207.624267578125,44.06638502873088,-566.6786901830201,-593.194644956372,26.51595477335195,20189.887330802496,18735.91142578125,17281.935520760006,27.77777777777776,26.50793490963966,TTNP
2010-09-15,18099.447265625,18298.341796875,17900.552734375,18298.341796875,18298.341796875,1,18258.562890625,18258.5630859375,18666.29814453125,19734.3644140625,21415.02748046875,31085.303828125,44.06638502873087,-537.773009026052,-582.110317770308,44.337308744256006,20062.960753651172,18666.29814453125,17269.63553541133,31.746028405938045,28.571426344699372,TTNP
2010-09-16,17900.552734375,18895.02734375,17701.658203125,17900.552734375,17900.552734375,8,18179.005078125,18258.5630859375,18537.01640625,19686.629609375,21253.9225,30951.049677734376,41.32726945959224,-540.7301013215765,-573.8342744805617,33.10417315898519,19694.032017945414,18537.01640625,17380.000794554588,27.777791416498413,29.100532533404678,TTNP
2010-09-17,17900.552734375,18497.23828125,17701.658203125,18099.447265625,18099.447265625,6,18179.005078125,18179.005078125,18437.56884765625,19650.828515625,21100.77333984375,30820.7734375,43.22745488838296,-521.0185147146913,-563.2711225273877,42.2526078126964,19362.805016023223,18437.56884765625,17512.332679289277,25.000020458080964,28.174613426839084,TTNP
2010-09-20,18099.447265625,18099.447265625,17502.76171875,17900.552734375,17900.552734375,5,18099.447265625,18179.005078125,18367.95556640625,19611.04953125,20955.57998046875,30690.497197265624,41.77060393910822,-515.5036614361961,-553.7176303091494,38.213968872953274,19232.86298762227,18367.95556640625,17503.04814519023,19.444478541246067,24.07409680527509,TTNP
2010-09-21,17502.76171875,18099.447265625,17502.76171875,17701.658203125,17701.658203125,5,17980.110546875,18119.33671875,18308.287109375,19579.226328125,20822.3203125,30562.20990234375,40.30765986681584,-521.1744522557638,-547.2089946984722,26.03454244270847,19184.102758804278,18308.287109375,17432.471459945722,16.666707582828614,20.370402194051824,TTNP
2010-09-22,17701.658203125,18497.23828125,17502.76171875,18497.23828125,18497.23828125,2,18019.88984375,18139.2263671875,18248.61865234375,19563.3147265625,20728.8396484375,30433.9226171875,48.13285307241236,-456.21299208157143,-529.0097941750921,72.79680209352068,18863.265195104577,18248.61865234375,17633.972109582923,22.222276777104824,19.444487633726443,TTNP
2010-09-23,17701.658203125,18497.23828125,17701.658203125,17701.658203125,17701.658203125,4,17980.1109375,18079.5580078125,18218.78447265625,19531.4915234375,20657.23744140625,30300.662958984376,42.17828740136953,-463.5833301763596,-515.9245013753456,52.34117119898599,18877.243831917473,18218.78447265625,17560.32511339503,19.44450581868737,19.44449672620688,TTNP
2010-09-24,17502.76171875,18497.23828125,17303.8671875,17303.8671875,17303.8671875,4,17820.994921875,18000.0,18159.11591796875,19483.75671875,20587.6241796875,30168.397763671874,39.544104177477195,-495.8074273070197,-511.9010865616804,16.093659254660736,18914.916688778405,18159.11591796875,17403.315147159094,16.66670758282861,19.44449672620688,TTNP
2010-09-27,17303.8671875,18497.23828125,17303.8671875,18099.447265625,18099.447265625,5,17860.773828125,17980.110546875,18139.2263671875,19467.8451171875,20533.92251953125,30035.1380859375,46.712122007870065,-451.93892250417775,-499.9086537501799,47.96973124600214,18879.158223063114,18139.2263671875,17399.294511311888,19.444464902525407,18.51855943468041,TTNP
2010-09-28,18099.447265625,20883.978515625,18099.447265625,20287.29296875,20287.29296875,11,18377.90078125,18179.0056640625,18248.61865234375,19499.6683203125,20502.09931640625,29913.81212890625,60.56074501047403,-237.8897082640142,-447.50486465294676,209.61515638893258,19441.159642288403,18248.61865234375,17056.077662399097,44.44444141361845,26.851871299657432,TTNP
2010-09-29,20287.29296875,20486.1875,19292.818359375,20486.1875,20486.1875,4,18775.690625,18397.790234375,18328.17666015625,19531.4915234375,20472.26505859375,29792.48615234375,61.539302087818214,-51.61010819534931,-368.3259133614273,316.715805166078,19849.560943171313,18328.17666015625,16806.792377141184,74.07406296104546,45.98765642572971,TTNP
2010-09-30,19690.607421875,20883.978515625,19690.607421875,19889.501953125,19889.501953125,2,19213.259375,18596.68515625,18427.62412109375,19555.35890625,20424.530234375,29670.165712890626,56.97232568399188,47.324749750987394,-285.19578073894434,332.52053048993173,20078.692210655776,18427.62412109375,16776.556031531727,81.48145925542424,66.66665454336265,TTNP
2010-10-01,19690.607421875,19889.501953125,19690.607421875,19889.501953125,19889.501953125,2,19730.386328125,18775.690625,18477.3478515625,19587.182109375,20354.91697265625,29550.82869140625,56.97232568399188,124.29850170608552,-203.29692424993834,327.59542595602386,20237.98984911063,18477.3478515625,16716.70585401437,77.7777474695179,77.77775656199582,TTNP
2010-10-04,19889.501953125,19889.501953125,19690.607421875,19889.501953125,19889.501953125,6,20088.397265625,18974.585546875,18576.7953125,19607.0716015625,20287.29265625,29438.452998046876,56.972325683991876,183.1890651842259,-125.99972636310548,309.1887915473314,20418.69606266338,18576.7953125,16734.894562336616,72.22218888313635,77.16046520269278,TTNP
2010-10-05,20287.29296875,20486.1875,19889.501953125,20486.1875,20486.1875,5,20128.176171875,19253.0384765625,18686.18759765625,19599.11578125,20219.66833984375,29333.038623046876,60.62222915277318,274.8396179142874,-45.83185750762691,320.6714754219143,20700.729758622234,18686.18759765625,16671.64543669027,77.7777474695179,75.92589460739067,TTNP
2010-10-06,20486.1875,21878.453125,20287.29296875,21480.662109375,21480.662109375,8,20327.07109375,19551.380859375,18845.30361328125,19559.3367578125,20177.90037109375,29233.59111328125,65.8254179250525,422.8448389730038,47.903481788499235,374.94135718450457,21188.131216603524,18845.30361328125,16502.476009958973,84.13846031069953,78.04613222111789,TTNP
2010-10-07,19889.501953125,21878.453125,19889.501953125,21480.662109375,21480.662109375,4,20645.303125,19929.28125,19004.41962890625,19547.403046875,20126.18765625,29129.171220703123,65.82541792505249,533.9846008968088,145.11970561016116,388.86489528664765,21596.090709124703,19004.41962890625,16412.748548687796,90.49917315188115,84.13846031069949,TTNP
2010-10-08,21480.662109375,21480.662109375,20883.978515625,21480.662109375,21480.662109375,1,20963.53515625,20346.9607421875,19173.48037109375,19531.4914453125,20088.39759765625,29024.751328125,65.8254179250525,614.9746183482603,239.090688157781,375.8839301904793,21942.052786364846,19173.48037109375,16404.90795582265,91.30432740668122,88.64732028975392,TTNP
2010-10-11,21480.662109375,22872.927734375,21480.662109375,22674.033203125,22674.033203125,4,21520.44140625,20804.4193359375,19392.26494140625,19563.3146484375,20100.33130859375,28920.331435546876,71.47460532605251,766.6177720541164,344.59610493704804,422.0216671170683,22518.14513535542,19392.26494140625,16266.384747457081,93.01241166989428,91.60530407615217,TTNP
2010-10-12,22674.033203125,24861.87890625,22276.2421875,24861.87890625,24861.87890625,2,22395.5796875,21261.8779296875,19720.441796875,19646.8505859375,20146.07716796875,28824.861826171877,78.4936174913636,1051.2191278045248,485.92070951054336,565.2984182939814,23604.29666140289,19720.441796875,15836.586932347107,95.91096920100053,93.40923609252529,TTNP
2010-10-13,29436.46484375,29635.359375,25856.353515625,27845.3046875,27845.3046875,17,23668.508203125,21997.7896484375,20197.78994140625,19758.2318359375,20215.6904296875,28743.314873046875,84.20216034943604,1500.2117722351359,688.7789220554619,811.432850179674,25391.15968759785,20197.78994140625,15004.420195214649,93.97081875775335,94.29806654288267,TTNP
2010-10-14,26850.828125,26850.828125,25259.66796875,25856.353515625,25856.353515625,18,24543.646484375,22594.4748046875,20595.57998046875,19821.8782421875,20267.40314453125,28645.85630859375,70.72432157861122,1676.227434106866,886.2686244657427,789.9588096411233,26224.660744463014,20595.57998046875,14966.499216474482,84.9462377512859,91.60934190334653,TTNP
2010-10-15,25657.458984375,25856.353515625,25657.458984375,25657.458984375,25657.458984375,3,25379.005859375,23171.2705078125,20973.48056640625,19889.502578125,20325.08271484375,28547.403271484374,69.52585272819856,1779.1629053413344,1064.847480640861,714.3154247004734,26889.02812687578,20973.48056640625,15057.933005936724,73.45198585075855,84.12301411993253,TTNP
2010-10-18,25856.353515625,25856.353515625,24861.87890625,25856.353515625,25856.353515625,5,26015.469921875,23767.9556640625,21371.27060546875,19961.1048046875,20374.80646484375,28446.9612890625,70.07201305490126,1855.4012239826843,1222.9582293092258,632.4429946734585,27473.783844695332,21371.27060546875,15268.757366242173,66.11120507192628,74.83647622465685,TTNP
2010-10-19,25856.353515625,25856.353515625,25060.7734375,25657.458984375,25657.458984375,3,26174.5859375,24285.0828125,21769.06064453125,20044.6407421875,20410.607578125,28335.580068359373,68.74518227188321,1878.1216965053063,1353.9909227484418,524.1307737568645,27900.030494516923,21769.06064453125,15638.09079454558,62.992927322270624,67.51870608165176,TTNP
2010-10-20,25856.353515625,26453.0390625,25458.564453125,26254.14453125,26254.14453125,8,25856.35390625,24762.4310546875,22156.90595703125,20140.110390625,20454.3644921875,28234.143603515626,70.54698821613286,1922.1183873035952,1467.6164156594725,454.5019716441227,28391.432926619884,22156.90595703125,15922.378987442617,63.15384863903046,64.0859936777424,TTNP
2010-10-21,26453.0390625,26453.0390625,22872.927734375,25060.7734375,25060.7734375,15,25697.237890625,25120.4421875,22524.86171875,20239.557890625,20484.19875,28123.756865234376,62.754907899266264,1839.4865519626146,1541.990442920101,297.4961090425136,28528.560872046033,22524.86171875,16521.162565453964,60.00000392795113,62.04892662975067,TTNP
2010-10-22,24861.87890625,25856.353515625,23270.71875,25856.353515625,25856.353515625,3,25737.016796875,25558.011328125,22952.48603515625,20358.894921875,20521.98880859375,28019.33697265625,65.49140673325948,1817.248777777084,1597.0421098914976,220.20666788558628,28616.492041404876,22952.48603515625,17288.480028907623,60.40816615660096,61.18733957452745,TTNP
2010-10-25,25060.7734375,25259.66796875,24265.193359375,24464.087890625,24464.087890625,6,25458.563671875,25737.016796875,23270.71806640625,20450.386640625,20545.8562109375,27907.955751953126,57.525914303430845,1668.0527079419626,1611.2442295015906,56.80847844037203,28507.364752038462,23270.71806640625,18034.07138077404,54.0544212287846,58.1541971044455,TTNP
2010-10-26,24265.193359375,25259.66796875,23270.71875,23867.40234375,23867.40234375,3,25100.55234375,25637.569140625,23449.72353515625,20510.0551171875,20575.69044921875,27792.596630859374,54.468316460026834,1484.553205523367,1585.9060247059458,-101.35281918257874,28507.91867190951,23449.72353515625,18391.52839840299,49.65986149163132,54.70748295900557,TTNP
2010-10-27,23469.61328125,24464.087890625,22674.033203125,23867.40234375,23867.40234375,16,24623.20390625,25239.77890625,23618.78427734375,20593.591015625,20595.57994140625,27679.226455078126,54.468316460026834,1323.8678038504113,1533.4983805348388,-209.63057668442752,28492.119260122327,23618.78427734375,18745.449294565176,40.615328737824164,48.10987048607996,TTNP
2010-10-28,23867.40234375,25657.458984375,20883.978515625,24662.984375,24662.984375,29,24543.64609375,25120.4419921875,23857.4583984375,20677.126953125,20635.35896484375,27573.812099609375,57.92639882708828,1246.35310356419,1476.069325140709,-229.71622157651905,28435.459484948697,23857.4583984375,19279.4573119263,39.36301216983966,43.212734133098316,TTNP
2010-10-29,24861.87890625,25458.564453125,23469.61328125,24265.193359375,24265.193359375,3,24225.4140625,24981.2154296875,24076.24296875,20760.6628515625,20669.17111328125,27466.4087890625,55.650538105909966,1139.6861422238253,1408.7926885573322,-269.1065463335069,28277.545276911682,24076.24296875,19874.94066058832,38.63635805688697,39.53823298818353,TTNP
2010-11-01,24066.298828125,25856.353515625,24066.298828125,25856.353515625,25856.353515625,5,24503.8671875,24981.2154296875,24374.585546875,20891.9335546875,20718.89486328125,27367.955751953126,62.06996177582447,1170.0574397665732,1361.0456387991803,-190.9881990326071,28172.33574328225,24374.585546875,20576.835350467754,46.21211935229562,41.40382985967401,TTNP
2010-11-02,26055.248046875,26453.0390625,24861.87890625,24861.87890625,24861.87890625,2,24702.7625,24901.657421875,24593.3701171875,21011.2705859375,20762.65177734375,27256.574541015623,56.559618631514205,1101.1873201161143,1309.0739750625671,-207.88665494645284,27948.217787486996,24593.3701171875,21238.522446888004,54.040403957745674,46.296293788976016,TTNP
2010-11-03,24861.87890625,27845.3046875,24861.87890625,26850.828125,26850.828125,6,25299.44765625,24961.32578125,24861.87841796875,21154.475,20802.43078125,27156.132548828125,63.53257494919875,1193.3427216564523,1285.9277243813442,-92.58500272489187,28031.744213801056,24861.87841796875,21692.012622136444,69.73303983002268,56.66185438002125,TTNP
2010-11-04,27845.3046875,27845.3046875,26254.14453125,26850.828125,26850.828125,5,25737.01640625,25140.33125,25130.38671875,21325.5247265625,20842.20978515625,27058.673974609374,63.532574949198775,1251.9448998244516,1279.1311594699657,-27.186259645514156,28005.16006208573,25130.38671875,22255.61337541427,79.36506964169361,67.71283780982058,TTNP
2010-11-05,26850.828125,27845.3046875,26254.14453125,26850.828125,26850.828125,3,26254.143359375,25239.7787109375,25398.89501953125,21492.5965234375,20891.93353515625,26964.198837890624,63.53257494919876,1283.5911089324363,1280.02314936246,3.5679595699764377,27828.672936710587,25398.89501953125,22969.117102351913,85.71426567371795,78.27079171514468,TTNP
2010-11-08,27845.3046875,27845.3046875,26254.14453125,27845.3046875,27845.3046875,4,26651.93359375,25577.900390625,25657.45859375,21679.5578515625,20955.5799609375,26880.662939453126,66.8550768566412,1373.0887921773538,1298.6362779254387,74.45251425191509,27970.121541125918,25657.45859375,23344.795646374085,90.47617711581195,85.18517081040777,TTNP
2010-11-09,27845.3046875,27845.3046875,26850.828125,26850.828125,26850.828125,0,27049.7234375,25876.24296875,25756.9060546875,21854.58546875,21011.27056640625,26796.132548828125,60.88155371518307,1348.2288604783316,1308.5547944360173,39.67406604231428,28095.086432247954,25756.9060546875,23418.725677127048,90.47617711581195,88.88887330178055,TTNP
2010-11-10,26850.828125,27845.3046875,25458.564453125,27845.3046875,27845.3046875,3,27248.61875,26274.033203125,25756.9060546875,22033.591015625,21088.83962890625,26723.535869140625,64.31526169420664,1392.7187382300544,1325.3875831948249,67.33115503522959,28095.086432247954,25756.9060546875,23418.725677127048,95.23808855790595,92.06348092984321,TTNP
2010-11-11,27646.408203125,27646.408203125,25458.564453125,27049.724609375,27049.724609375,3,27288.398046875,26512.7072265625,25816.574609375,22216.574453125,21154.475,26639.9999609375,59.79347970805294,1348.2389639887515,1329.9578593536103,18.28110463514122,28221.807266709147,25816.574609375,23411.34195204085,91.42856501558971,92.38094356310246,TTNP
2010-11-12,25856.353515625,26850.828125,25060.7734375,26850.828125,26850.828125,2,27288.398046875,26771.270703125,25876.24306640625,22375.69046875,21228.06615234375,26560.441953125,58.68268589519043,1282.1592052001106,1320.3981285229104,-38.23892332279979,28321.600984450364,25876.24306640625,23430.885148362133,91.42856501558971,92.69840619636172,TTNP
2010-11-15,25060.7734375,26850.828125,25060.7734375,25856.353515625,25856.353515625,1,26890.6078125,26771.270703125,25876.24306640625,22534.806484375,21277.78990234375,26472.928134765625,53.34643431632554,1136.4445056269578,1283.6074039437199,-147.16289831676204,28321.600984450364,25876.24306640625,23430.885148362133,81.90475148366664,88.25396050494862,TTNP
2010-11-16,25856.353515625,26651.93359375,24861.87890625,25856.353515625,25856.353515625,1,26691.712890625,26870.7181640625,25886.18779296875,22685.96671875,21327.51365234375,26383.42537109375,53.34643431632554,1009.3296326778836,1228.7518496905527,-219.42221701266908,28329.522723126953,25886.18779296875,23442.85286281055,76.19046149405982,83.17459266443866,TTNP
2010-11-17,23867.40234375,26453.0390625,23867.40234375,23867.40234375,23867.40234375,1,25896.132421875,26572.3755859375,25766.85068359375,22797.3479296875,21359.33685546875,26283.9778515625,44.05431893992332,739.573104460771,1130.9161006445963,-391.34299618382533,28355.468211151925,25766.85068359375,23178.233156035578,50.64933451752295,69.58151583174975,TTNP
2010-11-18,23867.40234375,24464.087890625,23867.40234375,24464.087890625,24464.087890625,2,25379.005078125,26333.7015625,25737.01640625,22920.6628515625,21411.04955078125,26187.513759765625,47.03492687728053,567.3960606857036,1018.2120926528178,-450.8160319671142,28370.85572006958,25737.01640625,23103.177092430422,31.83981635275836,52.89320412144699,TTNP
2010-11-19,23867.40234375,23867.40234375,22872.927734375,23867.40234375,23867.40234375,3,24782.319921875,26035.358984375,25637.56884765625,23036.021953125,21444.86169921875,26090.055185546877,44.4827287112192,378.4346173997037,890.2565976021949,-511.8219802024912,28393.25267255078,25637.56884765625,22881.88502276172,14.69695798074757,32.39536961700958,TTNP
2010-11-22,23867.40234375,24662.984375,22872.927734375,23071.822265625,23071.822265625,3,24225.413671875,25558.0107421875,25567.95556640625,23131.4915625,21478.67384765625,25983.64634765625,41.267408841896625,162.61017990468827,744.7273140626936,-582.1171341580053,28503.191315101372,25567.95556640625,22632.719817711128,12.999992733291402,19.845589022265727,TTNP
2010-11-23,23071.822265625,23867.40234375,22872.927734375,23867.40234375,23867.40234375,0,23827.6234375,25259.6681640625,25567.95556640625,23242.8727734375,21512.48599609375,25889.1712109375,45.509121605878256,55.128929639027774,606.8076371779605,-551.6787075389327,28503.191315101372,25567.95556640625,22632.719817711128,14.666652526045205,14.12120108002801,TTNP
2010-11-24,23867.40234375,24265.193359375,23071.822265625,23867.40234375,23867.40234375,1,23827.6234375,24861.8779296875,25567.95556640625,23354.253984375,21544.30919921875,25794.69607421875,45.50912160587825,-29.708277032234037,479.5044543359216,-509.21273136815563,28503.191315101372,25567.95556640625,22632.719817711128,14.666652526045205,14.111099261793889,TTNP
2010-11-26,23469.61328125,23867.40234375,23469.61328125,23469.61328125,23469.61328125,0,23628.728515625,24503.866796875,25508.28701171875,23465.6351953125,21576.13240234375,25696.24302734375,43.67983647872794,-127.57007895949573,358.08954767683815,-485.6596266363339,28560.856593632314,25508.28701171875,22455.717429805183,17.33332495370578,15.55554333526535,TTNP
2010-11-29,23469.61328125,24861.87890625,23469.61328125,23469.61328125,23469.61328125,1,23549.170703125,24165.7453125,25468.5080078125,23573.038515625,21611.933515625,25597.78998046875,43.67983647872794,-202.78864082319342,245.91390997683183,-448.7025508000253,28604.43423876537,25468.5080078125,22332.581776859628,14.666665619213177,15.555547699654674,TTNP
2010-11-30,24265.193359375,24265.193359375,23469.61328125,24265.193359375,24265.193359375,0,23787.844921875,24006.629296875,25388.95,23700.331328125,21655.6904296875,25504.309326171875,48.4830664802324,-195.9445033922093,157.5422273030236,-353.4867306952329,28561.99645736427,25388.95,22215.903542635733,17.333338046873752,16.44444287326419,TTNP
2010-12-01,24265.193359375,24861.87890625,23668.5078125,24861.87890625,24861.87890625,1,23986.740234375,23907.1818359375,25388.95,23843.5357421875,21711.38103515625,25412.817607421875,51.80304575527215,-140.75045461845002,97.88369091872886,-238.63414553717888,28561.99645736427,25388.95,22215.903542635733,27.222231660216092,19.740745108767626,TTNP
2010-12-02,23867.40234375,25657.458984375,23469.61328125,23867.40234375,23867.40234375,2,23986.740234375,23907.1818359375,25239.7787109375,23950.9390234375,21757.126875,25316.353505859373,46.43224803003772,-175.23472390261668,43.26000795445975,-218.49473185707643,28404.398664462373,25239.7787109375,22075.158757412624,31.555558807026355,25.37037617137202,TTNP
2010-12-03,23867.40234375,23867.40234375,23469.61328125,23867.40234375,23867.40234375,1,24066.298046875,23847.51328125,25090.607421875,24074.25390625,21802.87271484375,25219.889404296875,46.43224803003771,-200.25533688704672,-5.443061013841543,-194.81227587320518,28218.449887866183,25090.607421875,21962.764955883817,30.555554191683438,29.777781552975252,TTNP
2010-12-06,23469.61328125,24861.87890625,22872.927734375,24861.87890625,24861.87890625,4,24344.751171875,23946.9609375,24991.1599609375,24225.414140625,21854.5854296875,25128.397685546875,52.18194286167397,-138.24480547157873,-32.00340990538898,-106.24139556618975,28013.51455034956,24991.1599609375,21968.805371525443,34.210524479661665,32.10721249279044,TTNP
2010-12-07,24861.87890625,24861.87890625,23867.40234375,24265.193359375,24265.193359375,3,24344.751171875,24066.298046875,24812.15439453125,24348.7290625,21908.28708984375,25032.92806640625,48.79759175254597,-135.68446345266057,-52.7396206148433,-82.94484283781728,27547.5944633696,24812.15439453125,22076.7143256929,38.84015921118282,34.53541262750926,TTNP
2010-12-08,24662.984375,24861.87890625,23867.40234375,24861.87890625,24861.87890625,2,24344.751171875,24165.745703125,24712.70693359375,24440.22078125,21969.94455078125,24943.4253125,52.14038165782071,-84.53338874749534,-59.098374241373705,-25.435014506121632,27284.15196894096,24712.70693359375,22141.261898246536,54.31635711908317,42.455680269975836,TTNP
2010-12-09,24464.087890625,24861.87890625,23867.40234375,23867.40234375,23867.40234375,2,24344.751171875,24165.745703125,24513.81181640625,24507.845078125,22019.66830078125,24851.93359375,46.671436373709284,-122.82588063094227,-71.84387551928742,-50.98200511165484,26666.569752546224,24513.81181640625,22361.053880266278,48.677243007336585,47.27791977920081,TTNP
2010-12-10,23867.40234375,24861.87890625,23867.40234375,24066.298828125,24066.298828125,1,24384.53046875,24225.4142578125,24364.64052734375,24591.381015625,22073.3699609375,24766.408740234376,47.84959640200114,-135.56100935722134,-84.5873022868742,-50.97370707034713,26181.021895316648,24364.64052734375,22548.25915937085,49.99999999999994,50.99786670880652,TTNP
2010-12-13,24861.87890625,24861.87890625,23867.40234375,23867.40234375,23867.40234375,2,24185.63515625,24265.1931640625,24215.46923828125,24670.9390234375,22129.06056640625,24693.812041015626,46.737619740963424,-159.860205724166,-99.64188297433256,-60.21832274983345,25637.951712019843,24215.46923828125,22792.986764542657,38.09522473486331,45.59082258073323,TTNP
2010-12-14,23071.822265625,24066.298828125,23071.822265625,23867.40234375,23867.40234375,2,24106.076953125,24225.4140625,24116.0216796875,24750.49703125,22178.78431640625,24634.143525390624,46.737619740963424,-177.0762689093899,-115.12876016134403,-61.94750874804588,25328.303408799733,24116.0216796875,22903.739950575266,38.09522473486331,42.06348315657547,TTNP
2010-12-15,23071.822265625,24464.087890625,23071.822265625,23668.5078125,23668.5078125,5,23867.402734375,24106.076953125,24006.62939453125,24814.1434375,22206.629609375,24575.469482421875,45.51103046299951,-204.4129047364513,-132.9855890763655,-71.42731566008581,24931.8661506981,24006.62939453125,23081.3926383644,33.333309952677496,36.50791980746799,TTNP
2010-12-16,22872.927734375,23469.61328125,22872.927734375,23270.71875,23270.71875,5,23748.066015625,24046.40859375,23976.79521484375,24849.9445703125,22204.6406640625,24514.806494140626,43.07611557151441,-255.23346594299073,-157.43516444969055,-97.79830149330019,24955.027704012125,23976.79521484375,22998.562725675376,26.190472850382452,32.5396691793077,TTNP
2010-12-17,23071.822265625,24861.87890625,22872.927734375,23867.40234375,23867.40234375,4,23708.28671875,24046.40859375,23946.9609375,24897.679375,22222.5412109375,24459.115888671877,47.60444011198406,-244.54281022511714,-174.85669360477587,-69.68611662034127,24899.99871016245,23946.9609375,22993.92316483755,26.190472850382452,28.571418551147417,TTNP
2010-12-20,24265.193359375,24861.87890625,23469.61328125,23469.61328125,23469.61328125,6,23628.72890625,23907.18203125,23927.071484375,24937.4583984375,22234.474921875,24402.430810546874,45.032490774618324,-265.112588534761,-192.9078725907729,-72.2047159439881,24902.266274022993,23927.071484375,22951.876694727005,23.809527149617438,25.39682428346073,TTNP
2010-12-21,23469.61328125,24066.298828125,23270.71875,24066.298828125,24066.298828125,4,23668.508203125,23887.292578125,23976.7953125,24965.3037109375,22264.3091796875,24352.70705078125,49.44472714810266,-230.60843858750377,-200.44798579011908,-30.160452797384693,24870.496407295224,23976.7953125,23083.094217704773,33.33333333333328,27.777777777777676,TTNP
2010-12-22,23867.40234375,24662.984375,23668.5078125,24265.193359375,24265.193359375,6,23787.8453125,23827.6240234375,23996.68486328125,24953.37,22300.11029296875,24283.093798828126,50.86066437488221,-185.0810258671445,-197.37459380552417,12.293567938379681,24897.44043072577,23996.68486328125,23095.929295836733,44.7619115088944,33.968257330614996,TTNP
2010-12-23,24662.984375,24662.984375,23867.40234375,24265.193359375,24265.193359375,4,23986.740234375,23867.403125,24016.5744140625,24881.7677734375,22319.9998046875,24209.50263671875,50.86066437488221,-147.3022150364668,-187.3601180517127,40.0579030152459,24922.58478038591,24016.5744140625,23110.564047739088,60.95238108598556,46.3492086427377,TTNP
2010-12-27,24265.193359375,24861.87890625,24265.193359375,24464.087890625,24464.087890625,6,24106.07734375,23907.18203125,24066.29814453125,24853.9224609375,22337.9003515625,24142.872802734375,52.40660770223498,-100.15854348779976,-169.91980313893012,69.76125965113036,24955.784149242783,24066.29814453125,23176.812139819718,73.33331369358517,59.682535429488325,TTNP
2010-12-28,24265.193359375,25259.66796875,24265.193359375,24861.87890625,24861.87890625,2,24384.53046875,24006.6296875,24135.91142578125,24838.010859375,22363.75671875,24083.204287109376,55.42693233584637,-30.34859395123567,-142.00556130139123,111.65696735015555,25045.408265435915,24135.91142578125,23226.414586126586,77.77777505004161,70.6878232765374,TTNP
2010-12-29,25259.66796875,25259.66796875,24464.087890625,24662.984375,24662.984375,3,24503.867578125,24086.187890625,24155.8009765625,24814.1434765625,22387.624140625,24014.585498046876,53.59551236282639,8.825433465743117,-111.83936234796435,120.66479581370747,25092.721752033816,24155.8009765625,23218.880201091182,79.4444654480806,76.85185139723575,TTNP
2010-12-30,24662.984375,24662.984375,23867.40234375,24265.193359375,24265.193359375,3,24503.867578125,24145.8564453125,24125.96669921875,24786.2981640625,22415.469453125,23945.96671875,50.03465311010764,7.68414391675833,-87.93466109501982,95.61880501177815,25007.411157603205,24125.96669921875,23244.522240834292,72.22226313838411,76.48150121216872,TTNP
2010-12-31,23867.40234375,24662.984375,23469.61328125,23668.5078125,23668.5078125,3,24384.53046875,24185.6353515625,24116.02197265625,24734.5854296875,22437.34791015625,23877.3479296875,45.18514900436204,-40.89644444260921,-78.5270177645377,37.630573321928495,25013.25737337005,24116.02197265625,23218.78657194245,55.55558283299678,69.07410380648712,TTNP
2011-01-03,23270.71875,25657.458984375,23270.71875,25458.564453125,25458.564453125,3,24583.42578125,24344.7515625,24195.580078125,24742.54125,22491.0495703125,23817.679423828125,58.25651740846973,64.30443851022574,-49.960726509585015,114.26516501981075,25257.57589455183,24195.580078125,23133.58426169817,61.50795000748411,63.09526532628828,TTNP
2011-01-04,25856.353515625,25856.353515625,25259.66796875,25657.458984375,25657.458984375,2,24742.541796875,24563.5361328125,24235.35908203125,24738.563359375,22548.729140625,23761.98880859375,59.414584099172885,161.86019900307292,-7.596541407053422,169.45674041012634,25443.718630815103,24235.35908203125,23026.999533247395,73.17461567397699,63.4127161714859,TTNP
2011-01-05,25657.458984375,25657.458984375,24464.087890625,25657.458984375,25657.458984375,1,24941.43671875,24722.6521484375,24304.97236328125,24762.43078125,22606.4087109375,23706.298193359376,59.414584099172885,236.44821421537927,41.21240971743312,195.23580449794616,25663.29646785267,24304.97236328125,22946.64825870983,93.1746214931635,75.9523957248748,TTNP
2011-01-06,24861.87890625,25657.458984375,24662.984375,24861.87890625,24861.87890625,2,25060.773828125,24782.320703125,24304.97236328125,24782.3203125,22646.18771484375,23646.629677734374,52.63988172491649,228.72647387071265,78.71522254808903,150.01125132262362,25663.29646785267,24304.97236328125,22946.64825870983,84.44446335680057,83.59790017464695,TTNP
2011-01-07,24464.087890625,27646.408203125,24464.087890625,27049.724609375,27049.724609375,8,25737.0171875,25060.773828125,24464.0884765625,24845.9667578125,22719.77888671875,23602.8727734375,64.59552178342386,394.59910976027095,141.89199999052542,252.70710976974553,26256.352993068103,24464.0884765625,22671.8239600569,82.12123535888695,86.58010673628361,TTNP
2011-01-10,27248.619140625,29436.46484375,24861.87890625,29237.568359375,29237.568359375,8,26492.81796875,25538.121875,24722.651953125,24937.4584375,22807.2926953125,23567.071669921876,72.16321371138176,694.5882933231987,252.43125865706008,442.15703466613866,27455.849079005096,24722.651953125,21989.454827244906,83.26817511061512,83.27795794210083,TTNP
2011-01-11,29038.673828125,29237.568359375,28243.09375,29237.568359375,29237.568359375,1,27208.83984375,25975.6908203125,24991.16025390625,25036.9059375,22898.78439453125,23534.253984375,72.16321371138176,921.707017843175,386.2864104942831,535.420607348892,28324.714415875627,24991.16025390625,21657.606091936876,93.30400229643554,86.23113758864582,TTNP
2011-01-12,29237.568359375,34408.83984375,29237.568359375,33812.15625,33812.15625,11,28839.779296875,26890.6080078125,25488.39794921875,25196.0219921875,23043.9777734375,23528.2871484375,81.66623851919412,1454.069644934687,599.8430573823639,854.226587552323,30531.51501634276,25488.39794921875,20445.28088209474,96.06373679554507,90.87863806753187,TTNP
2011-01-13,34607.734375,36000.0,33613.2578125,34806.62890625,34806.62890625,10,30828.729296875,27944.7515625,26045.30400390625,25394.9169921875,23203.0937890625,23524.30923828125,83.02307453635068,1933.9234291096946,866.6591317278301,1067.2642973818645,32440.29719776477,26045.30400390625,19650.310810047733,94.01401088959248,94.46058332719099,TTNP
2011-01-14,35801.10546875,35801.10546875,33215.46875,33414.36328125,33414.36328125,4,32101.65703125,28919.337109375,26552.48623046875,25526.1876953125,23340.33134765625,23517.34791015625,74.68919009638219,2176.774310681456,1128.6821675185552,1048.0921431629008,33565.89802260643,26552.48623046875,19539.074438331063,88.31845037167649,92.79873268560463,TTNP
2011-01-18,36000.0,36000.0,32817.6796875,32817.6796875,32817.6796875,3,32817.679296875,29655.2486328125,27000.00009765625,25645.5247265625,23485.5247265625,23505.41421875,71.38210993351107,2294.636859298291,1361.8731058745022,932.7637534237886,34402.39599600273,27000.00009765625,19597.604199309775,81.77082694018294,88.03442940048392,TTNP
2011-01-19,33215.46875,33215.46875,31027.625,32817.6796875,32817.6796875,4,33533.7015625,30371.270703125,27467.40341796875,25764.8617578125,23628.729140625,23497.45841796875,71.38210993351109,2360.8296041200447,1561.6644055236106,799.165198596434,35096.161805008305,27467.40341796875,19838.645030929198,76.56249616410973,82.21725782532299,TTNP
2011-01-20,31027.625,35403.31640625,30828.728515625,32817.6796875,32817.6796875,2,33334.80625,31087.2927734375,27904.9724609375,25864.3092578125,23771.9335546875,23493.48052734375,71.38210993351107,2385.7859756570906,1726.4887195503065,659.2972561067841,35705.20813713466,27904.9724609375,20104.73678474034,74.99999999999993,77.77777436809748,TTNP
2011-01-21,31624.30859375,32220.994140625,30828.728515625,31226.51953125,31226.51953125,5,32618.784375,31723.7568359375,28253.03876953125,25951.8230859375,23903.20427734375,23481.5468359375,62.208126662232765,2251.220089318227,1831.4349935038906,419.7850958143365,35993.58219941606,28253.03876953125,20512.495339646437,70.83333333333326,74.13194316581426,TTNP
2011-01-24,31027.625,31226.51953125,29834.25390625,30232.044921875,30232.044921875,5,31982.320703125,32041.9888671875,28551.38134765625,25999.557890625,24016.574453125,23464.640771484374,57.25534601375176,2040.8047384266029,1873.308942488433,167.49579593816975,36111.98253283891,28551.38134765625,20990.78016247359,62.50000282180395,69.44444538504565,TTNP
2011-01-25,30232.044921875,30629.833984375,30232.044921875,30430.939453125,30430.939453125,2,31504.97265625,32161.3259765625,28849.72392578125,26067.1821875,24141.8783203125,23454.696025390625,57.97597779970125,1868.5586028884136,1872.3588745684292,-3.800271680015612,36209.88773369239,28849.72392578125,21489.560117870114,54.741383494399,62.69157321651201,TTNP
2011-01-26,30232.044921875,31226.51953125,30232.044921875,30232.044921875,30232.044921875,3,30987.845703125,32260.7736328125,29118.2322265625,26134.8065234375,24255.24849609375,23444.751279296874,56.94214544872918,1696.447581351218,1837.176615924987,-140.72903457376879,36265.62371830405,29118.2322265625,21970.84073482095,50.57471964953637,55.938701988579716,TTNP
2011-01-27,31226.51953125,31226.51953125,26850.828125,30033.1484375,30033.1484375,1,30430.939453125,31882.8728515625,29386.7404296875,26218.342421875,24376.574453125,23430.828623046877,55.869234432423866,1526.4036417197858,1775.0220210839466,-248.61837936416077,36241.985586972194,29386.7404296875,22531.4952724028,50.000002821803946,51.77203532191305,TTNP
2011-01-28,28839.779296875,30033.1484375,26850.828125,28839.779296875,28839.779296875,4,29953.59140625,31286.187890625,29615.4697265625,26278.0109375,24481.988828125,23410.93912109375,49.805507596187205,1280.5858813123086,1676.134793129619,-395.54891181731045,36065.190822777055,29615.4697265625,23165.74863034795,44.66338405397081,48.412702175103654,TTNP
2011-01-31,27049.724609375,31823.205078125,26850.828125,31226.51953125,31226.51953125,3,30152.486328125,31067.403515625,29993.3703125,26425.19328125,24611.27060546875,23402.9833203125,59.31604588823425,1263.7952799595878,1593.6668904956127,-329.87161053602495,35864.783421856424,29993.3703125,24121.957203143575,43.93874540731696,46.200710761030514,TTNP
2011-02-01,31425.4140625,34806.62890625,31425.4140625,33215.46875,33215.46875,6,30709.3921875,31107.182421875,30381.21552734375,26600.2208984375,24760.441875,23409.944638671874,65.22859190658576,1394.9006407378329,1553.9136405440568,-159.0129998062239,36023.49229206891,30381.21552734375,24738.938762618585,51.03519606860065,46.54577517662941,TTNP
2011-02-02,33215.46875,34806.62890625,32817.6796875,33812.15625,33812.15625,2,31425.414453125,31206.630078125,30788.950390625,26799.1159765625,24917.56896484375,23404.972275390624,66.78798131473405,1529.321215242293,1548.995155483704,-19.673940241410946,36179.849377607185,30788.950390625,25398.051403642818,64.49275919211715,53.15556688934486,TTNP
2011-02-03,34806.62890625,34806.62890625,29834.25390625,33414.36328125,33414.36328125,11,32101.657421875,31266.2984375,31176.79560546875,27005.966796875,25068.7291796875,23399.005419921876,64.70463002372469,1585.47554573448,1556.2912335338592,29.184312200620752,36133.8324223489,31176.79560546875,26219.7587885886,72.46376749717207,62.66390758596324,TTNP
2011-02-04,33215.46875,33215.46875,27845.3046875,29834.25390625,29834.25390625,9,32300.55234375,31127.071875,31425.41435546875,27125.303828125,25184.08830078125,23377.126962890627,49.68356262293409,1325.8102357698444,1510.1950339810562,-184.38479821121177,35513.17877281384,31425.41435546875,27337.649938123664,60.14493001131127,65.70048556686677,TTNP
2011-02-07,28839.779296875,29834.25390625,27248.619140625,29635.359375,29635.359375,6,31982.3203125,31067.4033203125,31554.69609375,27240.66296875,25297.4584765625,23356.242978515624,49.002951710778504,1091.3935746349343,1426.4347421118318,-335.0411674768975,35222.732363487055,31554.69609375,27886.659824012942,45.63531886944903,59.414672125977404,TTNP
2011-02-08,29834.25390625,29834.25390625,28839.779296875,29038.673828125,29038.673828125,1,31146.961328125,30928.1767578125,31544.7513671875,27352.0441796875,25408.8396875,23331.38109375,46.92608850227721,847.6974167342487,1310.6872770363152,-462.9898603020665,35238.84826717587,31544.7513671875,27850.65446719913,30.249410974431793,45.343219951730646,TTNP
2011-02-09,28044.19921875,29635.359375,28044.19921875,29436.46484375,29436.46484375,1,30271.823046875,30848.61875,31554.69619140625,27471.3812109375,25522.20986328125,23311.4916015625,48.49335569783184,678.8396257025524,1184.3177467695627,-505.4781210670103,35224.88856171367,31554.69619140625,27884.503821098828,30.213184609028247,35.365971484302975,TTNP
2011-02-10,29635.359375,29635.359375,28044.19921875,28839.779296875,28839.779296875,2,29356.90625,30729.2818359375,31306.07734375,27562.8729296875,25631.60212890625,23293.5910546875,46.285444422675795,491.20872442327163,1045.6959423003045,-554.4872178770329,35004.45486301921,31306.07734375,27607.69982448079,27.693808147561615,29.385467910340505,TTNP
2011-02-11,28640.884765625,29635.359375,28640.884765625,29237.568359375,29237.568359375,2,29237.569140625,30769.0607421875,31027.62431640625,27650.38671875,25746.96123046875,23284.640771484374,47.98569974278975,370.339097644086,910.6245733690608,-540.2854757249748,34458.779450851725,31027.62431640625,27596.469181960772,29.16667689570707,29.024556550765595,TTNP
2011-02-14,28640.884765625,29635.359375,27646.408203125,28640.884765625,28640.884765625,3,29038.67421875,30510.497265625,30788.950390625,27745.8563671875,25848.3976953125,23288.618671875,45.65142261917661,223.82159228838282,773.2639771529252,-549.4423848645424,34186.73866310944,30788.950390625,27391.162118140557,25.833343562373738,27.564609535214093,TTNP
2011-02-15,27845.3046875,28839.779296875,27646.408203125,28640.884765625,28640.884765625,1,28959.11640625,30053.0388671875,30580.11064453125,27841.326015625,25957.7899609375,23307.513701171876,45.651422619176614,106.4780015705146,639.9067820364431,-533.4287804659285,33966.87867028977,30580.11064453125,27193.34261877273,25.0000122748485,26.666677577643057,TTNP
2011-02-16,28243.09375,29436.46484375,28044.19921875,29038.673828125,29038.673828125,1,28879.558203125,29575.690625,30391.1603515625,27924.8619140625,26075.13802734375,23331.381103515625,47.62144955702545,45.06117620385703,520.9376608699259,-475.8764846660689,33677.68606344005,30391.1603515625,27104.634639684944,24.166680987323264,25.000012274848455,TTNP
2011-02-17,27845.3046875,29038.673828125,27845.3046875,28839.779296875,28839.779296875,1,28879.558203125,29118.2322265625,30192.26533203125,28016.3536328125,26182.54134765625,23358.23193359375,46.709761384744546,-19.4371672595189,412.86269524403696,-432.29986250355586,33346.11563879729,30192.26533203125,27038.415025265207,25.0000122748485,24.722235179006706,TTNP
2011-02-18,28839.779296875,28839.779296875,28441.98828125,28839.779296875,28839.779296875,1,28800.000390625,29018.784765625,30072.9283203125,28095.911640625,26268.0662109375,23385.082763671875,46.709761384744546,-69.74855125778413,316.34044594367276,-386.0889972014569,33241.79464967417,30072.9283203125,26904.061990950828,24.517550903802796,24.561414721991472,TTNP
2011-02-22,27646.408203125,28839.779296875,27646.408203125,28839.779296875,28839.779296875,3,28839.779296875,28939.2267578125,30003.3150390625,28195.3591796875,26351.60212890625,23411.93359375,46.709761384744546,-108.3714469685874,231.39806736122074,-339.76951432980815,33216.00821798245,30003.3150390625,26790.62186014255,22.36842695770662,23.96199671211926,TTNP
2011-02-23,27845.3046875,28640.884765625,27845.3046875,27845.3046875,27845.3046875,2,28680.66328125,28819.88984375,29874.03330078125,28270.939296875,26431.16015625,23427.8451953125,41.72171206797842,-216.72785607142578,141.77288267469143,-358.50073874611724,33213.100775100436,29874.03330078125,26534.965826462063,16.66667097363155,21.184216278380276,TTNP
2011-02-24,28243.09375,29436.46484375,27845.3046875,29436.46484375,29436.46484375,5,28760.221484375,28819.88984375,29834.254296875,28382.320546875,26526.62978515625,23440.77337890625,50.7786517388337,-172.2224905557414,78.97380802860485,-251.19629858434624,33174.26939986485,29834.254296875,26494.23919388515,21.871353157565782,20.302150362967936,TTNP
2011-02-25,29834.25390625,31425.4140625,29038.673828125,31425.4140625,31425.4140625,4,29277.3484375,29078.4533203125,29903.867578125,28533.48078125,26641.98890625,23464.64078125,59.29440842072074,23.27165076629899,67.83337657614368,-44.56172580984469,33314.84441132224,29903.867578125,26492.890744927754,48.18714172452053,28.908388618572573,TTNP
2011-02-28,31425.4140625,33812.15625,30430.939453125,32817.6796875,32817.6796875,5,30072.928515625,29436.464453125,30102.76259765625,28716.46421875,26765.303828125,23492.486083984375,63.990819128134,287.2352968075975,111.71376062243445,175.52153618516303,33701.11353511642,30102.76259765625,26504.411660196078,73.5125437405356,47.85701287420725,TTNP
2011-03-01,32618.78515625,34011.05078125,32220.994140625,33812.15625,33812.15625,7,31067.40390625,29953.5916015625,30232.04443359375,28927.29296875,26888.61876953125,23533.2595703125,66.92613028401932,570.1025481583856,203.39151812962467,366.71103002876094,34153.858888811665,30232.04443359375,26310.22997837583,93.5819863338062,71.76055726628739,TTNP
2011-03-02,33812.15625,34209.9453125,32817.6796875,33414.36328125,33414.36328125,2,32181.215625,30430.939453125,30241.98916015625,29118.2321875,27007.95578125,23567.07171875,64.65576674939987,753.4925219584802,313.4117188953958,440.08080306308443,34194.899423505965,30241.98916015625,26289.078896806528,89.5415732760682,85.54536778346996,TTNP
2011-03-03,32220.994140625,33812.15625,32220.994140625,33414.36328125,33414.36328125,4,32976.7953125,30868.5083984375,30222.09951171875,29317.1271875,27127.29279296875,23607.8451953125,64.65576674939987,888.5873159960647,428.4468383155296,460.1404776805351,34106.36135415319,30222.09951171875,26337.837669284312,90.877510094774,91.33368990154942,TTNP
2011-03-04,32419.888671875,32817.6796875,32419.888671875,32618.78515625,32618.78515625,1,33215.46953125,31246.408984375,30182.32060546875,29488.1769140625,27226.7403125,23663.535810546877,59.93940394321756,920.8395427662945,526.9253792056826,393.9141635606119,33949.53063889532,30182.32060546875,26415.110572042184,83.83836760718263,88.0858169926749,TTNP
2011-03-07,32618.78515625,32817.6796875,31823.205078125,32817.6796875,32817.6796875,2,33215.46953125,31644.1990234375,30331.49189453125,29659.226640625,27306.2983203125,23726.187744140625,60.7110097700937,951.4807138937831,611.8364461433027,339.64426775048037,34264.386064840925,30331.49189453125,26398.597724221574,80.80807269248017,85.17465013147888,TTNP
2011-03-08,32618.78515625,32618.78515625,31823.205078125,32618.78515625,32618.78515625,2,32976.7953125,32022.099609375,30480.66318359375,29826.2984765625,27354.033125,23784.86177734375,59.477297171331266,948.7780139777824,679.2247597101987,269.5532542675837,34521.46387862985,30480.66318359375,26439.862488557646,76.76767947287688,80.47137325751318,TTNP
2011-03-09,31823.205078125,31823.205078125,30828.728515625,31226.51953125,31226.51953125,2,32539.2265625,32360.22109375,30590.05546875,29961.547109375,27407.73478515625,23837.56896484375,51.57631952414218,824.7843044825931,708.3366686646775,116.44763581791563,34587.00396063835,30590.05546875,26593.106976861654,69.69697150043642,75.75757455526444,TTNP
2011-03-10,30828.728515625,31226.51953125,30232.044921875,30629.833984375,30629.833984375,2,31982.320703125,32479.5580078125,30649.72392578125,30076.9062109375,27457.45853515625,23891.270625,48.59680551506702,670.6401374124871,700.7973624142394,-30.157225001752295,34611.48087791673,30649.72392578125,26687.966973645776,58.58586038932531,68.35017045421283,TTNP
2011-03-11,30828.728515625,30828.728515625,29834.25390625,30232.044921875,30232.044921875,1,31504.97265625,32360.22109375,30719.33720703125,30188.287421875,27501.21544921875,23938.01095703125,46.6615160529454,510.4968318742249,662.7372563062365,-152.24042443201165,34599.52345903099,30719.33720703125,26839.15095503151,46.464650973313375,58.24916095435833,TTNP
2011-03-14,30033.1484375,30232.044921875,28839.779296875,29635.359375,29635.359375,2,30868.50859375,32041.9890625,30739.2267578125,30295.6907421875,27540.994453125,23975.801015625,43.84119861301245,331.61195534141007,596.5121961132712,-264.90024077186115,34592.814278263635,30739.2267578125,26885.639237361363,37.65782933250167,47.56944689838008,TTNP
2011-03-15,29038.673828125,30232.044921875,27845.3046875,30232.044921875,30232.044921875,2,30391.160546875,31683.9779296875,30818.784765625,30426.961484375,27580.77345703125,24017.568974609374,47.27325780782793,235.27977996992922,524.2657128846029,-288.98593291467364,34559.8618473026,30818.784765625,27077.707683947407,35.006315082719915,39.709598462844944,TTNP
2011-03-16,26850.828125,29436.46484375,26850.828125,29436.46484375,29436.46484375,5,30033.149609375,31286.1880859375,30858.56376953125,30506.5194921875,27624.53037109375,24054.364560546874,43.45956765074197,93.65952488578114,438.1444752848385,-344.48495039905737,34522.28322463824,30858.56376953125,27194.844314424263,33.58671345826901,35.416952624496815,TTNP
2011-03-17,29436.46484375,31425.4140625,28441.98828125,30828.728515625,30828.728515625,3,30072.928515625,31027.624609375,30948.06650390625,30609.9448828125,27674.25412109375,24098.12146484375,50.921382507094584,92.69990826132198,369.0555618801352,-276.3556536188132,34515.779417888465,30948.06650390625,27380.35358992404,42.22973044703257,36.940919662673785,TTNP
2011-03-18,30232.044921875,30232.044921875,28640.884765625,29436.46484375,29436.46484375,2,29913.8125,30709.392578125,30977.90078125,30685.525,27723.977890625,24134.91705078125,44.584777566499035,-20.17210603289641,291.2100282975289,-311.3821343304253,34484.04225393886,30977.90078125,27471.759308561137,41.44144646256178,39.085963455954406,TTNP
2011-03-21,29237.568359375,29237.568359375,28044.19921875,29038.673828125,29038.673828125,2,29794.475390625,30331.4919921875,30987.8455078125,30769.0608984375,27775.69060546875,24175.69052734375,42.94062188559656,-140.10733094537136,204.94655644894883,-345.0538873943202,34470.72362438776,30987.8455078125,27504.96739123724,39.63964059604345,41.103605835212555,TTNP
2011-03-22,27845.3046875,29834.25390625,27845.3046875,29834.25390625,29834.25390625,2,29714.9171875,30053.0388671875,31037.56923828125,30824.751484375,27835.35912109375,24215.46953125,47.1392128953666,-169.01193305263587,130.15485854863186,-299.16679160126773,34423.402548525155,31037.56923828125,27651.735928037342,35.90733777817935,38.996141612261475,TTNP
2011-03-23,27845.3046875,30828.728515625,27845.3046875,29834.25390625,29834.25390625,4,29794.475,29913.8123046875,31137.01669921875,30836.6851953125,27887.07181640625,24261.215390625,47.1392128953666,-189.73192691954682,66.17750145499613,-255.90942837454295,34247.61004776728,31137.01669921875,28026.423350670222,40.86228842931681,38.80308893451315,TTNP
2011-03-24,28044.19921875,31823.205078125,28044.19921875,31823.205078125,31823.205078125,5,29993.3703125,30033.1494140625,31256.3537109375,30888.3979296875,27962.65193359375,24315.9115234375,56.43390063226998,-45.14058160109562,43.91388484377778,-89.0544664448734,34278.70730808865,31256.3537109375,28234.000113786355,58.73015969507529,45.1665953008571,TTNP
2011-03-25,34806.62890625,34806.62890625,30033.1484375,30430.939453125,30430.939453125,5,30192.265234375,30053.0388671875,31206.62998046875,30820.77359375,28008.39779296875,24363.646328125,49.82900370504587,-42.40626596297807,26.64985468242661,-69.05612064540468,34248.87864348611,31206.62998046875,28164.381317451393,59.44445217305215,53.012300099148035,TTNP
2011-03-28,30232.044921875,30828.728515625,28839.779296875,30828.728515625,30828.728515625,2,30550.276171875,30172.37578125,31107.182421875,30741.2155859375,28068.0662890625,24415.359033203124,51.57293567269079,-8.048272759744577,19.710229193992372,-27.75850195373695,34061.02455234022,31107.182421875,28153.340291409782,59.44445217305215,59.206354680393154,TTNP
2011-03-29,30629.833984375,33414.36328125,30629.833984375,30828.728515625,30828.728515625,3,30749.17109375,30232.044140625,30958.01103515625,30689.502890625,28107.84529296875,24455.138037109376,51.57293567269079,18.962101091899967,19.560603573573893,-0.5985024816739255,33639.11259135703,30958.01103515625,28276.909478955473,48.333337424949455,55.74074725701788,TTNP
2011-03-30,31823.205078125,31823.205078125,28839.779296875,29436.46484375,29436.46484375,4,30669.61328125,30232.044140625,30759.11611328125,30621.87859375,28133.70166015625,24487.95572265625,45.19596400049093,-71.15578610942612,1.4173256369738887,-72.5731117464,33266.37678700675,30759.11611328125,28251.855439555748,44.16667280409089,50.64815413403079,TTNP
2011-03-31,29038.673828125,30828.728515625,28044.19921875,28839.779296875,28839.779296875,18,30072.928125,30033.14921875,30530.3869140625,30542.3205859375,28153.591171875,24522.762353515624,42.75592030438207,-188.54892328443384,-36.57592414730766,-151.97299913712618,32854.992506000744,30530.3869140625,28205.781322124254,35.83334356237375,42.77778459713799,TTNP
2011-04-01,28640.884765625,29436.46484375,27447.513671875,27845.3046875,27845.3046875,21,29555.801171875,29874.033203125,30291.712890625,30442.8730859375,28153.591171875,24554.58556640625,38.97881220116778,-357.70620559921736,-100.80198043768961,-256.90422516152773,32688.7072313152,30291.712890625,27894.7185499348,23.33334969979804,34.44445535542085,TTNP
2011-04-04,26850.828125,28044.19921875,25856.353515625,26651.93359375,26651.93359375,7,28720.4421875,29635.3591796875,29983.4255859375,30351.3813671875,28151.6022265625,24581.436396484376,34.98480278833102,-581.3581099843104,-196.91320634701378,-384.44490363729665,32579.36754110213,29983.4255859375,27387.483630772873,15.46297335364748,24.87655553860638,TTNP
2011-04-05,26453.0390625,28441.98828125,26453.0390625,27447.513671875,27447.513671875,10,28044.19921875,29396.68515625,29724.86201171875,30295.6907421875,28147.62431640625,24618.23197265625,39.43992819703372,-686.4937198944644,-294.8293090565039,-391.66441083796053,32248.478460615555,29724.86201171875,27201.245562821943,13.055562177912085,17.283961743785824,TTNP
2011-04-06,27646.408203125,28640.884765625,27049.724609375,28243.09375,28243.09375,5,27805.525,29237.569140625,29575.69072265625,30251.933828125,28159.5580078125,24657.01650390625,43.601856023310056,-697.5765565275506,-375.37875855071326,-322.1977979768373,32079.241014205043,29575.69072265625,27072.14043110746,17.777778747642326,15.43210475973392,TTNP
2011-04-07,27447.513671875,28243.09375,27049.724609375,27447.513671875,27447.513671875,3,27527.071875,28800.0,29416.57470703125,30196.243203125,28165.52486328125,24696.7955078125,40.59723757304323,-761.775177711279,-452.6580423828264,-309.11713532845255,32033.839757661324,29416.57470703125,26799.309656401176,20.740741872249394,17.191360932601224,TTNP
2011-04-08,27447.513671875,28044.19921875,27447.513671875,27646.408203125,27646.408203125,3,27487.292578125,28521.546875,29287.29287109375,30148.5083984375,28183.42541015625,24730.60765625,41.679247140005685,-787.5258137217643,-519.631596650614,-267.89421707115025,31984.869696484842,29287.29287109375,26589.716045702655,21.481480834904975,20.000000484932187,TTNP
2011-04-11,28243.09375,28243.09375,27248.619140625,27845.3046875,27845.3046875,3,27725.966796875,28223.2044921875,29197.79013671875,30128.61890625,28203.314921875,24765.414287109375,42.801265155503124,-782.8597740793048,-572.2772321363522,-210.58254194295262,31961.21440692061,29197.79013671875,26434.36586651689,20.000002909593814,20.740741872249348,TTNP
2011-04-12,27646.408203125,27646.408203125,26453.0390625,26453.0390625,26453.0390625,3,27527.071875,27785.635546875,29008.83984375,30033.149296875,28229.1712890625,24794.254072265627,37.380054143936505,-881.3464906092377,-634.0910838309293,-247.25540677830838,31973.042931267923,29008.83984375,26044.636756232077,16.296300822331165,19.259261522276606,TTNP
2011-04-13,26453.0390625,26850.828125,26254.14453125,26254.14453125,26254.14453125,3,27129.28203125,27467.403515625,28849.723828125,29893.9228125,28247.07185546875,24829.060703125,36.66558456221154,-964.3308437667729,-700.139035818098,-264.19180794867486,32038.19131943714,28849.723828125,25661.256336812858,11.111120809757358,15.802474847227403,TTNP
2011-04-14,26254.14453125,27845.3046875,25856.353515625,27845.3046875,27845.3046875,8,27208.840234375,27367.9560546875,28700.55263671875,29774.58578125,28286.85087890625,24865.8562890625,45.62038094102718,-891.4273946734829,-738.396707589175,-153.03068708430794,31782.077651569896,28700.55263671875,25619.0276218676,12.475644626185526,13.29435541942464,TTNP
2011-04-15,27646.408203125,28839.779296875,27447.513671875,27845.3046875,27845.3046875,4,27248.61953125,27367.9560546875,28620.99462890625,29663.204609375,28334.585703125,24906.629775390626,45.62038094102718,-824.1505910286141,-755.5474842770628,-68.60310675155131,31704.57290201073,28620.99462890625,25537.41635580177,19.02535572917225,14.204040388371668,TTNP
2011-04-18,28441.98828125,28441.98828125,26850.828125,27447.513671875,27447.513671875,2,27169.061328125,27447.5140625,28541.43662109375,29615.4698046875,28370.38681640625,24941.43640625,43.82384118934366,-793.781431686868,-763.1942737590239,-30.587157927844146,31659.714573513018,28541.43662109375,25423.158668674485,26.432757963968598,19.311252773108748,TTNP
2011-04-19,27845.3046875,27845.3046875,27646.408203125,27646.408203125,27646.408203125,3,27407.73515625,27467.403515625,28432.0443359375,29575.69078125,28408.176875,24976.243037109376,44.990300914710026,-745.0757581235412,-759.5705706319274,14.49481250838619,31514.53205976911,28432.0443359375,25349.556612105887,29.660820604122687,25.03964476575447,TTNP
2011-04-20,28044.19921875,29834.25390625,27646.408203125,28839.779296875,28839.779296875,11,27924.862109375,27527.0720703125,28382.32060546875,29571.712890625,28461.87853515625,25019.00546875,51.497831525673845,-603.2274564500112,-728.3019477955442,125.07449134553292,31404.21603614536,28382.32060546875,25360.42517479214,45.888889430800674,33.994155999630614,TTNP
2011-04-21,30033.1484375,32220.994140625,29834.25390625,31823.205078125,31823.205078125,16,28720.4421875,27964.6412109375,28382.32060546875,29619.4476953125,28545.414453125,25078.673984375,63.2139655560855,-247.2242807775874,-632.0864143919528,384.86213361436535,31404.21603614536,28382.32060546875,25360.42517479214,68.25000711122867,47.933239048717304,TTNP
2011-04-25,31027.625,35801.10546875,30828.728515625,35403.31640625,35403.31640625,30,30232.04453125,28740.33203125,28630.939453125,29750.7184375,28656.79568359375,25156.243056640626,71.96546561006036,320.10588338346133,-441.6479548368699,761.7538382203313,32862.264923781615,28630.939453125,24399.613982468385,88.25001261036071,67.46296971746331,TTNP
2011-04-26,35403.31640625,35801.10546875,32220.994140625,34408.83984375,34408.83984375,16,31624.309765625,29396.685546875,28809.94501953125,29854.1438671875,28752.26529296875,25231.8231640625,67.18413308843733,681.6159342688006,-216.9951770157358,898.6111112845365,33656.25438847975,28809.94501953125,23963.635650582753,91.91667400702583,82.80556457620503,TTNP
2011-04-27,35005.5234375,35005.5234375,34011.05078125,34408.83984375,34408.83984375,5,32976.79609375,30192.265625,28988.9505859375,29969.50296875,28857.67966796875,25307.403271484374,67.18413308843733,957.0826016659303,17.820378720597432,939.2622229453328,34356.7219873715,28988.9505859375,23621.179184503497,89.3333343807869,89.83334033272443,TTNP
2011-04-28,34209.9453125,34209.9453125,32817.6796875,33613.2578125,33613.2578125,5,33931.491796875,30928.176953125,29197.790234375,30068.9504296875,28955.13822265625,25379.00546875,63.28316176251403,1098.531907228742,233.96268442222635,864.5692228065157,34931.48917013661,29197.790234375,23464.09129861339,83.33332351345534,88.1944439670893,TTNP
2011-04-29,32817.6796875,33812.15625,30828.728515625,31823.205078125,31823.205078125,5,33931.491796875,31325.9669921875,29346.9615234375,30124.6410546875,29024.751484375,25439.66845703125,55.47783501764829,1054.0389010702202,397.9779277518251,656.0609733183951,35189.839362834246,29346.9615234375,23504.083684040757,74.66665933449107,82.44443907624438,TTNP
2011-05-02,31823.205078125,33812.15625,30033.1484375,33812.15625,33812.15625,4,33613.259765625,31922.6521484375,29645.3041015625,30224.08859375,29120.22111328125,25514.2541015625,61.20364375413615,1165.8306404281284,551.5484702870858,614.2821701410426,35754.296359624845,29645.3041015625,23536.31184350015,72.66666444082757,76.88888242959126,TTNP
2011-05-03,33812.15625,33812.15625,32419.888671875,32419.888671875,32419.888671875,3,33215.46953125,32419.8896484375,29933.70185546875,30295.69078125,29195.8012109375,25582.872880859373,55.79442392057311,1129.066861437277,667.0521485171241,462.014712920153,35994.617946241444,29933.70185546875,23872.78576469605,68.66666810691534,71.99999729407791,TTNP
2011-05-04,32817.6796875,33613.2578125,31226.51953125,33613.2578125,33613.2578125,2,33056.353125,33016.574609375,30241.9890625,30391.1603515625,29293.259765625,25656.464033203127,59.12877825902719,1182.5940103525681,770.1605208842129,412.4334894683552,36392.28498405105,30241.9890625,24091.69314094895,74.66665933449107,71.99999729407791,TTNP
2011-05-05,32022.099609375,33613.2578125,31624.30859375,32817.6796875,32817.6796875,2,32897.2375,33414.3646484375,30470.718359375,30490.6078515625,29380.77357421875,25727.071767578123,56.09123540101657,1147.5894588149458,845.6463084703595,301.94315034458634,36646.84914674723,30470.718359375,24294.58757200278,70.22221096209546,71.18517946783389,TTNP
2011-05-06,32817.6796875,32817.6796875,31823.205078125,31823.205078125,31823.205078125,5,32897.2375,33414.3646484375,30689.5029296875,30538.34265625,29460.3316015625,25794.696083984374,52.463181881115496,1027.7549899528203,882.0680447668517,145.68694518596863,36730.282308068636,30689.5029296875,24648.723551306364,66.74073570229449,70.54320199962694,TTNP
2011-05-09,32817.6796875,34806.62890625,31823.205078125,33812.15625,33812.15625,10,32897.2375,33255.2486328125,30997.79033203125,30586.0775,29559.779140625,25869.281728515623,58.275917620163455,1080.818049541438,921.818045721769,159.00000381966913,37015.17835818548,30997.79033203125,24980.40230587702,65.94400065016391,67.63564910485123,TTNP
2011-05-10,33812.15625,34806.62890625,32022.099609375,33812.15625,33812.15625,4,33175.691015625,33195.5802734375,31296.13291015625,30605.96703125,29661.215625,25933.9226171875,58.275917620163455,1110.0746569166622,959.4693679607476,150.6052889559146,37250.074750472195,31296.13291015625,25342.191069840308,68.9250359127039,67.2032574217207,TTNP
2011-05-11,33812.15625,33812.15625,32817.6796875,33812.15625,33812.15625,2,33215.470703125,33135.9119140625,31664.08876953125,30605.96703125,29766.63,25985.63533203125,58.27591762016346,1120.3460768611658,991.6447097408312,128.70136712033457,37275.04416642745,31664.08876953125,26053.13337263505,72.62874446572972,69.16592700953244,TTNP
2011-05-12,33812.15625,34806.62890625,33414.36328125,33414.36328125,33414.36328125,4,33334.807421875,33116.0224609375,32022.09970703125,30605.96703125,29862.099609375,26042.32041015625,56.54864957065738,1083.8932365543078,1010.0944151035266,73.79882145078125,37094.508008961566,32022.09970703125,26949.691405100937,66.9657090817393,69.50649648672425,TTNP
2011-05-13,33414.36328125,33613.2578125,33215.46875,33613.2578125,33613.2578125,2,33692.81796875,33295.027734375,32310.49736328125,30609.944921875,29963.5360546875,26099.00548828125,57.23122067183719,1058.8474896722437,1019.84503001727,39.00245965497368,37044.825894895126,32310.49736328125,27576.168831667375,62.45209587139093,67.3488498062866,TTNP
2011-05-16,33613.2578125,34607.734375,32817.6796875,34011.05078125,34011.05078125,9,33732.596875,33314.9171875,32618.78466796875,30637.790234375,30062.98357421875,26163.646376953126,58.63093456171185,1058.8908878880393,1027.6542015914238,31.236686296615517,36934.39466603743,32618.78466796875,28303.174669900072,66.89654875365996,65.43811790226333,TTNP
2011-05-17,32817.6796875,35005.5234375,32817.6796875,33812.15625,33812.15625,7,33732.596875,33454.1439453125,32937.016796875,30657.679765625,30158.453203125,26229.281748046877,57.61561433721452,1030.9915263005496,1028.3216665332488,2.66985976730075,36564.11223365475,32937.016796875,29309.921360095257,72.68967884039078,67.34610782181382,TTNP
2011-05-18,34607.734375,36596.68359375,33414.36328125,36000.0,36000.0,22,34170.165625,33692.8181640625,33354.69638671875,30725.3040625,30275.80126953125,26297.900537109374,64.83037738763686,1171.9127070932554,1057.0398746452502,114.87283244800528,36310.41317127256,33354.69638671875,30398.979602164945,82.30307208287654,73.96309989230902,TTNP
2011-05-19,35801.10546875,37790.0546875,33215.46875,33812.15625,33812.15625,34,34249.72421875,33792.2658203125,33603.315234375,30777.016796875,30369.281953125,26353.59115234375,54.787027333893576,1094.4370629041405,1064.5193122970281,29.91775060711234,35713.759506211056,33603.315234375,31492.870962538935,71.87571541280984,75.62282211202564,TTNP
2011-05-20,34209.9453125,35602.2109375,34011.05078125,35204.41796875,35204.41796875,6,34567.95625,34130.387109375,33772.37587890625,30868.5084765625,30472.70734375,26418.23203125,59.12644746373555,1132.3281675234466,1078.0810833423118,54.247084181134824,35826.29812133297,33772.37587890625,31718.453636479524,66.74437501114654,73.64105416894422,TTNP
2011-05-23,34806.62890625,37790.0546875,34408.83984375,36994.4765625,36994.4765625,18,35164.64140625,34448.619140625,33851.93388671875,31003.757109375,30596.022265625,26491.823203125,63.92105939965839,1291.9076026380208,1120.8463872014536,171.06121543656718,36247.27766868475,33851.93388671875,31456.590104752748,65.73427640566865,68.1181222765416,TTNP
2011-05-24,37392.265625,38983.42578125,37392.265625,38386.7421875,38386.7421875,20,36079.55859375,34906.077734375,34050.82900390625,31178.784765625,30737.23775390625,26576.353603515625,67.14882183260312,1513.2755563302053,1199.332221027204,313.9433353030013,37154.101982426124,34050.82900390625,30947.556025386373,80.12558850092074,70.86807997257857,TTNP
2011-05-25,38784.53125,39779.00390625,37790.0546875,39779.00390625,39779.00390625,17,36835.359375,35502.7625,34319.33720703125,31369.7239453125,30898.34271484375,26667.8453125,70.03574202556581,1780.5302946921074,1315.5718357601847,464.9584589319227,38304.14331884004,34319.33720703125,30334.531095222454,93.25691004841474,79.70559165166797,TTNP
2011-05-26,39977.90234375,40375.69140625,38784.53125,40176.796875,40176.796875,13,38108.2875,36179.005859375,34647.51416015625,31584.5305859375,31045.5250390625,26768.2873046875,70.82464020337446,2001.3597391244548,1452.7294164330388,548.630322691416,39360.27730172812,34647.51416015625,29934.751018584382,96.52211261921155,89.96820372284894,TTNP
2011-05-27,39977.90234375,40574.5859375,38585.63671875,40176.796875,40176.796875,15,39102.76328125,36835.359765625,35065.19375,31771.491953125,31190.71841796875,26869.723779296874,70.82464020337446,2151.5667427210356,1592.496881690638,559.0698610303975,40167.30709443241,35065.19375,29963.08040556758,97.67442444665546,95.8178157047605,TTNP
2011-05-31,40574.5859375,42762.4296875,40574.5859375,41767.95703125,41767.95703125,23,40057.459375,37611.050390625,35462.9837890625,32018.121796875,31351.8233984375,26979.1160546875,74.00015632421862,2371.6611683426236,1748.329739021035,623.3314293215885,41299.93500046899,35462.9837890625,29626.032577656002,94.341098969226,96.17921201169759,TTNP
2011-06-01,41767.95703125,43359.1171875,40375.69140625,42961.32421875,42961.32421875,34,40972.37578125,38525.9671875,35990.05556640625,32296.5748046875,31532.8178515625,27089.502783203126,76.10112883399599,2612.2697256718675,1921.1177363512015,691.151989320666,42497.87525289861,35990.05556640625,29482.23587991389,93.85842009587843,95.29131450391988,TTNP
2011-06-02,42762.4296875,44154.6953125,40972.375,42961.32421875,42961.32421875,28,41608.83984375,39222.099609375,36457.45888671875,32559.1162109375,31691.93384765625,27205.8563671875,76.10112883399599,2771.0112480731623,2091.096438695594,679.9148093775684,43533.314836960846,36457.45888671875,29381.60293647665,91.90002884585219,93.3665159703188,TTNP
2011-06-03,42563.53515625,43160.22265625,41370.1640625,41767.95703125,41767.95703125,12,41927.071875,40017.6796875,36904.97275390625,32797.7902734375,31817.237734375,27312.26521484375,69.58026573070046,2768.6055284665053,2226.598256649776,542.0072718167294,44133.89676568534,36904.97275390625,29676.04874212716,88.21581590400888,91.32475494857977,TTNP
2011-06-06,42165.74609375,42165.74609375,38187.84375,39381.21484375,39381.21484375,21,41767.95546875,40435.359375,37282.8732421875,32948.95046875,31918.67419921875,27408.729296875,58.739492189519524,2544.774257082754,2290.2334567363714,254.54080034638264,44192.836316421875,37282.8732421875,30372.91016795313,75.43859830468676,85.18481435151587,TTNP
2011-06-07,38784.53125,39779.00390625,36596.68359375,39779.00390625,39779.00390625,22,41370.16484375,40713.812109375,37581.215625,33135.9117578125,31978.34267578125,27511.160224609375,59.86193100268225,2372.1400607612013,2306.6147775413374,65.52528321986392,44380.37111286744,37581.215625,30782.060137132557,65.6140375430327,76.42281725057603,TTNP
2011-06-08,39779.00390625,40176.796875,36795.58203125,37790.0546875,37790.0546875,7,40335.9109375,40654.143359375,37780.110546875,33275.13828125,32008.17693359375,27605.635361328124,52.21359062009044,2051.189797637351,2255.52978156054,-204.3399839231888,44355.65916465252,37780.110546875,31204.561929097483,53.2376374340303,64.76342442724983,TTNP
2011-06-09,36795.58203125,39977.90234375,36596.68359375,39580.109375,39580.109375,7,39659.66796875,40634.25390625,38068.508203125,33450.1658984375,32069.83439453125,27705.08287109375,57.47916290319169,1919.154041798014,2188.254633608035,-269.1005918100209,44424.93909538422,38068.508203125,31712.07731086577,52.24004224382776,57.0305724069635,TTNP
2011-06-10,39580.109375,40375.69140625,37988.94921875,39779.00390625,39779.00390625,7,39261.87734375,40594.474609375,38386.740234375,33657.0166796875,32139.44763671875,27812.486181640626,58.03250719028408,1809.702753627047,2112.5442576118376,-302.8415039847905,44407.709699879044,38386.740234375,32365.770768870956,50.607387473267586,52.0283557170418,TTNP
2011-06-13,40773.48046875,41569.0625,38585.63671875,39779.00390625,39779.00390625,24,39341.43515625,40554.6953125,38695.0275390625,33875.801171875,32209.06087890625,27918.895009765623,58.03250719028408,1703.3269266711359,2030.7007914236972,-327.3738647525613,44325.51257994663,38695.0275390625,33064.54249817837,50.70307857404921,51.18350276371478,TTNP
2011-06-14,39779.00390625,40773.48046875,38784.53125,39779.00390625,39779.00390625,10,39341.43515625,40355.8,38983.4251953125,34114.47515625,32278.67412109375,28025.303837890624,58.03250719028408,1600.5729092364927,1944.6752149862564,-344.1023057497637,44200.391963701666,38983.4251953125,33766.45842692333,46.43751466054269,49.24932690261975,TTNP
2011-06-15,39580.109375,40773.48046875,39182.3203125,39779.00390625,39779.00390625,9,39739.225,40037.56796875,39281.767578125,34377.0165625,32364.19896484375,28133.70162109375,58.032507190284086,1501.8274778077903,1856.105667550563,-354.27818974277284,43933.53005583787,39281.767578125,34630.00510041213,42.10525771751923,46.415283650703635,TTNP
2011-06-16,39779.00390625,40972.375,39182.3203125,39977.90234375,39977.90234375,9,39818.78359375,39739.22578125,39480.6626953125,34627.6243359375,32461.6575390625,28239.11599609375,58.75447481926622,1423.2145225253844,1769.5274385455273,-346.3129160201429,43887.881559120855,39480.6626953125,35073.44383150415,42.98246566100773,43.84174601302314,TTNP
2011-06-17,37193.37109375,39182.3203125,25856.353515625,33613.2578125,33613.2578125,111,38585.634375,38923.755859375,39470.7177734375,34735.0276171875,32493.48072265625,28317.679521484373,36.886782940812886,837.6832756086878,1583.1586059581593,-745.4753303494715,43929.6500957861,39470.7177734375,35011.7854510889,43.0778118693313,42.721845082619346,TTNP
2011-06-20,33613.2578125,33613.2578125,29237.568359375,30033.1484375,30033.1484375,37,36636.46328125,37988.94921875,39212.154296875,34786.7403125,32491.4917578125,28373.370126953127,30.100365226394644,83.7947043707245,1283.2858256406723,-1199.4911212699478,45024.89352714045,39212.154296875,33399.41506660955,36.65142072618365,40.903899418840815,TTNP
2011-06-21,30033.1484375,31425.4140625,29834.25390625,31226.51953125,31226.51953125,16,34925.96640625,37133.70078125,38923.7564453125,34858.3425390625,32503.42546875,28439.9999609375,34.43081958082016,-412.6159659510013,944.1054673223375,-1356.7214332733388,45648.76184986096,38923.7564453125,32198.751040764044,31.52173646198933,37.08365635250136,TTNP
2011-06-22,31226.51953125,33414.36328125,31226.51953125,32022.099609375,32022.099609375,7,33374.585546875,36556.9052734375,38605.52431640625,34941.8784375,32535.248671875,28508.61875,37.22305360299258,-733.374451099633,608.6094836379434,-1341.9839347375764,45973.665703033155,38605.52431640625,31237.38292977934,29.268698248658684,32.48061847894382,TTNP
2011-06-23,31823.205078125,32220.994140625,29038.673828125,30430.939453125,30430.939453125,10,31465.19296875,35641.98828125,38138.12109375,35021.4364453125,32527.29287109375,28569.28173828125,34.09577017629043,-1103.2535678702116,266.2368733363124,-1369.4904412065239,46293.180938470134,38138.12109375,29983.06124902987,31.009597420028143,30.60001071022531,TTNP
2011-06-24,30430.939453125,32220.994140625,30232.044921875,31226.51953125,31226.51953125,9,30987.8453125,34786.73984375,37690.6072265625,35120.8839453125,32507.40337890625,28633.922626953125,36.94815258354484,-1317.0071309839695,-50.41192752774401,-1266.5952034562256,46317.700240388614,37690.6072265625,29063.51421273638,32.619392163910454,30.96589594419902,TTNP
2011-06-27,31624.30859375,32817.6796875,31226.51953125,31425.4140625,31425.4140625,5,31266.2984375,33951.380859375,37253.0380859375,35192.4861328125,32483.53595703125,28700.5524609375,37.674399923254896,-1453.6030126288388,-331.050144547963,-1122.5528680808757,46212.6791580397,37253.0380859375,28293.397013835303,32.55634241895177,32.061777334296714,TTNP
2011-06-28,31425.4140625,32817.6796875,31425.4140625,32022.099609375,32022.099609375,3,31425.414453125,33175.6904296875,36765.74521484375,35276.02203125,32469.6133203125,28769.17125,39.910507208333826,-1496.458454478765,-564.1318065341234,-932.3266479446415,45750.231601087144,36765.74521484375,27781.258828600363,36.2869162647456,33.8208836158692,TTNP
2011-06-29,31226.51953125,32419.888671875,31226.51953125,31823.205078125,31823.205078125,4,31385.635546875,32380.110546875,36208.8392578125,35363.535859375,32489.50283203125,28836.79556640625,39.403028555420164,-1528.84722817054,-757.0748908614066,-771.7723373091333,44966.07166346289,36208.8392578125,27451.60685216211,37.552739888727,35.46533285747471,TTNP
2011-06-30,33414.36328125,37193.37109375,33215.46875,36198.89453125,36198.89453125,20,32539.2265625,32002.209765625,35870.7177734375,35534.5855859375,32555.13818359375,28926.298330078123,53.43201538503454,-1187.7424394669943,-843.2084005825242,-344.5340388844701,44062.94726264055,35870.7177734375,27678.488284234456,47.67932059376187,40.506325582411414,TTNP
2011-07-01,36198.89453125,36198.89453125,34607.734375,35204.41796875,35204.41796875,15,33334.80625,32161.32578125,35542.5408203125,35661.878359375,32616.795625,29012.81765625,50.566698049226446,-986.2910351896717,-871.8249275039536,-114.46610768571804,43276.5649000971,35542.5408203125,27808.516740527888,55.21318467140244,46.81508171796369,TTNP
2011-07-05,35403.31640625,37392.265625,35204.41796875,35602.2109375,35602.2109375,12,34170.165625,32718.23203125,35353.590625,35737.4584765625,32678.4530859375,29100.331474609375,51.682840937063304,-785.4861820784936,-854.5571784188617,69.07099634036808,42885.253669400474,35353.590625,27821.927580599517,64.0461880188035,55.64623109465587,TTNP
2011-07-06,35602.2109375,35602.2109375,34011.05078125,34806.62890625,34806.62890625,15,34727.071484375,33076.24296875,35104.971875,35725.5247265625,32738.12158203125,29184.86185546875,49.28601536064624,-682.6742662412071,-820.1805959833307,137.50632974212363,42359.05210376516,35104.971875,27850.891646234842,61.84210418641667,60.367158958874136,TTNP
2011-07-07,35204.41796875,35403.31640625,34607.734375,35005.5234375,35005.5234375,10,35363.53515625,33374.5853515625,34965.7453125,35737.4583984375,32795.8011328125,29271.381181640623,49.911406108598236,-578.477625798987,-771.8400019464619,193.36237614747495,42114.464629894355,34965.7453125,27817.02599510565,64.11364118691034,63.33397779737677,TTNP
2011-07-08,34806.62890625,35204.41796875,34209.9453125,35005.5234375,35005.5234375,7,35124.8609375,33832.04375,34737.016015625,35749.3920703125,32859.44751953125,29353.922607421875,49.91140610859823,-490.24974367702816,-715.5219502925752,225.27220661554702,41566.127585476584,34737.016015625,27907.90444577341,66.43192701584648,64.12922412972442,TTNP
2011-07-11,40972.375,41370.1640625,34806.62890625,39381.21484375,39381.21484375,92,35960.2203125,34647.51328125,34717.1265625,35864.7512109375,32966.8508203125,29462.320390625,61.89944681957259,-66.48043902390782,-585.7136480388417,519.2332090149339,41489.46520179496,34717.1265625,27944.78792320504,74.65207744862231,68.39921521712631,TTNP
2011-07-12,39381.21484375,41171.26953125,38386.7421875,40574.5859375,40574.5859375,21,36954.6953125,35562.43046875,34756.9056640625,36039.778828125,33082.20994140625,29578.673984375,64.40181245391615,361.48785488123394,-396.27334745482653,757.7612023360605,41655.868394424564,34756.9056640625,27857.942933700433,82.94930939875594,74.6777712877415,TTNP
2011-07-13,41171.26953125,41370.1640625,36795.58203125,38187.84375,38187.84375,24,37630.93828125,36179.0048828125,34677.34765625,36127.292578125,33175.6905859375,29679.115966796875,56.4205518014635,502.27574136097246,-216.56352969166673,718.8392710526392,41376.626865804305,34677.34765625,27978.068446695695,83.87097438389351,80.4907870770905,TTNP
2011-07-14,39779.00390625,39779.00390625,37591.16015625,38585.63671875,38585.63671875,6,38346.9609375,36855.248046875,34617.679296875,36250.6075390625,33273.14916015625,29770.607685546875,57.36883249149325,638.5884733879939,-45.53312907573459,684.1216024637284,41153.401602458616,34617.679296875,28081.95699129139,80.91399022905442,82.57809133723454,TTNP
2011-07-15,38386.7421875,38784.53125,37790.0546875,38784.53125,38784.53125,4,39102.7625,37113.81171875,34558.0107421875,36354.0330078125,33372.5966796875,29862.099404296874,57.86254474648685,753.9750668036068,114.36851010013368,639.6065567034731,40916.27760725627,34558.0107421875,28199.743877118726,74.56779752388557,79.78425404561109,TTNP
2011-07-18,39182.3203125,39580.109375,36994.4765625,38386.7421875,38386.7421875,5,38903.86796875,37432.044140625,34796.6849609375,36465.4142578125,33478.0110546875,29954.58560546875,56.45436249089394,804.0528992026884,252.30538792064462,551.7475112820438,41350.54041197414,34796.6849609375,28242.829509900854,73.36603699022388,76.28260824772123,TTNP
2011-07-19,38386.7421875,38386.7421875,36397.7890625,37392.265625,37392.265625,5,38267.40390625,37611.049609375,35164.6408203125,36576.79546875,33557.5690625,30042.099423828124,52.98281759700472,754.793208498806,352.8029520362769,401.99025646252915,41427.27660486796,35164.6408203125,28902.005035757047,68.62747212277176,72.18710221229368,TTNP
2011-07-20,37392.265625,38784.53125,37392.265625,38784.53125,38784.53125,8,38386.74140625,38008.83984375,35542.54140625,36676.24296875,33631.160234375,30136.5745703125,56.97204014250471,818.66172622655,445.9747068743315,372.68701935221844,41720.593934814555,35542.54140625,29364.488877685442,66.55510100879638,69.51620337393062,TTNP
2011-07-21,38784.53125,38784.53125,37193.37109375,37591.16015625,37591.16015625,5,38187.84609375,38267.403515625,35820.99443359375,36751.823046875,33678.8950390625,30222.09943359375,52.834101132620404,764.1739907428491,509.614563648035,254.5594270948141,41839.204662514676,35820.99443359375,29802.78420467282,59.241896600606246,64.80815657739141,TTNP
2011-07-22,37591.16015625,39182.3203125,37392.265625,38187.84375,38187.84375,5,38068.50859375,38585.635546875,36208.8396484375,36839.336796875,33722.6519140625,30305.635341796875,54.60928209355346,760.3743252272106,559.7665159638701,200.60780926334053,41770.04593085496,36208.8396484375,30647.633366020036,57.89936829849652,61.23212196929966,TTNP
2011-07-25,37591.16015625,39182.3203125,36795.58203125,37790.0546875,37790.0546875,5,37949.17109375,38426.51953125,36537.01640625,36926.850625,33766.408828125,30387.1823046875,53.17248674965358,716.9996840086678,591.2131495728297,125.78653443583812,41639.12977504646,36537.01640625,31434.903037453536,52.25224747023018,56.46450412311092,TTNP
2011-07-26,37988.94921875,39580.109375,36994.4765625,38187.84375,38187.84375,7,38108.28671875,38187.8453125,36875.137890625,37018.34234375,33814.1436328125,30470.718212890624,54.46275462342475,706.5782272533033,614.2861651089245,92.29206214437886,41446.09039036882,36875.137890625,32304.185390881183,54.554544775024574,54.90205351458369,TTNP
2011-07-27,38386.7421875,38983.42578125,37193.37109375,37193.37109375,37193.37109375,2,37790.0546875,38088.398046875,37133.70146484375,37081.98875,33859.8894921875,30543.31490234375,50.7015680946343,611.0299426614511,613.6349206194297,-2.60497795797869,41125.6990387063,37133.70146484375,33141.703890981196,49.5245255886718,52.11043927797545,TTNP
2011-07-28,36994.4765625,37790.0546875,36198.89453125,37392.265625,37392.265625,3,37750.27578125,37969.0609375,37412.1544921875,37153.5909375,33905.6353515625,30605.9668359375,51.42410618702209,545.0731017543148,599.9225568464068,-54.849455092091944,40574.27355798612,37412.1544921875,34250.03542638889,45.53873097545307,49.87260044638308,TTNP
2011-07-29,37591.16015625,37591.16015625,35801.10546875,36795.58203125,36795.58203125,3,37471.8234375,37770.166015625,37441.9888671875,37169.502578125,33947.4033203125,30650.71822265625,49.09918689662668,439.5871636304437,567.8554782032141,-128.26831457277046,40568.819371054815,37441.9888671875,34315.15836332019,32.97260830573111,42.67862162328527,TTNP
2011-08-01,36795.58203125,37392.265625,32022.099609375,35801.10546875,35801.10546875,9,37074.03359375,37511.60234375,37471.8232421875,37209.2815625,33993.1491796875,30700.441982421875,45.41394894237721,272.6004816116838,508.80447888490806,-236.20399727322427,40523.16124387403,37471.8232421875,34420.48524050097,32.55889451282827,37.023411264670756,TTNP
2011-08-02,35204.41796875,36397.7890625,34806.62890625,34806.62890625,34806.62890625,2,36397.790625,37253.038671875,37432.044140625,37201.32578125,34034.91712890625,30746.18783203125,42.017637208659266,59.33243821679207,418.9100707512849,-359.5776325344928,40598.413706633706,37432.044140625,34265.6745746163,31.39338299428613,32.30829527094844,TTNP
2011-08-03,35403.31640625,35403.31640625,31425.4140625,34209.9453125,34209.9453125,7,35801.10546875,36795.580078125,37402.2099609375,37145.63515625,34074.6961328125,30787.955791015625,40.080818005182024,-156.03275355375808,303.9215058902763,-459.9542594440344,40676.37535940159,37402.2099609375,34128.04456247341,36.82310968108263,33.591795729398946,TTNP
2011-08-04,32817.6796875,35204.41796875,31027.625,31425.4140625,31425.4140625,18,34607.73515625,36179.00546875,37223.2044921875,37006.40859375,34092.5966796875,30816.79556640625,32.54212515211416,-545.115863874802,134.11403193726062,-679.2298958120626,41295.9902475546,37223.2044921875,33150.4187368204,24.898312579730987,31.038268418366524,TTNP
2011-08-05,31226.51953125,31425.4140625,26850.828125,29834.25390625,29834.25390625,25,33215.46953125,35343.646484375,36964.641015625,36807.51359375,34088.61876953125,30834.69611328125,29.1662487994271,-970.6710668884407,-86.84298782787968,-883.828079060561,42088.688226931044,36964.641015625,31840.593804318953,20.74500382940919,27.488808696740875,TTNP
2011-08-08,29834.25390625,29834.25390625,26850.828125,27646.408203125,27646.408203125,21,31584.530078125,34329.2818359375,36377.90068359375,36556.9058203125,34070.718203125,30847.624287109375,25.282523388508782,-1467.550486400396,-362.984487542383,-1104.565998858013,42787.01370264724,36377.90068359375,29968.787664540258,11.44621866825299,19.029845025797663,TTNP
2011-08-09,27646.408203125,31027.625,27447.513671875,30232.044921875,30232.044921875,13,30669.61328125,33533.701953125,35860.7736328125,36358.01078125,34064.7513671875,30869.502744140624,36.11019344268586,-1633.8576382385363,-617.1591176816137,-1016.6985205569226,42496.956521273285,35860.7736328125,29224.590744351724,18.750005114520153,16.980409204060717,TTNP
2011-08-10,29834.25390625,33613.2578125,29834.25390625,33414.36328125,33414.36328125,3,30510.496875,33155.801171875,35622.099609375,36190.93890625,34104.5303515625,30914.25412109375,46.4045963969591,-1491.6756500335032,-792.0624241519915,-699.6132258815117,42249.693126393824,35622.099609375,28994.50609235618,28.125002557260032,19.440408780010998,TTNP
2011-08-11,33016.57421875,34806.62890625,32817.6796875,34806.62890625,34806.62890625,6,31186.73984375,32897.2375,35433.14921875,36027.845,34162.20990234375,30968.95025390625,50.18625195720306,-1252.216428220061,-884.0932249656055,-368.1232032544556,41926.12040921158,35433.14921875,28940.17802828841,46.87500255726004,31.250003409680016,TTNP
2011-08-12,34408.83984375,36795.58203125,34408.83984375,36397.7890625,36397.7890625,4,32499.446875,32857.458203125,35313.812109375,35896.574296875,34227.84525390625,31031.6021875,54.16653193874429,-923.405499198474,-891.9556798121791,-31.44981938629485,41641.644534401734,35313.812109375,28985.97968434827,63.02083205470319,46.00694572307436,TTNP
2011-08-15,36397.7890625,37591.16015625,35204.41796875,36795.58203125,36795.58203125,2,34329.281640625,32956.905859375,35234.2541015625,35797.126796875,34297.45853515625,31092.26517578125,55.13176302015466,-623.5341869399854,-838.2713812377403,214.73719429775497,41444.462943465966,35234.2541015625,29024.04525965904,73.15574245519473,61.01719235571926,TTNP
2011-08-16,36795.58203125,36795.58203125,34806.62890625,35801.10546875,35801.10546875,9,35443.09375,33056.353515625,35154.69609375,35725.524609375,34337.2375390625,31149.944736328125,52.17360379068875,-460.817936601401,-762.7806923104724,301.9627557090714,41292.63037989777,35154.69609375,29016.76180760223,79.59513964082947,71.92390471690906,TTNP
2011-08-17,35801.10546875,36198.89453125,34408.83984375,35403.31640625,35403.31640625,3,35840.884375,33175.690625,34985.6353515625,35638.010859375,34386.96130859375,31197.67955078125,50.99494058765423,-359.81466925235145,-682.1874876988483,322.3728184464968,40896.39950880298,34985.6353515625,29074.871194322026,81.13835468100308,77.9630789256757,TTNP
2011-08-18,35602.2109375,35602.2109375,31823.205078125,33812.15625,33812.15625,6,35641.98984375,33414.36484375,34796.68515625,35558.452890625,34416.7955859375,31242.4309375,46.47242601291538,-403.5107580757176,-626.4521417742221,222.94138369850452,40602.8872674477,34796.68515625,28990.4830450523,75.42088944338829,78.71812792174022,TTNP
2011-08-19,32220.994140625,34806.62890625,32220.994140625,32817.6796875,32817.6796875,2,34925.96796875,33712.707421875,34528.176953125,35423.204296875,34436.68509765625,31272.2651953125,43.85464208877074,-512.4786359792051,-603.6574406152188,91.17880463601364,40176.79603596018,34528.176953125,28879.557870289827,66.66667878997275,74.40864097145464,TTNP
2011-08-22,33613.2578125,35403.31640625,32817.6796875,33613.2578125,33613.2578125,5,34289.503125,34309.3923828125,34319.337109375,35299.889375,34478.45302734375,31306.07734375,46.453271551078146,-528.5471954650784,-588.6353915851907,60.08819612011234,39775.69920857567,34319.337109375,28862.975010174334,61.11111313166206,67.73289378834097,TTNP
2011-08-23,33613.2578125,33613.2578125,32220.994140625,32419.888671875,32419.888671875,4,33613.259765625,34528.1767578125,34030.93935546875,35152.7070703125,34514.25412109375,31333.922646484374,43.22173305914504,-630.3107311182248,-596.9704594917976,-33.34027162642724,39243.20435711586,34030.93935546875,28818.67435382164,56.79011829315965,61.52263673826476,TTNP
2011-08-24,31823.205078125,32817.6796875,30828.728515625,31624.30859375,31624.30859375,6,32857.458203125,34349.1712890625,33752.48623046875,34989.6131640625,34552.04416015625,31352.817666015624,41.16573508417756,-766.3220461257515,-630.8407768185883,-135.4812693071632,38853.04907204796,33752.48623046875,28651.92338888954,53.08641189538792,56.995881106736476,TTNP
2011-08-25,30828.728515625,31624.30859375,29834.25390625,30828.728515625,30828.728515625,2,32260.77265625,33951.38125,33424.309375,34810.60765625,34593.812109375,31372.70716796875,39.15967354395109,-927.6156803994454,-690.1957575347598,-237.41992286468565,38388.6838707333,33424.309375,28459.934879266693,44.44444040334232,51.440323530629904,TTNP
2011-08-26,30033.1484375,30828.728515625,28839.779296875,30232.044921875,30232.044921875,7,31743.645703125,33334.8068359375,33096.13251953125,34615.6905078125,34621.657421875,31384.640869140625,37.67672394591974,-1091.0129092560528,-770.3591878790184,-320.65372137703446,37992.99156826915,33096.13251953125,28199.273470793356,36.31082092362811,44.61389107411939,TTNP
2011-08-29,29834.25390625,30232.044921875,28839.779296875,29436.46484375,29436.46484375,4,30908.287109375,32598.8951171875,32777.90048828125,34532.1546484375,34633.5911328125,31396.5745703125,35.733650572946274,-1270.0625630624381,-870.2998629157023,-399.7627001467358,37756.795928896994,32777.90048828125,27799.00504766551,23.76873658840012,34.841332638456784,TTNP
2011-08-30,28839.779296875,30033.1484375,28441.98828125,29436.46484375,29436.46484375,3,30311.60234375,31962.4310546875,32509.39228515625,34520.2209765625,34653.48064453125,31409.50275390625,35.73365057294627,-1395.8699834171566,-975.4138870159932,-420.45609640116345,37599.667702315564,32509.39228515625,27419.11686799693,15.046252054538845,25.041936522188962,TTNP
2011-08-31,28243.09375,31624.30859375,28243.09375,30232.044921875,30232.044921875,3,30033.149609375,31445.30390625,32310.497265625,34500.331484375,34679.33701171875,31431.3812109375,39.36059077696852,-1415.0646229510057,-1063.3440342029958,-351.72058874800996,37430.21922977561,32310.497265625,27190.775301474383,12.988124181845834,17.267704274928203,TTNP
2011-09-01,30629.833984375,30629.833984375,29436.46484375,30232.044921875,30232.044921875,2,29913.812890625,31087.2927734375,32250.82880859375,34464.530390625,34703.2044140625,31453.25966796875,39.36059077696852,-1413.9770656290784,-1133.4706404882122,-280.5064251408662,37437.796136898956,32250.82880859375,27063.861480288542,17.807596742630057,15.280657659671517,TTNP
2011-09-02,28839.779296875,30430.939453125,28441.98828125,30430.939453125,30430.939453125,1,29953.591796875,30848.61875,32280.6630859375,34464.530390625,34742.98341796875,31486.077353515626,40.33686349781265,-1381.1450616374932,-1183.0055247180685,-198.1395369194247,37418.318419841184,32280.6630859375,27143.007752033816,22.711534638528548,17.83575185433475,TTNP
2011-09-06,28243.09375,29834.25390625,28243.09375,29237.568359375,29237.568359375,2,29913.8125,30411.0498046875,32360.22109375,34424.7513671875,34772.81765625,31509.944755859375,36.536061245654096,-1434.880130813457,-1233.3804459371463,-201.49968487631077,37251.744973151275,32360.22109375,27468.697214348722,19.785997566050078,20.101709649069498,TTNP
2011-09-07,27845.3046875,30629.833984375,27845.3046875,29436.46484375,29436.46484375,2,29913.8125,30112.707421875,32320.44208984375,34384.9723828125,34788.7292578125,31537.790068359376,37.59154811516321,-1444.7619596956138,-1275.6567486888398,-169.10521100677397,37292.817753882155,32320.44208984375,27348.066425805348,19.53140227990663,20.676311494828354,TTNP
2011-09-08,28839.779296875,29834.25390625,28441.98828125,29834.25390625,29834.25390625,1,29834.254296875,29933.701953125,32141.43662109375,34341.21546875,34808.61875,31571.6022265625,39.74976445484033,-1404.307148737811,-1301.386828698634,-102.92032003917711,37200.412953831255,32141.43662109375,27082.460288356247,19.77619541223808,19.697865086064866,TTNP
2011-09-09,29834.25390625,30629.833984375,28441.98828125,29834.25390625,29834.25390625,2,29754.69609375,29834.2544921875,31892.81787109375,34301.4364453125,34832.48615234375,31601.436484375,39.74976445484033,-1356.6082837567665,-1312.4311197102604,-44.17716404650605,36891.814254004545,31892.81787109375,26893.821488182955,24.38145517556551,21.229684289236676,TTNP
2011-09-12,29635.359375,30430.939453125,28839.779296875,30430.939453125,30430.939453125,2,29754.69609375,29854.1439453125,31594.475390625,34186.07734375,34860.33146484375,31634.254169921875,43.16877641960262,-1256.17860763906,-1301.1806172960203,45.002009656960354,36177.312558630314,31594.475390625,27011.638222619684,32.486381006935034,25.54801053157948,TTNP
2011-09-13,30033.1484375,30033.1484375,29038.673828125,29834.25390625,29834.25390625,2,29874.033203125,29893.9228515625,31246.408984375,34078.6740625,34870.2762109375,31666.077373046875,40.68258212932156,-1210.7778097745977,-1283.1000557917357,72.32224601713801,35212.158534358234,31246.408984375,27280.65943439177,37.04778471881312,31.305206967104493,TTNP
2011-09-14,30033.1484375,30033.1484375,28839.779296875,29635.359375,29635.359375,4,29913.812109375,29913.8123046875,30938.1216796875,33959.33703125,34848.39775390625,31696.906103515626,39.85854129449481,-1177.275576792188,-1261.9351599918261,84.65958319963806,34361.13926656666,30938.1216796875,27515.104092808342,44.06533583229705,37.86650051934834,TTNP
2011-09-15,28441.98828125,30629.833984375,28441.98828125,29635.359375,29635.359375,2,29874.033203125,29854.14375,30649.723828125,33855.911640625,34790.71818359375,31723.75693359375,39.85854129449481,-1137.6111426687385,-1237.0703565272086,99.4592138584701,33431.126577138464,30649.723828125,27868.32107911153,44.91227909140387,42.00846654750462,TTNP
2011-09-16,29834.25390625,30033.1484375,29038.673828125,29237.568359375,29237.568359375,1,29754.69609375,29754.69609375,30420.99443359375,33740.5525390625,34739.00546875,31745.635380859374,38.069899208378224,-1125.3034061527178,-1214.7169664523103,89.41356029959252,32855.244535273436,30420.99443359375,27986.74433191407,43.85964458915843,44.27908650428639,TTNP
2011-09-19,29237.568359375,29237.568359375,28441.98828125,29038.673828125,29038.673828125,1,29476.24296875,29615.46953125,30232.044140625,33621.215546875,34685.30380859375,31771.49173828125,37.171711398521346,-1118.7028526156319,-1195.5141436849747,76.81129106934281,32471.710793204755,30232.044140625,27992.377488045244,38.59648034731367,42.456134675958594,TTNP
2011-09-20,28441.98828125,30430.939453125,28243.09375,29834.25390625,29834.25390625,5,29476.24296875,29675.1380859375,30043.0939453125,33430.276328125,34647.51376953125,31801.32599609375,42.96799722507546,-1037.3176508473662,-1163.8748451174529,126.55719427008671,31661.24852525263,30043.0939453125,28424.939365372367,40.35086268530714,40.93566254059302,TTNP
2011-09-21,29834.25390625,29834.25390625,28839.779296875,29436.46484375,29436.46484375,1,29436.4640625,29675.1380859375,29893.92275390625,33207.51390625,34623.6463671875,31824.19892578125,40.93452635948835,-993.4654931845107,-1129.7929747308644,136.32748154635374,31107.67116528691,29893.92275390625,28680.174342525588,47.1177948192996,42.02171261730675,TTNP
2011-09-22,28839.779296875,28839.779296875,26850.828125,27845.3046875,27845.3046875,7,29078.453125,29476.2431640625,29704.97255859375,33000.663125,34563.9778515625,31842.099482421876,34.00264282250699,-1074.7170004351574,-1118.777779871723,44.060779436565554,30958.326724960705,29704.97255859375,28451.618392226792,45.363425175515864,44.277360893374144,TTNP
2011-09-23,27845.3046875,28044.19921875,26453.0390625,26453.0390625,26453.0390625,4,28521.547265625,29138.1216796875,29486.1880859375,32758.011171875,34504.30935546875,31850.055283203124,29.323463942081833,-1237.1920260539227,-1142.460629108163,-94.7313969457598,31286.70992331063,29486.1880859375,27685.666248564372,27.819567339852465,40.10026244488925,TTNP
2011-09-26,26254.14453125,28243.09375,26254.14453125,27646.408203125,27646.408203125,5,28243.094140625,28859.6685546875,29356.90625,32535.2487109375,34444.640859375,31868.9503125,37.289375599318255,-1255.1906813343921,-1165.0066395534088,-90.1840417809833,31291.00067218873,29356.90625,27422.81182781127,19.37799342619744,30.853661980521867,TTNP
2011-09-27,27646.408203125,27845.3046875,26651.93359375,26850.828125,26850.828125,3,27646.408984375,28561.3259765625,29227.6244140625,32304.5304296875,34384.97234375,31882.872958984375,34.497823692194686,-1318.4531020303803,-1195.6959320488031,-122.75716998157714,31447.688751256712,29227.6244140625,27007.560076868285,15.15149621510531,20.78301899371835,TTNP
2011-09-28,26850.828125,27845.3046875,25856.353515625,27845.3046875,27845.3046875,2,27328.176953125,28382.3205078125,29148.06640625,32113.5912109375,34345.19333984375,31902.762470703125,40.49453053633603,-1273.6611063986857,-1211.2889669187796,-62.37213947990608,31445.19645374987,29148.06640625,26850.93635875013,29.040391923354523,21.18996052155237,TTNP
2011-09-29,27646.408203125,27845.3046875,26651.93359375,27646.408203125,27646.408203125,1,27288.39765625,28183.425390625,29018.7845703125,31890.82875,34283.535859375,31921.6575,39.71147892454818,-1239.9193922624727,-1217.0150519875183,-22.904340274954393,31348.150335933904,29018.7845703125,26689.418804691093,30.934336699518287,25.042074945992653,TTNP
2011-09-30,26651.93359375,27447.513671875,26453.0390625,27248.619140625,27248.619140625,1,27447.513671875,27984.53046875,28869.61328125,31683.9779296875,34217.90048828125,31939.558056640624,38.1236668527196,-1231.085901645638,-1219.8292219191421,-11.256679726495804,31250.628520530092,28869.61328125,26488.598041969908,36.11111793047136,32.02861551778133,TTNP
2011-10-03,27646.408203125,27646.408203125,23469.61328125,25259.66796875,25259.66796875,6,26970.165625,27606.6298828125,28611.04970703125,31425.4144140625,34132.37560546875,31949.502802734376,31.36982225803542,-1368.7983782447482,-1249.6230531842634,-119.17532506048474,31353.422079792654,28611.04970703125,25868.677334269843,30.55555328243537,32.53366930414162,TTNP
2011-10-04,24861.87890625,25856.353515625,23469.61328125,24066.298828125,24066.298828125,8,26413.259765625,27029.834375,28352.48623046875,31150.939296875,34038.8949609375,31950.49728515625,28.147748854080902,-1556.291465108785,-1310.9567355691677,-245.33472953961723,31714.871236852356,28352.48623046875,24990.10122408514,20.83333674301342,29.166669318639993,TTNP
2011-10-05,23867.40234375,24662.984375,22872.927734375,23469.61328125,23469.61328125,6,25538.121484375,26433.14921875,28054.14365234375,30856.5746875,33937.458515625,31950.49728515625,26.672573360881945,-1733.0510900081463,-1395.3756064569634,-337.6754835511829,31988.99911046359,28054.14365234375,24119.288194223915,13.742691871937922,21.710527299128852,TTNP
2011-10-06,24662.984375,24662.984375,22276.2421875,23270.71875,23270.71875,12,24662.98359375,25975.690625,27725.96689453125,30578.121640625,33830.0551953125,31946.519384765626,26.180043693061755,-1867.6543360545584,-1489.8313523764823,-377.82298367807607,32084.264703869467,27725.96689453125,23367.669085193036,9.474406719650178,14.68347844486712,TTNP
2011-10-07,23668.5078125,23668.5078125,21082.873046875,22077.34765625,22077.34765625,11,23628.729296875,25538.121484375,27338.12158203125,30271.82328125,33712.707109375,31935.58015625,23.389287914983903,-2047.0266036999856,-1601.270402641183,-445.7562010588026,32225.397805474084,27338.12158203125,22450.845358588416,10.24272403319444,11.153274208260795,TTNP
2011-10-10,22276.2421875,22276.2421875,21281.767578125,21878.453125,21878.453125,7,22952.486328125,24961.3259765625,26910.497265625,29973.480703125,33571.491640625,31923.646455078124,22.950181678957644,-2180.0987235367174,-1717.0360668202898,-463.0626567164277,32126.09983059208,26910.497265625,21694.89470065792,10.641446302670582,10.11952568517168,TTNP
2011-10-11,21878.453125,22872.927734375,21082.873046875,22872.927734375,22872.927734375,3,22713.812109375,24563.5359375,26562.43095703125,29714.9171484375,33462.09935546875,31915.690654296875,30.024049667362203,-2180.1817691163596,-1809.6652072795036,-370.516561836856,31879.256368890718,26562.43095703125,21245.605545171784,14.26870550457331,11.71762528014606,TTNP
2011-10-12,21281.767578125,26651.93359375,21281.767578125,24861.87890625,24861.87890625,5,22992.265234375,24265.193359375,26323.75693359375,29516.0221484375,33358.67396484375,31915.690654296875,41.576808666672186,-1996.7386854851247,-1847.0799029206278,-149.65878256449696,31493.918337789008,26323.75693359375,21153.595529398495,28.31520300584386,17.741784937695865,TTNP
2011-10-13,24861.87890625,26651.93359375,22674.033203125,24464.087890625,24464.087890625,5,23230.9390625,23946.961328125,26065.193359375,29321.105,33233.370078125,31914.696171875,40.1491360021644,-1861.9932316303384,-1850.06256866257,-11.930662967768512,31061.339884615158,26065.193359375,21069.046834134842,41.02563844316146,27.869848984526158,TTNP
2011-10-14,24861.87890625,24861.87890625,23270.71875,24066.298828125,24066.298828125,3,23628.729296875,23628.729296875,25806.6298828125,29173.9226953125,33090.16564453125,31913.70169921875,38.71738956014711,-1766.9365963409145,-1833.4373741982388,66.50077785732424,30652.285984653427,25806.6298828125,20960.973780971573,48.03921596943122,39.12668580614547,TTNP
2011-10-17,23270.71875,24464.087890625,23270.71875,24464.087890625,24464.087890625,2,24145.85625,23549.1712890625,25577.9005859375,29066.519375,32937.016484375,31917.679599609375,40.98383654795154,-1640.5935341188197,-1794.868606182355,154.2750720635354,30219.277200648252,25577.9005859375,20936.523971226747,47.113282956719765,45.39271245643744,TTNP
2011-10-18,25657.458984375,25657.458984375,23469.61328125,24861.87890625,24861.87890625,1,24543.646484375,23628.729296875,25329.2818359375,29010.8287890625,32783.8673046875,31914.696171875,43.244335636689954,-1491.177965215542,-1734.1304779889924,242.9525127734505,29545.246783593797,25329.2818359375,21113.316888281206,49.9999951863345,48.38416470416178,TTNP
2011-10-19,24861.87890625,26254.14453125,23867.40234375,25259.66796875,25259.66796875,1,24623.204296875,23807.734765625,25120.4419921875,28911.38125,32634.696015625,31912.707216796876,45.49271934537375,-1325.3885433942778,-1652.3820910700495,326.99354767577165,28892.322542348727,25120.4419921875,21348.561442026275,56.50623286062409,51.20650366789275,TTNP
2011-10-20,26254.14453125,27248.619140625,24066.298828125,26651.93359375,26651.93359375,2,25060.7734375,24145.85625,25060.7734375,28776.13265625,32483.53578125,31917.67958984375,52.57428167271448,-1069.3284787947778,-1535.771368614995,466.44288982021726,28693.53540361903,25060.7734375,21428.01147138097,68.12240139449634,58.20954314715161,TTNP
2011-10-21,26453.0390625,26651.93359375,24265.193359375,26254.14453125,26254.14453125,2,25498.342578125,24563.5359375,25050.8287109375,28605.08296875,32316.463984375,31924.64091796875,50.553402367175046,-888.2580003616094,-1406.268694964318,518.0106946027086,28669.35190576486,25050.8287109375,21432.305516110144,77.45194301009145,67.36019242173727,TTNP
2011-10-24,25657.458984375,26453.0390625,24861.87890625,25856.353515625,25856.353515625,1,25776.795703125,24961.3259765625,24961.3259765625,28394.2542578125,32145.41427734375,31918.6740625,48.543900057402226,-768.0036837431835,-1278.6156927200911,510.61200897690765,28402.842301643905,24961.3259765625,21519.809651481097,82.04627226892802,75.8735388911719,TTNP
2011-10-25,26254.14453125,26254.14453125,24066.298828125,25259.66796875,25259.66796875,3,25856.353515625,25200.0,24881.76796875,28163.5359765625,31980.33138671875,31898.784560546876,45.61489557469191,-712.6340071262603,-1165.419355601325,452.78534847506467,28216.805393494134,24881.76796875,21546.730544005863,76.34408261537345,78.61409929813094,TTNP
2011-10-26,27646.408203125,35403.31640625,26850.828125,30033.1484375,30033.1484375,22,26811.049609375,25717.126953125,24991.16015625,28048.1768359375,31886.85072265625,31902.7624609375,64.21627732463945,-280.3415563480303,-988.403795750666,708.0622394026357,28815.482604970523,24991.16015625,21166.837707529477,69.22041965791665,75.87025818073933,TTNP
2011-10-27,32618.78515625,33414.36328125,30232.044921875,30232.044921875,30232.044921875,14,27527.071875,26293.92265625,25120.4419921875,27944.75140625,31791.3811328125,31884.861904296875,64.75717190590984,77.41027200497774,-775.2409821995373,852.651254204515,29438.067868360566,25120.4419921875,20802.816116014437,64.71026575356666,70.09158934228554,TTNP
2011-10-28,30430.939453125,31027.625,28243.09375,29834.25390625,29834.25390625,14,28243.09375,26870.7181640625,25249.72373046875,27865.193359375,31711.823125,31860.000029296876,62.71536980921215,325.0853810407534,-555.1757095514791,880.2610905922326,29952.19277262017,25249.72373046875,20547.254688317335,62.499992612360565,65.47689267461458,TTNP
2011-10-31,31226.51953125,31226.51953125,29635.359375,29834.25390625,29834.25390625,5,29038.673828125,27407.734765625,25478.45302734375,27805.52484375,31614.3645703125,31842.099482421876,62.71536980921215,515.4281544329897,-341.05493675458536,856.483091187575,30588.003921145657,25478.45302734375,20368.90213354184,61.854454346614745,63.021570904180614,TTNP
2011-11-01,29834.25390625,30232.044921875,29038.673828125,29834.25390625,29834.25390625,1,29953.591015625,27904.972265625,25766.85078125,27729.944765625,31514.9170703125,31827.182353515625,62.71536980921215,658.6832828236838,-141.1072928389315,799.7905756626153,31167.830473989205,25766.85078125,20365.871088510794,59.30815580482342,61.22086758793287,TTNP
2011-11-02,29834.25390625,29834.25390625,29038.673828125,29635.359375,29635.359375,1,29874.033203125,28342.54140625,26075.1380859375,27674.2541796875,31413.480625,31811.270751953125,61.5043437661107,747.5476141659783,36.62368856205046,710.9239256039278,31618.42493708977,26075.1380859375,20531.851234785227,56.42412489929067,59.195578350242904,TTNP
2011-11-03,28839.779296875,29635.359375,28243.09375,29038.673828125,29038.673828125,3,29635.358984375,28581.2154296875,26363.53583984375,27622.541484375,31306.07732421875,31792.37572265625,57.892654971230186,761.052757613179,181.50950237227616,579.5432552409028,31893.354219593042,26363.53583984375,20833.717460094456,52.08332509036267,55.93853526482555,TTNP
2011-11-04,28243.09375,29635.359375,27646.408203125,29436.46484375,29436.46484375,4,29555.801171875,28899.4474609375,26731.49169921875,27594.6962109375,31202.65193359375,31783.42544921875,59.59607678675564,794.6933611887544,304.1462741355718,490.54708705318257,32046.717184444533,26731.49169921875,21416.266213992967,49.99999463394653,52.83581487453325,TTNP
2011-11-07,29436.46484375,29834.25390625,27646.408203125,28640.884765625,28640.884765625,1,29317.12734375,29177.9005859375,27069.61328125,27562.8730078125,31089.2817578125,31775.4696484375,54.81953778489107,748.5285473740223,393.02272878326187,355.50581859076044,31949.477709457962,27069.61328125,22189.748853042038,46.30676353632086,49.46336108687665,TTNP
2011-11-08,28640.884765625,30430.939453125,28640.884765625,29436.46484375,29436.46484375,4,29237.56953125,29595.5802734375,27397.79013671875,27562.8730078125,31047.513828125,31770.497275390626,58.40938285120488,767.294371302658,467.8770572871411,299.41731401551687,31978.209330606936,27397.79013671875,22817.370942830566,46.249245335345364,47.51866783520421,TTNP
2011-11-09,29834.25390625,29834.25390625,27447.513671875,27447.513671875,27447.513671875,7,28800.000390625,29337.016796875,27527.071875,27523.093984375,31021.65748046875,31756.574619140625,48.11636449844332,614.5900729626737,497.2196604222476,117.37041254042612,31957.389047906865,27527.071875,23096.754702093138,39.524096416327254,44.02670176266446,TTNP
2011-11-10,27447.513671875,28243.09375,27447.513671875,28243.09375,28243.09375,2,28640.884375,29138.1216796875,27716.02216796875,27483.3149609375,30991.82322265625,31747.624345703123,51.77701824245481,551.4111551625392,508.0579593703059,43.353195792233294,31924.473746291816,27716.02216796875,23507.570589645682,38.01168955932801,41.26167710366684,TTNP
2011-11-11,28243.09375,28243.09375,27447.513671875,28243.09375,28243.09375,1,28402.21015625,28979.0056640625,27924.8619140625,27443.5359375,30954.0331640625,31744.64091796875,51.77701824245481,495.6281152318079,505.57199054260633,-9.943875310798433,31788.54840858206,27924.8619140625,24061.175419542942,34.502915211558836,37.346233729071336,TTNP
2011-11-14,28243.09375,28441.98828125,27248.619140625,28243.09375,28243.09375,2,28322.651953125,28819.8896484375,28113.81220703125,27399.7790234375,30932.15470703125,31729.7237890625,51.77701824245481,446.27527066805123,493.7126465676953,-47.43737589964405,31636.613281049213,28113.81220703125,24591.011133013286,29.98775440711836,34.16745305933504,TTNP
2011-11-15,28243.09375,28243.09375,23469.61328125,24066.298828125,24066.298828125,20,27248.61875,28243.094140625,28074.033203125,27296.3536328125,30860.5525,31683.977939453125,35.399742593959154,69.33113633698304,408.83634452155286,-339.5052081845698,31757.13743765787,28074.033203125,24390.92896859213,19.70705750820741,28.065909042294834,TTNP
2011-11-16,24066.298828125,26055.248046875,23867.40234375,25060.7734375,25060.7734375,2,26771.270703125,27785.635546875,28064.0884765625,27208.8398046875,30796.90609375,31640.221025390623,40.24600369361042,-147.45425518407865,297.57822458042654,-445.0324797645052,31778.47641545943,28064.0884765625,24349.700537665572,14.263965183445812,21.319592366257158,TTNP
2011-11-17,25060.7734375,25060.7734375,23867.40234375,25060.7734375,25060.7734375,1,26134.806640625,27387.8455078125,27984.53046875,27113.3701953125,30727.29283203125,31598.453076171874,40.24600369361042,-315.6199692796763,174.93858580840595,-490.55855508808224,31880.23371930139,27984.53046875,24088.82721819861,15.675214647431323,16.548745779694816,TTNP
2011-11-18,25060.7734375,27049.724609375,24861.87890625,25259.66796875,25259.66796875,8,25538.121484375,26970.1658203125,27934.806640625,27021.8784765625,30661.6574609375,31575.580146484375,41.267991982265414,-427.9106947046639,54.368729705791964,-482.2794244104559,31941.39396779814,27934.806640625,23928.21931345186,22.24663844653239,17.395272759136475,TTNP
2011-11-21,25060.7734375,25657.458984375,24066.298828125,25657.458984375,25657.458984375,5,25020.99453125,26671.8232421875,27924.8619140625,26926.4088671875,30556.24310546875,31555.69064453125,43.35469059762973,-479.2786669996858,-52.360749635303605,-426.9179173643822,31952.96511666792,27924.8619140625,23896.75871145708,25.885224118774698,21.269025737579437,TTNP
2011-11-22,25657.458984375,25657.458984375,24066.298828125,25657.458984375,25657.458984375,4,25339.2265625,26293.92265625,27944.75146484375,26842.87296875,30460.773515625,31538.7845703125,43.35469059762973,-514.0623641880957,-144.70107254586202,-369.36129164223365,31923.64634782367,27944.75146484375,23965.85658186383,29.523809791017,25.88522411877466,TTNP
2011-11-23,24861.87890625,25856.353515625,23469.61328125,24066.298828125,24066.298828125,2,25140.331640625,25955.801171875,27646.408984375,26731.4917578125,30345.41439453125,31511.933740234374,37.220037894857846,-662.3864429489513,-248.23814662647987,-414.1482963224714,31843.046940545275,27646.408984375,23449.771028204726,23.80952915367511,26.406187687822236,TTNP
2011-11-25,29834.25390625,29834.25390625,24861.87890625,24861.87890625,24861.87890625,1,25100.552734375,25617.6796875,27377.90068359375,26636.0221484375,30245.96689453125,31492.04423828125,41.66471201171979,-707.5811258547619,-340.10674247213626,-367.47438338262566,31565.62109161451,27377.90068359375,23190.18027557299,20.00000561135887,24.444448185350293,TTNP
2011-11-28,26850.828125,27447.513671875,24861.87890625,25259.66796875,25259.66796875,2,25100.552734375,25319.337109375,27149.17138671875,26556.464140625,30148.50833984375,31472.154736328124,43.80689005998214,-703.1940020532784,-412.7241943883647,-290.4698076649137,31274.50550491012,27149.17138671875,23023.83726852738,18.09523916406828,20.63492464303405,TTNP
2011-11-29,25259.66796875,25856.353515625,24464.087890625,25657.458984375,25657.458984375,4,25100.552734375,25060.7736328125,26940.331640625,26488.83984375,30055.0276953125,31457.237607421874,45.94460635849603,-660.0105733036471,-462.1814701714212,-197.8291031322259,30921.164842285503,26940.331640625,22959.4984389645,26.69643005985832,21.597224945095117,TTNP
2011-11-30,25657.458984375,25856.353515625,24861.87890625,25458.564453125,25458.564453125,2,25060.773828125,25200.0001953125,26721.54716796875,26401.3260546875,29915.80119140625,31441.326005859373,45.02235820476412,-634.5221450291065,-496.64960514295825,-137.87253988614822,30518.87991362524,26721.54716796875,22924.214422312263,30.446433303925577,25.079367509284015,TTNP
2011-12-01,24861.87890625,25856.353515625,24861.87890625,25458.564453125,25458.564453125,0,25339.226953125,25239.779296875,26512.707421875,26321.768046875,29764.6409765625,31423.425458984377,45.022358204764124,-607.3215571213732,-518.7839955386412,-88.537561582732,30099.6621992693,26512.707421875,22925.752644480697,32.29167945296718,29.81151427225032,TTNP
2011-12-02,25458.564453125,26453.0390625,25458.564453125,26453.0390625,26453.0390625,2,25657.458984375,25379.005859375,26383.42568359375,26293.922734375,29647.2929296875,31411.4917578125,50.75453676712718,-499.75820394298717,-514.9788372195104,15.220633276523245,29778.1274833371,26383.42568359375,22988.723883850398,36.45834611963385,33.0654862921755,TTNP
2011-12-05,26055.248046875,26055.248046875,24066.298828125,24861.87890625,24861.87890625,2,25577.901171875,25339.226953125,26154.69638671875,26262.09953125,29510.0553515625,31391.602255859376,43.024911071421464,-536.7198262654165,-519.3270350286916,-17.39279123672486,29303.27435790256,26154.69638671875,23006.118415534944,33.33334356237373,34.027789711658215,TTNP
2011-12-06,24464.087890625,25458.564453125,24464.087890625,24861.87890625,24861.87890625,2,25418.78515625,25259.6689453125,25965.74609375,26206.4089453125,29370.828828125,31371.71275390625,43.024911071421464,-559.5618970164287,-527.374007426239,-32.187889590189684,28943.796339170938,25965.74609375,22987.695848329062,30.208341005113606,33.33334356237369,TTNP
2011-12-07,24861.87890625,24861.87890625,24066.298828125,24861.87890625,24861.87890625,2,25299.448046875,25180.1109375,25737.016796875,26166.6299609375,29235.5801953125,31356.795625,43.02491107142147,-571.0813325391173,-536.1154724488147,-34.96586009030261,28285.35777179642,25737.016796875,23188.675821953577,21.87500767178027,28.4722307464225,TTNP
2011-12-08,24265.193359375,24861.87890625,23469.61328125,24464.087890625,24464.087890625,8,25100.552734375,25219.88984375,25587.8455078125,26099.005625,29106.29841796875,31331.933740234374,41.071819253658205,-605.3310985678436,-549.9585976726205,-55.372500895223084,28066.543375390804,25587.8455078125,23109.147640234198,19.791669223926693,23.95833930027349,TTNP
2011-12-09,23071.822265625,24861.87890625,23071.822265625,24066.298828125,24066.298828125,3,24623.2046875,25140.3318359375,25379.00576171875,26027.4034375,28959.11609375,31295.1381640625,39.157559591794,-656.9990615696333,-571.366690452023,-85.63237111761032,27620.085674330032,25379.00576171875,23137.925849107465,17.401967296919786,19.689548064208882,TTNP
2011-12-12,24265.193359375,24861.87890625,23867.40234375,24464.087890625,24464.087890625,2,24543.646484375,25060.773828125,25190.05546875,25971.7128125,28827.84537109375,31253.370205078125,42.06545761322181,-658.2600297440295,-588.7453583104243,-69.51467143360514,27035.711250065542,25190.05546875,23344.39968743446,16.973044586816158,18.055560369220842,TTNP
2011-12-13,23867.40234375,24861.87890625,23867.40234375,23867.40234375,23867.40234375,2,24344.751171875,24881.7681640625,24971.2708984375,25943.8675,28684.64095703125,31203.646435546874,39.05053029845025,-699.3452760160617,-610.8653418515518,-88.47993416450993,26275.36146996051,24971.2708984375,23667.180326914488,15.686281871880349,16.68709791853873,TTNP
2011-12-14,23867.40234375,23867.40234375,23071.822265625,23668.5078125,23668.5078125,5,24106.076953125,24702.7625,24951.38134765625,25935.9116796875,28543.42548828125,31154.917158203127,38.071022766461006,-739.4310552062161,-636.5784845224846,-102.85257068373153,26320.583043470677,24951.38134765625,23582.179651841823,13.725493027646229,15.461606495447542,TTNP
2011-12-15,23270.71875,23867.40234375,22872.927734375,23469.61328125,23469.61328125,2,23907.18203125,24503.8673828125,24871.82333984375,25935.9116796875,28396.24318359375,31105.193408203126,37.069676409023565,-778.2769581448702,-664.9181792469617,-113.35877889790845,26383.818502551687,24871.82333984375,23359.828177135816,11.210575694628934,13.540783531385136,TTNP
2011-12-16,23071.822265625,23867.40234375,23071.822265625,23469.61328125,23469.61328125,1,23787.844921875,24205.5248046875,24792.26533203125,25939.8895703125,28259.00560546875,31059.447548828124,37.069676409023565,-799.8425293002838,-691.9030492576261,-107.93948004265769,26419.197920501967,24792.26533203125,23165.33274356053,12.844566219873073,12.593544980716045,TTNP
2011-12-19,23270.71875,23469.61328125,22276.2421875,22872.927734375,22872.927734375,2,23469.612890625,24006.6296875,24672.9283203125,25955.801171875,28113.8122265625,31009.7237890625,33.96174242671955,-855.2224645226161,-724.5669323106241,-130.65553221199195,26484.839652513096,24672.9283203125,22861.016988111907,14.665294755821195,12.906812223441031,TTNP
2011-12-20,23071.822265625,23469.61328125,22872.927734375,23469.61328125,23469.61328125,2,23390.055078125,23867.403125,24563.53603515625,25987.624375,27980.5525390625,30963.9779296875,39.43053453631888,-841.2663306637842,-747.9068119812562,-93.359518682528,26388.608438788913,24563.53603515625,22738.463631523584,19.841279552283098,15.783713509325752,TTNP
2011-12-21,23469.61328125,24861.87890625,22276.2421875,24265.193359375,24265.193359375,3,23509.3921875,23807.7345703125,24493.92275390625,26015.4696875,27865.19341796875,30929.171298828125,45.86744408337996,-757.279879605856,-749.7814255061761,-7.498454099679861,26251.75477929124,24493.92275390625,22736.090728521256,30.158739065646547,21.55510445791691,TTNP
2011-12-22,24265.193359375,24265.193359375,22475.138671875,23469.61328125,23469.61328125,3,23509.3921875,23708.287109375,24464.0884765625,25987.624375,27751.82326171875,30893.3701953125,41.157095309249364,-746.3136363812009,-749.087867681181,2.7742312999801015,26269.547594854663,24464.0884765625,22658.62935827034,35.923155120320224,28.641057912749925,TTNP
2011-12-23,22276.2421875,23270.71875,22276.2421875,23071.822265625,23071.822265625,0,23429.833984375,23608.839453125,24374.58564453125,25959.7790625,27640.44203125,30857.56908203125,39.00047271882662,-760.9494683048324,-751.4601878059113,-9.489280498921062,26267.644860533623,24374.58564453125,22481.526428528876,34.73266936186868,33.604854515945114,TTNP
2011-12-27,23071.822265625,23071.822265625,22276.2421875,23071.822265625,23071.822265625,1,23469.612890625,23469.612890625,24265.193359375,25939.88953125,27556.90611328125,30824.751396484375,39.00047271882662,-763.7444993754289,-753.9170501198148,-9.827449255614056,26193.552985388647,24265.193359375,22336.833733361353,29.116055707958015,33.2572933967156,TTNP
2011-12-28,22872.927734375,22872.927734375,22276.2421875,22475.138671875,22475.138671875,2,23270.71796875,23330.3865234375,24106.07734375,25900.110546875,27483.3149609375,30785.966865234375,35.74232530327647,-804.8293887540967,-764.0995178466712,-40.72987090742549,26073.430302489935,24106.07734375,22138.724385010064,21.15385266048079,28.334192576769127,TTNP
2011-12-29,22077.34765625,22276.2421875,21878.453125,22276.2421875,22276.2421875,3,22872.927734375,23191.1599609375,23946.96123046875,25848.3978125,27429.61330078125,30750.165751953125,34.70164202159589,-843.7129459809257,-780.0222034735222,-63.69074250740357,25965.13391332934,23946.96123046875,21928.78854760816,17.264957247735953,22.511621872058218,TTNP
2011-12-30,21878.453125,22674.033203125,21281.767578125,22674.033203125,22674.033203125,8,22713.81171875,23111.601953125,23807.73466796875,25796.6851171875,27354.03318359375,30709.392275390626,38.55496253660841,-832.8296924651258,-790.5837012718429,-42.245991193282975,25773.07563763095,23807.73466796875,21842.39369830655,19.971516775139914,19.46344222778552,TTNP
2012-01-03,21878.453125,23270.71875,21878.453125,22872.927734375,22872.927734375,1,22674.0328125,23051.9333984375,23628.7291015625,25721.105,27248.618828125,30676.57458984375,40.44725058430145,-798.9457598106965,-792.2561129796136,-6.689646831082882,25212.91308345626,23628.7291015625,22044.545119668743,32.22220755302308,23.15289385863295,TTNP
2012-01-04,23270.71875,23270.71875,22276.2421875,22276.2421875,22276.2421875,1,22514.916796875,22992.26484375,23499.447265625,25641.546953125,27123.3149609375,30642.762431640625,36.78706633359192,-810.8925711875854,-795.9834046212079,-14.909166566377507,25082.007279797366,23499.447265625,21916.887251452634,37.03702693428365,29.743583754148847,TTNP
2012-01-05,22674.033203125,22872.927734375,21878.453125,22872.927734375,22872.927734375,3,22594.474609375,22932.5962890625,23399.99970703125,25581.8784375,26988.06634765625,30607.95580078125,42.40036743526985,-763.4128205647794,-789.4692878099222,26.056467245142812,24873.83764939424,23399.99970703125,21926.161764668257,38.88887373475887,36.049369407355165,TTNP
2012-01-06,22872.927734375,23270.71875,22872.927734375,23071.822265625,23071.822265625,1,22753.590625,22813.2591796875,23310.496875,25538.1215234375,26850.82875,30574.143642578125,44.17973747717927,-701.6474941302185,-771.9049290739815,70.25743494376297,24627.41645514514,23310.496875,21993.577294854862,40.74072053523407,38.888873734758825,TTNP
2012-01-09,22872.927734375,22872.927734375,22276.2421875,22276.2421875,22276.2421875,5,22674.032421875,22693.9220703125,23201.10458984375,25382.9833984375,26715.5801171875,30526.408828125,38.99105295702422,-708.7249512284361,-759.2689335048724,50.54398227643628,24479.460016875015,23201.10458984375,21922.749162812488,40.74072053523407,40.12343826840896,TTNP
2012-01-10,23071.822265625,23071.822265625,22674.033203125,22674.033203125,22674.033203125,2,22634.253515625,22654.1431640625,23131.49130859375,25231.8231640625,26588.28728515625,30487.624296875,42.61976268354044,-674.4607132215897,-742.3072894482159,67.84657622662621,24364.640609150174,23131.49130859375,21898.34200803733,38.88887373475886,40.123438268408954,TTNP
2012-01-11,22475.138671875,23867.40234375,22475.138671875,23071.822265625,23071.822265625,3,22793.36953125,22654.1431640625,23061.87802734375,25096.57453125,26480.8839453125,30448.839765625,46.073904966267584,-608.1968897037259,-715.4852094993179,107.28831979559197,24132.776019968056,23061.87802734375,21990.980034719447,38.88887373475885,39.50615600158388,TTNP
2012-01-12,22872.927734375,23071.822265625,22276.2421875,22475.138671875,22475.138671875,5,22713.81171875,22654.1431640625,22992.26484375,24949.3922265625,26377.45853515625,30407.07181640625,41.99065065281549,-596.9484612101987,-691.7778598414941,94.82939863129536,24024.988068372004,22992.26484375,21959.541619127995,42.96296360954002,40.2469036930192,TTNP
2012-01-13,23071.822265625,23071.822265625,22276.2421875,23071.822265625,23071.822265625,3,22713.81171875,22733.701171875,22962.43056640625,24814.14359375,26272.0441796875,30375.248603515625,47.04476422377738,-533.7340671772654,-660.1691013086484,126.43503413138296,23948.717486310317,22962.43056640625,21976.14364650218,53.076920776364695,44.97625270688781,TTNP
2012-01-17,22674.033203125,23668.5078125,22077.34765625,22872.927734375,22872.927734375,4,22833.148828125,22753.590625,22932.5962890625,24678.8949609375,26176.5745703125,30345.414345703124,45.61801764464428,-493.99091118647993,-626.9334632842147,132.94255209773473,23891.427265875336,22932.5962890625,21973.765312249667,56.923087588716704,50.987657324873766,TTNP
2012-01-18,23867.40234375,23867.40234375,22276.2421875,22872.927734375,22872.927734375,4,22872.927734375,22753.590625,22902.76201171875,24555.5800390625,26089.06076171875,30320.5524609375,45.61801764464428,-457.2235848553901,-592.9914875984498,135.76790274305972,23829.49343072943,22902.76201171875,21976.03059270807,64.10256991314431,58.03419275940852,TTNP
2012-01-19,22872.927734375,22872.927734375,22276.2421875,22872.927734375,22872.927734375,5,22833.148828125,22813.2591796875,22902.76201171875,24424.309296875,26009.50275390625,30301.657431640626,45.61801764464428,-423.2067498682918,-559.0345400524182,135.82779018412634,23829.49343072943,22902.76201171875,21976.03059270807,61.53847315962205,60.854710220494304,TTNP
2012-01-20,22276.2421875,23469.61328125,22276.2421875,23071.822265625,23071.822265625,9,22952.485546875,22833.1486328125,22882.8724609375,24312.928046875,25937.90052734375,30279.778974609377,47.60273299603602,-375.86628406793534,-522.4008888555215,146.5346047875862,23776.5731645275,22882.8724609375,21989.171757347496,64.10256991314431,63.247870995303515,TTNP
2012-01-23,22674.033203125,22872.927734375,22077.34765625,22276.2421875,22276.2421875,6,22793.36953125,22753.590625,22783.42490234375,24169.72359375,25866.29830078125,30249.944716796876,41.135664608492384,-397.9578765355436,-497.51228639152595,99.55440985598233,23454.67710862268,22783.42490234375,22112.172696064823,50.256399100092004,58.632480724286076,TTNP
2012-01-24,21878.453125,22276.2421875,21679.55859375,22077.34765625,22077.34765625,4,22634.253515625,22733.701171875,22713.81162109375,24062.3202734375,25792.70712890625,30223.09388671875,39.68416656171272,-426.5972021693051,-483.32926954708176,56.73206737777667,23374.669855475284,22713.81162109375,22052.95338671222,35.804169953346936,50.054379655527704,TTNP
2012-01-25,21281.767578125,22872.927734375,21281.767578125,21480.662109375,21480.662109375,3,22355.800390625,22614.3640625,22634.25361328125,23927.071640625,25705.19330078125,30192.26515625,35.623126026900586,-491.7727607251654,-485.0179677826985,-6.754792942466906,23464.863581228183,22634.25361328125,21803.643645334316,15.291345566806212,33.78397154008167,TTNP
2012-01-26,21480.662109375,21679.55859375,20883.978515625,21281.767578125,21281.767578125,6,22037.568359375,22435.35859375,22544.75087890625,23787.8451171875,25615.69052734375,30159.447470703126,34.36087345922664,-553.0982149558258,-498.63401721732396,-54.464197738501866,23537.43430828652,22544.75087890625,21552.067449525977,13.069127708976742,21.38821440970992,TTNP
2012-01-27,20088.3984375,22872.927734375,20088.3984375,20883.978515625,20883.978515625,7,21599.999609375,22276.242578125,22465.19287109375,23640.6628125,25520.22091796875,30131.60216796875,31.924452262449766,-626.5745705216577,-524.2221278781907,-102.35244264346704,23694.325199686496,22465.19287109375,21236.060542501004,14.026079049019321,14.128850774934051,TTNP
2012-01-30,21480.662109375,23668.5078125,20287.29296875,23668.5078125,23668.5078125,14,21878.452734375,22335.9111328125,22534.80615234375,23632.7069921875,25464.5303125,30118.673984375,55.63751594311274,-454.87337162142285,-510.3523766268371,55.47900500541425,23866.660176988513,22534.80615234375,21202.952127698987,43.04093329083693,23.37871334961096,TTNP
2012-01-31,23469.61328125,28640.884765625,23469.61328125,27845.3046875,27845.3046875,10,23032.044140625,22833.148828125,22793.3697265625,23688.3976171875,25448.6187109375,30118.673984375,71.61154635369694,18.025875341685605,-404.67672623313257,422.7026015748182,25465.974590614893,22793.3697265625,20120.76486251011,68.82905589174331,41.96535607719981,TTNP
2012-02-01,27845.3046875,28044.19921875,25259.66796875,25458.564453125,25458.564453125,5,23827.624609375,23091.7125,22922.6515625,23696.3534375,25404.86181640625,30106.740283203126,58.62171157142496,197.9303279086016,-284.1553154047857,482.0856433133873,25837.329636957176,22922.6515625,20007.973488042822,82.74174257816635,64.87057725358216,TTNP
2012-02-02,25259.66796875,25259.66796875,22077.34765625,23469.61328125,23469.61328125,6,24265.19375,23151.3810546875,22982.3201171875,23660.55234375,25341.21541015625,30086.85078125,50.41475903426053,177.96272201620013,-191.73170792058852,369.69442993678865,25890.476120634565,22982.3201171875,20074.164113740437,64.34108350101336,71.97062732364095,TTNP
2012-02-03,23469.61328125,27845.3046875,23469.61328125,26850.828125,26850.828125,8,25458.563671875,23529.281640625,23181.21513671875,23684.4197265625,25305.414296875,30082.872880859373,60.530883446758,430.0170613795199,-67.38195406056684,497.3990154400867,26541.246673449677,23181.21513671875,19821.183599987824,60.465109020821764,69.18264503333377,TTNP
2012-02-06,26850.828125,28044.19921875,26055.248046875,27646.408203125,27646.408203125,8,26254.14375,24066.2982421875,23409.94443359375,23724.1987109375,25283.53583984375,30076.906025390625,62.47098607191124,686.0601305159726,83.30646285474106,602.7536676612315,27291.40550216546,23409.94443359375,19528.483365022043,68.99223460770223,64.59947570984573,TTNP
2012-02-07,26850.828125,27646.408203125,26850.828125,27447.513671875,27447.513671875,5,26174.585546875,24603.31484375,23668.5080078125,23791.8230078125,25261.6573828125,30055.027568359375,61.65504361311661,862.979095232382,239.24098933026923,623.7381059021127,27887.708933747483,23668.5080078125,19449.307081877516,84.4961096915423,71.31781777335539,TTNP
2012-02-08,27447.513671875,27447.513671875,25060.7734375,27447.513671875,27447.513671875,1,26572.375390625,25200.0,23907.18203125,23843.535703125,25239.77892578125,30015.2485546875,61.65504361311661,991.7563001215094,389.74405148851724,602.0122486329922,28405.20115414474,23907.18203125,19409.162908355258,86.8216928571955,80.1033457188133,TTNP
2012-02-09,28044.19921875,28044.19921875,24464.087890625,27248.619140625,27248.619140625,7,27328.1765625,25796.68515625,24116.021875,23883.3147265625,25219.88943359375,29979.447451171876,60.73503931675067,1065.4818251044853,524.8916062117108,540.5902188927745,28822.52746961616,24116.021875,19409.516280383836,85.27130915496588,85.52970390123453,TTNP
2012-02-10,25259.66796875,27248.619140625,25060.7734375,26651.93359375,26651.93359375,1,27288.39765625,26373.4806640625,24324.86162109375,23903.20421875,25196.02203125,29940.662919921873,57.94172365544181,1063.5028984873934,632.6138646668473,430.88903382054605,29091.874193529282,24324.86162109375,19557.84904865822,82.17053413819785,84.75451205011971,TTNP
2012-02-13,26651.93359375,27248.619140625,25259.66796875,26850.828125,26850.828125,2,27129.281640625,26691.7126953125,24513.8119140625,23931.0494921875,25166.1877734375,29906.850771484376,58.6248209923108,1065.6989966678775,719.2308910670533,346.4681056008242,29365.994911787042,24513.8119140625,19661.628916337955,79.84495097254465,82.42893142190276,TTNP
2012-02-14,26055.248046875,27248.619140625,26055.248046875,26254.14453125,26254.14453125,2,26890.6078125,26532.5966796875,24682.87275390625,23946.96109375,25134.3645703125,29879.00546875,55.70196399143721,1007.6761772603568,776.919948305714,230.75622895464278,29530.20242276435,24682.87275390625,19835.54308504815,75.96898410466184,79.32815640513475,TTNP
2012-02-15,26254.14453125,26254.14453125,25458.564453125,25657.458984375,25657.458984375,3,26532.596875,26552.4861328125,24822.09931640625,23931.0494921875,25112.48611328125,29838.231982421876,52.86359509884654,903.134367121871,802.1628320689454,100.97153505292567,29613.117187918382,24822.09931640625,20031.081444894116,72.09301723677902,75.9689841046618,TTNP
2012-02-16,25856.353515625,25856.353515625,25259.66796875,25657.458984375,25657.458984375,2,26214.36484375,26771.270703125,24961.32587890625,23946.96109375,25104.5303125,29804.419833984375,52.86359509884654,810.9362609777963,803.9175178507155,7.018743127080825,29678.955292717845,24961.32587890625,20243.696465094654,67.16500427229431,71.74233520457835,TTNP
2012-02-17,25458.564453125,25657.458984375,25458.564453125,25657.458984375,25657.458984375,1,26015.469921875,26651.9337890625,25090.60771484375,23962.8726953125,25084.6408203125,29764.64083984375,52.86359509884654,729.4598386600373,789.0259820125799,-59.566143352542554,29735.17955655657,25090.60771484375,20446.03587313093,61.3158150728166,66.85794552729661,TTNP
2012-02-21,25060.7734375,25458.564453125,25060.7734375,25458.564453125,25458.564453125,2,25737.0171875,26433.1494140625,25249.723828125,23974.80640625,25070.71818359375,29727.845263671876,51.765425313041,641.4458718024216,759.5099599705483,-118.06408816812666,29712.203364297497,25249.723828125,20787.244291952502,58.499283936117614,62.326701093742805,TTNP
2012-02-22,24861.87890625,25060.7734375,24265.193359375,24861.87890625,24861.87890625,4,25458.5640625,26174.5859375,25388.950390625,23982.7622265625,25040.88392578125,29693.0386328125,48.50969305831939,517.5802886526944,711.1240257069775,-193.54373705428304,29614.288020855824,25388.950390625,21163.612760394175,52.62627152937741,57.48045684610384,TTNP
2012-02-23,24662.984375,24662.984375,24265.193359375,24662.984375,24662.984375,1,25259.669140625,25896.1330078125,25548.06650390625,23994.6959375,25011.0496875,29647.2927734375,47.43865893951765,398.77002256783453,648.6532250791489,-249.88320251131438,29395.490085047077,25548.06650390625,21700.642922765426,43.140110807437566,51.42188875764416,TTNP
2012-02-24,24265.193359375,25657.458984375,24265.193359375,25657.458984375,25657.458984375,3,25259.669140625,25737.0169921875,25766.85107421875,24018.563359375,24995.1380859375,29606.519287109375,53.02350181923479,380.47197641083403,595.0169753454859,-214.54499893465186,29079.453298758242,25766.85107421875,22454.248849679258,36.53192130133413,44.09943454604967,TTNP
2012-02-27,24265.193359375,25856.353515625,24265.193359375,25657.458984375,25657.458984375,4,25259.669140625,25637.56953125,26005.52509765625,24054.3644921875,24999.11599609375,29565.74580078125,53.02350181923479,361.80003738285814,548.3735877529604,-186.57355037010223,28450.8015199323,26005.52509765625,23560.248675380197,33.25706731075898,37.64303313984352,TTNP
2012-02-28,25657.458984375,25657.458984375,24861.87890625,24861.87890625,24861.87890625,3,25140.33203125,25438.674609375,26065.19365234375,24078.2319140625,25007.071796875,29522.98337890625,48.26533749505258,279.58287051754814,494.61544430587793,-215.03257378832978,28331.11306831268,26065.19365234375,23799.274236374822,29.824570470801024,33.20451969429801,TTNP
2012-02-29,24861.87890625,25458.564453125,24861.87890625,25259.66796875,25259.66796875,1,25219.88984375,25339.226953125,25935.91181640625,24114.0330078125,25024.97234375,29481.2154296875,50.6499208342529,243.71404254025038,444.4351639527524,-200.72112141250204,28072.158734049506,25935.91181640625,23799.664898762992,26.315790380413357,29.799142720657745,TTNP
2012-03-01,25458.564453125,25458.564453125,24861.87890625,25458.564453125,25458.564453125,1,25379.005859375,25319.3375,25935.91181640625,24153.81203125,25046.85080078125,29438.452998046876,51.84509277313043,228.7007026501742,401.2882716922368,-172.58756904206257,28072.158734049506,25935.91181640625,23799.664898762992,27.36842796795281,27.83626293972236,TTNP
2012-03-02,25458.564453125,25856.353515625,24662.984375,25856.353515625,25856.353515625,3,25418.784765625,25339.226953125,26055.248828125,24213.480546875,25084.640859375,29398.673984375,54.23241449754772,246.06429942974137,370.2434772397377,-124.1791778099963,27869.449978884688,26055.248828125,24241.047677365314,39.883041314483556,31.189086554283204,TTNP
2012-03-05,25856.353515625,25856.353515625,24662.984375,25458.564453125,25458.564453125,3,25379.005859375,25319.3375,25985.63564453125,24253.2595703125,25120.44197265625,29345.966806640627,51.4837288346365,225.13164463390785,341.2211107185717,-116.08946608466385,27779.11243536198,25985.63564453125,24192.158853700515,44.44445899241068,37.23197609161564,TTNP
2012-03-06,24861.87890625,25458.564453125,24265.193359375,24265.193359375,24265.193359375,4,25259.66875,25200.000390625,25816.57490234375,24253.2595703125,25134.36462890625,29298.2319921875,44.239621174668976,110.96811964134031,295.17051250312545,-184.20239286178514,27589.308411387792,25816.57490234375,24043.841393299706,31.111116930297555,38.47953907906389,TTNP
2012-03-07,24861.87890625,24861.87890625,24265.193359375,24662.984375,24662.984375,3,25140.33203125,25180.1109375,25677.3484375,24277.1269921875,25132.37568359375,29245.52482421875,46.92066853361311,51.99178512846265,246.5347670281929,-194.54298189973025,27350.432424333594,25677.3484375,24004.264450666407,21.666695853527358,32.40742392541182,TTNP
2012-03-08,24464.087890625,24861.87890625,24265.193359375,24861.87890625,24861.87890625,5,25020.994921875,25200.000390625,25548.06669921875,24312.928125,25136.35359375,29184.8618359375,48.26020947376243,21.058986676736822,201.4396109579017,-180.38062428116487,27044.280612891707,25548.06669921875,24051.852785545794,20.833364020454724,24.53705893475983,TTNP
2012-03-09,25060.7734375,25060.7734375,24265.193359375,24861.87890625,24861.87890625,4,24822.1,25120.4423828125,25428.7296875,24348.7292578125,25144.30939453125,29117.23751953125,48.26020947376243,-3.416100277481746,160.468468710825,-163.88456898830674,26731.605660973375,25428.7296875,24125.853714026623,33.333374249495215,25.277811374492387,TTNP
2012-03-12,24265.193359375,24861.87890625,24265.193359375,24265.193359375,24265.193359375,1,24583.42578125,24981.2158203125,25309.39267578125,24384.5303515625,25142.32044921875,29039.668466796877,44.36473401850026,-70.15165533104664,114.34444390245066,-184.49609923349732,26579.05338278557,25309.39267578125,24039.731968776934,25.000020458080897,26.388919576010235,TTNP
2012-03-13,24464.087890625,25060.7734375,23270.71875,24861.87890625,24861.87890625,3,24702.762890625,24981.2158203125,25209.94521484375,24436.2430859375,25142.32044921875,28963.093876953124,48.814176979295056,-74.03905050456888,76.66774502104676,-150.70679552561563,26276.40111497553,25209.94521484375,24143.489314711966,33.01283461558112,30.448743107719036,TTNP
2012-03-14,22872.927734375,24861.87890625,22872.927734375,24662.984375,24662.984375,1,24702.762890625,24921.5474609375,25130.38720703125,24476.022109375,25136.35361328125,28885.524814453125,47.45188270781765,-92.10721103362812,42.91275381011178,-135.0199648437399,26107.000267605934,25130.38720703125,24153.774146456566,40.51283747971032,32.841897517790734,TTNP
2012-03-15,24861.87890625,24861.87890625,24066.298828125,24861.87890625,24861.87890625,1,24702.762890625,24861.87890625,25090.608203125,24515.8011328125,25118.45306640625,28800.994423828124,48.985110190662446,-89.34729202039671,16.46074464401008,-105.80803666440679,26042.60715443805,25090.608203125,24138.60925181195,62.73506697591571,45.420246357069004,TTNP
2012-03-16,24265.193359375,25458.564453125,23270.71875,24861.87890625,24861.87890625,2,24702.762890625,24762.4314453125,25050.82919921875,24567.5138671875,25104.53041015625,28710.497197265624,48.98511019066244,-86.16675955110986,-4.06475619501391,-82.10200335609595,25970.705268753445,25050.82919921875,24130.953129684058,64.44447208558036,55.897458847068755,TTNP
2012-03-19,25657.458984375,26850.828125,24464.087890625,25856.353515625,25856.353515625,1,25020.994921875,24802.2103515625,25060.77392578125,24627.1823828125,25104.53041015625,28624.97234375,56.367540457287454,-3.3616241386953334,-3.9241297837501947,0.5625056450548613,26010.48458623207,25060.77392578125,24111.06326533043,69.44446308402688,65.54133404850761,TTNP
2012-03-20,25259.66796875,26850.828125,24861.87890625,24861.87890625,24861.87890625,2,25020.994921875,24861.87890625,25030.9396484375,24662.983515625,25100.55251953125,28540.441953125,48.76747468100902,-17.778804559009586,-6.695064738802073,-11.083739820207512,25966.16923906541,25030.9396484375,24095.71005780959,63.888908437720545,65.92594786910921,TTNP
2012-03-21,22872.927734375,25657.458984375,22872.927734375,24861.87890625,24861.87890625,6,25060.773828125,24881.768359375,25030.9396484375,24714.69625,25048.83982421875,28467.8452734375,48.76747468100902,-28.871708824968664,-11.130393556035392,-17.74131526893327,25966.16923906541,25030.9396484375,24095.71005780959,58.333353791414225,63.888908437720495,TTNP
2012-03-22,23867.40234375,24066.298828125,23270.71875,23867.40234375,23867.40234375,3,24861.878515625,24782.320703125,24991.160546875,24738.5636328125,24985.1933984375,28388.287265625,42.17283223309801,-116.56517203818294,-32.217349252464906,-84.34782278571802,26045.67961959534,24991.160546875,23936.641474154658,41.666678941515165,54.629647056883265,TTNP
2012-03-23,23867.40234375,23867.40234375,23071.822265625,23469.61328125,23469.61328125,4,24583.425390625,24643.094140625,24881.76826171875,24746.519453125,24921.5469921875,28316.68505859375,39.85144279221776,-215.67495963214606,-68.90887132840113,-146.76608830374494,26081.09068761896,24881.76826171875,23682.44583581854,30.000008183232296,43.333346972053846,TTNP
2012-03-26,23270.71875,23867.40234375,23270.71875,23270.71875,23270.71875,2,24066.2984375,24543.6466796875,24762.43125,24762.4310546875,24855.911640625,28235.13810546875,38.70427008564554,-306.73347423274754,-116.47379190927042,-190.25968232347714,26096.659820448844,24762.43125,23428.20267955116,16.666674849898964,29.44445399154876,TTNP
2012-03-27,23270.71875,23668.5078125,23270.71875,23668.5078125,23668.5078125,1,23827.62421875,24424.3095703125,24702.7626953125,24774.364765625,24794.2541796875,28154.585625,42.28280029263689,-342.847616307492,-161.74855678891475,-181.09905951857723,26118.135530534324,24702.7626953125,23287.389860090676,15.000012274848492,20.55556510265987,TTNP
2012-03-28,23270.71875,23867.40234375,22475.138671875,23867.40234375,23867.40234375,5,23628.72890625,24344.7513671875,24633.1494140625,24794.2542578125,24736.574609375,28075.0276171875,44.041906510590486,-351.3688463084145,-199.6726146928147,-151.6962316155998,26068.918515852314,24633.1494140625,23197.380312272686,20.606059997388368,17.424249040711896,TTNP
2012-03-29,23867.40234375,23867.40234375,22872.927734375,23668.5078125,23668.5078125,1,23588.95,24225.4142578125,24543.64658203125,24810.165859375,24682.87294921875,27994.47513671875,42.64228077194171,-369.90705069593605,-233.71950189343897,-136.18754880249708,25985.601703537715,24543.64658203125,23101.691460524788,26.363622161328944,20.656564811188556,TTNP
2012-03-30,22276.2421875,23668.5078125,22276.2421875,22674.033203125,22674.033203125,2,23429.833984375,24006.6296875,24384.53056640625,24806.18796875,24615.2486328125,27908.950283203125,36.41153124170181,-459.5471278078585,-278.8850270763229,-180.6621007315356,25911.754808402547,24384.53056640625,22857.306324409954,22.595513025768515,23.188398394828564,TTNP
2012-04-02,23469.61328125,23469.61328125,22475.138671875,22475.138671875,22475.138671875,2,23270.71796875,23668.508203125,24235.35927734375,24794.254296875,24553.591171875,27821.43646484375,35.30057866957219,-540.4071835615541,-331.1894583733691,-209.217725188185,25891.21292873796,24235.35927734375,22579.505625949536,13.438747093019058,20.799294093372126,TTNP
2012-04-03,21281.767578125,23270.71875,21281.767578125,22276.2421875,22276.2421875,6,22992.26484375,23409.94453125,24135.91171875,24794.254296875,24481.9889453125,27764.75138671875,34.17756099640664,-613.4669788906722,-387.64496247682973,-225.82201641384245,25998.63606417733,24135.91171875,22273.18737332267,10.30022144231071,15.444827187032713,TTNP
2012-04-04,21878.453125,22276.2421875,21480.662109375,22077.34765625,22077.34765625,3,22634.25390625,23131.49140625,24006.6298828125,24794.254296875,24428.28728515625,27724.9723828125,33.045430223542624,-679.582713007323,-446.0325125829284,-233.55020042439463,26054.766327858182,24006.6298828125,21958.493437766818,12.16356867310923,11.96751240281295,TTNP
2012-04-05,21878.453125,22077.34765625,20883.978515625,21878.453125,21878.453125,5,22276.24296875,22932.596484375,23857.45859375,24802.2101171875,24364.64087890625,27678.23205078125,31.907203054747953,-739.5044876655847,-504.72690759945965,-234.7775800661251,26063.221882881942,23857.45859375,21651.69530461806,16.269836528761783,12.911208881393856,TTNP
2012-04-09,22872.927734375,22872.927734375,21281.767578125,21878.453125,21878.453125,2,22117.126953125,22773.48046875,23708.2873046875,24814.143828125,24300.99447265625,27627.513818359374,31.907203054747953,-778.024345444388,-559.3863951684453,-218.63795027594267,26023.001950166836,23708.2873046875,21393.572659208163,15.873012236023001,14.768805812631287,TTNP
2012-04-10,21480.662109375,21878.453125,12530.38671875,13524.8623046875,13524.8623046875,223,20327.0716796875,21798.89482421875,23171.270751953125,24666.96150390625,24153.812158203124,27542.983432617188,11.915504482191116,-1465.7206601912367,-740.6532481730036,-725.0674120182331,28159.532659043485,23171.270751953125,18183.008844862765,13.636361051393216,15.259736605392616,TTNP
2012-04-11,13524.8623046875,14519.3369140625,12928.1767578125,13922.65234375,13922.65234375,115,18656.3537109375,20824.30927734375,22624.309423828126,24472.04439453125,24052.375693359376,27456.464096679687,14.65765273558977,-1956.0781611053935,-983.7382307594816,-972.339930345912,28966.379068802624,22624.309423828126,16282.23977885363,12.103796890420632,13.871056725945564,TTNP
2012-04-12,13922.65234375,15116.0224609375,13922.65234375,14917.126953125,14917.126953125,22,17224.3095703125,19929.28173828125,22137.016552734374,24213.48083984375,23950.939228515625,27373.922661132812,21.257377348746996,-2238.6385914315215,-1234.7183028938896,-1003.9202885376319,29230.74076705706,22137.016552734374,15043.292338411688,13.565787315253715,13.101981752355803,TTNP
2012-04-13,14917.126953125,14917.126953125,14519.3369140625,14917.126953125,14917.126953125,5,15832.0443359375,19054.14365234375,21639.778955078124,24002.65208984375,23849.502763671873,27288.39779785156,21.257377348746992,-2434.5062950610336,-1474.6759013273183,-959.8303937337153,29273.410365603806,21639.778955078124,14006.147544552443,18.05807789987099,14.57588736851506,TTNP
2012-04-16,14917.126953125,14917.126953125,13922.65234375,14121.546875,14121.546875,12,14280.6630859375,18198.89501953125,21102.762353515624,23815.69076171875,23738.121552734374,27199.889506835938,19.83427196559774,-2623.685313594855,-1704.4777837808256,-919.2075298140294,29248.138851459975,21102.762353515624,12957.385855571274,18.71345109837924,16.7791054378346,TTNP
2012-04-17,14320.4423828125,14320.4423828125,12928.1767578125,13723.7568359375,13723.7568359375,11,14320.4419921875,17323.7568359375,20496.13251953125,23553.1493359375,23618.78453125,27087.513818359374,19.144161802221053,-2773.7354843531793,-1918.3293238952963,-855.4061604578831,28936.853932404505,20496.13251953125,12055.411106657995,15.204679017433113,17.3254026718944,TTNP
2012-04-18,13723.7568359375,14320.4423828125,13524.8623046875,14320.4423828125,14320.4423828125,4,14400.0,16528.17685546875,19969.060693359374,23286.63001953125,23505.414365234374,26983.093940429688,23.44686545552564,-2812.087791215363,-2097.0810173593095,-715.0067738560533,28568.50489402048,19969.060693359374,11369.61649269827,13.450294412614916,15.78947484280904,TTNP
2012-04-19,14917.126953125,14917.126953125,13723.7568359375,14320.4423828125,14320.4423828125,3,14280.6630859375,15752.486328125,19441.9888671875,23024.08859375,23407.95580078125,26876.68509765625,23.446865455525636,-2810.0893103670423,-2239.682675960856,-570.4066344061862,28069.425651730013,19441.9888671875,10814.55208264499,14.129075956454436,14.261349795500772,TTNP
2012-04-20,14320.4423828125,14320.4423828125,13922.65234375,14320.4423828125,14320.4423828125,3,14161.326171875,14996.68525390625,18964.640869140625,22761.54716796875,23302.541435546875,26774.254165039063,23.446865455525636,-2776.4997392138903,-2347.046088611463,-429.4536506024274,27616.254118525656,18964.640869140625,10313.027619755596,16.07485057444607,14.551406981171757,TTNP
2012-04-23,14320.4423828125,14320.4423828125,13524.8623046875,13723.7568359375,13723.7568359375,6,14081.7681640625,14181.215625,18477.348046875,22491.049921875,23187.18232421875,26667.84533203125,21.985621118096628,-2766.1409480131133,-2430.865060491793,-335.2758875213203,27156.92248583983,18477.348046875,9797.773607910167,14.515394384317213,14.906440305072522,TTNP
2012-04-24,13723.7568359375,14320.4423828125,13723.7568359375,14121.546875,14121.546875,5,14161.326171875,14240.88408203125,18019.889453125,22240.4421875,23071.823203125,26563.42544921875,25.326771676835673,-2694.7695734660592,-2483.645963086646,-211.1236103794131,26604.6002351965,18019.889453125,9435.178671053502,14.286455194087987,14.958900050950371,TTNP
2012-04-25,14320.4423828125,14320.4423828125,13922.65234375,14320.4423828125,14320.4423828125,1,14161.326171875,14280.6630859375,17552.486181640626,21989.83447265625,22960.441982421875,26438.12158691406,27.009990446874582,-2592.275896790692,-2505.3719498274554,-86.90394696323665,25869.889610011312,17552.486181640626,9235.082753269939,14.60114083807953,14.467663472161524,TTNP
2012-04-26,14917.126953125,14917.126953125,13922.65234375,14519.3369140625,14519.3369140625,2,14201.105078125,14240.88408203125,17085.08291015625,21755.1383203125,22851.04970703125,26307.845341796874,28.739826966697684,-2466.566747081606,-2497.6109092782854,31.04416219667928,24969.85951995843,17085.08291015625,9200.306300354065,17.307693881390737,15.398429971186033,TTNP
2012-04-27,13723.7568359375,14718.232421875,13723.7568359375,14519.3369140625,14519.3369140625,1,14240.883984375,14201.105078125,16627.624365234376,21532.37587890625,22731.712685546874,26189.502807617188,28.739826966697677,-2339.9676497644396,-2466.0822573755163,126.11460761107674,23974.79679546421,16627.624365234376,9280.451935004541,19.27168696429628,17.060173894588797,TTNP
2012-04-30,13922.65234375,14718.232421875,13922.65234375,14519.3369140625,14519.3369140625,3,14400.0,14240.88408203125,16219.88955078125,21309.6134375,22628.287265625,26069.17130859375,28.739826966697684,-2214.1140248035335,-2415.6886108611197,201.5745860575862,23067.744341314574,16219.88955078125,9372.034760247927,37.744873453390845,24.7747514330259,TTNP
2012-05-01,14519.3369140625,14718.232421875,14121.546875,14121.546875,14121.546875,1,14400.0,14280.6630859375,15802.2099609375,21078.8951953125,22520.8839453125,25945.85638671875,27.133504816871017,-2122.011227453924,-2356.9531341796805,234.94190672575633,22067.213580789154,15802.2099609375,9537.206341085848,49.51643116715233,35.510997194946434,TTNP
2012-05-02,14121.546875,14718.232421875,13723.7568359375,14718.232421875,14718.232421875,3,14479.5580078125,14320.44208984375,15424.30947265625,20864.0885546875,22419.44748046875,25827.513837890627,33.16759614386508,-1978.0696049654362,-2281.1764283368316,303.1068233713954,20949.833705478508,15424.30947265625,9898.785239833995,72.42424113927406,53.228515253272356,TTNP
2012-05-03,14519.3369140625,14519.3369140625,13723.7568359375,14519.3369140625,14519.3369140625,2,14479.5580078125,14340.33154296875,15046.408935546875,20657.23771484375,22319.999970703124,25713.149194335936,32.21009319747433,-1858.619034066729,-2196.664949482811,338.04591541608215,19658.50113276128,15046.408935546875,10434.316738332469,74.84848897391686,65.59638709344769,TTNP
2012-05-04,13922.65234375,14519.3369140625,13723.7568359375,14519.3369140625,14519.3369140625,2,14479.5580078125,14360.22099609375,14678.453125,20454.364765625,22224.5303515625,25591.82322265625,32.21009319747433,-1743.8515607521695,-2106.1022717366827,362.25071098451326,18062.241526094764,14678.453125,11294.664723905236,83.33334151656562,76.86869054325213,TTNP
2012-05-07,13922.65234375,14121.546875,13723.7568359375,14121.546875,14121.546875,2,14400.0,14400.0,14290.6078125,20223.6465234375,22121.10494140625,25474.47515625,30.188621344239348,-1665.7936111488561,-2018.0405396191175,352.2469284702613,15027.056664714664,14290.6078125,13554.158960285336,67.61904093885546,75.2669571431126,TTNP
2012-05-08,14519.3369140625,14519.3369140625,13723.7568359375,14320.4423828125,14320.4423828125,3,14439.7791015625,14419.88955078125,14330.38681640625,19996.90619140625,22025.635341796875,25355.138149414062,32.47066497883398,-1569.7873866353038,-1928.3899090223547,358.60252238705084,14977.636551123396,14330.38681640625,13683.137081689103,59.99999999999989,70.3174608184736,TTNP
2012-05-09,14320.4423828125,14320.4423828125,13723.7568359375,14320.4423828125,14320.4423828125,2,14360.22109375,14419.88955078125,14350.276318359374,19786.0774609375,21932.1546875,25237.790087890626,32.47066497883399,-1476.6795197185857,-1838.047831161601,361.3683114430153,14970.050590375471,14350.276318359374,13730.502046343277,52.380959061144324,59.99999999999985,TTNP
2012-05-10,14320.4423828125,14718.232421875,14121.546875,14519.3369140625,14519.3369140625,2,14360.22109375,14419.88955078125,14330.38681640625,19571.27083984375,21842.651923828125,25119.44755371094,34.937257057518075,-1371.0372736901772,-1744.6457196673161,373.6084459771389,14899.588140788384,14330.38681640625,13761.185492024115,61.904771925049864,58.095243662064654,TTNP
2012-05-11,14121.546875,14718.232421875,14121.546875,14718.232421875,14718.232421875,19,14400.0001953125,14439.7791015625,14320.44208984375,19356.46419921875,21755.138115234375,25007.071860351563,37.39971043803712,-1256.7784675040712,-1647.0722692346671,390.293801730596,14854.13357606186,14320.44208984375,13786.750603625638,70.6349376137372,61.64022286664376,TTNP
2012-05-14,14718.232421875,15911.6025390625,14718.232421875,14917.126953125,14917.126953125,12,14559.1162109375,14479.55810546875,14360.22109375,19137.67966796875,21675.580107421876,24894.696166992188,39.85128200002515,-1137.0709676573606,-1545.072008919206,408.00104126184533,14944.850745556,14360.22109375,13775.591441944001,69.769126009944,67.43627851624365,TTNP
2012-05-15,15314.9169921875,15911.6025390625,14718.232421875,14917.126953125,14917.126953125,34,14678.453125,14559.11611328125,14419.889599609374,18926.85091796875,21590.055244140625,24785.30389160156,39.85128200002516,-1030.3249667215332,-1442.1226004796713,411.7976337581381,14975.373158638473,14419.889599609374,13864.406040580276,64.14141966453413,68.18182776273841,TTNP
2012-05-16,14718.232421875,15116.0224609375,14320.4423828125,14320.4423828125,14320.4423828125,5,14678.453125,14519.337109375,14419.889599609374,18727.9558984375,21490.607734375,24677.900576171876,35.0724121667338,-982.5492340848159,-1350.2079272007002,367.65869311588426,14975.373158638473,14419.889599609374,13864.406040580276,45.454542749345165,59.78836280794107,TTNP
2012-05-17,14917.126953125,14917.126953125,14121.546875,14917.126953125,14917.126953125,8,14758.0111328125,14559.11611328125,14449.723828125,18533.03875,21405.08287109375,24578.45306640625,42.49829829227208,-886.3221931156222,-1257.4307803836846,371.10858726806237,15043.417947135526,14449.723828125,13856.029709114473,45.454542749345165,51.6835017210748,TTNP
2012-05-18,14519.3369140625,14519.3369140625,13922.65234375,14320.4423828125,14320.4423828125,14,14678.453125,14539.22666015625,14449.723828125,18322.21001953125,21317.569072265625,24479.00555175781,37.83782652078796,-848.4288681291819,-1175.630397932784,327.20152980360217,15043.417947135526,14449.723828125,13856.029709114473,36.36364312663673,42.424242875108995,TTNP
2012-05-21,14320.4423828125,14718.232421875,13922.65234375,14320.4423828125,14320.4423828125,2,14559.1162109375,14559.1162109375,14479.55810546875,18111.3812890625,21230.0552734375,24393.480693359375,37.83782652078796,-809.0716605970229,-1102.318650465632,293.24698986860903,14976.397610943455,14479.55810546875,13982.718599994045,36.36364312663673,39.39394300087285,TTNP
2012-05-22,14320.4423828125,14718.232421875,14320.4423828125,14718.232421875,14718.232421875,2,14519.3373046875,14598.89521484375,14509.3923828125,17920.4420703125,21152.4862109375,24317.9005859375,42.69650246785204,-737.2835129973591,-1029.3116229719774,292.02810997461825,14987.981805403222,14509.3923828125,14030.80296022178,33.333348211934265,35.35354482173589,TTNP
2012-05-23,14718.232421875,15116.0224609375,14519.3369140625,15116.0224609375,15116.0224609375,8,14678.4533203125,14678.45322265625,14549.17138671875,17725.52494140625,21080.884013671875,24255.248657226562,47.14546438494491,-640.9046077675957,-951.630219931101,310.7256121635053,15086.924070250827,14549.17138671875,14011.418703186673,45.4545576279462,38.383849655505706,TTNP
2012-05-24,14917.126953125,14917.126953125,14519.3369140625,14718.232421875,14718.232421875,8,14638.6744140625,14698.3427734375,14559.116162109374,17526.62990234375,21001.326005859373,24177.679594726564,43.507747924716526,-589.8228519969252,-879.2687463442659,289.44589434734064,15101.629444882943,14559.116162109374,14016.602879335805,51.51516233595217,43.43435605861085,TTNP
2012-05-25,14519.3369140625,14519.3369140625,14121.546875,14519.3369140625,14519.3369140625,5,14678.4533203125,14678.45322265625,14559.116162109374,17319.7790625,20917.79009765625,24083.204462890626,41.77221757546631,-558.9462137457231,-815.2042398245574,256.2580260788343,15101.629444882943,14559.116162109374,14016.602879335805,48.484852542648675,48.484857502182315,TTNP
2012-05-29,14320.4423828125,14320.4423828125,13723.7568359375,13723.7568359375,13723.7568359375,8,14559.1162109375,14559.1162109375,14519.337158203125,17097.01662109375,20832.265244140624,23977.790102539064,35.64687141402193,-591.850435436425,-770.5334789469309,178.68304351050597,15172.972950084099,14519.337158203125,13865.701366322151,27.27272862532728,42.42424783464268,TTNP
2012-05-30,13922.65234375,13922.65234375,13524.8623046875,13723.7568359375,13723.7568359375,1,14360.22109375,14439.77919921875,14499.44765625,16854.3646875,20740.77353515625,23864.41994140625,35.64687141402193,-610.8853619982419,-738.6038555571931,127.7184935589512,15220.973516652211,14499.44765625,13777.92179584779,14.8989803744293,30.218853847468385,TTNP
2012-05-31,13723.7568359375,14320.4423828125,13524.8623046875,13922.65234375,13922.65234375,2,14121.5470703125,14400.0001953125,14459.66865234375,16635.58015625,20649.2818359375,23750.05529296875,38.27133430686592,-602.9708011371495,-711.4772446731844,108.50644353603491,15215.469752099976,14459.66865234375,13703.867552587522,8.33332651397292,16.8350118379098,TTNP
2012-06-01,13922.65234375,13922.65234375,12928.1767578125,13723.7568359375,13723.7568359375,2,13922.651953125,14280.66318359375,14419.8896484375,16412.81771484375,20563.756982421874,23639.668549804686,36.66119990275857,-605.7647805599445,-690.3347518505363,84.56997129059187,15239.954893280574,14419.8896484375,13599.824403594426,17.22221394806518,13.484840278822434,TTNP
2012-06-04,13723.7568359375,13922.65234375,13325.966796875,13922.65234375,13922.65234375,1,13803.3150390625,14240.8841796875,14390.055419921875,16213.92271484375,20476.243173828127,23532.265229492186,39.406556982585684,-585.1841851191421,-669.3046385042575,84.12045338511541,15236.470044524713,14390.055419921875,13543.640795319037,25.555557737750423,17.03703273326281,TTNP
2012-06-05,13922.65234375,13922.65234375,12928.1767578125,13723.7568359375,13723.7568359375,2,13803.3150390625,14181.215625,14370.16591796875,16019.0055859375,20382.76251953125,23431.823232421873,37.649163456388465,-578.2573296549053,-651.095176734387,72.83784707948166,15258.53900426432,14370.16591796875,13481.792831673181,32.121211598206806,24.966327761340768,TTNP
2012-06-06,12928.1767578125,13723.7568359375,12928.1767578125,13524.8623046875,13524.8623046875,1,13763.5361328125,14061.87861328125,14330.3869140625,15824.08845703125,20293.259755859373,23335.359145507813,35.923857783930465,-582.1067094375703,-637.2974832750236,55.19077383745332,15292.307086209392,14330.3869140625,13368.466741915607,32.32323866542401,30.000002667127045,TTNP
2012-06-07,13723.7568359375,13723.7568359375,13127.072265625,13723.7568359375,13723.7568359375,1,13723.75703125,13922.65205078125,14300.55263671875,15625.1934375,20199.7791015625,23235.911640625,38.93735645775195,-562.6226801711382,-622.3625226542465,59.739842483108305,15298.205037488331,14300.55263671875,13302.90023594917,33.33333333333325,32.59259453232132,TTNP
2012-06-08,13723.7568359375,13723.7568359375,12928.1767578125,12928.1767578125,12928.1767578125,6,13564.641015625,13743.646484375,14220.99462890625,15406.40892578125,20100.331591796876,23138.453081054686,32.377884767891175,-604.4108380587368,-618.7721857351446,14.361347676407831,15377.325984933155,14220.99462890625,13064.663272879345,21.212123917321318,28.95623197202616,TTNP
2012-06-11,13127.072265625,13127.072265625,12928.1767578125,12928.1767578125,12928.1767578125,3,13365.7458984375,13584.53046875,14131.491845703125,15191.6023046875,20000.88408203125,23044.972421875,32.37788476789118,-630.2629750013402,-621.0703435883837,-9.19263141295653,15392.398558009481,14131.491845703125,12870.58513339677,12.121209416011853,22.22222222222211,TTNP
2012-06-12,12928.1767578125,13524.8623046875,12928.1767578125,13524.8623046875,13524.8623046875,13,13325.9669921875,13564.641015625,14061.87861328125,15008.61888671875,19907.403427734374,22958.453090820312,41.02031414970034,-595.7361671572125,-616.0035083021495,20.26734114493695,15295.027876035067,14061.87861328125,12828.729350527432,9.090914501309385,14.141415944880821,TTNP
2012-06-13,13524.8623046875,13524.8623046875,12928.1767578125,12928.1767578125,12928.1767578125,1,13206.6298828125,13485.0830078125,13962.431103515624,14817.6796484375,19805.96697265625,22871.93375,36.05750630938705,-609.4950802248368,-614.7018226866869,5.206742461850126,15224.121996838336,13962.431103515624,12700.740210192913,9.090914501309385,10.101012806210177,TTNP
2012-06-14,13524.8623046875,13524.8623046875,12928.1767578125,12928.1767578125,12928.1767578125,1,13047.5138671875,13385.63544921875,13892.817822265624,14630.71833984375,19712.486318359373,22789.392309570314,36.057506309387044,-613.3290425402138,-614.4272666573922,1.0982241171784608,15219.762383914027,13892.817822265624,12565.873260617222,9.090914501309385,9.090914501309355,TTNP
2012-06-15,12928.1767578125,13524.8623046875,12928.1767578125,13127.072265625,13127.072265625,4,13087.29296875,13325.9669921875,13803.315087890625,14451.71283203125,19622.983564453127,22707.84534667969,38.91453866384103,-593.4770460952495,-610.2372225449637,16.76017644971421,15082.443824271915,13803.315087890625,12524.186351509336,4.76191478218573,7.647914594934803,TTNP
2012-06-18,13127.072265625,13325.966796875,12928.1767578125,12928.1767578125,12928.1767578125,3,13087.29296875,13226.51943359375,13733.701806640625,14272.7073046875,19537.4587109375,22621.326005859373,37.128002321423956,-587.0265247619282,-605.5950829883566,18.568558226428422,15043.845149963989,13733.701806640625,12423.558463317262,4.76191478218573,6.204914688560251,TTNP
2012-06-19,12928.1767578125,13723.7568359375,12928.1767578125,13127.072265625,13127.072265625,1,13007.7349609375,13166.8509765625,13674.03330078125,14097.6796875,19455.9117578125,22535.801142578126,40.089995178817766,-559.4166282250007,-596.3593920356855,36.94276381068471,14980.5482210749,13674.03330078125,12367.5183804876,9.52382956437154,6.349219709580969,TTNP
2012-06-20,13325.966796875,13524.8623046875,12928.1767578125,13524.8623046875,13524.8623046875,4,13127.0720703125,13166.8509765625,13614.364794921876,14097.6796875,19382.320595703124,22451.270756835936,45.60907649465852,-499.6772859050434,-577.022970809557,77.34568490451363,14830.555549244747,13614.364794921876,12398.174040599004,24.761921328768427,13.015888558441867,TTNP
2012-06-21,13524.8623046875,14519.3369140625,13524.8623046875,13922.65234375,13922.65234375,4,13325.9671875,13186.74052734375,13554.6962890625,14097.6796875,19284.862041015625,22374.696176757814,50.518134730089294,-415.446091103453,-544.7075948683362,129.26150376488317,14571.009096177664,13554.6962890625,12538.383481947336,45.59526489114225,26.627005261427374,TTNP
2012-06-22,13922.65234375,14320.4423828125,13524.8623046875,13922.65234375,13922.65234375,3,13485.083203125,13286.1880859375,13514.91728515625,14077.7901953125,19145.635517578125,22297.12711425781,50.51813473008928,-344.7185613745314,-504.70978816957523,159.99122679504381,14399.720828584503,13514.91728515625,12630.113741727999,61.66669367133026,44.00795996374695,TTNP
2012-06-25,13723.7568359375,14121.546875,13524.8623046875,14121.546875,14121.546875,1,13723.7572265625,13405.52509765625,13495.027783203124,14061.87859375,19032.265341796876,22218.563579101563,52.97907581639101,-269.5106075399108,-457.66995204364235,188.15934450373157,14303.188085977283,13495.027783203124,12686.867480428966,66.66668712474755,57.976215229073325,TTNP
2012-06-26,13723.7568359375,13922.65234375,13127.072265625,13723.7568359375,13723.7568359375,1,13843.094140625,13425.41455078125,13495.027783203124,14053.92279296875,18934.80677734375,22138.01109375,47.8530528333602,-239.24818975948438,-413.98559958681074,174.73740982732636,14303.188085977283,13495.027783203124,12686.867480428966,62.500010229040406,63.61113034170605,TTNP
2012-06-27,13325.966796875,13922.65234375,13127.072265625,13723.7568359375,13723.7568359375,7,13882.873046875,13504.97255859375,13495.027783203124,14053.92279296875,18803.536064453125,22054.475180664063,47.853052833360195,-212.81184318211854,-373.7508483058723,160.93900512375376,14303.188085977283,13495.027783203124,12686.867480428966,58.33333333333325,62.500010229040385,TTNP
2012-06-28,13922.65234375,13922.65234375,13325.966796875,13922.65234375,13922.65234375,4,13882.873046875,13604.4201171875,13495.027783203124,14045.9669921875,18666.298505859377,21974.91717285156,50.62342170702217,-173.80809132954164,-333.76229691060615,159.9542055810645,14303.188085977283,13495.027783203124,12686.867480428966,54.16667689570707,58.33334015269355,TTNP
2012-06-29,13922.65234375,14121.546875,13723.7568359375,13922.65234375,13922.65234375,4,13882.873046875,13683.978125,13504.97255859375,14038.01119140625,18531.049892578125,21896.353637695312,50.62342170702217,-141.26887729884038,-295.263612988253,153.9947356894126,14328.887989808207,13504.97255859375,12681.057127379294,58.333353791414225,56.94445467348482,TTNP
2012-07-02,12928.1767578125,13922.65234375,12928.1767578125,13723.7568359375,13723.7568359375,9,13803.3150390625,13763.5361328125,13495.027783203124,14026.07748046875,18393.81232421875,21816.795625,47.68534578943723,-130.03159767237776,-262.21720992507795,132.1856122527002,14303.188085977283,13495.027783203124,12686.867480428966,58.333353791414225,56.94446149284514,TTNP
2012-07-03,13723.7568359375,13922.65234375,13325.966796875,13723.7568359375,13723.7568359375,10,13803.3150390625,13823.20458984375,13495.027783203124,14026.07748046875,18258.563701171875,21739.22656738281,47.68534578943723,-119.74561964398163,-233.72289186885868,113.97727222487705,14303.188085977283,13495.027783203124,12686.867480428966,54.16667689570707,56.94446149284514,TTNP
2012-07-05,13723.7568359375,14320.4423828125,13723.7568359375,13723.7568359375,13723.7568359375,16,13803.3150390625,13843.09404296875,13504.972509765625,14018.1216796875,18129.28193359375,21662.651982421874,47.68534578943723,-110.32218250328333,-209.0427499957436,98.72056749246028,14319.228526515211,13504.972509765625,12690.716493016038,49.999999999999915,54.16667689570704,TTNP
2012-07-06,13922.65234375,14121.546875,13325.966796875,13922.65234375,13922.65234375,23,13803.3150390625,13843.09404296875,13514.91728515625,14010.16587890625,18000.00017578125,21583.093974609375,51.22121768228738,-85.81560654187342,-184.39732130496958,98.58171476309616,14344.335900241631,13514.91728515625,12685.49867007087,54.16667689570707,52.77778459713799,TTNP
2012-07-09,13922.65234375,14320.4423828125,13723.7568359375,14121.546875,14121.546875,36,13843.0939453125,13862.98349609375,13574.585791015625,14002.210078125,17878.67419921875,21506.519384765626,54.53079885891312,-49.771111696987646,-157.4720793833732,107.70096768638555,14398.261042102913,13574.585791015625,12750.910539928336,62.500010229040406,55.55556237491577,TTNP
2012-07-10,14320.4423828125,14320.4423828125,13922.65234375,14320.4423828125,14320.4423828125,6,13962.4310546875,13882.873046875,13644.199072265625,13998.2321875,17765.304033203123,21438.895073242187,57.626926557465,-5.097622386783769,-126.99718798405532,121.89956559727155,14472.901894157925,13644.199072265625,12815.496250373324,75.0000204580809,63.888902527609424,TTNP
2012-07-11,14320.4423828125,14917.126953125,14121.546875,14718.232421875,14718.232421875,14,14161.326171875,13982.32060546875,13703.867578125,14002.21009765625,17655.911767578124,21380.22104003906,63.04656122591393,61.693605942569775,-89.2590291987303,150.95263514130008,14652.74497749839,13703.867578125,12754.99017875161,84.16668507893947,73.88890525535356,TTNP
2012-07-12,14917.126953125,15314.9169921875,14519.3369140625,15116.0224609375,15116.0224609375,7,14439.779296875,14121.54716796875,13813.25986328125,14022.099609375,17550.49740234375,21317.569111328125,67.52035538744825,145.05239357947175,-42.39674464308989,187.44913822256166,14876.744072708758,13813.25986328125,12749.775653853741,89.72224745385535,82.96298433029187,TTNP
2012-07-13,14718.232421875,15911.6025390625,14718.232421875,15712.70703125,15712.70703125,26,14797.790234375,14300.55263671875,13952.486376953126,14041.9891015625,17453.038828125,21261.878505859375,72.83328286280923,256.30773544437216,17.34415137440253,238.9635840699696,15224.637336284708,13952.486376953126,12680.335417621543,91.6666765774711,88.51853637008861,TTNP
2012-07-16,15513.8125,15911.6025390625,15513.8125,15712.70703125,15712.70703125,12,15116.022265625,14479.55810546875,14081.768115234376,14065.85650390625,17361.547109375,21201.215517578126,72.83328286280923,340.5527157038305,81.98586424028812,258.5668514635423,15508.27666804539,14081.768115234376,12655.259562423362,92.7777744135616,91.38889948162932,TTNP
2012-07-17,15712.70703125,15712.70703125,14917.126953125,15513.8125,15513.8125,8,15354.6962890625,14658.563671875,14211.04990234375,14085.746015625,17270.055390625,21140.5525390625,68.50146788983857,386.80944457430087,142.95058030709066,243.8588642672102,15664.345174934393,14211.04990234375,12757.754629753106,91.11110165493294,91.85185088198853,TTNP
2012-07-18,14917.126953125,15513.8125,14917.126953125,15314.9169921875,15314.9169921875,2,15474.033203125,14817.6796875,14320.442138671875,14109.61341796875,17166.629970703125,21080.884028320314,64.37798490424458,402.7760783131416,194.91567990830086,207.86039840484077,15760.200281863154,14320.442138671875,12880.683995480596,86.6666579378868,90.18517800212709,TTNP
2012-07-19,15314.9169921875,15314.9169921875,14121.546875,14917.126953125,14917.126953125,2,15434.2541015625,14937.01669921875,14390.05537109375,14121.547109375,17059.226650390625,21029.171323242186,56.9892379767534,378.9629696840184,231.72513786344436,147.23783182057403,15803.609969078581,14390.05537109375,12976.500773108917,77.77777050379454,85.18517669887142,TTNP
2012-07-20,14917.126953125,14917.126953125,13723.7568359375,14519.3369140625,14519.3369140625,7,15195.580078125,14996.68515625,14419.889599609374,14125.525,16955.80123046875,20981.436513671873,50.72022372743922,324.25477069400586,250.23106442955665,74.0237062644492,15817.825900803406,14419.889599609374,13021.953298415343,66.66665575569185,77.03702806579105,TTNP
2012-07-23,14320.4423828125,14519.3369140625,14121.546875,14320.4423828125,14320.4423828125,3,14917.1271484375,15016.57470703125,14439.7791015625,14121.547109375,16846.408974609374,20935.690659179687,47.883938561909424,261.8307801526098,252.55100757416727,9.279772578442532,15820.058966338775,14439.7791015625,13059.499236786227,52.820510147646644,65.75497880237766,TTNP
2012-07-24,14320.4423828125,14718.232421875,13524.8623046875,14121.546875,14121.546875,9,14638.6740234375,14996.68515625,14439.7791015625,14109.6133984375,16733.038798828125,20889.94479980469,45.164065845394326,194.0729603855325,240.85539813644033,-46.78243775090783,15820.058966338775,14439.7791015625,13059.499236786227,40.85469988196689,53.44728859510178,TTNP
2012-07-25,13723.7568359375,14718.232421875,13723.7568359375,14519.3369140625,14519.3369140625,4,14479.5580078125,14976.79560546875,14479.55810546875,14101.65759765625,16619.6686328125,20852.15474609375,51.14147127175798,170.50723051733257,226.78576461261878,-56.278534095286204,15820.293478550151,14479.55810546875,13138.822732387349,38.46153749310869,44.04558250757407,TTNP
2012-07-26,14519.3369140625,14917.126953125,13524.8623046875,14519.3369140625,14519.3369140625,2,14400.0,14917.12705078125,14519.337109375,14093.701796875,16510.276357421873,20815.359165039063,51.14147127175798,150.1009495035869,211.4488015908124,-61.347852087225505,15814.447615448651,14519.337109375,13224.226603301347,39.52990286840569,39.61538008116042,TTNP
2012-07-27,14121.546875,14917.126953125,13922.65234375,14917.126953125,14917.126953125,1,14479.5580078125,14837.56904296875,14569.06083984375,14105.63548828125,16416.795693359374,20775.580161132813,56.62495739044201,164.13510909605247,201.98606309186042,-37.85095399580794,15844.937885451049,14569.06083984375,13293.183794236453,48.71793217393893,42.236457511817754,TTNP
2012-07-30,14718.232421875,14718.232421875,14121.546875,14121.546875,14121.546875,2,14439.77890625,14678.45302734375,14579.00556640625,14089.72388671875,16311.381318359376,20721.878500976563,45.601656513535474,109.79497024717602,183.54784452292353,-73.7528742757475,15837.556958342118,14579.00556640625,13320.45417447038,41.66664620858561,43.304827083643396,TTNP
2012-07-31,14121.546875,14121.546875,13723.7568359375,13922.65234375,13922.65234375,3,14400.0,14519.33701171875,14588.950341796875,14081.7680859375,16201.989052734374,20669.171323242186,43.330629015834894,50.10333224310307,156.85894206695943,-106.75560982385636,15823.22172374571,14588.950341796875,13354.67895984804,33.333319694612605,41.2392993590457,TTNP
2012-08-01,13922.65234375,13922.65234375,13524.8623046875,13723.7568359375,13723.7568359375,2,14240.883984375,14360.22099609375,14588.950341796875,14069.834375,16090.60783203125,20617.45861328125,41.12499019607998,-13.100907069838286,122.86697223959987,-135.96787930943816,15823.22172374571,14588.950341796875,13354.67895984804,16.666653027945937,30.55553964371471,TTNP
2012-08-02,13723.7568359375,13723.7568359375,13524.8623046875,13524.8623046875,13524.8623046875,2,14041.9890625,14220.99453125,14579.005615234375,14045.96697265625,15983.204521484375,20562.762485351563,38.987764960590816,-78.3368303113748,82.62621172940493,-160.96304204077973,15843.827722718226,14579.005615234375,13314.183507750524,8.333326513972931,19.444433078843815,TTNP
2012-08-03,13723.7568359375,13723.7568359375,13524.8623046875,13723.7568359375,13723.7568359375,2,13803.3150390625,14141.4365234375,14569.06083984375,14018.12166015625,15871.82330078125,20507.071875,42.22143653743377,-112.68863855974269,43.563241671575405,-156.2518802313181,15857.280363391537,14569.06083984375,13280.841316295964,5.808067225716921,10.269348922545253,TTNP
2012-08-06,13723.7568359375,14519.3369140625,13524.8623046875,13922.65234375,13922.65234375,3,13763.5361328125,14101.65751953125,14559.11611328125,14002.21005859375,15764.41998046875,20450.386796875,45.34122864872408,-122.45193911618844,10.360205514022631,-132.81214463021107,15863.964376307438,14559.11611328125,13254.267850255063,9.696962933966137,7.946118891218654,TTNP
2012-08-07,13723.7568359375,14320.4423828125,13325.966796875,14121.546875,14121.546875,2,13803.3150390625,14101.65751953125,14549.171337890624,13994.2542578125,15657.01666015625,20387.73486328125,48.34491477865756,-112.83955456222247,-14.279746501226391,-98.55980806099609,15864.13663516166,14549.171337890624,13234.206040619589,23.030296267299473,12.84510880899417,TTNP
2012-08-08,14121.546875,14519.3369140625,14121.546875,14519.3369140625,14519.3369140625,12,13962.4310546875,14101.65751953125,14539.2265625,14010.165859375,15553.591240234375,20329.060825195313,53.81181700736969,-72.2900244643879,-25.881802093858695,-46.4082223705292,15851.933623249759,14539.2265625,13226.519501750241,44.99999999999992,25.909086400421838,TTNP
2012-08-09,14320.4423828125,14519.3369140625,14121.546875,14320.4423828125,14320.4423828125,6,14121.5470703125,14081.76806640625,14499.44755859375,14022.0995703125,15438.23212890625,20271.38126953125,50.91053776643064,-55.56286207190533,-31.818014089468022,-23.744847982437307,15787.820545154933,14499.44755859375,13211.074572032569,59.16667689570708,42.39899105433548,TTNP
2012-08-10,14121.546875,14121.546875,11933.701171875,12928.1767578125,12928.1767578125,21,13962.4310546875,13882.873046875,14360.221044921875,14002.21005859375,15318.895107421875,20209.72381347656,36.19817340476031,-152.8882649031857,-56.032064252211555,-96.85620065097415,15695.042209102037,14360.221044921875,13025.399880741712,56.94445831047644,53.70371173539447,TTNP
2012-08-13,12530.38671875,13127.072265625,12530.38671875,12928.1767578125,12928.1767578125,3,13763.5359375,13763.53603515625,14220.99453125,13986.29845703125,15199.5580859375,20124.198955078125,36.19817340476031,-227.3980447293652,-90.30526034764227,-137.09278438172294,15543.3099063826,14220.99453125,12898.679156117401,43.055573058579135,53.05556942158754,TTNP
2012-08-14,12928.1767578125,13524.8623046875,12729.2822265625,13524.8623046875,13524.8623046875,4,13644.1990234375,13723.75703125,14121.547021484375,13978.34265625,15096.132685546874,20040.663041992186,44.211490531608696,-235.58437510196381,-119.36108329850659,-116.22329180345723,15334.643504796792,14121.547021484375,12908.45053817196,40.00001527536457,46.66668221480671,TTNP
2012-08-15,13524.8623046875,13922.65234375,13325.966796875,13524.8623046875,13524.8623046875,2,13445.3041015625,13703.867578125,14032.044287109375,13974.364765625,14996.68517578125,19959.116083984376,44.211490531608696,-239.3134444810421,-143.3515555350137,-95.96188894602841,15139.266158659548,14032.044287109375,12924.822415559202,46.66668630642113,43.24075821345494,TTNP
2012-08-16,13723.7568359375,13723.7568359375,13127.072265625,13524.8623046875,13524.8623046875,0,13286.1880859375,13703.867578125,13962.4310546875,13974.364765625,14899.226611328126,19877.569125976563,44.211490531608696,-239.5078612939269,-162.58281668679632,-76.92504460713059,15011.873150207066,13962.4310546875,12912.988959167935,54.603195616078004,47.08996573262123,TTNP
2012-08-17,13922.65234375,13922.65234375,12928.1767578125,13922.65234375,13922.65234375,1,13485.083203125,13723.75712890625,13932.596826171875,13978.34267578125,14801.768056640625,19798.011118164064,49.49338716249414,-205.19820911335046,-171.10589517210715,-34.092313941243304,14950.465201263472,13932.596826171875,12914.728451080278,62.46644322538187,54.57877504929366,TTNP
2012-08-20,13922.65234375,13922.65234375,12928.1767578125,13723.7568359375,13723.7568359375,2,13644.19921875,13703.867578125,13902.762548828125,13994.25427734375,14700.3316015625,19718.45310546875,47.092600516949986,-191.84529467642278,-175.25377507297029,-16.591519603452497,14908.313982488373,13902.762548828125,12897.211115167876,67.76558246000506,61.61174043382164,TTNP
2012-08-21,13723.7568359375,14917.126953125,13325.966796875,13723.7568359375,13723.7568359375,8,13683.978125,13664.08857421875,13882.873046875,14010.16587890625,14600.884091796876,19641.878520507813,47.09260051694999,-179.19733841186098,-176.0424877407484,-3.1548506711125697,14886.061269173384,13882.873046875,12879.684824576616,68.71796058444043,66.31666208994244,TTNP
2012-08-22,14718.232421875,14718.232421875,13723.7568359375,14320.4423828125,14320.4423828125,4,13843.094140625,13644.19912109375,13872.9283203125,14026.07748046875,14517.34818359375,19566.298408203125,54.73242724874458,-119.64698901327938,-164.76338799525462,45.11639898197524,14854.390063283765,13872.9283203125,12891.466577341234,69.74360040922882,68.74238115122476,TTNP
2012-08-23,14121.546875,14718.232421875,14121.546875,14121.546875,14121.546875,1,13962.4310546875,13624.3095703125,13853.038818359375,14049.9448828125,14433.812265625,19493.70171875,52.035135506185014,-87.49354222720285,-149.30941884164426,61.81587661444141,14796.690346677187,13853.038818359375,12909.387290041563,71.11112129468744,69.85756076278555,TTNP
2012-08-24,13922.65234375,14718.232421875,13723.7568359375,14519.3369140625,14519.3369140625,6,14081.76796875,13783.4255859375,13833.14931640625,14081.7680859375,14356.243212890626,19419.11607910156,56.637788663904345,-29.572479182103052,-125.36203090973602,95.78955172763297,14699.88442963427,13833.14931640625,12966.41420317823,80.00000872877969,73.61824347756529,TTNP
2012-08-27,14320.4423828125,14320.4423828125,13922.65234375,14320.4423828125,14320.4423828125,1,14201.105078125,13922.6521484375,13843.094091796875,14105.63548828125,14278.67416015625,19353.48072265625,53.855094720928356,0.27804896356792597,-100.23401493507524,100.51206389864316,14727.226682772449,13843.094091796875,12958.9615008213,80.00000872877969,77.03704625074892,TTNP
2012-08-28,13524.8623046875,14519.3369140625,13524.8623046875,14519.3369140625,14519.3369140625,0,14360.22109375,14022.099609375,13872.9283203125,14137.45869140625,14205.082998046875,19284.861938476562,56.17396279100932,39.5282766536111,-72.28155661733797,111.80983327094907,14804.767942513205,13872.9283203125,12941.088698111795,84.44445244582583,81.48148996779504,TTNP
2012-08-29,14519.3369140625,14519.3369140625,13922.65234375,13922.65234375,13922.65234375,1,14280.6630859375,14061.87861328125,13882.873095703126,14153.37029296875,14125.524990234375,19213.259731445312,48.32782111599915,22.2306457117229,-53.37911615152579,75.60976186324869,14812.374874412524,13882.873095703126,12953.371316993727,77.77779232574402,80.74075116678317,TTNP
2012-08-30,14917.126953125,14917.126953125,13922.65234375,14519.3369140625,14519.3369140625,3,14360.22109375,14161.32607421875,13932.596826171875,14173.25978515625,14135.469736328125,19144.640947265623,55.0840770812499,56.02379920711974,-31.498533079796687,87.52233228691642,14886.256436439862,13932.596826171875,12978.937215903889,78.88889689027029,80.3703805539467,TTNP
2012-08-31,14519.3369140625,14519.3369140625,13922.65234375,14519.3369140625,14519.3369140625,2,14360.22109375,14220.99453125,13972.375830078125,14185.1934765625,14141.43658203125,19096.906137695314,55.0840770812499,81.861468763831,-8.826532711071149,90.68800147490215,14953.837563154208,13972.375830078125,12990.914097002042,77.27273319410966,77.97980747004131,TTNP
2012-09-04,14718.232421875,15712.70703125,14320.4423828125,15712.70703125,15712.70703125,4,14638.6740234375,14419.88955078125,14061.878564453125,14220.9945703125,14149.3923828125,19050.165805664063,65.53634201479781,196.36937911793393,32.21264965472987,164.15672946320404,15301.42696148577,14061.878564453125,12822.330167420481,88.3838370312376,81.51515570520583,TTNP
2012-09-05,15116.0224609375,15911.6025390625,15116.0224609375,15513.8125,15513.8125,1,14837.569140625,14598.8951171875,14131.491845703125,14248.8398828125,14155.35923828125,19002.43100097656,62.90877572419655,267.97949580142813,79.36601888406952,188.6134769173586,15523.614886983063,14131.491845703125,12739.368804423188,89.49494886974703,85.05050636503141,TTNP
2012-09-06,15911.6025390625,15911.6025390625,14320.4423828125,15911.6025390625,15911.6025390625,5,15235.3591796875,14758.0111328125,14201.105126953125,14292.596796875,14173.259794921874,18955.690673828125,65.85717741201358,352.76292941540305,134.04540099033625,218.7175284250668,15789.279104535344,14201.105126953125,12612.931149370906,95.55555628295379,91.14478072797944,TTNP
2012-09-07,15911.6025390625,15911.6025390625,14320.4423828125,15314.9169921875,15314.9169921875,1,15394.4751953125,14877.34814453125,14250.828857421875,14324.42,14189.171396484375,18903.977963867186,58.36291714432389,367.5697590840118,180.75027260907137,186.81948647494045,15911.453403694333,14250.828857421875,12590.204311149417,88.88888525189724,91.313130134866,TTNP
2012-09-10,14917.126953125,15116.0224609375,14917.126953125,14917.126953125,14917.126953125,3,15474.033203125,14917.1271484375,14350.2763671875,14344.3094921875,14195.1382421875,18850.276303710936,53.95484046987586,343.2491836674344,213.25005482074397,129.99912884669044,15917.765942921762,14350.2763671875,12782.786791453238,80.5128122747118,88.31908460318759,TTNP
2012-09-11,14917.126953125,15513.8125,14917.126953125,15116.0224609375,15116.0224609375,4,15354.6962890625,14996.68515625,14459.66865234375,14368.17689453125,14203.09404296875,18805.524921875,55.75428761548334,336.1492384951307,237.82989155562132,98.31934693950939,15916.362456151057,14459.66865234375,13002.974848536442,69.40170116360069,79.60113289673656,TTNP
2012-09-12,14917.126953125,15314.9169921875,14917.126953125,14917.126953125,14917.126953125,3,15235.3591796875,15036.46416015625,14529.281884765625,14392.044296875,14209.060888671875,18755.801162109376,53.502567439020766,310.8895345204455,252.44182014858615,58.44771437185938,15932.725459479158,14529.281884765625,13125.838310052093,62.17947648640803,70.69799664157348,TTNP
2012-09-13,14917.126953125,14917.126953125,13922.65234375,14320.4423828125,14320.4423828125,9,14917.1271484375,15076.2431640625,14569.060888671875,14403.9780078125,14215.027744140625,18701.105034179687,47.327342477950744,239.95749833848095,249.94495578656512,-9.987457448084172,15899.577870804713,14569.060888671875,13238.543906539036,52.77777095841736,61.45298286947534,TTNP
2012-09-14,13922.65234375,18895.02734375,13922.65234375,18895.02734375,18895.02734375,181,15633.14921875,15513.81220703125,14837.569140625,14507.40341796875,14262.762548828125,18667.292875976564,73.02917123658139,546.5735637597227,309.2706773811966,237.30288637852607,17075.115951712844,14837.569140625,12600.022329537158,63.88888206952848,59.615376504784614,TTNP
2012-09-17,20287.29296875,20883.978515625,18895.02734375,19889.501953125,19889.501953125,44,16627.62421875,16050.8287109375,15135.91162109375,14626.74041015625,14318.45314453125,18639.447563476562,75.79434437964265,859.9023751508976,419.3970169351368,440.5053582157608,18232.292293518018,15135.91162109375,12039.530948669482,73.2732669370966,63.31330665501414,TTNP
2012-09-18,19690.607421875,21082.873046875,19292.818359375,20685.08203125,20685.08203125,18,17741.4361328125,16548.0662109375,15483.977880859375,14758.01111328125,14380.110595703125,18615.580151367187,77.75887861835933,1159.0535313317214,567.3283198144537,591.7252115172677,19339.207446599452,15483.977880859375,11628.748315119297,93.64363276122674,76.93526058928393,TTNP
2012-09-19,20685.08203125,20883.978515625,19889.501953125,20685.08203125,20685.08203125,18,18895.0271484375,17065.1931640625,15832.044140625,14885.30390625,14441.768046875,18586.74036621094,77.75887861835933,1380.2226305465374,729.9071819608705,650.3154485856669,20210.264757616846,15832.044140625,11453.823523633151,91.79177636313466,86.23622535381931,TTNP
2012-09-20,20685.08203125,20883.978515625,20287.29296875,20287.29296875,20287.29296875,19,20088.397265625,17502.76220703125,16130.386669921874,14996.6851171875,14499.447607421875,18563.867436523436,74.26379019559151,1506.041770181544,885.1340996050052,620.9076705765389,20855.388591737457,16130.386669921874,11405.384748106291,92.59258350011207,92.67599754149114,TTNP
2012-09-21,20287.29296875,20486.1875,19690.607421875,20088.3984375,20088.3984375,16,20327.071484375,17980.1103515625,16428.729248046875,15096.13263671875,14559.116123046875,18540.000034179688,72.50888329001586,1571.5889195943673,1022.4250636028776,549.1638559914898,21357.795483308553,16428.729248046875,11499.663012785197,89.81481254169462,91.39972413498043,TTNP
2012-09-24,20088.3984375,20287.29296875,18696.1328125,18696.1328125,18696.1328125,16,20088.39765625,18358.0109375,16637.56904296875,15155.80115234375,14598.895126953124,18509.171303710937,61.54522956757329,1493.9697540962152,1116.7340017015451,377.23575239467004,21579.259611957074,16637.56904296875,11695.878473980427,80.55555782867559,87.65431795682741,TTNP
2012-09-25,18696.1328125,19690.607421875,18696.1328125,19491.712890625,19491.712890625,10,19849.723828125,18795.57998046875,16896.132568359375,15231.38126953125,14648.61888671875,18484.309428710938,64.81879679614086,1479.5967987091062,1189.3065611030574,290.2902376060488,21866.87673012829,16896.132568359375,11925.38840659046,76.85185412497188,82.407408165114,TTNP
2012-09-26,19491.712890625,19690.607421875,19292.818359375,19491.712890625,19491.712890625,15,19611.05,19253.03857421875,17144.7513671875,15310.93927734375,14698.342646484374,18461.43649902344,64.81879679614086,1451.4744342467347,1241.7401357317929,209.73429851494188,22112.510240024072,17144.7513671875,12176.992494350923,74.07407407407399,77.1604953425738,TTNP
2012-09-27,20088.3984375,20883.978515625,19889.501953125,20883.978515625,20883.978515625,37,19730.387109375,19909.3921875,17492.81767578125,15422.3205078125,14765.966962890625,18443.53595214844,70.00172192972165,1523.964148024119,1298.184938190258,225.77920983386093,22484.210979067313,17492.81767578125,12501.424372495187,84.25926153237928,78.39506324380837,TTNP
2012-09-28,20883.978515625,21082.873046875,20287.29296875,20486.1875,20486.1875,25,19809.944921875,20068.508203125,17791.160205078126,15533.70171875,14827.6244140625,18426.62987792969,66.96617271251533,1531.6583538907362,1344.8796213303535,186.77873256038265,22749.154664714646,17791.160205078126,12833.165745441607,88.8888888888888,82.407408165114,TTNP
2012-10-01,20883.978515625,20883.978515625,19889.501953125,20287.29296875,20287.29296875,9,20128.176953125,20108.2873046875,18079.5580078125,15649.06083984375,14887.292919921874,18409.72380371094,65.43821080445647,1504.365551391471,1376.776807342577,127.58874404889389,22912.174909300484,18079.5580078125,13246.941106324513,92.5925925925925,88.58024767128684,TTNP
2012-10-02,20287.29296875,20287.29296875,18298.341796875,18298.341796875,18298.341796875,43,19889.502734375,19869.61328125,18208.83974609375,15728.618828125,14925.08296875,18383.867446289063,52.530373079776524,1307.1757630570974,1362.856598485481,-55.680835428383716,22918.033690428118,18208.83974609375,13499.64580175938,80.55554873619514,87.34567673922545,TTNP
2012-10-03,18696.1328125,18696.1328125,18099.447265625,18497.23828125,18497.23828125,21,19690.6078125,19650.82890625,18358.01103515625,15816.13265625,14962.87302734375,18359.00557128906,53.51778098919574,1153.6521354739598,1321.015705883177,-167.36357040921712,22902.403148851055,18358.01103515625,13813.618921461446,71.29629402317609,81.48147845065455,TTNP
2012-10-04,18298.341796875,18497.23828125,17303.8671875,17701.658203125,17701.658203125,26,19054.14375,19392.2654296875,18447.513818359374,15879.77908203125,14990.71833984375,18333.149223632812,49.116773668147125,956.7579807310613,1248.1641608527539,-291.4061801216926,22864.371705169688,18447.513818359374,14030.65593154906,45.175444483934136,65.6757624144351,TTNP
2012-10-05,17502.76171875,18895.02734375,17303.8671875,18696.1328125,18696.1328125,12,18696.1328125,19253.0388671875,18616.574609375,15963.315,15028.5083984375,18309.281821289063,54.18815490765638,870.9242616007978,1172.7161810023626,-301.7919194015649,22793.18053929278,18616.574609375,14439.968679457215,37.08578313437765,51.185840547162606,TTNP
2012-10-08,18895.02734375,19491.712890625,18298.341796875,18895.02734375,18895.02734375,10,18417.6796875,19272.9283203125,18815.46962890625,16042.8730078125,15074.254248046875,18282.43099121094,55.150917066878606,809.6167888594136,1100.0963025737728,-290.4795137143592,22631.766888218794,18815.46962890625,14999.172369593702,29.824570470801024,37.36193269637092,TTNP
2012-10-09,18696.1328125,18895.02734375,17701.658203125,17701.658203125,17701.658203125,13,18298.34296875,19093.9228515625,18944.751416015624,16114.475234375,15102.099560546874,18253.591215820314,48.557183944691815,657.159928184723,1011.5090276959629,-354.34909951123996,22410.036823921484,18944.751416015624,15479.466008109765,29.824570470801024,32.244974691993214,TTNP
2012-10-10,17701.658203125,17900.552734375,17303.8671875,17502.76171875,17502.76171875,15,18099.44765625,18895.027734375,19074.033154296874,16186.077421875,15133.92275390625,18225.74591308594,47.53707151882971,514.358281572815,912.0788784713334,-397.72059689851835,22092.78504562915,19074.033154296874,16055.2812629646,19.298247427493468,26.315796123031816,TTNP
2012-10-11,17104.97265625,17701.658203125,17104.97265625,17303.8671875,17303.8671875,8,18019.889453125,18537.0166015625,19223.20439453125,16257.67962890625,15163.757001953125,18196.906137695314,46.48537294762819,380.7487863603783,805.8128600491424,-425.0640736887641,21488.425622407824,19223.20439453125,16957.983166654678,6.92982409670416,18.68421399833286,TTNP
2012-10-12,17303.8671875,17502.76171875,16906.078125,17303.8671875,17303.8671875,12,17741.436328125,18218.7845703125,19143.64638671875,16333.2597265625,15189.613349609375,18171.04978027344,46.48537294762819,271.72996491062804,698.9962810214395,-427.26631611081143,21556.350332983577,19143.64638671875,16730.94244045392,6.595639758485791,10.941237094227786,TTNP
2012-10-15,17303.8671875,17701.658203125,17104.97265625,17104.97265625,17104.97265625,8,17383.425390625,17900.5525390625,19004.419921875,16400.88404296875,15209.5028515625,18145.193432617187,45.32247437131138,167.35349017181215,592.667722851514,-425.31423267970183,21546.777549932624,19004.419921875,16462.062293817376,6.428556203304328,6.651340019498072,TTNP
2012-10-16,17104.97265625,17502.76171875,17104.97265625,17303.8671875,17303.8671875,13,17303.8671875,17801.105078125,18835.3591796875,16468.50833984375,15235.35919921875,18118.34260253906,46.75688552756243,99.53611798132624,494.04140187747646,-394.5052838961502,21357.799875927347,18835.3591796875,16312.918483447656,7.936489380423157,6.986895114071071,TTNP
2012-10-17,17303.8671875,17303.8671875,16309.392578125,16906.078125,16906.078125,17,17184.53046875,17641.9890625,18646.408984375,16524.19896484375,15259.226611328126,18088.508354492187,44.256229861221684,13.5360736100738,397.9403362239959,-384.4042626139221,21152.407490537593,18646.408984375,16140.410478212409,8.92856370460069,7.764536429442704,TTNP
2012-10-18,16707.181640625,16906.078125,15513.8125,15911.6025390625,15911.6025390625,10,16906.0775390625,17462.98349609375,18427.624462890624,16552.04427734375,15281.105068359375,18056.68515625,38.68583180893091,-133.32852155455475,291.68656466828577,-425.0150862228405,21082.034953781902,18427.624462890624,15773.213971999345,9.810401406479507,8.891818163834431,TTNP
2012-10-19,15911.6025390625,16110.4970703125,14917.126953125,15911.6025390625,15911.6025390625,6,16627.624609375,17184.53046875,18218.78466796875,16583.86748046875,15302.983525390626,18021.878530273436,38.685831808930914,-246.87396196496775,183.97445934163505,-430.8484213066028,20973.031940758625,18218.78466796875,15464.537395178875,12.808647630045412,10.515870913708516,TTNP
2012-10-22,15513.8125,15911.6025390625,14917.126953125,15314.9169921875,15314.9169921875,3,16269.6134765625,16826.51943359375,18049.723876953125,16631.60228515625,15316.906171875,17983.09400390625,35.570379719729075,-380.6195334108452,71.05566079113899,-451.67519420198414,21068.410525299903,18049.723876953125,15031.037228606347,11.540527968951329,11.386525668492062,TTNP
2012-10-23,15314.9169921875,15513.8125,14917.126953125,15314.9169921875,15314.9169921875,1,15871.8234375,16587.8453125,17840.88408203125,16679.33708984375,15332.8177734375,17948.287377929686,35.570379719729075,-481.06840524552535,-39.369152416193884,-441.6992528293315,21006.003371634266,17840.88408203125,14675.764792428236,11.96994280624061,12.106372801745763,TTNP
2012-10-24,15314.9169921875,15911.6025390625,15314.9169921875,15712.70703125,15712.70703125,3,15633.14921875,16408.83984375,17651.9337890625,16723.093984375,15350.7183203125,17913.480747070313,39.34696607258924,-522.5528640483899,-136.0058947426331,-386.54696930575676,20851.301167999023,17651.9337890625,14452.566410125975,11.5942016610109,11.701557478734259,TTNP
2012-10-25,15513.8125,15911.6025390625,15513.8125,15513.8125,15513.8125,1,15553.5912109375,16229.834375,17383.42548828125,16762.87298828125,15368.618876953125,17875.690698242186,38.14308581064566,-564.9661449304222,-221.7979447801909,-343.16820015023126,20345.292247860045,17383.42548828125,14421.558728702454,13.043480426564019,12.20254163127182,TTNP
2012-10-26,15712.70703125,15712.70703125,15116.0224609375,15314.9169921875,15314.9169921875,6,15434.2541015625,16030.93935546875,17124.861962890624,16798.67408203125,15386.519423828126,17839.88958984375,36.92635284659588,-607.6238710887937,-298.9631300419115,-308.66074104688226,19851.683074415465,17124.861962890624,14398.040851365784,13.478263344644605,12.705315144073152,TTNP
2012-10-31,15116.0224609375,17701.658203125,15116.0224609375,15911.6025390625,15911.6025390625,20,15553.5912109375,15911.60234375,16906.07744140625,16838.4530859375,15408.397880859375,17804.088491210936,42.81931965457635,-586.5218309084394,-356.47487021521704,-230.04696069322233,19259.435131905087,16906.07744140625,14552.719750907414,18.7922772622418,15.104673677816786,TTNP
2012-11-01,15911.6025390625,17104.97265625,15911.6025390625,17104.97265625,17104.97265625,2,15911.60234375,15891.712890625,16846.408984375,16906.07740234375,15450.16583984375,17775.24871582031,52.39836527804448,-468.1072677902612,-378.80134973022587,-89.30591806003531,19114.510166987428,16846.408984375,14578.307801762574,40.63492093181844,24.301820512901596,TTNP
2012-11-02,17104.97265625,17104.97265625,15911.6025390625,16707.181640625,16707.181640625,10,16110.497265625,15871.8232421875,16756.90615234375,16965.7458984375,15487.955888671875,17744.419985351564,49.426060015691235,-401.7303860490629,-383.38715699399324,-18.343229055069628,18894.912074685224,16756.90615234375,14618.900230002275,58.73014566668181,39.385781286913996,TTNP
2012-11-05,16707.181640625,16707.181640625,16110.4970703125,16110.4970703125,16110.4970703125,3,16229.8341796875,15891.7126953125,16677.348095703124,17001.5469921875,15513.812236328125,17710.60783203125,45.27719148474203,-392.74635170639885,-385.2589959364744,-7.487355769924477,18787.042158650827,16677.348095703124,14567.654032755421,61.90474019415288,53.75660226421769,TTNP
2012-11-06,16110.4970703125,16309.392578125,15911.6025390625,16110.4970703125,16110.4970703125,2,16388.9501953125,15911.6021484375,16548.06630859375,17041.32599609375,15545.635439453124,17675.801206054686,45.27719148474203,-381.2318364612165,-384.4535640414228,3.2217275802062773,18454.140700575048,16548.06630859375,14641.991916612447,49.99997661934413,56.87828749339292,TTNP
2012-11-07,16110.4970703125,16110.4970703125,15712.70703125,15712.70703125,15712.70703125,4,16349.17109375,15951.38115234375,16388.95029296875,17065.1933984375,15573.4807421875,17642.98353027344,42.51774266718887,-399.59850898395416,-387.4825530299291,-12.115955954025083,17991.999813848695,16388.95029296875,14785.900772088806,38.09522473486328,49.999980516120075,TTNP
2012-11-08,15712.70703125,16110.4970703125,15116.0224609375,16110.4970703125,16110.4970703125,13,16150.2759765625,16030.93916015625,16309.392236328125,17100.9944921875,15603.314990234376,17613.14927734375,46.05815116247525,-377.7019842377067,-385.5264392714846,7.824455033777895,17797.786222089962,16309.392236328125,14820.998250566288,38.09522473486328,42.06347536302354,TTNP
2012-11-09,15911.6025390625,15911.6025390625,15314.9169921875,15911.6025390625,15911.6025390625,3,15991.16015625,16050.8287109375,16229.83427734375,17128.8398046875,15633.149248046875,17585.303979492186,44.57968899605414,-372.1085216531792,-382.84285574782353,10.734334094644339,17621.531071130317,16229.83427734375,14838.137483557184,35.71427903409826,37.30157616794159,TTNP
2012-11-12,15513.8125,15712.70703125,14519.3369140625,15116.0224609375,15116.0224609375,6,15792.265234375,16011.04970703125,16120.442041015625,17152.70720703125,15653.03875,17554.47525390625,39.164188633576885,-426.95070367637527,-391.66442533353387,-35.2862783428414,17501.151762287263,16120.442041015625,14739.732319743987,32.44047604695658,35.416659938639356,TTNP
2012-11-13,15116.0224609375,15314.9169921875,14320.4423828125,15314.9169921875,15314.9169921875,5,15633.14921875,16011.04970703125,16020.99453125,17168.61880859375,15670.939296875,17526.629946289064,41.090860946296,-449.1864597067852,-403.16883220818414,-46.01762749860103,17331.137733732572,16020.99453125,14710.851328767429,27.958682110560904,32.03781239720523,TTNP
2012-11-14,15712.70703125,15911.6025390625,14917.126953125,15911.6025390625,15911.6025390625,12,15672.9283203125,16011.04970703125,15961.326025390625,17196.46412109375,15690.828798828124,17487.845419921876,46.55889648835084,-413.8898550259746,-405.31303677174225,-8.576818254232364,17173.607137649888,15961.326025390625,14749.044913131364,31.740190780301763,30.7131163126064,TTNP
2012-11-15,15712.70703125,18497.23828125,15712.70703125,17900.552734375,17900.552734375,22,16030.939453125,16090.60771484375,15991.160302734375,17240.22103515625,15730.607802734376,17438.12166015625,59.915319214214776,-222.85643287191124,-368.82171599177605,145.9652831198648,17354.135669385636,15991.160302734375,14628.184936083117,54.0616128150617,37.92016190197477,TTNP
2012-11-16,17900.552734375,18895.02734375,17900.552734375,18497.23828125,18497.23828125,12,16548.0666015625,16269.61337890625,16070.718310546876,17299.88955078125,15774.364716796876,17403.315029296875,62.910174374541896,-23.047851286850346,-299.6669430507909,276.61909176394056,17779.827548205492,16070.718310546876,14361.60907288826,74.69248689104928,53.49809682880423,TTNP
2012-11-19,18895.02734375,19292.818359375,16110.4970703125,17900.552734375,17900.552734375,6,17104.97265625,16448.6189453125,16170.1658203125,17339.6685546875,15816.13267578125,17375.4697265625,58.22534130764176,86.16114024744456,-222.5013263911438,308.6624666385884,18053.27240132004,16170.1658203125,14287.059239304963,83.00621228972898,70.58677066527997,TTNP
2012-11-20,17900.552734375,18099.447265625,17502.76171875,17502.76171875,17502.76171875,3,17542.5416015625,16587.84541015625,16249.723779296875,17383.42544921875,15853.922724609374,17328.72939453125,55.27032821034984,139.00923048517143,-150.19921501588075,289.2084455010522,18215.064434681408,16249.723779296875,14284.383123912343,75.76811175023565,77.82227031033796,TTNP
2012-11-21,18895.02734375,18895.02734375,17701.658203125,17900.552734375,17900.552734375,2,17940.331640625,16806.62998046875,16379.00556640625,17443.09396484375,15893.701728515625,17280.0001171875,57.588348508074624,210.5628952456682,-78.04679296357095,288.60968820923915,18420.079614973383,16379.00556640625,14337.931517839113,69.33331997829929,76.0358813394213,TTNP
2012-11-23,18895.02734375,18895.02734375,17701.658203125,18895.02734375,18895.02734375,5,18139.2265625,17085.0830078125,16558.011083984376,17518.6740625,15943.425478515624,17237.237685546876,62.78121468708273,343.55518952103375,6.273603533349998,337.28158598768374,18811.325884117203,16558.011083984376,14304.69628385155,75.99998271701479,73.7004714818499,TTNP
2012-11-26,18298.341796875,20486.1875,18298.341796875,19690.607421875,19690.607421875,19,18377.900390625,17462.98349609375,16756.906103515626,17614.143671875,16003.093984375,17198.453154296876,66.33266372652488,507.30135007699573,106.47915284207915,400.8221972349166,19352.848099832074,16756.906103515626,14160.96410719918,83.6989157490769,76.344072814797,TTNP
2012-11-27,20287.29296875,20287.29296875,16707.181640625,19292.818359375,19292.818359375,5,18656.353515625,17880.6630859375,16945.856396484374,17713.59119140625,16058.784599609375,17158.674150390623,63.09102510867937,598.0788287168252,204.79908801702837,393.2797406997969,19697.804769519607,16945.856396484374,14193.90802344914,86.58064330454046,82.09318059021071,TTNP
2012-11-28,19889.501953125,20287.29296875,18298.341796875,19690.607421875,19690.607421875,10,19093.92265625,18318.23212890625,17164.64091796875,17729.50279296875,16118.45310546875,17123.86751953125,64.93637472784118,694.117532594566,302.6627769325359,391.4547556620301,20055.40070575211,17164.64091796875,14273.881130185393,84.94624064649854,85.0752665667053,TTNP
2012-11-29,20287.29296875,20883.978515625,19491.712890625,20486.1875,20486.1875,11,19611.049609375,18775.690625,17393.370166015626,17741.43650390625,16184.08845703125,17092.04431640625,68.34518054497197,824.9164375048204,407.1135090469928,417.80292845782753,20561.924596435787,17393.370166015626,14224.815735595466,87.22710942648148,86.25133112584017,TTNP
2012-11-30,20486.1875,20883.978515625,20287.29296875,20883.978515625,20883.978515625,12,20008.83984375,19074.033203125,17582.320458984374,17745.41443359375,16251.7127734375,17065.193486328124,69.91982172771856,949.7260715156481,515.6360215407238,434.0900499749242,21091.90206239927,17582.320458984374,14072.738855569478,93.67871756112196,88.617355878034,TTNP
2012-12-03,20486.1875,21480.662109375,19491.712890625,20883.978515625,20883.978515625,16,20247.5140625,19312.7072265625,17791.160302734374,17749.39236328125,16317.348134765625,17041.326083984375,69.91982172771856,1036.6883081735286,619.8464788672848,416.8418293062439,21555.429462079144,17791.160302734374,14026.891143389603,95.20202183328247,92.03594960696198,TTNP
2012-12-04,20088.3984375,21480.662109375,20088.3984375,20883.978515625,20883.978515625,7,20565.74609375,19611.0498046875,18029.834375,17761.32607421875,16379.005595703125,17017.458681640626,69.91982172771856,1093.007002897808,714.4785836733894,378.5284192244186,21940.082471008915,18029.834375,14119.586278991083,94.19193284629625,94.3575574135669,TTNP
2012-12-05,21082.873046875,21281.767578125,20088.3984375,20685.08203125,20685.08203125,9,20764.641015625,19929.2818359375,18258.563623046874,17773.25974609375,16434.69619140625,16992.596796875,67.81322055404257,1108.8090298923526,793.344672917182,315.4643569751705,22227.7031748974,18258.563623046874,14289.424071196347,89.59423130765656,92.9960619957451,TTNP
2012-12-06,20088.3984375,20685.08203125,20088.3984375,20088.3984375,20088.3984375,7,20685.083203125,20148.06640625,18477.348193359376,17801.10505859375,16478.45310546875,16965.745966796876,61.797917362276046,1060.9548437924423,846.866707092234,214.08813670020822,22342.05826808354,18477.348193359376,14612.638118635212,83.73003564299579,89.17206659898288,TTNP
2012-12-07,20088.3984375,20685.08203125,20088.3984375,20685.08203125,20685.08203125,3,20645.30390625,20327.071875,18706.07744140625,17824.97244140625,16528.17685546875,16944.861982421877,65.12904782182761,1058.9702855940232,889.2874227925919,169.68286280143127,22524.602886926536,18706.07744140625,14887.551995885964,81.82205940547982,85.04877545204407,TTNP
2012-12-10,20287.29296875,20486.1875,19889.501953125,20287.29296875,20287.29296875,6,20525.966796875,20386.7404296875,18924.861962890624,17840.88404296875,16575.91166015625,16922.983525390624,61.291961692548846,1013.6149340357842,914.1529250412303,99.46200899455391,22575.601671982287,18924.861962890624,15274.12225379896,78.08643443014653,81.21284315954072,TTNP
2012-12-11,20685.08203125,20685.08203125,19889.501953125,20287.29296875,20287.29296875,4,20406.6296875,20486.187890625,19183.42548828125,17828.95033203125,16625.635419921877,16896.1326953125,61.291961692548846,966.5289470994321,924.6281294528707,41.90081764656145,22428.463549029773,19183.42548828125,15938.387427532725,78.39507491810421,79.4345229179102,TTNP
2012-12-12,19889.501953125,20287.29296875,19889.501953125,20088.3984375,20088.3984375,3,20287.29296875,20525.9669921875,19422.099560546874,17820.99455078125,16677.348134765623,16868.287392578124,59.26716986554118,902.7574112849215,920.2539858192808,-17.496574534359297,22155.80297816785,19422.099560546874,16688.3961429259,73.61113497887217,76.69754810904098,TTNP
2012-12-13,20088.3984375,20685.08203125,20088.3984375,20685.08203125,20685.08203125,6,20406.6296875,20545.8564453125,19660.77353515625,17828.95033203125,16739.0055859375,16847.403408203125,63.1953017228925,890.1048147916736,914.2241516137594,-24.11933682208587,21918.998587621005,19660.77353515625,17402.548482691498,76.38890593728962,76.13170527808869,TTNP
2012-12-14,20883.978515625,22674.033203125,20883.978515625,22077.34765625,22077.34765625,11,20685.0828125,20665.193359375,19869.61328125,17904.53044921875,16816.574638671875,16831.491806640624,70.37441882493137,981.1120917295375,927.601739636915,53.5103520926225,22209.14632705918,19869.61328125,17530.08023544082,81.38889693573434,77.12964595063205,TTNP
2012-12-17,22872.927734375,25060.7734375,22077.34765625,24464.087890625,24464.087890625,63,21520.441796875,21023.204296875,20167.95576171875,18023.86744140625,16920.000048828126,16826.519423828126,78.2182505866036,1231.628557124106,988.4071031343532,243.22145398975283,23161.70569932834,20167.95576171875,17174.205824109158,88.16993047623032,81.98257778308478,TTNP
2012-12-18,24662.984375,25259.66796875,20883.978515625,21082.873046875,21082.873046875,40,21679.5578125,21043.09375,20327.07177734375,18091.49173828125,16985.63541015625,16802.652021484377,55.71350275070029,1144.139947807893,1019.5536720690611,124.58627573883177,23155.579951855187,20327.07177734375,17498.563602832313,69.58755577573196,79.71546106256555,TTNP
2012-12-19,22276.2421875,22276.2421875,19292.818359375,20883.978515625,20883.978515625,10,21838.673828125,21062.9833984375,20496.1326171875,18135.24865234375,17049.281826171875,16779.779091796874,54.71622317792081,1046.6898787817117,1024.9809134115912,21.708965370120495,23016.6118939555,20496.1326171875,17975.6533404195,48.4764483016129,68.74464485119172,TTNP
2012-12-20,21480.662109375,22276.2421875,20088.3984375,21082.873046875,21082.873046875,9,21918.23203125,21162.430859375,20655.2486328125,18179.00556640625,17110.939287109373,16763.867490234374,55.57265249972184,974.2782502280752,1014.840380774888,-40.562130546812796,22885.268820985046,20655.2486328125,18425.228444639957,28.0842923298675,48.716098802404126,TTNP
2012-12-21,20883.978515625,22276.2421875,20685.08203125,22077.34765625,22077.34765625,4,21918.23203125,21301.657421875,20814.3646484375,18266.51935546875,17190.497294921875,16750.939306640626,59.678828574198796,985.7739146421409,1009.0270875483386,-23.253172906197733,22972.260786610652,20814.3646484375,18656.468510264345,34.444441898549435,37.00172751000995,TTNP
2012-12-24,22077.34765625,23867.40234375,21878.453125,23668.5078125,23668.5078125,5,21759.116015625,21639.77890625,21013.25966796875,18389.83427734375,17287.955849609374,16744.972451171874,65.21801988666611,1110.4767534749044,1029.3170207336518,81.15973274125258,23437.087097326676,21013.25966796875,18589.43223861082,49.99999454451078,37.50957625764258,TTNP
2012-12-26,23668.5078125,24861.87890625,22872.927734375,23071.822265625,23071.822265625,8,22156.905859375,21918.2318359375,21202.20986328125,18505.19337890625,17381.43650390625,16736.02216796875,61.789967145925914,1147.9245550492924,1053.0385275967799,94.88602745251251,23649.184124793625,21202.20986328125,18755.235601768873,61.11110201862912,48.518512820563124,TTNP
2012-12-27,23469.61328125,24662.984375,22475.138671875,22872.927734375,22872.927734375,5,22554.695703125,22196.684765625,21361.32587890625,18616.57458984375,17474.917158203127,16729.06083984375,60.645662560367256,1148.316009003025,1072.094023878029,76.22198512499608,23808.300064216728,21361.32587890625,18914.35169359577,65.55554719047211,58.88888125120402,TTNP
2012-12-28,22872.927734375,23270.71875,21480.662109375,22077.34765625,22077.34765625,7,22753.590625,22335.911328125,21440.88388671875,18716.02208984375,17558.45306640625,16715.13818359375,56.16506745914833,1072.071403914033,1072.0894998852298,-0.018095971196771643,23872.288574923972,21440.88388671875,19009.47919851353,56.66665684678611,61.11110201862913,TTNP
2012-12-31,22872.927734375,22872.927734375,20287.29296875,21878.453125,21878.453125,10,22713.81171875,22316.021875,21490.6076171875,18807.51380859375,17638.01107421875,16701.21552734375,55.069669195639335,984.2520338566865,1054.5220066795212,-70.26997282283469,23915.08768712561,21490.6076171875,19066.127547249387,49.99999454451076,57.40739952725635,TTNP
2013-01-02,22872.927734375,25259.66796875,22674.033203125,25060.7734375,25060.7734375,87,22992.26484375,22375.6904296875,21699.44736328125,18970.60771484375,17747.40333984375,16702.21,66.37091939013557,1158.09144653134,1075.2358946498848,82.85555188145509,24559.38870443948,21699.44736328125,18839.506022123023,62.22222149482358,56.29629096204017,TTNP
2013-01-03,25060.7734375,28640.884765625,24861.87890625,27447.513671875,27447.513671875,43,23867.403125,23012.1544921875,22027.62412109375,19201.3259375,17876.685107421876,16715.138173828123,72.04931097814526,1471.4880256250835,1154.4863208449246,317.0017047801589,25799.032333776526,22027.62412109375,18256.215908410977,75.74467977330279,62.65563193754573,TTNP
2013-01-04,28044.19921875,28640.884765625,26651.93359375,26850.828125,26850.828125,31,24662.983203125,23608.839453125,22335.91142578125,19420.11044921875,18001.98896484375,16720.110546875,68.91633154789764,1652.6587146159072,1254.1207995991213,398.537915016786,26594.494661767632,22335.91142578125,18077.32818979487,88.25058541255181,75.40582889355942,TTNP
2013-01-07,27845.3046875,28441.98828125,26850.828125,28243.09375,28243.09375,16,25896.132421875,24324.8615234375,22743.64619140625,19678.673984375,18155.138134765624,16737.01662109375,71.97819032767453,1886.831769071785,1380.662993493654,506.16877557813086,27585.054901403935,22743.64619140625,17902.237481408563,87.9432508533195,83.97950534639138,TTNP
2013-01-08,28243.09375,33215.46875,28044.19921875,32817.6796875,32817.6796875,65,28083.977734375,25398.8947265625,23350.27607421875,20028.72923828125,18354.0331640625,16776.795625,79.22081242136615,2413.7225643683087,1587.274907668585,826.4476566997237,29785.87487574025,23350.27607421875,16914.67727269725,91.24619458109596,89.14667694898911,TTNP
2013-01-09,33016.57421875,35204.41796875,32618.78515625,33215.46875,33215.46875,63,29714.916796875,26353.5908203125,23996.68486328125,20378.78447265625,18550.939228515625,16823.53595703125,79.71186445546013,2830.754393995292,1835.9708049339265,994.7835890613655,31568.579398271533,23996.68486328125,16424.79032829097,93.46251306212473,90.88398616551342,TTNP
2013-01-10,33613.2578125,34011.05078125,32419.888671875,33613.2578125,33613.2578125,16,30948.065625,27407.734375,24662.98310546875,20740.77337890625,18751.82318359375,16874.2541796875,80.21537826426113,3156.9618849395592,2100.169020935053,1056.792864004506,33107.00767145232,24662.98310546875,16218.95853948518,91.37218380338392,92.02696381553488,TTNP
2013-01-11,33812.15625,34806.62890625,32817.6796875,34408.83984375,34408.83984375,15,32459.66796875,28561.3255859375,25379.00517578125,21122.6518359375,18960.662958984376,16929.94478515625,81.21929556181313,3440.026014127354,2368.140419573513,1071.8855945538407,34547.5263316696,25379.00517578125,16210.484019892903,90.54678889653785,91.79382858734886,TTNP
2013-01-14,34408.83984375,37790.0546875,33812.15625,37591.16015625,37591.16015625,32,34329.28125,30112.7068359375,26224.30908203125,21556.24298828125,19197.348037109376,16999.558046875,84.58806292874799,3876.457638686141,2669.8038633960387,1206.6537752901022,36550.21767964779,26224.30908203125,15898.400484414713,94.33466707997314,92.08454659329833,TTNP
2013-01-15,38784.53125,38784.53125,36000.0,36596.68359375,36596.68359375,32,35085.08203125,31584.5298828125,26950.27587890625,21946.07720703125,19426.0773046875,17063.204453125,79.77249342928182,4094.8836285691104,2954.819816430653,1140.0638121384573,38022.49561997707,26950.27587890625,15878.056137835432,93.90078304605514,92.92741300752208,TTNP
2013-01-16,36795.58203125,37193.37109375,34011.05078125,37193.37109375,37193.37109375,18,35880.6625,32797.7896484375,27586.7400390625,22355.80099609375,19660.773447265627,17130.82876953125,80.49017057869322,4266.9487644766305,3217.2456060398486,1049.703158436782,39449.3568355101,27586.7400390625,15724.123242614898,92.81117334854815,93.68220782485884,TTNP
2013-01-17,36994.4765625,36994.4765625,35204.41796875,36198.89453125,36198.89453125,14,36397.78984375,33672.927734375,28342.54111328125,22757.5689453125,19879.55796875,17198.453076171874,75.67124788395161,4273.799971219254,3428.55647907573,845.2434921435242,40376.26539270728,28342.54111328125,16308.816833855224,88.5304598187834,91.74747207112893,TTNP
2013-01-18,35801.10546875,36397.7890625,35005.5234375,35801.10546875,35801.10546875,14,36676.24296875,34567.95546875,29088.3974609375,23151.38111328125,20096.3535546875,17265.08291015625,73.76875716377559,4198.73099178719,3582.591381618022,616.139610169168,41029.306911737054,29088.3974609375,17147.488010137946,87.09677169571829,89.4794682876833,TTNP
2013-01-22,36000.0,37790.0546875,36000.0,37790.0546875,37790.0546875,17,36716.021875,35522.6515625,29923.75654296875,23592.92806640625,20329.060732421876,17342.65197265625,76.89646150267941,4250.730093821472,3716.2191240587117,534.5109697627604,41845.17016708872,29923.75654296875,18002.34291884878,87.90653896872487,87.84459016107554,TTNP
2013-01-23,37392.265625,37790.0546875,36795.58203125,37790.0546875,37790.0546875,11,36954.69609375,36019.8890625,30709.39189453125,24026.51921875,20563.75685546875,17421.2155078125,76.89646150267943,4243.028762437258,3821.5810517344207,421.44771070283696,42529.447477779126,30709.39189453125,18889.336311283376,90.18508372631776,88.396131463587,TTNP
2013-01-24,37988.94921875,38983.42578125,37790.0546875,38784.53125,38784.53125,19,37272.928125,36576.7953125,31465.19306640625,24483.97779296875,20806.408798828124,17505.7458984375,78.39059646509551,4267.9728153420765,3910.859404455952,357.1134108861247,43320.80514407507,31465.19306640625,19609.580988737423,95.02379522034074,91.03847263846114,TTNP
2013-01-25,38187.84375,38983.42578125,37591.16015625,38187.84375,38187.84375,22,37670.71796875,37034.25390625,32220.994140625,24945.41421875,21049.060712890627,17587.2928515625,75.24623008082034,4191.279007044235,3966.9433249736085,224.33568207062672,43763.07664093009,32220.994140625,20678.911640319908,94.8956137809276,93.36816424252872,TTNP
2013-01-28,37988.94921875,38386.7421875,36795.58203125,37790.0546875,37790.0546875,10,38068.5078125,37372.375390625,32966.85048828125,25394.91697265625,21281.767890625,17708.61881347656,73.13995803581484,4051.694941345999,3983.8936482480867,67.8012930979121,43908.51762114143,32966.85048828125,22025.183355421068,93.64020305220227,94.51987068449021,TTNP
2013-01-29,37591.16015625,37790.0546875,35602.2109375,36397.7890625,36397.7890625,15,37790.0546875,37253.03828125,33682.87255859375,25804.640703125,21500.552412109377,17820.99449707031,66.15961692922471,3785.097119886166,3944.1343425757027,-159.03722268953652,43496.50301525266,33682.87255859375,23869.24210193484,81.04651845837158,89.86077843050049,TTNP
2013-01-30,36198.89453125,37193.37109375,35403.31640625,36596.68359375,36596.68359375,11,37551.38046875,37253.03828125,34418.78408203125,26178.5633203125,21709.392177734375,17929.392280273438,66.64929691924786,3548.9554033448585,3865.098554729534,-316.14315138467555,42663.192791904235,34418.78408203125,26174.37537215826,71.11109657516819,81.93260602858068,TTNP
2013-01-31,36596.68359375,41767.95703125,36596.68359375,41767.95703125,41767.95703125,67,38148.065625,37710.496875,35254.14326171875,26643.9776953125,21971.933623046876,18063.646430664063,76.26570313957338,3736.023387925379,3839.283521368703,-103.26013344332387,42900.486904398545,35254.14326171875,27607.79961903896,74.74746302494053,75.63502601949345,TTNP
2013-02-01,43359.1171875,47734.8046875,41966.8515625,45149.171875,45149.171875,70,39540.33125,38605.524609375,36139.226171875,27188.950078125,22264.30931640625,18218.784555664064,80.27129222362427,4109.737398845442,3893.374296864051,216.36310198139108,44059.24569277736,36139.226171875,28219.206650972643,81.6883090169744,75.84895620569439,TTNP
2013-02-04,45348.06640625,49325.96875,45149.171875,49325.96875,49325.96875,45,41847.5140625,39958.0109375,37262.983203125,27825.41421875,22604.419833984375,18396.795615234376,83.88855316593104,4688.890435619331,4052.4775246151066,636.412911004224,45934.69341848903,37262.983203125,28591.272987760964,93.80952835205369,83.4151001313229,TTNP
2013-02-05,50320.44140625,50320.44140625,42563.53515625,44154.6953125,44154.6953125,74,43398.8953125,40594.475,38058.56328125,28350.4970703125,22896.795517578124,18545.966879882813,67.40922923235021,4676.684928839677,4177.319005460021,499.3659233796561,46176.08910053712,38058.56328125,29941.03746196287,81.20790058328679,85.56857931743832,TTNP
2013-02-06,44154.6953125,44154.6953125,41171.26953125,42961.32421875,42961.32421875,41,44671.8234375,41111.601953125,38565.7455078125,28831.8230078125,23175.24853515625,18689.1712890625,64.27148378600046,4518.628961019844,4245.580996571985,273.04796444785825,46576.94585335602,38565.7455078125,30554.54516226898,71.38105455767177,82.13282783100411,TTNP
2013-02-07,43756.90625,44552.484375,41767.95703125,43160.22265625,43160.22265625,13,44950.2765625,41549.17109375,39062.983203125,29301.2153125,23457.6794921875,18833.370190429687,64.56751702335355,4359.1681326878315,4268.298423795155,90.8697088926765,46917.096867335815,39062.983203125,31208.869538914176,55.7966447149063,69.46186661862164,TTNP
2013-02-08,43359.1171875,43359.1171875,41171.26953125,42364.640625,42364.640625,18,44393.3703125,41966.85078125,39500.55234375,29762.6517578125,23738.121474609376,18976.574609375,62.34242754125242,4121.092072297361,4238.857153495596,-117.76508119823575,47061.07622894953,39500.55234375,31940.028458550474,50.62049296013902,59.26606407757239,TTNP
2013-02-11,42165.74609375,42165.74609375,38784.53125,39182.3203125,39182.3203125,60,42364.640625,42106.07734375,39739.2263671875,30152.486015625,23940.994404296875,19101.8784765625,54.28402358485657,3633.740922307137,4117.833907257905,-484.09298495076746,46934.28073455889,39739.2263671875,32544.17199981611,41.74891930075239,49.38868565859926,TTNP
2013-02-12,39182.3203125,41370.1640625,39182.3203125,40773.48046875,40773.48046875,24,41688.39765625,42543.646484375,39898.3423828125,30558.231875,24149.834189453126,19234.143666992186,57.258879373571915,3337.4331001944884,3961.7537458452216,-624.3206456507332,47036.87404861888,39898.3423828125,32759.81071700612,35.99999371527684,42.789801992056105,TTNP
2013-02-13,41569.0625,41569.0625,39580.109375,39779.00390625,39779.00390625,14,41051.93359375,42861.878515625,40057.4583984375,30936.1323828125,24340.773408203124,19360.442001953124,54.856236266014434,2987.9182077963196,3766.986638235441,-779.0684304391216,47034.56531323585,40057.4583984375,33080.35148363915,30.22221209683494,35.99037503762141,TTNP
2013-02-14,39779.00390625,40176.796875,39182.3203125,39779.00390625,39779.00390625,28,40375.68984375,42662.983203125,40186.7400390625,31314.032890625,24531.712626953125,19486.740336914063,54.856236266014434,2680.0314036918135,3549.5955913267157,-869.5641876349023,47041.52479813308,40186.7400390625,33331.95527999191,31.555542287806727,32.59258269997286,TTNP
2013-02-15,39779.00390625,40972.375,38983.42578125,39779.00390625,39779.00390625,18,39858.5625,42125.96640625,40365.7455078125,31691.9333984375,24726.629736328126,19613.038671875,54.85623626601443,2408.26788020604,3321.3300491025807,-913.0621688965407,46977.293711809805,40365.7455078125,33754.19730381519,29.333316574071674,30.370356986237805,TTNP
2013-02-19,39779.00390625,39779.00390625,38386.7421875,38784.53125,38784.53125,19,39779.0046875,41071.82265625,40514.916796875,32053.9223828125,24913.591064453125,19736.35359375,52.12448865185155,2088.5719404498814,3074.778427372041,-986.2064869221595,46836.02598185494,40514.916796875,34193.807611895056,27.111099589118698,29.333319483665722,TTNP
2013-02-20,38784.53125,38784.53125,36795.58203125,38187.84375,38187.84375,21,39261.87734375,40475.1375,40534.80625,32415.9112890625,25108.508173828126,19853.701650390623,50.49953593048918,1766.6975210916353,2813.1622461159595,-1046.4647250243243,46823.91732050359,40534.80625,34245.69517949641,21.198061284765114,25.880825815985187,TTNP
2013-02-21,37591.16015625,38386.7421875,35801.10546875,36795.58203125,36795.58203125,19,38665.19296875,39858.56328125,40485.0826171875,32738.1212890625,25281.546865234373,19965.08287597656,46.83101408410364,1383.319790228721,2527.193754938512,-1143.873964709791,46875.12609295032,40485.0826171875,34095.039141424684,13.703397555991435,20.67085280995844,TTNP
2013-02-22,36795.58203125,36795.58203125,36000.0,36198.89453125,36198.89453125,10,37949.17109375,39162.43046875,40355.80078125,33056.3533203125,25448.618681640626,20073.4806640625,45.311776982348235,1019.58929123095,2225.6728621969996,-1206.0835709660496,46978.61794019708,40355.80078125,33732.98362230292,7.061082147450104,13.987513662735575,TTNP
2013-02-25,36596.68359375,38585.63671875,35801.10546875,37591.16015625,37591.16015625,14,37511.60234375,38685.082421875,40325.9666015625,33402.4306640625,25615.690498046875,20190.82873046875,49.43381531614531,834.0599268739461,1947.350275132389,-1113.290348258443,46992.80894460206,40325.9666015625,33659.124258522934,7.305936318755898,9.356805340732503,TTNP
2013-02-26,38585.63671875,41370.1640625,38386.7421875,39779.00390625,39779.00390625,46,37710.496875,38744.75078125,40425.4140625,33796.2427734375,25808.618662109377,20318.121538085936,55.15412570784169,853.7260524988087,1728.625430605673,-874.8993781068643,46996.6309534443,40425.4140625,33854.1971715557,20.174338949885385,11.513785805363819,TTNP
2013-02-27,40176.796875,40773.48046875,38983.42578125,39381.21484375,39381.21484375,65,37949.17109375,38605.52421875,40574.5853515625,34170.1654296875,25999.557880859375,20443.425400390624,53.95891672364518,827.6724530311258,1548.4348350907635,-720.7623820596377,46904.32475437148,40574.5853515625,34244.845948753515,32.89746211208573,20.12591246024236,TTNP
2013-02-28,39779.00390625,39779.00390625,37790.0546875,38784.53125,38784.53125,37,38346.9609375,38506.076953125,40683.977734375,34504.3091015625,26204.419775390626,20564.751372070314,52.13391967981157,750.2292328295953,1388.7937146385298,-638.5644818089345,46807.2001206798,40683.977734375,34560.755348070204,41.945769243982994,31.67252343531806,TTNP
2013-03-01,38784.53125,38983.42578125,38187.84375,38585.63671875,38585.63671875,26,38824.309375,38386.740234375,40524.86171875,34786.740078125,26405.303759765626,20684.088393554688,51.50854306450259,665.1384939072595,1244.0626704922756,-578.9241765850161,46692.372200848265,40524.86171875,34357.35123665173,41.37759659812352,38.74027598473077,TTNP
2013-03-04,38784.53125,38784.53125,37591.16015625,37790.0546875,37790.0546875,24,38864.08828125,38187.8453125,40156.905859375,35120.8837109375,26606.187724609375,20798.453032226564,48.977693144577444,527.4268014449481,1100.7354966828102,-573.3086952378621,46048.9008105264,40156.905859375,34264.9109082236,39.2354779489092,40.852947930338594,TTNP
2013-03-05,37591.16015625,38784.53125,37591.16015625,38187.84375,38187.84375,19,38545.85625,38128.1765625,39599.999609375,35466.961015625,26801.104833984376,20914.80661621094,50.29279392281213,445.2549242856476,969.6393822033776,-524.3844579177301,43775.658177661644,39599.999609375,35424.34104108836,39.870671416835556,40.16124865462279,TTNP
2013-03-06,38784.53125,38784.53125,37193.37109375,37790.0546875,37790.0546875,23,38227.62421875,38088.39765625,39281.767578125,35801.1046484375,26990.055107421875,21032.154677734376,48.93448470713004,344.0686574310821,844.5252372489185,-500.4565798178364,42961.05657336345,39281.767578125,35602.47858288655,37.19209320369587,38.76608085648024,TTNP
2013-03-07,37591.16015625,38585.63671875,33414.36328125,34806.62890625,34806.62890625,80,37432.04375,37889.50234375,38874.0328125,36055.6902734375,27161.104814453123,21131.6021875,40.171401221748376,22.876577973169333,680.1955053937687,-657.3189274205994,42638.302033248496,38874.0328125,35109.76359175151,31.53118427198832,36.19798296417328,TTNP
2013-03-08,34806.62890625,35801.10546875,33016.57421875,34209.9453125,34209.9453125,60,36556.90546875,37690.607421875,38426.5189453125,36266.5190234375,27328.176650390626,21231.049702148437,38.67951239249164,-276.62903110893967,488.830598093227,-765.4596292021668,42174.19901265719,38426.5189453125,34678.838877967806,22.500004829220327,30.40776076830154,TTNP
2013-03-11,34806.62890625,35403.31640625,33414.36328125,34806.62890625,34806.62890625,29,35960.2203125,37412.154296875,38048.618359375,36501.21515625,27503.204267578127,21333.480634765627,41.03770119138035,-460.53326400963124,298.95782567265536,-759.4910896822867,41653.175306066165,38048.618359375,34444.06141268384,17.738100623998495,23.92309657506908,TTNP
2013-03-12,34806.62890625,37591.16015625,34806.62890625,35602.2109375,35602.2109375,56,35443.09375,36994.475,37869.612890625,36755.8008203125,27686.187705078126,21437.90052734375,44.12323143217189,-535.9043013790142,131.98540026232143,-667.8897016413357,41585.06505444405,37869.612890625,34154.16072680595,22.22223261362957,20.820112688949497,TTNP
2013-03-13,35403.31640625,37392.265625,35403.31640625,36994.4765625,36994.4765625,25,35283.978125,36755.801171875,37680.6626953125,37054.1433984375,27885.082744140625,21547.29279785156,49.139258858864196,-477.7845879062661,10.031402628603914,-487.81599053487,41163.25647189582,37680.6626953125,34198.06891872919,33.333348920444394,24.431227386024187,TTNP
2013-03-14,37193.37109375,37591.16015625,36198.89453125,37193.37109375,37193.37109375,32,35761.3265625,36596.68515625,37551.3810546875,37360.4417578125,28083.977783203125,21659.668491210938,49.83210991180326,-410.93813083608984,-74.16250406433484,-336.775626771755,40902.27465129318,37551.3810546875,34200.48745808183,42.857167351174574,32.804249628416216,TTNP
2013-03-15,37392.265625,41171.26953125,37193.37109375,39580.109375,39580.109375,110,36835.359375,36696.132421875,37541.436328125,37650.8284765625,28310.718095703123,21784.972353515626,57.341863935551714,-163.48741832143423,-92.02748691575472,-71.45993140567951,40866.91062680712,37541.436328125,34215.962029442875,58.73017728624334,44.97356451928747,TTNP
2013-03-18,39977.90234375,43359.1171875,39580.109375,40574.5859375,40574.5859375,113,37988.95078125,36974.585546875,37581.2154296875,37913.369921875,28557.3479296875,21919.226499023436,60.0268537657936,111.57879069513729,-51.30623139357632,162.8850220887136,41029.56393016493,37581.2154296875,34132.866929210075,67.21612467039326,56.26782310260376,TTNP
2013-03-19,35602.2109375,35602.2109375,20883.978515625,23668.5078125,23668.5078125,384,35602.21015625,35522.651953125,36825.4142578125,37849.723515625,28634.916982421873,21968.95025390625,27.889349153513237,-1022.8180616787213,-245.60859745060532,-777.209464228116,43755.728723311244,36825.4142578125,29895.099792313762,54.679242002971705,60.2085146532028,TTNP
2013-03-20,23469.61328125,28441.98828125,23469.61328125,25060.7734375,25060.7734375,170,33215.46953125,34249.723828125,36169.0607421875,37786.077109375,28732.375546875,22024.640859375,31.15811087034715,-1788.8705535764311,-554.2609886757705,-1234.6095649006606,44749.04738219829,36169.0607421875,27589.07410217672,34.68345383669108,52.192940170018716,TTNP
2013-03-21,25657.458984375,31823.205078125,19889.501953125,24464.087890625,24464.087890625,340,30669.612890625,33215.4697265625,35552.48603515625,37619.0052734375,28823.867255859375,22078.342514648437,30.51959641312349,-2416.266987679177,-926.6621884764518,-1489.6047992027252,45523.35788125849,35552.48603515625,25581.61418905402,16.821655954062802,35.394783931241896,TTNP
2013-03-22,37790.0546875,37790.0546875,29834.25390625,33215.46875,33215.46875,236,29396.684765625,33116.0220703125,35403.31474609375,37619.0052734375,28998.894873046876,22174.806596679686,47.509652552462114,-2182.1652422804327,-1177.762799237248,-1004.4024430431848,45420.2023987997,35403.31474609375,25386.427093387792,31.618416164490807,27.7078419850816,TTNP
2013-03-25,34806.62890625,35801.10546875,33215.46875,35801.10546875,35801.10546875,71,28441.988671875,33215.4697265625,35313.81201171875,37662.7622265625,29201.767802734375,22285.19333984375,51.298850543170374,-1767.622595332352,-1295.7347584562688,-471.88783687608316,45282.77932399075,35313.81201171875,25344.844699446752,48.02259703641078,32.15422305165483,TTNP
2013-03-26,35801.10546875,35801.10546875,33613.2578125,34408.83984375,34408.83984375,44,30590.055078125,33096.1326171875,35045.30380859375,37662.7622265625,29392.70703125,22389.613227539063,49.23772198835415,-1533.7585474917432,-1343.3395162633637,-190.41903122837948,44805.8432325461,35045.30380859375,25284.764384641403,62.146890445589065,47.26263454883025,TTNP
2013-03-27,34408.83984375,34408.83984375,32817.6796875,33613.2578125,33613.2578125,27,32300.551953125,32758.0107421875,34756.90595703125,37583.2041796875,29569.723583984374,22489.060732421876,48.04967011086884,-1396.5182327591683,-1353.9752595625246,-42.54297319664374,44326.94058650946,34756.90595703125,25186.87132755305,62.711860739488294,57.627116073829406,TTNP
2013-03-28,33812.15625,33812.15625,32817.6796875,33215.46875,33215.46875,23,34050.828125,32360.2205078125,34478.45283203125,37515.5798828125,29730.828544921875,22590.497192382812,47.43339557439814,-1304.811492780551,-1344.1425062061298,39.33101342557893,43886.229980255695,34478.45283203125,25070.675683806807,59.03954273323637,61.2994313061046,TTNP
2013-04-01,33215.46875,33812.15625,30033.1484375,32220.994140625,32220.994140625,34,33851.933203125,31624.308984375,34160.220703125,37416.13234375,29885.966669921876,22686.961279296876,45.85014352854449,-1297.4231440547883,-1334.7986337758616,37.375489721073336,43420.167580510366,34160.220703125,24900.273825739634,55.9321977948604,59.22786708919505,TTNP
2013-04-02,32618.78515625,32618.78515625,30232.044921875,31226.51953125,31226.51953125,26,32937.016015625,30689.50234375,33832.0439453125,37316.68484375,30037.12689453125,22775.46956542969,44.25920240007623,-1356.1804106835552,-1339.0749891574003,-17.10542152615494,43019.09993713453,33832.0439453125,24644.98795349047,52.542370483511554,55.838037003869466,TTNP
2013-04-03,31226.51953125,31624.30859375,30033.1484375,30430.939453125,30430.939453125,16,32141.4359375,31365.7455078125,33444.19873046875,37209.2815234375,30180.331318359375,22862.98337890625,42.97450979358999,-1450.2253362324918,-1361.3050585724186,-88.92027766007322,42517.1919587158,33444.19873046875,24371.205502221703,48.58757010428675,52.35404612755293,TTNP
2013-04-04,30629.833984375,33215.46875,30430.939453125,33215.46875,33215.46875,16,32061.878125,32181.2150390625,33215.46943359375,37117.7898046875,30355.358935546876,22964.419838867187,48.59826017946226,-1285.2527803023659,-1346.094602918408,60.841822616042236,42066.63367541864,33215.46943359375,24364.305191768864,49.99999861301156,50.37664640026998,TTNP
2013-04-05,34607.734375,34607.734375,32817.6796875,34011.05078125,34011.05078125,22,32220.99453125,33135.911328125,33175.69052734375,37042.2097265625,30534.36447265625,23068.839731445314,50.112066725338664,-1077.8887891998238,-1292.4534401746912,214.5646509748674,42005.017298558756,33175.69052734375,24346.363756128747,53.95480176621311,50.84745682783717,TTNP
2013-04-08,35801.10546875,35801.10546875,34408.83984375,35801.10546875,35801.10546875,22,32937.016796875,33394.475,33255.24853515625,36982.5412109375,30733.259501953125,23183.204375,53.43497545639263,-760.3441055531002,-1186.031573250373,425.6874676972727,42148.85958226492,33255.24853515625,24361.637488047578,68.61268179238995,57.5224940572049,TTNP
2013-04-09,35801.10546875,35801.10546875,34806.62890625,35005.5234375,35005.5234375,14,33692.817578125,33314.916796875,33265.19326171875,36918.8948046875,30932.15451171875,23292.596630859374,51.78406915903272,-566.3558789147501,-1062.0964343832484,495.7405554684983,42166.162765233574,33265.19326171875,24364.223758203923,77.83427640169059,66.80058665343124,TTNP
2013-04-10,35801.10546875,35801.10546875,34209.9453125,34806.62890625,34806.62890625,15,34567.95546875,33354.695703125,33225.41416015625,36859.2262890625,31127.071630859376,23399.005463867186,51.35688216703834,-423.78283342698705,-934.4337141919962,510.6508807650091,42091.29274271523,33225.41416015625,24359.53557759727,85.5555554343224,77.33417120946767,TTNP
2013-04-11,34209.9453125,35602.2109375,33016.57421875,34607.734375,34607.734375,17,34846.40859375,33454.143359375,33106.07705078125,36823.4251953125,31314.03294921875,23502.430874023437,50.9046473838964,-323.11710132487497,-812.1703916185719,489.05329029369693,41828.911063572305,33106.07705078125,24383.243037990193,75.92592378414167,79.77191854005157,TTNP
2013-04-12,34806.62890625,35005.5234375,33812.15625,34408.83984375,34408.83984375,10,34925.96640625,33573.48046875,32966.85048828125,36779.6683203125,31479.1158203125,23604.86181152344,50.426448696590995,-256.431922241165,-701.0226977430905,444.59077550192546,41511.35402752172,32966.85048828125,24422.34694904078,73.06513271502287,78.18220397782899,TTNP
2013-04-15,34408.83984375,34806.62890625,33812.15625,34209.9453125,34209.9453125,11,34607.734375,33772.3755859375,32698.34228515625,36628.5080859375,31636.242890625,23705.303803710936,49.92141251284058,-217.1296286172801,-604.2440839179284,387.1144553006483,40715.958666560306,32698.34228515625,24680.72590375219,69.42528891317889,72.80544847078116,TTNP
2013-04-16,34209.9453125,35602.2109375,34011.05078125,35602.2109375,35602.2109375,35,34727.071875,34209.9447265625,32449.72353515625,36437.5688671875,31813.25947265625,23814.69607421875,53.4369329849415,-72.79889710435236,-497.9550465552132,425.1561494508608,39751.392873310935,32449.72353515625,25148.054197001562,81.60920007287017,74.69987390035732,TTNP
2013-04-17,35801.10546875,36198.89453125,35204.41796875,35801.10546875,35801.10546875,27,34925.9671875,34746.961328125,33056.35341796875,36167.0716015625,31996.24291015625,23925.082817382812,53.934440149260844,56.976583321498765,-386.9687205798708,443.9453039013696,39274.615082152945,33056.35341796875,26838.091753784553,87.50464567819533,79.51304488808148,TTNP
2013-04-18,36000.0,36000.0,35005.5234375,35801.10546875,35801.10546875,12,35164.64140625,35005.525,33593.37001953125,35999.9998046875,32175.2484375,24034.475083007812,53.934440149260844,158.003223731248,-277.97433171764703,435.97755544889503,38715.29384970355,33593.37001953125,28471.446189358947,94.54951345716255,87.88778640274269,TTNP
2013-04-19,36000.0,36397.7890625,35403.31640625,36198.89453125,36198.89453125,27,35522.65234375,35224.309375,34180.1103515625,35864.7512109375,32348.287109375,24145.85629394531,55.048481947675576,267.08700426616997,-168.96206452088364,436.0490687870536,37269.77700211844,34180.1103515625,31090.443701006556,94.65727152139804,92.237143552252,TTNP
2013-04-22,36795.58203125,38784.53125,36596.68359375,38784.53125,38784.53125,47,36437.56953125,35522.651953125,34458.5634765625,35777.2373828125,32539.22634765625,24271.160166015627,61.55648276900057,555.7693967306623,-24.015772270574473,579.7851690012367,38104.09870727542,34458.5634765625,30813.02824584958,96.8078037059957,95.33819622818544,TTNP
2013-04-23,38784.53125,39580.109375,36596.68359375,37591.16015625,37591.16015625,54,36835.359375,35781.215625,34548.0662109375,35681.7677734375,32722.209765625,24390.497182617186,57.42419247017298,680.4138118754272,116.87014455862587,563.5436673168014,38402.93751253607,34548.0662109375,30693.194909338923,91.71196186346417,94.39234569695265,TTNP
2013-04-24,37591.16015625,37988.94921875,34408.83984375,34607.734375,34607.734375,39,36596.68515625,35761.326171875,34558.0109375,35590.2760546875,32871.38103515625,24494.9170703125,48.634290717193316,532.3216097167606,199.9604375902528,332.36117212650777,38412.42041538852,34558.0109375,30703.601459611484,68.2438209186746,85.58786216271149,TTNP
2013-04-25,35005.5234375,35204.41796875,32022.099609375,33812.15625,33812.15625,50,36198.8953125,35681.768359375,34567.955859375,35451.0495703125,33004.64072265625,24594.36458984375,46.586428110513374,346.7636908207496,229.32108823635218,117.44260258439743,38413.57999166984,34567.955859375,30722.33172708016,42.80523190796464,67.58700489670115,TTNP
2013-04-26,33414.36328125,35403.31640625,33016.57421875,34806.62890625,34806.62890625,22,35920.4421875,35721.547265625,34647.5138671875,35351.6020703125,33143.8672265625,24697.79,49.451660298038355,276.7629840267764,238.80946739443704,37.95351663233936,38443.440071543264,34647.5138671875,30851.587662831746,28.99897163595806,46.68267482086577,TTNP
2013-04-29,35204.41796875,35801.10546875,31027.625,31823.205078125,31823.205078125,55,34528.176953125,35482.8732421875,34627.6244140625,35192.48609375,33253.2594921875,24785.303813476563,42.14726326939316,-19.22879230356193,187.20181545483723,-206.43060775839916,38477.97736126727,34627.6244140625,30777.271466857725,23.27621908171072,31.693474208544476,TTNP
2013-04-30,33016.57421875,36397.7890625,32022.099609375,33016.57421875,33016.57421875,53,33613.259765625,35224.3095703125,34717.1271484375,35057.2375,33374.58544921875,24876.795522460936,45.60810857671301,-155.7145113466686,118.61855009453606,-274.3330614412047,38322.507644555706,34717.1271484375,31111.7466523193,23.133410265156794,25.13620032760853,TTNP
2013-05-01,7955.80126953125,9745.8564453125,6364.64111328125,8552.486328125,8552.486328125,825,28402.21015625,32499.44765625,33623.2044921875,34452.5966015625,33253.2594921875,24843.977841796874,19.652917792060062,-2212.4244134235014,-347.5900426090715,-1864.8343708144298,45516.7113875345,33623.2044921875,21729.697596840495,13.048320013394362,19.81931645342063,TTNP
2013-05-02,8751.380859375,9149.1708984375,7955.80126953125,8552.486328125,8552.486328125,106,23350.276171875,29774.5857421875,32390.05537109375,33859.889453125,33137.90037109375,24808.17673828125,19.652917792060062,-3798.594001507361,-1037.7908343887293,-2760.803167118632,48547.0294508999,32390.05537109375,16233.081291287599,12.143153070939611,16.10829444983026,TTNP
2013-05-03,8552.486328125,9149.1708984375,8353.5908203125,8950.2763671875,8950.2763671875,100,18179.0056640625,27049.72392578125,31137.016650390626,33302.98333984375,33020.552314453125,24774.36458496094,20.506038621049267,-4966.298102998189,-1823.4922881106213,-3142.805814887568,50219.11585356127,31137.016650390626,12054.917447219981,6.98602794411168,10.725833676148556,TTNP
2013-05-06,8950.2763671875,11734.806640625,8751.380859375,10939.2265625,10939.2265625,142,14002.2099609375,24265.19345703125,29893.922705078126,32797.78998046875,32927.07165039062,24751.491655273436,24.80519235866135,-5665.907305360684,-2591.975291560634,-3073.9320138000503,50755.005605012746,29893.922705078126,9032.839805143507,9.381237524950004,9.503472846667103,TTNP
2013-05-07,11138.12109375,13325.966796875,11138.12109375,12530.38671875,12530.38671875,167,9904.9724609375,21759.11611328125,28770.165869140626,32296.57451171875,32849.50258789062,24737.56900390625,28.15279118975736,-6022.53527417334,-3278.0872880831753,-2744.447986090165,50797.56349193853,28770.165869140626,6742.768246342726,13.373253493013875,9.913506320691859,TTNP
2013-05-08,12928.1767578125,13127.072265625,11138.12109375,11138.12109375,11138.12109375,96,10422.0994140625,19412.15478515625,27586.740478515625,31723.75685546875,32759.999814453124,24718.673974609374,27.019314057045673,-6344.375695332281,-3891.3449695329964,-2453.0307257992845,50705.87296234248,27586.740478515625,4467.607994688769,15.568861785435088,12.774450934466328,TTNP
2013-05-09,11138.12109375,11933.701171875,10939.2265625,11337.0166015625,11337.0166015625,47,10979.00546875,17164.6408203125,26423.20458984375,31162.872890625,32666.51916015625,24702.762373046877,27.4685815866561,-6508.362985413849,-4414.748572709167,-2093.614412704682,50340.37118424572,26423.20458984375,2506.0379954417804,15.968063382241473,14.970059553563486,TTNP
2013-05-10,11535.9111328125,12530.38671875,11535.9111328125,11933.701171875,11933.701171875,62,11575.6904296875,14877.348046875,25299.44765625,30625.8562890625,32565.0826953125,24690.828666992187,28.882990846833543,-6515.074908097678,-4834.81383978687,-1680.2610683108087,49716.95381677666,25299.44765625,881.9414957233348,15.369260497017976,15.63539522156485,TTNP
2013-05-13,12132.5966796875,12331.4921875,11337.0166015625,11535.9111328125,11535.9111328125,37,11695.02734375,12848.61865234375,24165.745947265626,30084.86177734375,32435.800927734374,24677.90048828125,28.48419860092011,-6477.820207811106,-5163.415113391717,-1314.4050944193896,48926.2201484907,24165.745947265626,-594.7282539594453,16.02957506330709,15.78896631418885,TTNP
2013-05-14,11734.806640625,11933.701171875,10939.2265625,10939.2265625,10939.2265625,40,11376.7953125,10640.88388671875,22932.596728515626,29547.84521484375,32334.364462890626,24659.999936523436,27.862751548975183,-6422.409508548139,-5415.213992423001,-1007.1955161251371,47748.480178420505,22932.596728515626,-1883.2867213892496,16.11681779638398,15.838551118903018,TTNP
2013-05-15,10939.2265625,11337.0166015625,9149.1708984375,10342.541015625,10342.541015625,102,11217.679296875,10819.88935546875,21659.668505859376,28990.93916015625,32228.950087890626,24639.11595703125,27.2231292928492,-6353.405562625036,-5602.852306463408,-750.5532561616274,46315.88239790622,21659.668505859376,-2996.5453861874703,14.943006426700151,15.696466428797075,TTNP
2013-05-16,10342.541015625,11535.9111328125,9745.8564453125,10939.2265625,10939.2265625,77,11138.1212890625,11058.56337890625,20416.574560546876,28453.92259765625,32127.513623046874,24619.226455078126,28.97891516319298,-6179.340312790695,-5718.149907728865,-461.19040506182955,44597.91613788661,20416.574560546876,-3764.7670167928554,14.569535881905045,15.209786701663061,TTNP
2013-05-17,10939.2265625,11337.0166015625,10541.4365234375,11138.12109375,11138.12109375,28,10979.0052734375,11277.3478515625,19163.535888671875,27980.55244140625,32018.121357421875,24604.309326171875,29.588708242373563,-5956.678341763325,-5765.8555945357575,-190.82274722756756,42527.150160498364,19163.535888671875,-4200.0783831546105,14.790285891845505,14.767609400150235,TTNP
2013-05-20,11138.12109375,11138.12109375,10740.3310546875,10939.2265625,10939.2265625,31,10859.668359375,11277.3478515625,17771.270654296874,27515.13806640625,31890.828544921875,24589.392197265624,29.31762129741057,-5730.211935710391,-5758.726862770684,28.514927060293303,39557.413564320144,17771.270654296874,-4014.8722557263936,32.28003730101573,20.546619691588763,TTNP
2013-05-21,10939.2265625,10939.2265625,10740.3310546875,10939.2265625,10939.2265625,28,10859.668359375,11118.2318359375,16438.673974609374,27037.79001953125,31769.502587890624,24575.46954589844,29.31762129741057,-5487.479430276209,-5704.47737627179,216.99794599558027,36396.19207114696,16438.673974609374,-3518.844121928214,45.72129312637751,30.930538773079586,TTNP
2013-05-22,10939.2265625,10939.2265625,10740.3310546875,10939.2265625,10939.2265625,11,10979.00546875,11098.3423828125,15255.248583984376,26544.53033203125,31650.165576171876,24562.5413671875,29.31762129741057,-5234.769012283319,-5610.5357034740955,375.7666911907763,33496.03746917308,15255.248583984376,-2985.5403012043353,57.75661532779412,45.25264858506247,TTNP
2013-05-23,10939.2265625,10939.2265625,10740.3310546875,10740.3310546875,10740.3310546875,10,10939.2263671875,11038.673828125,14101.65732421875,26019.447421875,31536.79541015625,24547.62423828125,28.985936084435473,-4992.987340549906,-5487.0260308892575,494.0386903393519,30306.85462662325,14101.65732421875,-2103.5399781857523,50.34460549929596,51.27417131782254,TTNP
2013-05-24,10740.3310546875,10740.3310546875,10342.541015625,10541.4365234375,10541.4365234375,24,10819.889453125,10899.44736328125,12888.397705078125,25486.40873046875,31423.425244140624,24530.718159179687,28.63703050616967,-4762.523345638541,-5342.125493839114,579.6021482005726,26060.955876656943,12888.397705078125,-284.16046650069256,42.937200689739804,50.346140505609974,TTNP
2013-05-28,10541.4365234375,10541.4365234375,9944.7509765625,10143.646484375,10143.646484375,29,10660.7734375,10760.2208984375,11804.419775390625,24897.67947265625,31274.253974609375,24510.828657226564,27.91334770183128,-4559.419155070365,-5185.584226085364,626.1650710149988,21735.059330689248,11804.419775390625,1873.7802200919996,33.93720116436693,42.40633578446758,TTNP
2013-05-29,10143.646484375,10143.646484375,9944.7509765625,9944.7509765625,9944.7509765625,19,10461.8783203125,10660.77333984375,10650.82861328125,24285.0827734375,31099.22634765625,24487.95572753906,27.538617957984137,-4364.199055902902,-5021.307192048872,657.1081361459701,12649.599756397689,10650.82861328125,8652.057470164811,27.28758521037801,34.72066235482826,TTNP
2013-05-30,10143.646484375,10740.3310546875,9944.7509765625,9944.7509765625,9944.7509765625,27,10262.983203125,10620.9943359375,10720.441845703124,24010.60763671875,30930.165576171876,24466.077270507812,27.53861795798414,-4161.514373581922,-4849.348628355482,687.8342547735601,12507.843068350716,10720.441845703124,8933.040623055533,24.019607623690447,28.41479799947847,TTNP
2013-05-31,10143.646484375,10342.541015625,9745.8564453125,9745.8564453125,9745.8564453125,31,10064.08828125,10501.65732421875,10780.1103515625,23704.309296875,30745.193203125,24450.165668945312,27.116429860707324,-3971.157398489053,-4673.710382382196,702.5529838931434,12339.122514326962,10780.1103515625,9221.098188798038,21.936275441123694,24.41448942506406,TTNP
2013-06-03,9944.7509765625,10342.541015625,9149.1708984375,9944.7509765625,9944.7509765625,33,9944.751171875,10382.3203125,10829.83408203125,23413.92255859375,30516.463916015626,24435.24854003906,28.300197562357837,-3760.895732906445,-4491.147452487046,730.2517195806013,12204.801609344522,10829.83408203125,9454.866554717977,23.616948842658413,23.190943969157527,TTNP
2013-06-04,9745.8564453125,9944.7509765625,9149.1708984375,9149.1708984375,9149.1708984375,9,9745.8560546875,10203.31474609375,10740.331298828125,22932.5966015625,30275.8009375,24413.370083007812,26.449640971802996,-3616.766676555042,-4316.2712973006455,699.5046207456035,12296.295666267933,10740.331298828125,9184.366931388317,15.773812720383608,20.442345668055246,TTNP
2013-06-05,9348.06640625,9546.9609375,8751.380859375,8950.2763671875,8950.2763671875,18,9546.9611328125,10004.4197265625,10561.32578125,22395.58001953125,30029.171123046875,24390.497153320313,25.99205039812761,-3478.49456735887,-4148.715951312291,670.2213839534206,12075.542694980864,10561.32578125,9047.108867519135,11.904767749927812,17.098509770989953,TTNP
2013-06-06,8751.380859375,9745.8564453125,8751.380859375,9348.06640625,9348.06640625,8,9427.62421875,9845.3037109375,10471.823046875,21894.36455078125,29778.563388671875,24369.613173828126,28.65070972039579,-3298.788215814333,-3978.730404212699,679.9421883983659,12049.375264611972,10471.823046875,8894.27082913803,10.07327076057441,12.583950410295287,TTNP
2013-06-07,9348.06640625,9348.06640625,8950.2763671875,9348.06640625,9348.06640625,8,9348.0662109375,9706.07724609375,10372.375537109376,21409.06072265625,29496.132451171874,24346.740244140627,28.65070972039579,-3120.3996131419535,-3807.0642459985497,686.6646328565962,11969.862811220719,10372.375537109376,8774.888262998033,18.40661091326807,13.461549807923442,TTNP
2013-06-10,9348.06640625,9745.8564453125,8950.2763671875,9348.06640625,9348.06640625,19,9228.729296875,9586.740234375,10243.093798828126,20931.71267578125,29223.646279296874,24324.86179199219,28.65070972039579,-2945.076353348586,-3634.666667468557,689.590314119971,11728.82756067536,10243.093798828126,8757.360036980892,25.116567188459157,17.865482954100557,TTNP
2013-06-11,9348.06640625,9546.9609375,9149.1708984375,9348.06640625,9348.06640625,15,9268.5083984375,9507.1822265625,10133.7015625,20474.25412109375,28945.193232421876,24302.98333984375,28.650709720395785,-2774.1527013355644,-3462.5638742419587,688.4111729063943,11542.771340935471,10133.7015625,8724.63178406453,26.515169155312503,23.346115752346588,TTNP
2013-06-12,9348.06640625,9348.06640625,8950.2763671875,9149.1708984375,9149.1708984375,25,9308.2873046875,9427.62421875,10044.198779296876,20032.7071484375,28674.69599609375,24277.126982421876,27.97484190870419,-2624.4901916769522,-3294.9491377289573,670.4589460520051,11464.593325986842,10044.198779296876,8623.80423260691,24.24243371062481,25.291390018132166,TTNP
2013-06-13,8950.2763671875,9149.1708984375,8950.2763671875,9149.1708984375,9149.1708984375,16,9268.508203125,9348.0662109375,9984.5302734375,19607.07177734375,28408.176650390626,24252.265102539062,27.97484190870419,-2477.324519532147,-3131.4242140895954,654.0996945574484,11449.348593028159,9984.5302734375,8519.711953846841,21.81818587598201,24.191929580639783,TTNP
2013-06-14,8950.2763671875,8950.2763671875,8751.380859375,8751.380859375,8751.380859375,0,9149.17109375,9248.61865234375,9875.13798828125,19117.79001953125,28117.789912109376,24223.425322265626,26.523545081636556,-2365.5246995201815,-2978.2443111757125,612.719611655531,11364.99318789365,9875.13798828125,8385.282788668852,12.727271374672545,19.5959636537598,TTNP
2013-06-17,8950.2763671875,9149.1708984375,8751.380859375,8950.2763671875,8950.2763671875,15,9069.6130859375,9149.17119140625,9765.745751953125,18616.57453125,27829.39212890625,24196.5744921875,28.520310363362118,-2235.1083931950507,-2829.61712757958,594.5087343845294,11188.36671659241,9765.745751953125,8343.12478731384,10.000008183232305,14.848488477962297,TTNP
2013-06-18,9149.1708984375,9149.1708984375,8751.380859375,8950.2763671875,8950.2763671875,21,8990.055078125,9129.28173828125,9666.2982421875,18079.55794921875,27531.049580078125,24168.729189453126,28.520310363362118,-2107.45905469878,-2685.18551300342,577.7264583046399,11023.456229007936,9666.2982421875,8309.140255367065,6.666683033131364,9.797987530345415,TTNP
2013-06-19,8751.380859375,8950.2763671875,8751.380859375,8950.2763671875,8950.2763671875,5,8950.276171875,9129.28173828125,9566.850732421875,17558.4530078125,27238.67390625,24143.867309570312,28.52031036336211,-1983.4322618062743,-2544.8348627639907,561.4026009577165,10824.144149155283,9566.850732421875,8309.557315688467,10.833359928838524,9.166683715067407,TTNP
2013-06-20,8950.2763671875,9944.7509765625,8950.2763671875,9348.06640625,9348.06640625,14,8990.0552734375,9129.28173828125,9487.292724609375,17049.2817578125,26954.2540234375,24118.01095703125,33.06412638044459,-1831.9245176854365,-2402.25279374828,570.3282760628435,10577.411553825707,9487.292724609375,8397.173895393043,20.00002864131329,12.500023867761067,TTNP
2013-06-21,9348.06640625,9546.9609375,9149.1708984375,9348.06640625,9348.06640625,15,9109.3923828125,9129.28173828125,9417.6794921875,16544.0883984375,26683.756796875,24092.15460449219,33.06412638044459,-1692.3452364775385,-2260.2712822941317,567.9260458165932,10344.410756101071,9417.6794921875,8490.94822827393,33.33336743013488,21.388918666762237,TTNP
2013-06-24,9348.06640625,9546.9609375,9149.1708984375,9546.9609375,9546.9609375,13,9228.729296875,9149.17119140625,9367.955712890625,16046.8508203125,26413.2595703125,24061.325874023438,35.44378386677074,-1547.8360337622053,-2117.7842325877464,569.9481988255411,10142.370191040543,9367.955712890625,8593.541234740707,51.38891275664994,34.907436276032705,TTNP
2013-06-25,9546.9609375,9546.9609375,8950.2763671875,9149.1708984375,9149.1708984375,10,9268.508203125,9129.281640625,9318.23193359375,15545.63533203125,26087.071708984375,24029.502666015625,32.9228110081661,-1448.7099545940673,-1983.9693769890105,535.2594223949432,10010.375048470905,9318.23193359375,8626.088818716595,50.00001363872055,44.907431275168456,TTNP
2013-06-26,9149.1708984375,9546.9609375,8950.2763671875,9348.06640625,9348.06640625,9,9348.0662109375,9149.17119140625,9288.397705078125,15020.55244140625,25729.060654296874,23996.684985351563,35.39702008191367,-1338.671248587334,-1854.9097513086751,516.2385027213411,9918.61557503946,9288.397705078125,8658.17983511679,50.00001363872055,50.46298001136369,TTNP
2013-06-27,9149.1708984375,9348.06640625,9149.1708984375,9149.1708984375,9149.1708984375,6,9308.287109375,9149.17119140625,9248.618701171876,14487.51375,25327.29267578125,23965.856254882812,34.044651366837364,-1253.06938269716,-1734.541677586372,481.472294889212,9804.102260200652,9248.618701171876,8693.135142143099,38.88890252760944,46.29630993501686,TTNP
2013-06-28,9149.1708984375,9348.06640625,8950.2763671875,9149.1708984375,9149.1708984375,4,9268.5080078125,9188.9501953125,9218.784423828125,13954.47505859375,24977.237431640624,23937.016474609376,34.044651366837364,-1171.722400786657,-1621.977822226429,450.2554214397719,9726.259099242558,9218.784423828125,8711.309748413692,38.88890252760944,42.59260623131315,TTNP
2013-07-01,9348.06640625,9546.9609375,9149.1708984375,9546.9609375,9546.9609375,4,9268.5080078125,9248.61865234375,9198.894921875,13421.43638671875,24643.093798828126,23909.171166992186,39.41374318383715,-1062.9035098399763,-1510.1629597491385,447.2594499091622,9613.723386089514,9198.894921875,8784.066457660487,44.44444444444434,40.74074983322108,TTNP
2013-07-02,9348.06640625,9546.9609375,9149.1708984375,9348.06640625,9348.06640625,6,9308.287109375,9288.39765625,9208.839697265625,12832.70708984375,24304.972236328125,23881.32586425781,37.75865569405754,-981.3999139006683,-1404.4103505794444,423.01043667877616,9627.937527301789,9208.839697265625,8789.74186722946,50.00001363872055,44.44445353692478,TTNP
2013-07-03,9348.06640625,9546.9609375,9149.1708984375,9149.1708984375,9149.1708984375,12,9268.5080078125,9308.287109375,9218.784423828125,12263.8673046875,23972.8175390625,23855.469506835936,36.1249733167971,-922.2260839286955,-1307.9734972492947,385.7474133205992,9622.007035760967,9218.784423828125,8815.561811895283,50.00001363872055,48.148157240628485,TTNP
2013-07-05,9348.06640625,9745.8564453125,9149.1708984375,9546.9609375,9546.9609375,11,9348.066015625,9328.1765625,9228.729150390625,11762.6518359375,23676.4639453125,23808.72917480469,41.57000673465377,-833.6225834393572,-1213.1033144873072,379.48073104795003,9653.452687597714,9228.729150390625,8804.005613183537,50.00001363872055,50.00001363872056,TTNP
2013-07-08,9546.9609375,10939.2265625,9546.9609375,10740.3310546875,10740.3310546875,18,9666.298046875,9467.40302734375,9298.3423828125,11301.21533203125,23376.132451171874,23762.9833203125,54.187188006582176,-659.5062978280312,-1102.383911155452,442.87761332742093,10082.654732474572,9298.3423828125,8514.030033150428,63.63635687336306,54.5454613836014,TTNP
2013-07-09,10939.2265625,12928.1767578125,10740.3310546875,12729.2822265625,12729.2822265625,32,10302.7623046875,9785.63515625,9467.403173828125,10859.6683984375,23105.635234375,23723.204321289064,66.98363516237622,-356.91189171143014,-953.2895072666477,596.3776155552175,11156.957790933471,9467.403173828125,7777.848556722778,84.27128159062137,65.96921736756833,TTNP
2013-07-10,12928.1767578125,14917.126953125,12729.2822265625,13325.966796875,13325.966796875,26,11098.3423828125,10203.31474609375,9666.298193359375,10489.7236328125,22841.10486328125,23686.408745117187,69.7164754218237,-68.17036117678435,-776.265678048675,708.0953168718906,12047.728915174637,9666.298193359375,7284.867471544112,86.4935038128436,78.13371409227602,TTNP
2013-07-11,13524.8623046875,13922.65234375,13127.072265625,13723.7568359375,13723.7568359375,22,12013.2595703125,10640.8837890625,9895.027490234375,10103.86728515625,22580.552392578124,23653.591064453125,71.41516662118654,190.56104462231815,-582.9003335144764,773.4613781367946,12844.782381276253,9895.027490234375,6945.272599192498,82.85714693948044,84.54064411431516,TTNP
2013-07-12,13723.7568359375,13723.7568359375,10740.3310546875,12530.38671875,12530.38671875,25,12609.9447265625,10979.00537109375,10064.08828125,10183.42529296875,22318.010947265626,23615.801005859375,60.45865216003015,295.9015834685106,-407.13995011787904,703.0415335863896,13204.866999107931,10064.08828125,6923.309563392069,71.11111111111101,80.15392062114505,TTNP
2013-07-15,11933.701171875,12729.2822265625,10939.2265625,11138.12109375,11138.12109375,12,12689.502734375,11177.900390625,10183.42529296875,10235.13798828125,22047.513720703126,23578.010947265626,50.6880907084773,263.9973223540619,-272.9124956234908,536.9098179775527,13296.87913178854,10183.42529296875,7069.971454148959,58.88888616114466,70.95238140391207,TTNP
2013-07-16,10939.2265625,11933.701171875,10740.3310546875,11734.806640625,11734.806640625,9,12490.6076171875,11396.6849609375,10322.651806640624,10290.82859375,21796.905966796876,23539.226416015626,54.110870653354105,283.59143693130136,-161.61170911253237,445.2031460438337,13452.07416237417,10322.651806640624,7193.229450907077,47.77777505003355,59.2592574407631,TTNP
2013-07-17,11933.701171875,12530.38671875,11933.701171875,12331.4921875,12331.4921875,7,12291.7126953125,11695.0275390625,10491.71259765625,10318.67390625,21558.231943359377,23503.4253125,57.30251259105717,343.309986998298,-60.627369890366296,403.9373568886643,13671.235068424623,10491.71259765625,7312.190126887876,46.66666666666657,51.11110929261495,TTNP
2013-07-18,12331.4921875,12331.4921875,11734.806640625,12331.4921875,12331.4921875,7,12013.259765625,12013.25966796875,10660.773388671874,10314.696015625,21305.635263671877,23460.662880859374,57.30251259105717,386.18566027587804,28.735236142882584,357.45042413299547,13854.014625284995,10660.773388671874,7467.532152058753,53.3333387888215,49.25926016850723,TTNP
2013-07-19,11933.701171875,12331.4921875,11933.701171875,12132.5966796875,12132.5966796875,7,11933.7017578125,12271.8232421875,10799.99990234375,10334.58552734375,21029.17119140625,23418.894926757814,55.80212351348277,399.51042748807413,102.8902744119209,296.6201530761532,13994.975073205791,10799.99990234375,7605.02473148171,55.019163905861,51.673056453783055,TTNP
2013-07-22,11933.701171875,12729.2822265625,11933.701171875,12331.4921875,12331.4921875,21,12172.3759765625,12430.93935546875,10949.17119140625,10354.4750390625,20758.67396484375,23379.11592285156,57.014226871180796,421.26354285033085,166.5649280996029,254.69861475072796,14137.639412509512,10949.17119140625,7760.702970302989,54.521080973679794,54.29119455612079,TTNP
2013-07-23,12331.4921875,12530.38671875,11933.701171875,12132.5966796875,12132.5966796875,7,12251.933984375,12371.27080078125,11078.452978515625,10358.45294921875,20492.154619140623,23348.287197265625,55.3786707127183,417.63954950123843,216.77985237993,200.85969712130844,14238.569263259511,11078.452978515625,7918.336693771738,52.87357002964182,54.137938303060906,TTNP
2013-07-24,11933.701171875,12132.5966796875,11933.701171875,12132.5966796875,12132.5966796875,17,12212.1548828125,12251.9337890625,11227.624267578125,10370.38666015625,20227.62421875,23316.463989257812,55.3786707127183,410.04081340720586,255.43204458538517,154.6087688218207,14289.51005232307,11227.624267578125,8165.73848283318,52.87357002964182,53.42274034432118,TTNP
2013-07-25,12331.4921875,12729.2822265625,12132.5966796875,12331.4921875,12331.4921875,30,12212.1548828125,12112.70732421875,11376.795556640625,10398.23197265625,19973.03859375,23289.613159179688,56.81541775119049,415.2808662256175,287.40180891343164,127.87905731218586,14347.198490757703,11376.795556640625,8406.392622523548,51.76671645258733,52.50461883729036,TTNP
2013-07-26,12530.38671875,13325.966796875,12331.4921875,12928.1767578125,12928.1767578125,10,12371.2708984375,12152.486328125,11565.745849609375,10449.9446875,19720.441923828126,23260.77337890625,60.88445536805743,462.2525443706636,322.37195600487803,139.88058836578557,14423.958427578771,11565.745849609375,8707.533271639979,51.985655095917785,52.20864719271568,TTNP
2013-07-29,13127.072265625,13325.966796875,12928.1767578125,12928.1767578125,12928.1767578125,15,12490.6078125,12331.49189453125,11754.696142578125,10489.72369140625,19471.82314453125,23230.93912597656,60.884455368057445,493.78588144304194,356.6547410925108,137.13114035053115,14443.533620933718,11754.696142578125,9065.858664222531,52.20459373924823,51.985655095917814,TTNP
2013-07-30,12729.2822265625,13127.072265625,12729.2822265625,12928.1767578125,12928.1767578125,11,12649.723828125,12450.82890625,11923.75693359375,10525.5248046875,19253.038623046876,23207.07171875,60.884455368057445,512.8642978793159,387.8966524498718,124.96764542944413,14456.761707472439,11923.75693359375,9390.75215971506,57.837303380573054,54.00918407191305,TTNP
2013-07-31,12928.1767578125,12928.1767578125,12132.5966796875,12331.4921875,12331.4921875,7,12689.5029296875,12450.82890625,12072.92822265625,10553.3701171875,19034.254091796876,23181.21537109375,54.47376996832149,474.36839861922454,405.19100168374234,69.1773969354822,14316.478569650038,12072.92822265625,9829.377875662462,58.15476984380681,56.06555565454272,TTNP
2013-08-01,12132.5966796875,12928.1767578125,11933.701171875,12331.4921875,12331.4921875,10,12689.5029296875,12450.82890625,12232.044287109375,10581.2154296875,18809.502724609374,23156.35349609375,54.47376996832149,438.80188610924597,411.9131785688431,26.88870754040289,14030.917867499717,12232.044287109375,10433.170706719033,61.207279756569,59.066450993649646,TTNP
2013-08-02,12331.4921875,12530.38671875,12331.4921875,12530.38671875,12530.38671875,4,12609.944921875,12490.60791015625,12381.215576171875,10613.0386328125,18578.784482421874,23132.48609375,56.25442412751545,421.80202397340327,413.8909476497551,7.91107632364816,13693.772236563193,12381.215576171875,11068.658915780557,61.36754002162929,60.243196540668386,TTNP
2013-08-05,12530.38671875,12530.38671875,11933.701171875,12132.5966796875,12132.5966796875,10,12450.82890625,12470.718359375,12450.828857421875,10640.8839453125,18330.16568359375,23107.624213867188,51.88359623217923,371.9436442668484,405.50148697317377,-33.557842706325346,13535.855502071887,12450.828857421875,11365.802212771863,51.92308757580337,58.16596911800058,TTNP
2013-08-06,11535.9111328125,12132.5966796875,11535.9111328125,11933.701171875,11933.701171875,10,12251.9337890625,12450.82880859375,12411.0498046875,10668.72923828125,18077.568984375,23080.773383789063,49.800098746302645,312.775828839156,386.95635534637023,-74.18052650721421,13510.56346095983,12411.0498046875,11311.53614841517,38.81766373397243,50.70276377713506,TTNP
2013-08-07,11734.806640625,12132.5966796875,11535.9111328125,12132.5966796875,12132.5966796875,5,12212.1546875,12450.82880859375,12351.381298828124,10708.5082421875,17803.093857421874,23056.9059765625,51.88105839720095,278.72118969607436,365.30932221631105,-86.58813252023668,13372.548065820256,12351.381298828124,11330.214531835993,26.85185589295307,39.19753573424299,TTNP
2013-08-08,11734.806640625,12132.5966796875,11734.806640625,11933.701171875,11933.701171875,3,12132.596484375,12411.04970703125,12261.878515625,10748.28724609375,17516.685009765624,23037.01646972656,49.66395092286652,232.99758644284884,338.8469750616186,-105.84938861876975,13079.77031037774,12261.878515625,11443.986720872259,25.925927946476488,30.531815857800694,TTNP
2013-08-09,11933.701171875,11933.701171875,11535.9111328125,11535.9111328125,11535.9111328125,14,11933.7013671875,12271.82314453125,12212.154736328124,10780.11044921875,17395.35904296875,23015.13801269531,45.47801097361989,162.78646868171563,303.634873785638,-140.84840510392235,13078.205293839646,12212.154736328124,11346.104178816602,18.518522559619736,23.765435466349796,TTNP
2013-08-12,11734.806640625,11933.701171875,11337.0166015625,11535.9111328125,11535.9111328125,6,11814.3642578125,12132.59658203125,12232.04423828125,10815.91154296875,17260.110419921875,22996.24298339844,45.47801097361989,105.9226417328864,264.09242737508765,-158.16978564220125,13012.564979962985,12232.04423828125,11451.523496599517,10.740730536957592,18.395060347684637,TTNP
2013-08-13,11535.9111328125,11734.806640625,10939.2265625,11138.12109375,11138.12109375,13,11655.2482421875,11953.591015625,12202.2099609375,10839.7789453125,17126.850751953127,22975.35900390625,41.42834945431421,28.431576001805297,216.9602571004312,-188.5286810986259,13094.13866621645,12202.2099609375,11310.28125565855,6.111096108518292,11.79011640169857,TTNP
2013-08-14,11337.0166015625,11535.9111328125,10740.3310546875,11138.12109375,11138.12109375,13,11456.353125,11834.25390625,12142.54140625,10879.55794921875,16906.077275390624,22952.48607421875,41.42834945431421,-32.60480399834887,167.04724488067518,-199.65204887902405,13144.743838027125,12142.54140625,11140.338974472876,11.239300268293734,9.363708971256571,TTNP
2013-08-15,11138.12109375,11337.0166015625,10939.2265625,11337.0166015625,11337.0166015625,5,11337.0162109375,11734.80634765625,12092.817626953125,10927.29275390625,16661.43638671875,22931.602094726564,44.30428711258648,-64.18745660603781,120.80030458333258,-184.9877611893704,13149.772432039996,12092.817626953125,11035.862821866254,15.598287652648915,10.982894676487012,TTNP
2013-08-16,11138.12109375,11933.701171875,11138.12109375,11933.701171875,11933.701171875,11,11416.57421875,11675.13779296875,12082.8728515625,10979.00544921875,16436.685,22914.696015625,51.92985139170675,-40.60144997339012,88.51995367198803,-129.12140364537817,13141.884183142052,12082.8728515625,11023.86151998295,29.487176541540595,18.774921487494446,TTNP
2013-08-19,11933.701171875,12928.1767578125,11933.701171875,12729.2822265625,12729.2822265625,20,11655.2484375,11734.80634765625,12102.762353515625,11046.629765625,16227.845244140624,22898.7844140625,59.82758480658419,41.80546499846605,79.17705593728364,-37.37159093881759,13194.151070902471,12102.762353515625,11011.37363612878,54.66201080039602,33.24915833152854,TTNP
2013-08-20,12729.2822265625,12928.1767578125,12530.38671875,12729.2822265625,12729.2822265625,17,11973.4806640625,11814.364453125,12132.596630859374,11114.25408203125,16022.98337890625,22876.90596191406,59.82758480658419,105.89287171432625,84.52021909269216,21.37265262163409,13257.717250562784,12132.596630859374,11007.476011155964,77.27273668457076,53.80730800883581,TTNP
2013-08-21,12729.2822265625,12928.1767578125,12530.38671875,12530.38671875,12530.38671875,7,12251.9337890625,11854.14345703125,12152.4861328125,11177.90048828125,15826.0773046875,22856.021987304688,57.107215304727866,139.03073821362523,95.42232291687877,43.60841529674646,13290.889150436189,12152.4861328125,11014.083115188812,87.878805462589,73.27118431585194,TTNP
2013-08-22,12530.38671875,12530.38671875,12132.5966796875,12530.38671875,12530.38671875,2,12490.6078125,11913.81201171875,12162.430859375,11245.5248046875,15639.1159765625,22838.121435546876,57.107215304727866,163.40905825479967,109.01966998446295,54.389388270336724,13310.350271719188,12162.430859375,11014.51144703081,84.8484956692855,83.3333459388151,TTNP
2013-08-23,12530.38671875,12530.38671875,12132.5966796875,12331.4921875,12331.4921875,4,12570.166015625,11993.3701171875,12132.596630859374,11309.17123046875,15458.12150390625,22819.22641113281,54.246557916084605,164.78043974569482,120.17182393670933,44.60861580898549,13229.228584985653,12132.596630859374,11035.964676733096,78.78789096127953,83.83839736438468,TTNP
2013-08-26,12331.4921875,12331.4921875,11933.701171875,12132.5966796875,12132.5966796875,4,12450.82890625,12053.038671875,12092.817626953125,11376.795546875,15247.292783203126,22801.325859375,51.46994473363353,148.11073584900987,125.75960631916944,22.351129529840435,13127.072246726766,12092.817626953125,11058.563007179484,72.72728625327356,78.78789096127953,TTNP
2013-08-27,12132.5966796875,12530.38671875,11933.701171875,11933.701171875,11933.701171875,8,12291.7126953125,12132.5966796875,12043.09384765625,11436.46404296875,15026.519287109375,22780.441879882812,48.78101935791642,117.49624657911045,124.10693437115764,-6.610687792047187,13005.014548840227,12043.09384765625,11081.173146472272,63.6363717519641,71.71718298883907,TTNP
2013-08-28,11933.701171875,12132.5966796875,11933.701171875,12132.5966796875,12132.5966796875,7,12212.1546875,12232.04423828125,12033.149072265625,11500.11044921875,14789.83419921875,22761.54685058594,51.50917595655756,108.03785536318901,120.89311856956391,-12.8552632063749,12987.016606066463,12033.149072265625,11079.281538464787,60.6060619586606,65.65657332129942,TTNP
2013-08-29,12132.5966796875,12132.5966796875,11933.701171875,12132.5966796875,12132.5966796875,6,12132.5966796875,12311.60224609375,12023.204296875,11563.75685546875,14561.104931640624,22746.62972167969,51.50917595655756,99.39623426395337,116.5937417084418,-17.197507444488423,12968.531711188138,12023.204296875,11077.87688256186,60.6060619586606,61.616165223095095,TTNP
2013-08-30,11933.701171875,12132.5966796875,11535.9111328125,11933.701171875,11933.701171875,4,12053.0384765625,12311.60224609375,11993.37001953125,11615.46955078125,14332.375654296875,22729.723642578127,48.512359600810484,75.6267044688102,108.40033426051548,-32.773629791705275,12910.015503837238,11993.37001953125,11076.724535225263,60.6060619586606,60.6060619586606,TTNP
2013-09-03,12331.4921875,12331.4921875,11535.9111328125,11734.806640625,11734.806640625,4,11973.48046875,12212.1546875,11973.480517578126,11663.20435546875,14103.646376953126,22708.83966308594,45.652017029998824,40.27578029063443,94.77542346653927,-54.499643175904836,12894.431529494304,11973.480517578126,11052.529505661947,54.54545725065463,58.58586038932527,TTNP
2013-09-04,11734.806640625,12132.5966796875,11535.9111328125,11933.701171875,11933.701171875,10,11973.48046875,12132.59658203125,11973.480517578126,11710.93916015625,13878.894990234376,22679.005405273438,48.896889757775625,27.98643443547553,81.41762566032652,-53.43119122485099,12894.431529494304,11973.480517578126,11052.529505661947,49.999991816767505,55.05050367536091,TTNP
2013-09-05,11933.701171875,12729.2822265625,11933.701171875,12729.2822265625,12729.2822265625,17,12092.817578125,12152.4861328125,12003.314794921875,11782.54138671875,13664.088359375,22650.165625,59.35144615848479,81.504251197126,81.43495076768642,0.06930042943957915,12979.928374585206,12003.314794921875,11026.701215258543,61.44781742513252,55.33108883085154,TTNP
2013-09-06,12729.2822265625,12928.1767578125,12132.5966796875,12530.38671875,12530.38671875,10,12172.3755859375,12152.4861328125,12033.149072265625,11846.18779296875,13433.3701171875,22623.314794921876,56.25309982744526,106.63903292338182,86.4757671988255,20.163265724556325,13035.54894199783,12033.149072265625,11030.749202533421,70.1058253654346,60.517878202444855,TTNP
2013-09-09,12530.38671875,12928.1767578125,11734.806640625,12530.38671875,12530.38671875,16,12291.7126953125,12172.3755859375,12082.8728515625,11913.812109375,13200.6629296875,22598.452919921874,56.25309982744526,125.11626609439918,94.20386697794024,30.912399116458943,13080.327423790617,12082.8728515625,11085.418279334384,77.2486940316178,69.60077894072829,TTNP
2013-09-10,12928.1767578125,13325.966796875,11933.701171875,12331.4921875,12331.4921875,24,12411.0498046875,12192.26513671875,12122.651904296876,11977.45853515625,12965.966796875,22570.6076171875,53.04177707612884,122.30067402218083,99.82322838678836,22.47744563539247,13092.762734046657,12122.651904296876,11152.541074547094,62.433883257904306,69.92946755165222,TTNP
2013-09-11,12530.38671875,12530.38671875,11734.806640625,12132.5966796875,12132.5966796875,31,12450.82890625,12212.1546875,12172.37568359375,12029.17125,12725.303818359374,22536.795463867187,49.969707016311396,102.83467762702821,100.42551823483633,2.4091593921918815,13031.086811631532,12172.37568359375,11313.664555555966,49.735473281049885,63.13935019019066,TTNP
2013-09-12,12132.5966796875,12530.38671875,11933.701171875,11933.701171875,11933.701171875,12,12291.7126953125,12192.26513671875,12212.1546875,12080.8839453125,12456.795517578124,22498.010932617188,47.03592766887839,70.5453273765288,94.44948006317483,-23.90415268664603,12939.142939121013,12212.1546875,11485.166435878988,33.33335151828914,48.500902685747775,TTNP
2013-09-13,11933.701171875,12530.38671875,11933.701171875,11933.701171875,11933.701171875,16,12172.3755859375,12172.3755859375,12241.988916015625,12136.57455078125,12200.220927734375,22461.215346679688,47.03592766887838,44.44346803637745,84.44827765781535,-40.0048096214379,12864.31160675705,12241.988916015625,11619.6662252742,25.925927946476477,36.33158424860516,TTNP
2013-09-16,12132.5966796875,12132.5966796875,11933.701171875,12132.5966796875,12132.5966796875,14,12092.817578125,12192.26513671875,12251.93369140625,12188.287265625,11975.46955078125,22423.42529296875,50.41239930674325,39.3531233869835,75.42924680364898,-36.07612341666548,12860.43595337226,12251.93369140625,11643.43142944024,25.925927946476477,28.395069137080696,TTNP
2013-09-17,12132.5966796875,12132.5966796875,11933.701171875,11933.701171875,11933.701171875,11,12013.259375,12212.15458984375,12212.154638671875,12212.15466796875,11756.685,22380.662861328125,47.17372978375206,19.05018466652291,64.15343437622377,-45.10324970970086,12794.07179185285,12212.154638671875,11630.2374854909,25.925927946476477,25.925927946476474,TTNP
2013-09-18,11933.701171875,12132.5966796875,11933.701171875,11933.701171875,11933.701171875,15,11973.4802734375,12212.15458984375,12172.3755859375,12196.243046875,11527.95572265625,22335.911474609376,47.173729783752066,2.926227724095952,51.90799304579821,-48.981765321702255,12714.889326983013,12172.3755859375,11629.861844891986,25.925927946476477,25.925927946476474,TTNP
2013-09-19,11933.701171875,11933.701171875,11535.9111328125,11734.806640625,11734.806640625,15,11933.7013671875,12112.70703125,12132.59658203125,12164.41984375,11327.07173828125,22290.165615234375,43.90267733978968,-25.6060798116996,36.405178474298644,-62.011258285998245,12680.912736045428,12132.59658203125,11584.280428017073,18.518522559619726,23.45679281752422,TTNP
2013-09-20,11734.806640625,11933.701171875,11734.806640625,11734.806640625,11734.806640625,5,11893.9224609375,12033.1490234375,12092.817578125,12124.64083984375,11114.2540625,22244.419755859373,43.90267733978968,-47.66864463533784,19.590413852371345,-67.25905848770918,12635.331261886458,12092.817578125,11550.30389436354,14.814828958669304,19.75309315492183,TTNP
2013-09-23,11734.806640625,12530.38671875,11734.806640625,12132.5966796875,12132.5966796875,15,11893.9224609375,11993.37001953125,12082.872802734375,12116.6850390625,11150.055166015625,22201.657329101563,51.67513508006169,-32.67835874989396,9.136659331918285,-41.81501808181224,12614.708176125778,12082.872802734375,11551.037429342972,18.518540744575635,17.283964087621552,TTNP
2013-09-24,11933.701171875,13127.072265625,11933.701171875,12729.2822265625,12729.2822265625,21,12053.038671875,12033.1490234375,12112.707080078126,12148.50826171875,11191.823125,22164.861748046875,60.51298858051521,27.03741722160703,12.716810909856033,14.320606311750996,12714.673078973978,12112.707080078126,11510.741081182274,37.03706330419547,23.456811002480134,TTNP
2013-09-25,12729.2822265625,12729.2822265625,12331.4921875,12530.38671875,12530.38671875,9,12172.37578125,12072.92802734375,12142.541357421875,12164.41986328125,11227.624228515626,22124.088271484376,56.78500527040442,57.64885455644071,21.703219639172968,35.94563491726774,12764.863910834709,12142.541357421875,11520.21880400904,51.851874077908974,35.80249270889336,TTNP
2013-09-26,12530.38671875,12729.2822265625,11933.701171875,12132.5966796875,12132.5966796875,21,12251.9337890625,12092.817578125,12142.541357421875,12160.441953125,11239.5579296875,22083.31479003906,50.13286369991709,49.24266867354345,27.211109446047065,22.031559227496384,12764.863910834709,12142.541357421875,11520.21880400904,51.851874077908974,46.913603820004475,TTNP
2013-09-27,12530.38671875,14519.3369140625,12331.4921875,13922.65234375,13922.65234375,135,12689.5029296875,12291.7126953125,12232.044140625,12192.26515625,11253.4805859375,22051.491586914064,68.1910588255187,184.8919188195814,58.74727132075394,126.14464749882747,13226.519687377162,12232.044140625,11237.568593872837,56.29631294563432,53.33335370048409,TTNP
2013-09-30,13922.65234375,14121.546875,13127.072265625,13325.966796875,13325.966796875,48,12928.176953125,12411.04970703125,12301.657421875,12216.13255859375,11275.35904296875,22017.679428710937,60.34638585413803,241.4639438975919,95.29060583612153,146.17333806147036,13393.04609121025,12301.657421875,11210.268752539749,57.77779256820943,55.308659863917576,TTNP
2013-10-01,13325.966796875,13723.7568359375,13127.072265625,13723.7568359375,13723.7568359375,15,13127.071875,12590.0552734375,12401.104931640624,12243.9778515625,11299.2264453125,21982.872802734375,63.371614826083764,314.76756844064766,139.18599835702676,175.5815700836209,13622.489140566544,12401.104931640624,11179.720722714705,71.11112129468742,61.72840893617706,TTNP
2013-10-02,13922.65234375,15712.70703125,13922.65234375,15314.9169921875,15314.9169921875,53,13683.9779296875,12928.17685546875,12570.16572265625,12307.6242578125,11333.038603515624,21949.060649414063,72.43166631902767,495.54224322861774,210.45724733134494,285.0849958972728,14311.377964597888,12570.16572265625,10828.95348071461,74.60317861128767,67.83069749139484,TTNP
2013-10-03,15911.6025390625,17701.658203125,15712.70703125,16309.392578125,16309.392578125,117,14519.337109375,13385.63544921875,12749.171240234375,12391.16017578125,11380.77341796875,21908.287172851564,76.3663405478598,710.8590039124574,310.53759864756745,400.32140526488996,15135.580269123247,12749.171240234375,10362.762211345502,80.40962719046313,75.3746423654794,TTNP
2013-10-04,16707.181640625,18895.02734375,16508.287109375,18696.1328125,18696.1328125,101,15474.033203125,14081.76806640625,13057.458544921876,12518.45298828125,11458.34248046875,21896.353471679686,82.7351342511887,1061.8487467469477,460.7998282674435,601.0489184795042,16575.765077796575,13057.458544921876,9539.152012047176,88.39761599511401,81.1368072656216,TTNP
2013-10-07,18696.1328125,23270.71875,18497.23828125,23270.71875,23270.71875,174,17462.98359375,15195.5802734375,13594.475146484376,12725.303828125,11587.6242578125,21908.287172851564,88.90599626860939,1689.6641044178796,706.5726834975308,983.0914209203488,19254.11377445273,13594.475146484376,7934.836518516023,91.57221879859559,86.79315399472425,TTNP
2013-10-08,23867.40234375,25259.66796875,17900.552734375,21480.662109375,21480.662109375,226,19014.3646484375,16070.71826171875,14051.933642578126,12896.35353515625,11693.03861328125,21910.276118164064,77.26791258741144,2019.4902611253838,969.1561990231014,1050.3340621022824,20633.255703410152,14051.933642578126,7470.6115817461,89.9203565498032,89.96339711450428,TTNP
2013-10-09,20287.29296875,21281.767578125,15911.6025390625,18099.447265625,18099.447265625,140,19571.270703125,16627.62431640625,14350.276171875,12999.7789453125,11762.651875,21890.386616210937,61.019535274006685,1985.160393390519,1172.3570378965849,812.8033554939341,21095.457373264006,14350.276171875,7605.094970485996,73.17419635571515,84.88892390137131,TTNP
2013-10-10,17900.552734375,20287.29296875,17701.658203125,19292.818359375,19292.818359375,56,20167.955859375,17343.646484375,14718.23203125,13139.00546875,11846.18779296875,21868.50816894531,63.90456643904251,2030.8385569926559,1344.053341715799,686.7852152768569,21694.884601838326,14718.23203125,7741.579460661674,58.46831640960704,73.85428977170847,TTNP
2013-10-11,19889.501953125,21082.873046875,19491.712890625,19889.501953125,19889.501953125,49,20406.6296875,17940.3314453125,15116.0220703125,13290.1656640625,11935.690546875,21852.596567382814,65.28793289074162,2091.081523908946,1493.4589781544285,597.6225457545177,22315.912175696245,15116.0220703125,7916.131964928753,54.21422468028598,61.95224581520272,TTNP
2013-10-14,20088.3984375,21082.873046875,19889.501953125,20685.08203125,20685.08203125,19,19889.50234375,18676.24296875,15543.646337890625,13453.2595703125,12033.1491015625,21841.657338867186,67.09854162665248,2177.9155181934,1630.3502861622228,547.5652320311774,22995.47080107641,15543.646337890625,8091.821874704837,60.418496632064716,57.70034590731924,TTNP
2013-10-15,20883.978515625,21082.873046875,18895.02734375,19292.818359375,19292.818359375,55,19451.93359375,19233.14912109375,15911.602197265625,13596.46400390625,12118.673974609375,21827.73469238281,61.092928483380696,2110.0645311362823,1726.2931351570346,383.7713959792477,23340.803979513086,15911.602197265625,8482.400415018164,60.199006433485955,58.277242581945536,TTNP
2013-10-16,18895.02734375,19292.818359375,18099.447265625,19093.921875,19093.921875,30,19650.828515625,19611.049609375,16269.613232421874,13739.66841796875,12204.198828125,21813.81203613281,60.263104331242324,2016.9922202310045,1784.4329521718287,232.5592680591758,23586.78781752457,16269.613232421874,8952.438647319177,57.73440522674101,59.450636097430554,TTNP
2013-10-17,18895.02734375,19093.921875,17900.552734375,18298.341796875,18298.341796875,25,19451.933203125,19809.94453125,16597.789990234374,13862.9833203125,12285.74578125,21779.999877929688,56.93196515231437,1857.6215747399074,1799.0706766854444,58.550898054463005,23656.15366208101,16597.789990234374,9539.426318387737,50.05150692714793,55.99497286245829,TTNP
2013-10-18,18099.447265625,18099.447265625,16309.392578125,17701.658203125,17701.658203125,54,19014.364453125,19710.4970703125,16896.132568359375,13978.3424609375,12363.314853515625,21731.270600585936,54.498791895694964,1663.9903655261987,1772.0546144535951,-108.06424892739642,23602.72992789465,16896.132568359375,10189.535208824102,44.21185159676059,50.665921250216506,TTNP
2013-10-21,17701.658203125,17900.552734375,16508.287109375,17104.97265625,17104.97265625,18,18298.342578125,19093.9224609375,17144.7513671875,14089.72369140625,12434.9170703125,21682.54132324219,52.10080187193624,1445.7233019695777,1706.7883519567918,-261.065049987214,23485.230128159074,17144.7513671875,10804.272606215924,36.13268156943824,43.465346697782245,TTNP
2013-10-22,17104.97265625,17104.97265625,15911.6025390625,16707.181640625,16707.181640625,18,17781.215234375,18616.5744140625,17343.646337890626,14193.1491015625,12504.530322265626,21624.861762695313,50.50532040943576,1226.5082474868177,1610.732331062797,-384.2240835759792,23358.831620789715,17343.646337890626,11328.461054991536,25.397253924830792,35.24726236367653,TTNP
2013-10-23,16309.392578125,19690.607421875,16309.392578125,18298.341796875,18298.341796875,22,17622.09921875,18636.4638671875,17632.044091796874,14336.353515625,12588.06623046875,21552.265073242186,56.27346370251032,1167.711413875113,1522.1281476252602,-354.41673375014716,23235.485532679835,17632.044091796874,12028.60265091391,21.33958132675687,27.623172273675294,TTNP
2013-10-24,18298.341796875,18696.1328125,16906.078125,17701.658203125,17701.658203125,12,17502.7625,18477.3478515625,17910.49716796875,14467.6242578125,12673.591103515624,21474.696020507814,53.74403369072187,1060.739574776202,1429.8504330554485,-369.1108582792465,22914.55515884714,17910.49716796875,12906.439177090364,18.36583657548951,21.70089060902572,TTNP
2013-10-25,17701.658203125,18497.23828125,17104.97265625,17900.552734375,17900.552734375,4,17542.54140625,18278.4529296875,18109.3921875,14598.89498046875,12763.0938671875,21396.13249511719,54.478545160458026,980.7077594590919,1340.0218983361772,-359.31413887708527,22767.911047699967,18109.3921875,13450.873327300036,21.985815010117307,20.563744304121226,TTNP
2013-10-28,17502.76171875,17900.552734375,17104.97265625,17303.8671875,17303.8671875,5,17582.3203125,17940.3314453125,18308.28720703125,14706.29830078125,12842.651875,21310.607631835937,51.820049201244814,859.2297664034159,1243.863471949625,-384.63370554620906,22443.151590206508,18308.28720703125,14173.422823855995,22.11715281351699,20.822934799707934,TTNP
2013-10-29,17303.8671875,17701.658203125,17104.97265625,17303.8671875,17303.8671875,4,17701.657421875,17741.436328125,18487.292724609375,14797.79,12922.2098828125,21209.171166992186,51.820049201244814,754.2629084093278,1145.9433592415655,-391.68045083223774,22088.28144111328,18487.292724609375,14886.30400810547,24.70852784255658,22.937165222063623,TTNP
2013-10-30,16906.078125,17502.76171875,16906.078125,16906.078125,16906.078125,12,17423.2046875,17522.651953125,18566.85078125,14881.32591796875,12997.79,21110.718139648438,49.9359636270493,631.6958675773858,1043.0938609087295,-411.39799333134374,21947.539492645155,18566.85078125,15186.162069854843,24.02658844820013,23.617423034757895,TTNP
2013-10-31,16906.078125,17303.8671875,16906.078125,17104.97265625,17104.97265625,4,17303.867578125,17403.3150390625,18606.62978515625,14972.81763671875,13075.3590625,21010.276147460936,50.897272840007865,544.3349763406513,943.3420839951139,-399.0071076544625,21897.66620389232,18606.62978515625,15315.593366420177,23.07692307692295,23.937346455893216,TTNP
2013-11-01,16906.078125,16906.078125,16508.287109375,16707.181640625,16707.181640625,8,17065.193359375,17303.8673828125,18507.1822265625,15056.35353515625,13150.939169921876,20912.81758300781,48.87588929053959,437.9539694091327,842.2644610779176,-404.31049166878495,21900.018788228514,18507.1822265625,15114.345664896491,19.230766083372025,22.111425869498362,TTNP
2013-11-04,16707.181640625,16906.078125,15513.8125,16309.392578125,16309.392578125,26,16866.2984375,17224.309375,18159.11591796875,15135.91154296875,13222.54138671875,20815.35901855469,46.87121873585198,317.88363740398927,737.388296343132,-419.5046589391427,20889.416110108185,18159.11591796875,15428.815725829314,19.169713617168277,20.492467592487746,TTNP
2013-11-05,16508.287109375,16508.287109375,15314.9169921875,15712.70703125,15712.70703125,15,16548.06640625,17124.8619140625,17870.7181640625,15207.51375,13292.1546484375,20704.972280273436,43.95868858058035,172.58998736544163,624.4286345475939,-451.8386471821523,20343.023879227636,17870.7181640625,15398.412448897361,14.507708955163617,17.636062885234633,TTNP
2013-11-06,15712.70703125,16110.4970703125,14519.3369140625,15116.0224609375,15116.0224609375,21,16190.0552734375,16806.62998046875,17721.546923828126,15271.16017578125,13353.812109375,20591.602119140625,41.2015314575897,9.190324462844728,501.38097253064404,-492.1906480677993,20465.721407451314,17721.546923828126,14977.37244020494,13.225667115303558,15.634363229211813,TTNP
2013-11-07,15116.0224609375,15314.9169921875,14917.126953125,15314.9169921875,15314.9169921875,4,15832.044140625,16567.955859375,17522.65185546875,15334.80658203125,13417.458515625,20474.254047851562,42.49625089159346,-103.06785707865129,380.491206608785,-483.55906368743626,20357.58595425104,17522.65185546875,14687.71775668646,12.00466515205895,13.246013740842036,TTNP
2013-11-08,15314.9169921875,15314.9169921875,14320.4423828125,14718.232421875,14718.232421875,11,15434.254296875,16249.723828125,17264.08837890625,15386.519296875,13475.138076171876,20356.905991210937,39.6738381841791,-237.44363048135165,256.90423919075766,-494.3478696721093,20131.489441495643,17264.08837890625,14396.687316316857,11.443498148730766,12.224610138697754,TTNP
2013-11-11,14519.3369140625,15911.6025390625,14519.3369140625,15911.6025390625,15911.6025390625,9,15354.6962890625,16110.49736328125,17025.414404296876,15466.07732421875,13540.7734375,20247.51373046875,47.223469939469766,-244.82026832342126,156.55933768792187,-401.3796060113431,19478.847073973277,17025.414404296876,14571.981734620476,17.47388526307923,13.640682854622975,TTNP
2013-11-12,16110.4970703125,19093.921875,16110.4970703125,18895.02734375,18895.02734375,32,15991.1603515625,16269.61337890625,17005.524853515624,15609.28173828125,13636.243046875,20159.999921875,60.52420356298654,-9.815709354832507,123.28432827937098,-133.1000376342035,19390.60679283928,17005.524853515624,14620.44291419197,44.29012770485934,24.402503705556438,TTNP
2013-11-13,18895.02734375,18895.02734375,16309.392578125,16707.181640625,16707.181640625,30,16309.3921875,16249.72373046875,16886.187841796876,15704.75134765625,13707.84525390625,20060.552412109377,50.47759087810544,-0.11247041955721215,98.60496853958534,-98.71743895914256,19071.86208067385,16886.187841796876,14700.5136029199,58.487654934870285,40.08388930093628,TTNP
2013-11-14,16707.181640625,16707.181640625,14917.126953125,15911.6025390625,15911.6025390625,20,16428.729296875,16130.38671875,16766.85087890625,15768.39775390625,13775.4695703125,19931.27063964844,47.39660857885307,-55.97393553315487,67.6891877250373,-123.66312325819217,18890.841034141296,16766.85087890625,14642.860723671205,59.72222421120259,54.166668950310736,TTNP
2013-11-15,16110.4970703125,16707.181640625,15911.6025390625,16110.4970703125,16110.4970703125,13,16707.1822265625,16070.71826171875,16687.292822265626,15839.9999609375,13843.093876953126,19786.077265625,48.24706049708579,-83.23593065881141,37.504164048267555,-120.74009470707897,18784.291477429273,16687.292822265626,14590.29416710198,40.277775788797136,52.82921831162333,TTNP
2013-11-18,15911.6025390625,17900.552734375,15911.6025390625,16508.287109375,16508.287109375,29,16826.519140625,16090.60771484375,16657.458544921876,15919.55796875,13916.6850390625,19621.988857421875,49.98855135990431,-71.91394730602042,15.620541777409958,-87.53448908343037,18746.803021939922,16657.458544921876,14568.114067903829,38.88889002544904,46.296296675149584,TTNP
2013-11-19,16508.287109375,18099.447265625,16110.4970703125,16309.392578125,16309.392578125,14,16309.3921875,16150.27626953125,16637.569091796875,15999.1159765625,13988.287255859375,19482.76234375,49.09891666974759,-78.09014577826747,-3.1215957337255276,-74.96855004454194,18732.208318122663,16637.569091796875,14542.92986547109,41.666668371506965,40.27777806191771,TTNP
2013-11-20,16309.392578125,17104.97265625,15911.6025390625,15911.6025390625,15911.6025390625,7,16150.2763671875,16229.83427734375,16518.23212890625,16074.69609375,14051.933671875,19347.513735351564,47.286355201648284,-113.77167025264134,-25.25161063750869,-88.52005961513265,18489.10009433826,16518.23212890625,14547.364163474238,40.277782608158866,40.277780335038294,TTNP
2013-11-21,16110.4970703125,16110.4970703125,14320.4423828125,15314.9169921875,15314.9169921875,20,16030.9392578125,16229.83427734375,16398.895068359376,16142.32041015625,14111.602177734376,19208.28720703125,44.62515892483789,-188.02958438922724,-57.8072053878524,-130.22237900137483,18357.682757239727,16398.895068359376,14440.107379479023,31.9444475699851,37.962966183216984,TTNP
2013-11-22,14917.126953125,15712.70703125,14320.4423828125,14718.232421875,14718.232421875,6,15752.486328125,16229.83427734375,16239.779052734375,16198.01103515625,14167.29279296875,19070.055166015623,42.075100107993855,-291.66484370191756,-104.57873305066543,-187.0861106512521,18201.795317058564,16239.779052734375,14277.762788410186,20.833334185753415,31.018521454632463,TTNP
2013-11-25,14718.232421875,15712.70703125,14718.232421875,14917.126953125,14917.126953125,8,15434.254296875,16130.38671875,16120.442041015625,16253.701640625,14220.994453125,18948.72919921875,43.239440088941954,-353.67051339189493,-154.39708911891134,-199.2734242729836,18099.32241527256,16120.442041015625,14141.561666758693,13.88888491092775,22.22222222222209,TTNP
2013-11-26,14917.126953125,15513.8125,14917.126953125,15116.0224609375,15116.0224609375,4,15195.5802734375,15752.48623046875,16011.0498046875,16317.34806640625,14264.7513671875,18820.441909179688,44.44211171343867,-382.3537125156163,-199.98841379825234,-182.36529871736394,17957.78389368022,16011.0498046875,14064.315715694778,12.499999147579652,15.740739414753607,TTNP
2013-11-27,15314.9169921875,15712.70703125,14917.126953125,15513.8125,15513.8125,7,15116.022265625,15633.14931640625,15941.4365234375,16388.95029296875,14292.596669921875,18699.115952148437,46.866928493218104,-368.73645842789847,-233.73802272418158,-134.9984357037169,17854.450748722575,15941.4365234375,14028.422298152427,18.055555839695497,14.814813299400967,TTNP
2013-11-29,15314.9169921875,15513.8125,14917.126953125,15314.9169921875,15314.9169921875,2,15116.022265625,15573.48076171875,15851.933740234375,16460.5525,14312.486171875,18576.795517578124,45.790792609041404,-369.7318530458924,-260.93678878852376,-108.79506425736867,17705.39604399837,15851.933740234375,13998.471436470381,20.833334185753415,17.129629724342855,TTNP
2013-12-02,15116.0224609375,15314.9169921875,14917.126953125,15116.0224609375,15116.0224609375,8,15195.5802734375,15474.03330078125,15772.37578125,16528.17681640625,14326.408828125,18453.480610351562,44.685816545149784,-382.16448262641825,-285.1823275561027,-96.98215507031557,17608.68401357315,15772.37578125,13936.067548926849,20.833334185753415,19.907408070400777,TTNP
2013-12-03,15116.0224609375,15314.9169921875,14519.3369140625,14718.232421875,14718.232421875,10,15155.8013671875,15295.02783203125,15692.8177734375,16579.88953125,14348.28728515625,18333.149116210938,42.478040922994666,-419.2825347571579,-312.00236899631375,-107.28016576084417,17566.657749013608,15692.8177734375,13818.977797861393,15.398550181602332,19.021739517703054,TTNP
2013-12-04,15116.0224609375,15116.0224609375,13723.7568359375,14121.546875,14121.546875,27,14956.90625,15076.24326171875,15613.259765625,16607.73482421875,14378.12154296875,18212.817631835936,39.33841175585813,-491.18432823130206,-347.83876084331143,-143.34556738799063,17608.16770294412,15613.259765625,13618.351828305882,11.48441075644142,15.905431707932388,TTNP
2013-12-05,14121.546875,14718.232421875,13524.8623046875,14320.4423828125,14320.4423828125,11,14718.2322265625,14917.12724609375,15573.48076171875,16643.5359375,14403.977900390624,18100.44193359375,40.906314400699465,-526.053791689179,-383.48176701248497,-142.572024676694,17637.010400807452,15573.48076171875,13509.95112263005,11.72595613237094,12.869639023471564,TTNP
2013-12-06,14320.4423828125,14320.4423828125,13524.8623046875,14121.546875,14121.546875,4,14479.558203125,14797.790234375,15513.812255859375,16683.31494140625,14421.878447265624,17990.0551953125,39.79852556974549,-563.2445652017395,-419.4343266503359,-143.81023855140364,17670.699968914756,15513.812255859375,13356.924542803994,13.175228091454775,12.128531660089045,TTNP
2013-12-09,14121.546875,14519.3369140625,13524.8623046875,13922.65234375,13922.65234375,13,14240.8841796875,14718.2322265625,15474.033251953126,16683.31494140625,14437.790048828125,17871.71265625,38.67072705427347,-601.8301245468901,-455.91348622964676,-145.91663831724338,17715.81906885321,15474.033251953126,13232.247435053043,13.043476095174425,12.648220106333381,TTNP
2013-12-10,14320.4423828125,16508.287109375,13723.7568359375,16309.392578125,16309.392578125,30,14559.1162109375,14857.4587890625,15493.92275390625,16742.98345703125,14479.5580078125,17754.364599609376,55.10995928412385,-434.8072805560878,-451.69224509493495,16.884964538847157,17757.83373808004,15493.92275390625,13230.01176973246,33.17229995305498,19.797001379894727,TTNP
2013-12-11,16508.287109375,17900.552734375,15116.0224609375,16110.4970703125,16110.4970703125,33,14956.90625,14956.90625,15354.696240234374,16790.71826171875,14517.348056640625,17638.011010742186,53.81539171320091,-314.860166593282,-424.32582939460434,109.46566280132237,17031.087348283196,15354.696240234374,13678.305132185553,48.521442937267075,31.579072995165493,TTNP
2013-12-12,16110.4970703125,16110.4970703125,15314.9169921875,15314.9169921875,15314.9169921875,5,15155.801171875,14937.01669921875,15285.0830078125,16790.71826171875,14549.171259765624,17520.662939453126,48.87020800755907,-280.7614349162304,-395.61295049892954,114.85151558269911,16842.444964678423,15285.0830078125,13727.721050946577,59.259251819956944,46.984331570093,TTNP
2013-12-13,15314.9169921875,16707.181640625,15314.9169921875,15911.6025390625,15911.6025390625,5,15513.8123046875,14996.68525390625,15285.0830078125,16782.7624609375,14586.961318359376,17407.29276855469,52.40287686543201,-203.2474968439983,-357.1398597679433,153.89236292394497,16842.444964678423,15285.0830078125,13727.721050946577,51.51514407584921,53.09861294435774,TTNP
2013-12-16,15911.6025390625,16508.287109375,15314.9169921875,15314.9169921875,15314.9169921875,10,15792.265234375,15016.57470703125,15245.30400390625,16715.13814453125,14616.79556640625,17294.917080078125,48.7737687843942,-187.79983973647722,-323.27185576165004,135.47201602517282,16756.251761605436,15245.30400390625,13734.356246207066,45.454538015243145,52.0763113036831,TTNP
2013-12-17,14917.126953125,15513.8125,14917.126953125,14917.126953125,14917.126953125,7,15513.812109375,15036.46416015625,15165.74599609375,16548.06630859375,14636.685068359375,17178.56349609375,46.46356459868823,-205.28934409612157,-299.6753534285443,94.38600933242276,16565.803134377726,15165.74599609375,13765.688857809773,42.42423498494012,46.464639025344155,TTNP
2013-12-18,15116.0224609375,15116.0224609375,13922.65234375,13922.65234375,13922.65234375,18,15076.2431640625,15016.57470703125,15046.408984375,16396.90611328125,14646.62982421875,17059.226484375,41.20852921789645,-295.9837753924694,-298.93703782132934,2.9532624288599436,16443.07127919686,15046.408984375,13649.746689553142,27.27271983342497,38.38383094453608,TTNP
2013-12-19,14121.546875,14718.232421875,13922.65234375,14121.546875,14121.546875,14,14837.569140625,14996.68515625,14956.906201171874,16317.34810546875,14658.563525390626,16955.80107421875,42.60663060655525,-347.80140111875335,-308.70991048081413,-39.091490637939216,16349.73949336079,14956.906201171874,13564.072908982958,18.18181074251588,29.29292185362699,TTNP
2013-12-20,14320.4423828125,15513.8125,14320.4423828125,14519.3369140625,14519.3369140625,11,14559.116015625,15036.46416015625,14917.127197265625,16221.8784765625,14680.44197265625,16857.348032226564,45.4030877557153,-352.7031685731781,-317.5085620992869,-35.19460647389121,16312.230825721317,14917.127197265625,13522.023568809933,15.151507712212847,20.202012762717896,TTNP
2013-12-23,13325.966796875,13922.65234375,10541.4365234375,12729.2822265625,12729.2822265625,109,14041.9890625,14917.1271484375,14817.6796875,16078.67408203125,14684.419873046874,16746.961298828126,36.73015002649922,-495.32056066911537,-353.0709618132526,-142.24959885586276,16507.702232369316,14817.6796875,13127.657142630684,22.031116145976245,18.45481153356832,TTNP
2013-12-24,12928.1767578125,13325.966796875,11337.0166015625,11535.9111328125,11535.9111328125,91,13365.7458984375,14439.77900390625,14648.618896484375,15895.6906640625,14674.4751171875,16626.629799804687,32.30036933828208,-696.6108490130082,-421.7789392532037,-274.8319097598045,16860.82888098185,14648.618896484375,12436.408911986899,21.990167314116757,19.72426372410195,TTNP
2013-12-26,11933.701171875,12530.38671875,11734.806640625,12132.5966796875,12132.5966796875,58,13007.734765625,14041.98896484375,14499.447607421875,15752.48623046875,14674.4751171875,16502.320400390625,36.428707394533504,-798.7794831612082,-497.1790480348046,-301.60043512640357,16954.492426210014,14499.447607421875,12044.402788633737,21.621620187015466,21.88096788236949,TTNP
2013-12-27,12530.38671875,13325.966796875,12132.5966796875,12331.4921875,12331.4921875,30,12649.723828125,13743.646484375,14340.331591796876,15617.23763671875,14678.45302734375,16378.011005859375,37.79049641679691,-853.8569254385893,-568.5146235155615,-285.3423019230278,16921.06643870378,14340.331591796876,11759.596744889972,19.819818504764168,21.143868668632134,TTNP
2013-12-30,12530.38671875,12530.38671875,11734.806640625,12331.4921875,12331.4921875,30,12212.1548828125,13385.63544921875,14191.1603515625,15497.90064453125,14680.441982421875,16241.767919921875,37.790496416796906,-887.2782044258402,-632.2673396976172,-255.01086472822294,16872.262349679637,14191.1603515625,11510.058353445362,23.423426292635337,21.62162166147166,TTNP
2013-12-31,12132.5966796875,12729.2822265625,11933.701171875,12132.5966796875,12132.5966796875,25,12092.8177734375,13067.40341796875,14041.9890625,15386.5194140625,14682.4309375,16099.557973632813,36.87439602441699,-919.217842951597,-689.6574403484132,-229.5604026031839,16830.494490923367,14041.9890625,11253.483634076632,23.423426292635337,22.222223696678284,TTNP
2014-01-02,11933.701171875,12331.4921875,11933.701171875,12132.5966796875,12132.5966796875,27,12212.1548828125,12788.950390625,13912.707275390625,15287.07189453125,14688.39779296875,16041.87841796875,36.87439602441699,-933.7663592558056,-738.4792241298917,-195.2871351259139,16801.755949352784,13912.707275390625,11023.658601428468,23.91746772968109,23.58810677165059,TTNP
2014-01-03,12132.5966796875,12331.4921875,12132.5966796875,12132.5966796875,12132.5966796875,21,12212.1548828125,12609.94482421875,13813.259765625,15195.5801953125,14694.3646484375,15977.237534179687,36.87439602441699,-934.5235573943646,-777.6880907827863,-156.83546661157834,16801.918154039788,13813.259765625,10824.601377210212,24.41150916672684,23.917467729681093,TTNP
2014-01-06,12331.4921875,12729.2822265625,12132.5966796875,12530.38671875,12530.38671875,15,12251.9337890625,12450.82880859375,13723.756982421875,15080.22109375,14708.2873046875,15917.569028320313,40.478656562175864,-892.7344239606773,-800.6973574183645,-92.0370665423128,16753.23577906031,13723.756982421875,10694.278185783442,28.31541354883275,25.548130148413563,TTNP
2014-01-07,12530.38671875,12729.2822265625,12132.5966796875,12132.5966796875,12132.5966796875,20,12212.1546875,12212.15478515625,13624.30947265625,14968.83986328125,14718.232060546876,15812.15466796875,38.13385535632321,-881.552576962511,-816.8684013271939,-64.68417563531716,16724.77611697927,13624.30947265625,10523.842828333234,30.379927949184893,27.70228355491483,TTNP
2014-01-08,12132.5966796875,12331.4921875,11933.701171875,12132.5966796875,12132.5966796875,17,12212.1546875,12152.48623046875,13534.806689453126,14853.4807421875,14726.187861328124,15693.812124023438,38.13385535632322,-862.745687411667,-826.0438585440885,-36.701828867578456,16698.363254041462,13534.806689453126,10371.250124864788,32.444442349537034,30.37992794918489,TTNP
2014-01-09,12132.5966796875,12530.38671875,11933.701171875,11933.701171875,11933.701171875,12,12172.3755859375,12192.265234375,13316.022119140625,14746.077421875,14726.187861328124,15581.436430664062,36.89453822045722,-854.0453935160003,-831.6441655384708,-22.401227977529516,16280.75917147481,13316.022119140625,10351.28506680644,30.666660381944684,31.163676893555532,TTNP
2014-01-10,11933.701171875,12530.38671875,11933.701171875,12530.38671875,12530.38671875,16,12251.93359375,12232.04423828125,13137.0166015625,14650.6078125,14724.19890625,15476.022075195313,42.89083072399734,-789.8973658582454,-823.2948056024258,33.39743974418036,15824.602960010076,13137.0166015625,10449.430243114924,33.33332678674794,32.14814317274321,TTNP
2014-01-13,12530.38671875,12928.1767578125,12132.5966796875,12331.4921875,12331.4921875,13,12212.1546875,12232.04423828125,12987.845361328125,14559.11609375,14720.221005859376,15371.602192382812,41.476093713948806,-746.5034906607652,-807.9365426140937,61.43305195332846,15500.85871037631,12987.845361328125,10474.832012279941,40.31372225631864,34.77123647500375,TTNP
2014-01-14,12331.4921875,12530.38671875,12132.5966796875,12530.38671875,12530.38671875,16,12291.7126953125,12251.93369140625,12818.7845703125,14467.624375,14720.221005859376,15273.149155273437,43.48366033865992,-688.1320475925313,-783.9756436097812,95.84359601724987,14947.890571272146,12818.7845703125,10689.678569352855,50.98039311279988,41.54248071862215,TTNP
2014-01-15,12729.2822265625,12928.1767578125,12132.5966796875,12530.38671875,12530.38671875,14,12371.270703125,12291.7126953125,12679.558056640624,14384.0884765625,14720.221005859376,15179.668491210938,43.48366033865992,-634.5574748457093,-754.0920098569668,119.5345350112575,14475.680414815508,12679.558056640624,10883.43569846574,54.313727755450266,48.53594770818959,TTNP
2014-01-16,12331.4921875,12530.38671875,12132.5966796875,12331.4921875,12331.4921875,15,12450.82890625,12311.60224609375,12550.276318359374,14304.53046875,14720.221005859376,15089.171254882813,41.81990644633244,-601.2179006868519,-723.5171880229439,122.299287336092,14027.465375546302,12550.276318359374,11073.087261172446,49.166676895707035,51.48693258798573,TTNP
2014-01-17,12331.4921875,12729.2822265625,12132.5966796875,12530.38671875,12530.38671875,13,12450.82890625,12351.38125,12480.663037109374,14240.8840625,14724.19890625,14985.745844726562,44.122333779382245,-552.3794352411751,-689.2896374665901,136.910202225415,13817.113336667255,12480.663037109374,11144.212737551494,51.38889911792925,51.62310125636218,TTNP
2014-01-21,12331.4921875,13723.7568359375,12331.4921875,13325.966796875,13325.966796875,22,12649.723828125,12430.9392578125,12440.884033203125,14205.08294921875,14738.1215625,14882.320424804688,52.26063717234444,-444.3556804661712,-640.3028460665063,195.9471656003351,13617.394832960535,12440.884033203125,11264.373233445715,60.64816039773917,53.73457880379181,TTNP
2014-01-22,13325.966796875,14917.126953125,13325.966796875,14519.3369140625,14519.3369140625,32,13047.5138671875,12669.61328125,12440.884033203125,14189.17134765625,14761.98896484375,14775.91158203125,61.353179466331596,-259.4601859754566,-564.1343140482963,304.6741280728397,13617.394832960535,12440.884033203125,11264.373233445715,77.0370397849859,63.024699766884765,TTNP
2014-01-23,14718.232421875,15314.9169921875,14718.232421875,14917.126953125,14917.126953125,31,13524.8619140625,12948.06630859375,12550.27626953125,14193.14923828125,14789.834267578124,14675.469599609374,63.82640548329282,-79.90969360338204,-467.2893899593135,387.37969635593146,14145.905334375735,12550.27626953125,10954.647204686766,84.22658283495961,73.97059433922823,TTNP
2014-01-24,15116.0224609375,16707.181640625,14917.126953125,15911.6025390625,15911.6025390625,28,14240.883984375,13345.8564453125,12769.06083984375,14193.14923828125,14829.61328125,14580.994467773438,69.1429488598126,141.00580663304027,-345.6303506408427,486.636157273883,14868.699116233083,12769.06083984375,10669.422563454418,86.07843948562113,82.44735403518888,TTNP
2014-01-27,15911.6025390625,16309.392578125,13524.8623046875,13922.65234375,13922.65234375,47,14519.337109375,13485.0830078125,12858.563623046875,14093.70173828125,14851.49173828125,14477.569057617187,52.51799935900651,153.81815384025867,-245.74064974462243,399.5588035848811,14994.348079638663,12858.563623046875,10722.779166455088,71.07844557758315,80.46115596605463,TTNP
2014-01-28,14917.126953125,14917.126953125,13524.8623046875,13922.65234375,13922.65234375,14,14638.67421875,13644.1990234375,12938.121630859376,14038.01115234375,14871.38125,14375.138120117188,52.517999359006495,162.10340417252155,-164.17183896119363,326.2752431337152,15107.71916037082,12938.121630859376,10768.524101347932,55.55557601363643,70.90415369228025,TTNP
2014-01-29,13922.65234375,13922.65234375,13127.072265625,13723.7568359375,13723.7568359375,15,14479.558203125,13763.53603515625,13007.73486328125,13994.25423828125,14881.32599609375,14272.707177734375,51.09322469539966,150.8810566110751,-101.16125984673988,252.042316457815,15184.34096231041,13007.73486328125,10831.12876425209,40.2777948261785,55.6372721391327,TTNP
2014-01-30,13723.7568359375,14917.126953125,13325.966796875,14320.4423828125,14320.4423828125,13,14360.2212890625,13942.5416015625,13117.1271484375,13958.45314453125,14899.226552734375,14166.298334960937,55.034382289172235,187.9680238665096,-43.33540310408998,231.3034269705996,15326.474169711939,13117.1271484375,10907.78012716306,43.05557260395627,46.29631448125707,TTNP
2014-01-31,13922.65234375,14519.3369140625,13723.7568359375,13922.65234375,13922.65234375,7,13962.43125,14101.6576171875,13206.629931640626,13906.74044921875,14913.149208984374,14056.906069335937,52.024459083923716,183.15014012300162,1.9617055413283424,181.18843458167328,15394.11373429765,13206.629931640626,11019.1461289836,42.21016010673662,41.84784251229047,TTNP
2014-02-03,13922.65234375,14121.546875,12729.2822265625,12928.1767578125,12928.1767578125,30,13763.5361328125,14141.43662109375,13246.408935546875,13839.1161328125,14919.1160546875,13942.54142578125,45.34722046463316,97.95687802554676,21.160740038172026,76.79613798737473,15382.656500559575,13246.408935546875,11110.161370534175,35.50725876510182,40.257663825264906,TTNP
2014-02-04,13524.8623046875,13922.65234375,12729.2822265625,13325.966796875,13325.966796875,4,13644.1990234375,14141.43662109375,13286.187939453124,13787.40341796875,14931.049755859374,13828.176787109374,48.21057343143871,61.82624128722091,29.2938402879818,32.53240099923911,15397.100659128208,13286.187939453124,11175.275219778041,27.53623838114287,35.08455241766044,TTNP
2014-02-05,13723.7568359375,13922.65234375,13127.072265625,13325.966796875,13325.966796875,6,13564.641015625,14022.099609375,13345.8564453125,13747.6244140625,14944.972412109375,13700.88396484375,48.2105734314387,32.81418981090064,29.99791019256557,2.8162796183350736,15389.351759791633,13345.8564453125,11302.361130833367,23.188408272181345,28.743968472808678,TTNP
2014-02-06,13325.966796875,13524.8623046875,12928.1767578125,13325.966796875,13325.966796875,3,13365.7458984375,13862.98359375,13405.524951171876,13719.7791015625,14958.895068359376,13579.557998046876,48.2105734314387,9.709999169213916,25.940327987895238,-16.230328818681322,15372.072953580704,13405.524951171876,11438.976948763047,26.086959306204026,25.603868653176082,TTNP
2014-02-07,13524.8623046875,13524.8623046875,12928.1767578125,13325.966796875,13325.966796875,5,13246.4087890625,13604.42001953125,13475.138232421876,13687.9558984375,14970.82876953125,13473.14916015625,48.2105734314387,-8.502229956542578,19.051816399007674,-27.554046355550252,15323.364371885022,13475.138232421876,11626.91209295873,24.967061750992514,24.747476443125965,TTNP
2014-02-10,13127.072265625,13325.966796875,12928.1767578125,13127.072265625,13127.072265625,9,13286.187890625,13524.86201171875,13504.972509765625,13648.17689453125,14982.76248046875,13369.723740234374,46.56970488488621,-38.54040934331533,7.533371250543071,-46.0737805938584,15309.992849016115,13504.972509765625,11699.952170515135,19.604742800581242,23.55292128592593,TTNP
2014-02-11,13127.072265625,13325.966796875,12928.1767578125,13325.966796875,13325.966796875,10,13286.187890625,13465.19345703125,13554.696240234374,13604.41998046875,14996.68513671875,13262.3204296875,48.45887081791748,-45.7691581153631,-3.127134622638163,-42.64202349272493,15280.733905907262,13554.696240234374,11828.658574561487,15.909086834381156,20.16029712865164,TTNP
2014-02-12,13325.966796875,13524.8623046875,12729.2822265625,12928.1767578125,12928.1767578125,11,13206.6298828125,13385.63544921875,13574.5857421875,13556.68517578125,15008.618837890624,13167.845288085937,45.029639746204765,-82.6436606042571,-19.03043981896195,-63.61322078529514,15261.679985962812,13574.5857421875,11887.49149841219,9.999994271735813,15.171274635566073,TTNP
2014-02-13,12928.1767578125,13325.966796875,12928.1767578125,13127.072265625,13127.072265625,4,13166.8509765625,13266.2984375,13604.42001953125,13516.906171875,15022.541494140625,13068.397778320312,47.04738630521623,-94.72582391844298,-34.169516638858155,-60.55630727958483,15236.8139649969,13604.42001953125,11972.0260740656,10.370363823782743,12.093148309966574,TTNP
2014-02-14,13325.966796875,13325.966796875,12928.1767578125,13127.072265625,13127.072265625,5,13127.0720703125,13186.7404296875,13644.1990234375,13485.08296875,15032.48625,13091.270708007813,47.047386305216236,-103.11240971823463,-47.95809525473345,-55.15431446350118,15186.88617224816,13644.1990234375,12101.511874626842,11.430974101121542,10.600444065546704,TTNP
2014-02-18,13127.072265625,13325.966796875,12928.1767578125,13127.072265625,13127.072265625,12,13127.0720703125,13206.62998046875,13674.03330078125,13465.1934765625,15036.464150390624,13114.143637695313,47.047386305216236,-108.50802640219445,-60.06808148422565,-48.439944917968795,15151.088394337914,13674.03330078125,12196.978207224585,15.824918530117115,12.542085485007137,TTNP
2014-02-19,12928.1767578125,13325.966796875,12928.1767578125,13325.966796875,13325.966796875,5,13127.0720703125,13206.62998046875,13674.03330078125,13445.30396484375,15044.419951171874,13136.02208984375,49.368573230972665,-95.6325722924521,-67.18097964587093,-28.45159264658116,15151.088394337914,13674.03330078125,12196.978207224585,21.212118506919712,16.15600371271946,TTNP
2014-02-20,13325.966796875,13723.7568359375,13127.072265625,13127.072265625,13127.072265625,4,13166.851171875,13186.74052734375,13604.420068359375,13425.41447265625,15054.36470703125,13146.961318359376,47.143084536560195,-100.3213663256447,-73.80905698182569,-26.512309343819012,15046.374774984823,13604.420068359375,12162.465361733928,22.55892052167212,19.86531918623632,TTNP
2014-02-21,13127.072265625,13524.8623046875,12928.1767578125,13127.072265625,13127.072265625,8,13166.851171875,13166.85107421875,13514.917333984375,13409.50287109375,15046.40890625,13149.94474609375,47.14308453656021,-102.85165947044516,-79.61757747954958,-23.234081990895575,14837.08325776618,13514.917333984375,12192.751410202569,26.02212597237091,23.264388333654253,TTNP
2014-02-24,13325.966796875,13723.7568359375,12928.1767578125,13127.072265625,13127.072265625,10,13166.851171875,13146.96162109375,13375.6908203125,13345.85646484375,15044.4199609375,13159.889501953125,47.1430845365602,-103.66198419106877,-84.42645882185342,-19.235525369215352,14118.557838381543,13375.6908203125,12632.823802243458,28.042333402975718,25.541126632339587,TTNP
2014-02-25,12928.1767578125,13524.8623046875,12928.1767578125,13524.8623046875,13524.8623046875,7,13246.4091796875,13186.740625,13355.801318359376,13294.14376953125,15042.431015625,13170.82873046875,52.4926746619099,-71.38298210462199,-81.81776347840713,10.434781373785142,14059.28271975459,13355.801318359376,12652.319916964161,42.85714619723877,32.30720185752847,TTNP
2014-02-26,13524.8623046875,13524.8623046875,13127.072265625,13325.966796875,13325.966796875,6,13246.4091796875,13186.740625,13325.967041015625,13254.364765625,15022.541513671875,13177.79005859375,49.77981264815296,-61.14599269310929,-77.68340932134757,16.537416628238276,13979.602832896508,13325.967041015625,12672.331249134742,53.333326786744095,41.41093546231953,TTNP
2014-02-27,13325.966796875,13325.966796875,12928.1767578125,13325.966796875,13325.966796875,8,13286.1880859375,13226.51962890625,13306.0775390625,13202.65205078125,14992.707255859375,13186.740336914063,49.779812648152955,-52.428738963937576,-72.63247524986556,20.203736285927988,13933.779725682165,13306.0775390625,12678.375352442836,62.222209129043854,52.80422737100891,TTNP
2014-02-28,13127.072265625,13524.8623046875,13127.072265625,13325.966796875,13325.966796875,5,13325.9669921875,13246.40908203125,13256.353759765625,13162.873046875,14939.005595703125,13198.674038085937,49.77981264815296,-45.001503262008555,-67.10628085229416,22.104777590285607,13678.742357439594,13256.353759765625,12833.965162091656,59.999980360232506,58.51850542534016,TTNP
2014-03-03,13325.966796875,13524.8623046875,13127.072265625,13524.8623046875,13524.8623046875,10,13405.525,13286.1880859375,13236.4642578125,13135.02775390625,14841.54703125,13214.58564453125,52.82487448887838,-22.803297991840736,-58.24568428020348,35.44238628836274,13556.555440803297,13236.4642578125,12916.373074821704,66.66666666666656,62.962952051980984,TTNP
2014-03-04,13127.072265625,13524.8623046875,12928.1767578125,13127.072265625,13127.072265625,14,13325.9669921875,13286.1880859375,13246.409033203125,13119.11615234375,14758.0111328125,13225.524873046876,46.72301427594546,-36.88421381089029,-53.973390186340836,17.08917637545055,13538.723686031059,13246.409033203125,12954.09438037519,60.000013093178154,62.22222004002575,TTNP
2014-03-05,13127.072265625,13723.7568359375,12928.1767578125,13723.7568359375,13723.7568359375,12,13405.525,13325.96708984375,13266.29853515625,13111.1603515625,14714.254228515625,13238.453051757813,55.10094179529865,0.1028316983829427,-43.15814580939608,43.260977507779025,13624.30940721069,13266.29853515625,12908.287663101808,73.33335297310062,66.66667757764846,TTNP
2014-03-06,13922.65234375,15513.8125,13723.7568359375,15314.9169921875,15314.9169921875,50,13803.3150390625,13544.7515625,13365.746044921874,13127.071953125,14674.47521484375,13260.33150390625,69.06919163917095,156.01026920053846,-3.3244628074091693,159.33473200794762,14328.693609393215,13365.746044921874,12402.798480450534,77.43589817190835,70.25642141272905,TTNP
2014-03-07,15314.9169921875,16309.392578125,15314.9169921875,15513.8125,15513.8125,22,14240.8841796875,13783.4255859375,13475.138330078125,13182.76255859375,14630.7183203125,13283.20443359375,70.31248708135773,292.2483844570652,55.79010664548571,236.45827781157948,14817.49549010888,13475.138330078125,12132.78117004737,89.59275550304442,80.12066888268447,TTNP
2014-03-10,15712.70703125,16309.392578125,15314.9169921875,15513.8125,15513.8125,19,14638.67421875,14022.099609375,13584.530615234375,13262.3205859375,14579.005625,13306.07736328125,70.31248708135773,395.65718262719747,123.76352184182807,271.89366078536943,15191.03119159182,13584.530615234375,11978.03003887693,81.7496193807696,82.92609101857414,TTNP
2014-03-11,15712.70703125,15911.6025390625,14917.126953125,15116.0224609375,15116.0224609375,11,15036.4642578125,14181.215625,13683.978125,13321.9891015625,14537.237666015624,13327.9558203125,64.31595589974005,440.43401930106484,187.09762133367542,253.33639796738942,15406.918837679357,13683.978125,11961.037412320642,72.54902357203808,81.29713281861738,TTNP
2014-03-12,15513.8125,15513.8125,14320.4423828125,14519.3369140625,14519.3369140625,8,15195.5802734375,14300.55263671875,13743.646630859375,13365.74599609375,14491.49181640625,13347.845322265624,56.528251059430225,422.8975483483846,234.25760673661725,188.63994161176734,15495.278388998504,13743.646630859375,11992.014872720247,62.74509860552916,72.34791385277896,TTNP
2014-03-13,14519.3369140625,14718.232421875,14320.4423828125,14519.3369140625,14519.3369140625,7,15036.4642578125,14419.8896484375,13823.204638671876,13409.502890625,14453.701767578124,13369.723774414062,56.528251059430225,404.33880274901094,268.27384593909596,136.06495680991497,15563.96216630597,13823.204638671876,12082.447111037782,52.941173639020235,62.745098605529165,TTNP
2014-03-14,14519.3369140625,14519.3369140625,13922.65234375,14320.4423828125,14320.4423828125,7,14797.790234375,14519.33720703125,13882.87314453125,13453.2598046875,14419.889609375,13391.602231445313,54.00049485830194,369.32439498313033,288.4839557479028,80.8404392352275,15605.81378957036,13882.87314453125,12159.932499492139,45.09803751674543,53.59476992043162,TTNP
2014-03-17,14121.546875,14320.4423828125,13922.65234375,13922.65234375,13922.65234375,8,14479.558203125,14559.1162109375,13922.6521484375,13489.06091796875,14388.06640625,13411.49173828125,49.25645296842199,305.95009068313266,291.97718273494877,13.972907948183888,15610.332353022397,13922.6521484375,12234.971943852604,39.215690238704745,45.75163379815681,TTNP
2014-03-18,13922.65234375,14320.4423828125,13922.65234375,13922.65234375,13922.65234375,2,14240.8841796875,14638.67421875,13962.43115234375,13524.86203125,14360.22111328125,13432.375717773437,49.25645296842199,252.8112472494231,284.14399563784366,-31.332748388420555,15610.2617038124,13962.43115234375,12314.6006008751,33.333342960664055,39.21569023870475,TTNP
2014-03-19,13922.65234375,14320.4423828125,13127.072265625,14320.4423828125,14320.4423828125,13,14201.1052734375,14698.3427734375,14012.154931640625,13560.66314453125,14320.442119140625,13454.254174804688,53.948515356828885,240.02974913113758,275.32114633650247,-35.29139720536489,15640.059333783174,14012.154931640625,12384.250529498077,33.333342960664055,35.29412538667763,TTNP
2014-03-20,14320.4423828125,14320.4423828125,13922.65234375,13922.65234375,13922.65234375,3,14081.768359375,14559.11630859375,14051.933935546875,13596.4642578125,14282.652060546876,13478.12158203125,49.062883808893844,195.54783439380844,259.3664839479637,-63.81864955415523,15629.486198839442,14051.933935546875,12474.381672254307,33.333342960664055,33.33334296066406,TTNP
2014-03-21,13922.65234375,14121.546875,13723.7568359375,13723.7568359375,13723.7568359375,6,13962.43125,14380.1107421875,14081.7681640625,13628.2874609375,14240.8841015625,13501.988984375,46.781636458449796,142.60255772973142,236.01369870431722,-93.4111409745858,15610.027644222382,14081.7681640625,12553.508683902617,31.37255411642994,32.679746679252695,TTNP
2014-03-24,13922.65234375,13922.65234375,13325.966796875,13524.8623046875,13524.8623046875,10,13882.8732421875,14181.21572265625,14101.657666015624,13660.11068359375,14203.094052734376,13522.872963867187,44.550850724601055,83.62988482790752,205.53693592903528,-121.90705110112776,15589.520107604061,14101.657666015624,12613.795224427187,23.529417994155136,29.411771690416387,TTNP
2014-03-25,13524.8623046875,13723.7568359375,12928.1767578125,13325.966796875,13325.966796875,10,13763.5361328125,14002.21015625,14091.712890625,13676.02228515625,14163.315048828124,13542.762465820313,42.37476229639869,20.60686828641701,168.55092240051164,-147.94405411409463,15597.415297471303,14091.712890625,12586.010483778697,17.647061088783612,24.183011066456242,TTNP
2014-03-26,13524.8623046875,13922.65234375,12928.1767578125,13127.072265625,13127.072265625,18,13524.862109375,13862.98369140625,14081.7681640625,13691.93388671875,14125.524990234375,13561.657495117188,40.25715155345747,-44.87120549436804,125.86649682153569,-170.73770231590373,15610.027644222382,14081.7681640625,12553.508683902617,11.764713810742931,17.647064297893905,TTNP
2014-03-27,13723.7568359375,13922.65234375,13325.966796875,13325.966796875,13325.966796875,4,13405.525,13743.6466796875,14081.7681640625,13707.84548828125,14087.734931640625,13581.546997070312,43.3081645510532,-79.79410746798203,84.73437596363215,-164.52848343161418,15610.027644222382,14081.7681640625,12553.508683902617,9.803924966508811,13.071899955345131,TTNP
2014-03-28,13325.966796875,14320.4423828125,13127.072265625,13325.966796875,13325.966796875,7,13325.9669921875,13644.19912109375,14081.7681640625,13723.75708984375,14053.922783203125,13602.4309765625,43.30816455105321,-106.24602089496693,46.53829659191233,-152.78431748687927,15610.027644222382,14081.7681640625,12553.508683902617,10.326800622417538,10.631813133223107,TTNP
2014-03-31,13325.966796875,13524.8623046875,12928.1767578125,13325.966796875,13325.966796875,5,13286.187890625,13584.53056640625,14071.823388671875,13743.64658203125,14024.088525390625,13623.314956054688,43.3081645510532,-125.75967362670781,12.078702548188296,-137.8383761748961,15616.944664997955,14071.823388671875,12526.702112345796,13.494215937958863,11.208313842295084,TTNP
2014-04-01,13127.072265625,13723.7568359375,13127.072265625,13127.072265625,13127.072265625,5,13246.408984375,13504.97255859375,14071.823388671875,13755.58029296875,13998.232177734375,13645.193413085937,40.71142447213828,-155.48121972847912,-21.433281907145187,-134.04793782133393,15616.944664997955,14071.823388671875,12526.702112345796,13.276359662727794,12.365792074368079,TTNP
2014-04-02,13524.8623046875,13524.8623046875,13127.072265625,13524.8623046875,13524.8623046875,8,13325.9669921875,13425.41455078125,14061.878662109375,13759.558203125,13982.320576171875,13668.066342773438,47.492461384576124,-145.26292686615307,-46.19921089894676,-99.0637159672063,15618.351401562944,14061.878662109375,12505.405922655806,21.331926174722156,16.03416725846962,TTNP
2014-04-03,13325.966796875,13524.8623046875,13127.072265625,13325.966796875,13325.966796875,7,13325.9669921875,13365.74599609375,13962.43115234375,13735.69080078125,13962.43107421875,13689.944794921876,44.737278646329145,-151.46803220559923,-67.25297516027726,-84.21505704532197,15438.012530383374,13962.43115234375,12486.849774304126,25.727528198662554,20.111938012037516,TTNP
2014-04-04,13325.966796875,13524.8623046875,12928.1767578125,13325.966796875,13325.966796875,3,13325.9669921875,13325.9669921875,13853.0388671875,13703.86759765625,13948.50841796875,13711.823247070313,44.73727864632915,-154.60345055182552,-84.72307023858691,-69.8803803132386,15168.004369775197,13853.0388671875,12538.073364599804,31.547622596472063,26.202358989952273,TTNP
2014-04-07,13325.966796875,13325.966796875,12729.2822265625,12928.1767578125,12928.1767578125,15,13246.408984375,13266.2984375,13723.757080078125,13644.19908203125,13918.67416015625,13729.723798828125,39.431304044745524,-187.0306509414404,-105.18458637915761,-81.84606456228279,14855.887515790135,13723.757080078125,12591.626644366115,23.214268805057745,26.82980653339747,TTNP
2014-04-08,12928.1767578125,13127.072265625,12729.2822265625,12928.1767578125,12928.1767578125,4,13206.6298828125,13226.51943359375,13614.364794921876,13624.3095703125,13859.005654296874,13747.624350585938,39.431304044745524,-210.30517374308874,-126.20870385194384,-84.0964698911449,14600.65160257264,13614.364794921876,12628.077987271112,17.85711905896808,24.206336820165976,TTNP
2014-04-09,12928.1767578125,12928.1767578125,12729.2822265625,12729.2822265625,12729.2822265625,8,13047.5138671875,13186.7404296875,13524.862060546875,13600.44216796875,13819.22666015625,13763.53595703125,36.89390629984379,-242.0097889866247,-149.36892087888,-92.6408681077447,14491.090828687222,13524.862060546875,12558.633292406528,8.33331287525224,16.468233579759367,TTNP
2014-04-10,12729.2822265625,12928.1767578125,12729.2822265625,12729.2822265625,12729.2822265625,6,12928.176953125,13127.07197265625,13435.359326171874,13580.55267578125,13787.40345703125,13781.436513671875,36.893906299843785,-264.09164094111475,-172.31346489132696,-91.77817604978779,14346.593918432918,13435.359326171874,12524.12473391083,4.166656437626064,10.11902945728214,TTNP
2014-04-11,13325.966796875,13325.966796875,12729.2822265625,12729.2822265625,12729.2822265625,7,12808.8400390625,13067.403515625,13355.801318359376,13548.72947265625,13753.59130859375,13798.342592773437,36.8939062998438,-278.38264585199795,-193.52730108346117,-84.85534476853678,14220.708912494623,13355.801318359376,12490.893724224128,-1.1131836193574902e-13,4.166656437626076,TTNP
2014-04-14,12729.2822265625,12928.1767578125,11734.806640625,12530.38671875,12530.38671875,12,12729.28203125,12987.8455078125,13286.188037109376,13520.88416015625,13713.8123046875,13815.248671875,34.149268751454635,-302.27315863215335,-215.2764725931996,-86.99668603895375,14180.994689934187,13286.188037109376,12391.381384284565,10.256408319550774,4.807688252392254,TTNP
2014-04-15,12530.38671875,12530.38671875,11734.806640625,11933.701171875,11933.701171875,8,12530.3869140625,12868.5083984375,13186.740478515625,13500.9946484375,13670.055390625,13829.171323242188,27.532066643035463,-365.1449355339046,-245.2501651813406,-119.89477035256397,14209.455717328166,13186.740478515625,12164.025239703084,12.820504104645535,7.692304141398746,TTNP
2014-04-16,11933.701171875,12530.38671875,11734.806640625,12331.4921875,12331.4921875,6,12450.82890625,12749.17138671875,13087.29296875,13481.10515625,13634.254287109376,13843.093979492187,36.38248547984212,-378.5096377229238,-271.9020596896572,-106.60757803326658,14033.6656000115,13087.29296875,12140.9203374885,20.512816639101658,14.529909687766002,TTNP
2014-04-17,12530.38671875,12928.1767578125,12331.4921875,12331.4921875,12331.4921875,1,12371.2708984375,12649.72392578125,13007.7349609375,13461.2156640625,13604.4200390625,13858.011108398438,36.38248547984212,-384.66705809639643,-294.45505937100506,-90.21199872539137,13926.9657033956,13007.7349609375,12088.5042184794,20.256416502783168,17.863245748843468,TTNP
2014-04-21,12729.2822265625,12729.2822265625,12132.5966796875,12530.38671875,12530.38671875,5,12331.491796875,12570.16591796875,12948.066455078126,13445.3040625,13582.54158203125,13874.9171875,40.589901521291516,-369.2413472568496,-309.41231694817395,-59.82903030867567,13827.713338368294,12948.066455078126,12068.419571787957,31.025654051021736,23.9316290643022,TTNP
2014-04-22,12530.38671875,12530.38671875,12132.5966796875,12331.4921875,12331.4921875,4,12291.712890625,12510.4974609375,12888.39794921875,13425.4145703125,13556.685234375,13888.83984375,37.89115968523091,-368.81402818305287,-321.2926591951497,-47.521368987903145,13765.34229863829,12888.39794921875,12011.45359979921,34.4444586893287,28.575509747711212,TTNP
2014-04-23,12132.5966796875,12331.4921875,11933.701171875,11933.701171875,11933.701171875,1,12291.712890625,12411.04990234375,12818.78466796875,13401.5471484375,13524.862021484376,13894.806694335937,33.14465744487819,-396.00884179978675,-336.23589571607715,-59.7729460837096,13764.111724769495,12818.78466796875,11873.457611168005,28.148144107046722,31.206085615799065,TTNP
2014-04-24,11933.701171875,12331.4921875,11734.806640625,12331.4921875,12331.4921875,10,12291.712890625,12371.2708984375,12779.0056640625,13381.65765625,13493.038818359375,13892.817744140624,41.09156178119337,-381.06978179950966,-345.2026729327637,-35.86710886674598,13735.978135684842,12779.0056640625,11822.03319244016,25.925927946476474,29.50617691428398,TTNP
2014-04-25,12132.5966796875,12331.4921875,11734.806640625,11933.701171875,11933.701171875,5,12212.1546875,12291.71279296875,12709.3923828125,13361.76814453125,13459.22666015625,13885.856416015626,36.42834132719243,-396.755331116392,-355.51320456948935,-41.242126546902625,13699.082696232954,12709.3923828125,11719.702069392048,18.981467211339567,24.351846421620934,TTNP
2014-04-28,11933.701171875,12331.4921875,11535.9111328125,11734.806640625,11734.806640625,5,12053.038671875,12192.265234375,12629.834375,13333.92283203125,13425.414501953124,13875.911665039062,34.33053028796431,-420.3893812949591,-368.4884399145833,-51.9009413803758,13663.323456804801,12629.834375,11596.3452931952,18.98148539629548,21.29629351803719,TTNP
2014-04-29,11734.806640625,12132.5966796875,11734.806640625,11933.701171875,11933.701171875,5,11973.48046875,12132.5966796875,12560.22109375,13310.05541015625,13397.569189453125,13872.928237304688,38.16533843017474,-418.2490946822145,-378.44057086810955,-39.808523814104944,13584.289384463867,12560.22109375,11536.152803036133,15.277773610389147,17.74690873934141,TTNP
2014-04-30,11933.701171875,12729.2822265625,11734.806640625,12729.2822265625,12729.2822265625,7,12132.5966796875,12212.15478515625,12540.331591796876,13302.099609375,13383.64654296875,13880.88404296875,50.593582407478486,-348.3407051423728,-372.4205977229622,24.079892580589387,13534.60810163115,12540.331591796876,11546.055081962602,33.333351518289135,22.530870174991268,TTNP
2014-05-01,12729.2822265625,12928.1767578125,12530.38671875,12729.2822265625,12729.2822265625,4,12212.1546875,12251.9337890625,12500.552587890625,13290.16591796875,13367.73494140625,13885.856420898437,50.5935824074785,-289.5994802306177,-355.8563742244933,66.25689399387562,13392.481186463312,12500.552587890625,11608.623989317937,51.851874077908974,33.487666402195764,TTNP
2014-05-02,12729.2822265625,12928.1767578125,11734.806640625,12132.5966796875,12132.5966796875,5,12251.9337890625,12232.04423828125,12440.88408203125,13270.27640625,13347.845439453125,13884.861943359376,43.064712592065725,-287.87572108772656,-342.26024359713995,54.38452250941339,13260.708386003482,12440.88408203125,11621.05977805902,58.73018965695388,47.971805084384016,TTNP
2014-05-05,10939.2265625,12729.2822265625,10939.2265625,12530.38671875,12530.38671875,7,12411.0498046875,12232.04423828125,12401.105078125,13258.3426953125,13333.922783203125,13885.856416015626,48.56043413013775,-251.5120238159434,-324.11059964090066,72.59857582495727,13115.745039748528,12401.105078125,11686.465116501471,63.174621978094386,57.918895237652436,TTNP
2014-05-06,12530.38671875,12729.2822265625,11933.701171875,12132.5966796875,12132.5966796875,9,12450.82890625,12212.1546875,12361.32607421875,13238.45318359375,13292.15482421875,13885.856416015626,43.9878603367958,-251.88825244484906,-309.66613020169035,57.77787775684129,13041.942882006273,12361.32607421875,11680.709266431228,60.95238763256822,60.952399755872186,TTNP
2014-05-07,11933.701171875,12132.5966796875,11535.9111328125,11535.9111328125,11535.9111328125,6,12212.1546875,12172.37568359375,12291.71279296875,13198.67416015625,13246.40896484375,13881.878510742188,38.18029923291787,-296.9113441134232,-307.1151729840369,10.203828870613734,13009.94202443908,12291.71279296875,11573.48356149842,56.66665848343417,60.26455603136561,TTNP
2014-05-08,11535.9111328125,11734.806640625,11535.9111328125,11535.9111328125,11535.9111328125,4,11973.48046875,12092.817578125,12232.04423828125,13162.873046875,13208.61890625,13878.895083007812,38.180299232917875,-328.8022410718404,-311.4525866015976,-17.349654470242797,12992.021679604532,12232.04423828125,11472.06679695797,39.999983633535116,52.53967658317919,TTNP
2014-05-09,11734.806640625,11933.701171875,11337.0166015625,11535.9111328125,11535.9111328125,6,11854.143359375,12053.03857421875,12172.37568359375,13127.07193359375,13164.8619921875,13875.911655273438,38.180299232917875,-350.04095246579163,-319.17025977443643,-30.870692691355202,12953.909753455238,12172.37568359375,11390.84161373226,29.999975450302717,42.22220585575735,TTNP
2014-05-12,11535.9111328125,13524.8623046875,11337.0166015625,12331.4921875,12331.4921875,10,11814.364453125,12112.70712890625,12152.486181640625,13107.18244140625,13135.027744140625,13875.911655273438,49.32246040929675,-299.2267424721267,-315.1815563139745,15.954813841847795,12895.619928718048,12152.486181640625,11409.352434563201,37.948704487542116,35.98288785712667,TTNP
2014-05-13,12729.2822265625,12928.1767578125,12331.4921875,12530.38671875,12530.38671875,3,11893.9224609375,12172.37568359375,12152.486181640625,13087.2929296875,13111.160341796874,13873.922705078125,51.667781766623975,-240.13881770532862,-300.1730085922453,60.03419088691669,12895.619928718048,12152.486181640625,11409.352434563201,48.461529309876276,38.80340308257373,TTNP
2014-05-14,12530.38671875,12928.1767578125,12530.38671875,12928.1767578125,12928.1767578125,3,12172.3755859375,12192.26513671875,12202.2099609375,13083.31501953125,13101.2155859375,13873.922705078125,56.04878402454659,-159.37569612287552,-272.01354609837136,112.63784997549584,13010.370679500185,12202.2099609375,11394.049242374815,64.10255829198587,50.17093069646811,TTNP
2014-05-15,12928.1767578125,13325.966796875,12530.38671875,13127.072265625,13127.072265625,9,12490.6078125,12232.044140625,12241.98896484375,13071.381328125,13091.27083984375,13874.917182617188,58.09413262213933,-78.41719060032301,-233.2942749987617,154.87708439843868,13144.499656263026,12241.98896484375,11339.478273424473,74.35896661153676,62.30768473779966,TTNP
2014-05-16,13127.072265625,13325.966796875,12530.38671875,12729.2822265625,12729.2822265625,3,12729.28203125,12291.7126953125,12261.878466796876,13019.6686328125,13073.37029296875,13876.9061328125,52.80167094999183,-45.827057587919626,-195.8008315165933,149.97377392867367,13188.610336424957,12261.878466796876,11335.146597168794,76.92307498621744,71.79486662991339,TTNP
2014-05-19,13127.072265625,13127.072265625,12530.38671875,12729.2822265625,12729.2822265625,4,12808.8400390625,12311.60224609375,12271.8232421875,12963.97802734375,13073.37029296875,13878.895083007812,52.80167094999183,-19.77123192192994,-160.59491159766063,140.8236796757307,13214.007026069045,12271.8232421875,11329.639458305955,74.35897920112268,75.21367359962565,TTNP
2014-05-20,12729.2822265625,13127.072265625,12729.2822265625,13127.072265625,13127.072265625,5,12928.1771484375,12411.0498046875,12311.60224609375,12916.24322265625,13089.281904296875,13881.878510742188,57.3119285902405,32.600728418767176,-121.95578359437506,154.55651201314225,13324.99205648931,12311.60224609375,11298.21243569819,74.35897920112268,75.21367779615429,TTNP
2014-05-21,12729.2822265625,12928.1767578125,12132.5966796875,12530.38671875,12530.38671875,10,12848.619140625,12510.49736328125,12341.4365234375,12864.5305078125,13093.2598046875,13883.8674609375,49.647979610918185,25.662525762119913,-92.43212172307607,118.09464748519598,13343.639125764483,12341.4365234375,11339.233921110517,71.79487082644201,73.50427640956248,TTNP
2014-05-22,12530.38671875,12729.2822265625,12530.38671875,12530.38671875,12530.38671875,1,12729.28203125,12609.944921875,12351.38125,12824.75150390625,13095.24875,13886.850888671876,49.64797961091819,19.93416156375315,-69.95886506571023,89.89302662946338,13356.9333983561,12351.38125,11345.829101643902,69.23076245176132,71.79487082644202,TTNP
2014-05-23,12331.4921875,12729.2822265625,12331.4921875,12729.2822265625,12729.2822265625,7,12729.28203125,12729.28203125,12391.160302734375,12788.95041015625,13099.226650390625,13889.83431640625,52.12302467261198,31.08526531858115,-49.750038988851955,80.8353043074331,13390.398077742238,12391.160302734375,11391.922527726512,62.237757195524836,67.75446349124273,TTNP
2014-05-27,12928.1767578125,13127.072265625,12132.5966796875,12132.5966796875,12132.5966796875,9,12609.944921875,12709.39248046875,12411.0498046875,12745.19349609375,13099.226650390625,13890.828793945313,44.979875990347054,-8.13121001246327,-41.42627319357422,33.29506318111095,13372.353484765066,12411.0498046875,11449.746124609934,53.846149972435,61.77155653990707,TTNP
2014-05-28,12331.4921875,13325.966796875,12331.4921875,13127.072265625,13127.072265625,9,12609.944921875,12769.06103515625,12470.718359375,12729.28189453125,13109.17140625,13898.784599609375,55.8417593139841,40.56768038714472,-25.02748247743043,65.59516286457514,13453.992842477572,12470.718359375,11487.443876272428,60.6060619586606,58.896656375540154,TTNP
2014-05-29,13127.072265625,13524.8623046875,12530.38671875,13524.8623046875,13524.8623046875,5,12808.8400390625,12828.72958984375,12510.49736328125,12721.32609375,13123.0940625,13908.72935546875,59.30269611571669,109.99231067800974,1.9764761536576074,108.01583452435213,13591.872445904379,12510.49736328125,11429.122280658123,72.72727137467253,62.393161101922715,TTNP
2014-05-30,12928.1767578125,13524.8623046875,12928.1767578125,13325.966796875,13325.966796875,1,12967.9560546875,12848.61904296875,12540.331591796876,12701.43658203125,13131.04986328125,13919.668583984376,56.90132098117734,147.2650453461738,31.034189992160844,116.23085535401295,13675.77708176925,12540.331591796876,11404.8861018245,90.90908549869043,74.74747294400787,TTNP
2014-06-02,13127.072265625,13325.966796875,12928.1767578125,12928.1767578125,12928.1767578125,7,13007.7349609375,12868.50849609375,12580.110595703125,12681.5470703125,13139.0056640625,13928.618862304687,52.33669229408079,143.05655747896708,53.43866348952209,89.61789398944498,13711.36751035221,12580.110595703125,11448.85368105404,82.68396924079474,82.10677537138591,TTNP
2014-06-03,11933.701171875,13524.8623046875,11933.701171875,13325.966796875,13325.966796875,4,13246.408984375,12928.176953125,12619.889599609374,12673.59126953125,13150.939365234375,13938.56361328125,56.12692491662584,169.86157371928675,76.72324553547503,93.13832818381172,13796.400769174612,12619.889599609374,11443.378430044137,78.51729490235242,84.03678321394587,TTNP
2014-06-04,12928.1767578125,13127.072265625,12530.38671875,12729.2822265625,12729.2822265625,7,13166.8509765625,12888.39794921875,12649.723876953125,12657.67966796875,13158.89517578125,13942.541518554688,49.73776784146312,141.32814124766628,89.64422467791329,51.683916569752995,13805.371170507004,12649.723876953125,11494.076583399246,64.88094825802347,75.36073746705688,TTNP
2014-06-05,12729.2822265625,13325.966796875,12729.2822265625,12928.1767578125,12928.1767578125,6,13047.5138671875,12928.176953125,12719.337158203125,12649.7238671875,13162.873076171874,13943.535991210938,51.71102209436162,133.22854119158,98.36108798064663,34.86745321093338,13760.263700742318,12719.337158203125,11678.410615663932,66.66666666666656,70.02163660901415,TTNP
2014-06-06,12928.1767578125,13723.7568359375,12729.2822265625,12928.1767578125,12928.1767578125,5,12967.955859375,12967.95595703125,12788.950439453125,12645.74595703125,13168.839921875,13944.530463867188,51.711022094361624,125.36442671810437,103.76175572813818,21.602670989966185,13679.32530175308,12788.950439453125,11898.57557715317,56.01853023139538,62.522048385361806,TTNP
2014-06-09,12928.1767578125,13723.7568359375,12928.1767578125,13325.966796875,13325.966796875,7,13047.5138671875,13027.6244140625,12878.45322265625,12645.74595703125,13176.79572265625,13948.508364257812,55.741345623149364,149.50696776275254,112.91079813506106,36.59616962769148,13588.650530058709,12878.45322265625,12168.25591525379,65.27778128217109,62.654326060077686,TTNP
2014-06-10,13524.8623046875,13524.8623046875,13127.072265625,13127.072265625,13127.072265625,3,13007.7349609375,13127.07197265625,12918.2322265625,12641.76806640625,13182.762578125,13951.491791992188,53.34399764341147,150.85205050129116,120.49904860830708,30.353001892984082,13589.484600669244,12918.2322265625,12246.979852455757,66.66668485162246,62.65433212172965,TTNP
2014-06-11,13325.966796875,13723.7568359375,13127.072265625,13524.8623046875,13524.8623046875,8,13166.8509765625,13166.8509765625,12967.956005859374,12645.7459765625,13194.696279296875,13957.458642578125,57.29950572458519,181.9193172957148,132.78310234578862,49.13621494992617,13663.804491943069,12967.956005859374,12272.10751977568,77.77780202438555,69.90742271939304,TTNP
2014-06-12,13723.7568359375,14121.546875,13127.072265625,14121.546875,14121.546875,6,13405.525,13226.51943359375,13027.62451171875,12665.63546875,13210.607880859376,13967.403393554687,62.44303096131188,251.78538301660956,156.5835584799528,95.20182453665674,13885.413351805231,13027.62451171875,12169.835671632269,85.1852074112423,76.54323142908345,TTNP
2014-06-13,13723.7568359375,14320.4423828125,13723.7568359375,14320.4423828125,14320.4423828125,3,13683.978125,13325.9669921875,13087.293017578126,12681.5470703125,13220.55263671875,13979.337099609374,63.99970912322258,319.52071281697863,189.170989347358,130.34972346962064,14113.868884342677,13087.293017578126,12060.717150813574,96.29630639904947,86.41977194489245,TTNP
2014-06-16,14320.4423828125,14718.232421875,13922.65234375,14519.3369140625,14519.3369140625,10,13922.6521484375,13485.0830078125,13176.795751953125,12705.41447265625,13220.55263671875,13991.27080078125,65.53797579577251,384.81467212989446,228.2997259038653,156.51494622602917,14362.683879634606,13176.795751953125,11990.907624271644,97.61904260890698,93.03351880639958,TTNP
2014-06-17,14519.3369140625,14917.126953125,14121.546875,14519.3369140625,14519.3369140625,8,14201.105078125,13604.42001953125,13266.298486328125,12729.281875,13216.574736328124,14003.204501953125,65.53797579577252,431.58555566987343,268.9568918570669,162.6286638128065,14568.111597663072,13266.298486328125,11964.485374993179,93.17459889186085,95.69664929993911,TTNP
2014-06-18,14917.126953125,14917.126953125,14718.232421875,14917.126953125,14917.126953125,6,14479.5580078125,13823.2044921875,13355.801220703124,12769.06087890625,13206.62998046875,14018.121630859376,68.64557427663483,495.04359511307666,314.17423250826886,180.8693626048078,14840.336352066595,13355.801220703124,11871.266089339653,93.17459889186085,94.65608013087625,TTNP
2014-06-19,15314.9169921875,17104.97265625,15116.0224609375,16906.078125,16906.078125,48,15036.4642578125,14220.99462890625,13574.585791015625,12848.61890625,13236.46423828125,14043.97798828125,78.8938061156268,697.782681377832,390.89592228218146,306.8867590956505,15671.490462872423,13574.585791015625,11477.681119158826,94.27350839040638,93.54090205804272,TTNP
2014-06-20,16707.181640625,16707.181640625,14519.3369140625,15513.8125,15513.8125,47,15275.13828125,14479.558203125,13723.757080078125,12904.30951171875,13252.37583984375,14061.878544921876,63.297570301683045,737.6079819399292,460.23833421373104,277.3696477261982,15924.223079405581,13723.757080078125,11523.291080750669,88.46154378790162,91.9698836900563,TTNP
2014-06-23,15314.9169921875,15513.8125,14917.126953125,15314.9169921875,15314.9169921875,9,15434.254296875,14678.45322265625,13853.038818359375,12956.02220703125,13268.28744140625,14074.80671875,61.429298755667986,744.5380432164729,517.0982760142795,227.43976720219348,16107.757751865254,13853.038818359375,11598.319884853496,75.4180633613375,86.05103851321519,TTNP
2014-06-24,15314.9169921875,15712.70703125,15116.0224609375,15513.8125,15513.8125,6,15633.1494140625,14917.12724609375,14022.099609375,13011.7128125,13280.221142578124,14089.72384765625,62.617542379970516,757.3491226949172,565.148445350407,192.20067734451027,16242.252955136737,14022.099609375,11801.946263613263,64.57889913267276,76.15283542730397,TTNP
2014-06-25,15314.9169921875,15314.9169921875,13922.65234375,14519.3369140625,14519.3369140625,17,15553.59140625,15016.57470703125,14091.712841796874,13051.49181640625,13286.18798828125,14099.668598632812,53.70825733859027,679.4241482206799,588.0035859244615,91.42056229621835,16282.35910909032,14091.712841796874,11901.06657450343,55.13833403560287,65.04509884320439,TTNP
2014-06-26,14121.546875,15513.8125,14121.546875,15116.0224609375,15116.0224609375,10,15195.5802734375,15116.022265625,14171.270849609375,13115.1382421875,13308.0664453125,14113.59125,57.60578749234014,658.2279395004552,602.0484566396602,56.17948286079502,16389.195847184117,14171.270849609375,11953.345852034632,52.308800444759136,57.342011204344935,TTNP
2014-06-27,15116.0224609375,15513.8125,14917.126953125,15513.8125,15513.8125,5,15195.5802734375,15235.35927734375,14280.663134765626,13178.7846484375,13329.94490234375,14130.497329101563,60.02234082176757,665.8525888955755,614.8092830908433,51.0433058047322,16536.52226932007,14280.663134765626,12024.80400021118,51.09667923263793,52.84793790433332,TTNP
2014-06-30,15116.0224609375,15712.70703125,14917.126953125,15513.8125,15513.8125,5,15235.359375,15334.8068359375,14409.944921875,13242.4310546875,13351.823359375,14148.397885742188,60.02234082176757,664.238253363028,624.6950771452803,39.543176217747714,16637.125405012168,14409.944921875,12182.764438737831,57.46031931592538,53.62193299777416,TTNP
2014-07-01,15712.70703125,15712.70703125,15314.9169921875,15314.9169921875,15314.9169921875,4,15195.5802734375,15414.36484375,14509.392431640625,13298.12166015625,13371.712861328126,14165.30396484375,58.10181586865666,639.5374855463524,627.6635588254946,11.873926720857753,16711.565642399968,14509.392431640625,12307.219220881283,58.333329241717024,55.63010926342679,TTNP
2014-07-02,15513.8125,15513.8125,14121.546875,14519.3369140625,14519.3369140625,12,15195.5802734375,15374.58583984375,14598.895166015625,13341.8785546875,13383.6465625,14177.237666015624,51.063607395425734,549.4317781980008,612.0172026999959,-62.585424501995135,16644.325488086026,14598.895166015625,12553.464843945223,46.17646536399183,53.99003797387809,TTNP
2014-07-03,14917.126953125,14917.126953125,14519.3369140625,14718.232421875,14718.232421875,3,15116.022265625,15155.80126953125,14688.39794921875,13397.5691796875,13399.5581640625,14191.160322265625,52.609190308972664,488.4411160474647,587.3019853694897,-98.860869322025,16584.797296894812,14688.39794921875,12791.99860154269,34.50979869732516,46.33986443434468,TTNP
2014-07-07,14718.232421875,17104.97265625,14718.232421875,16906.078125,16906.078125,32,15394.475390625,15295.02783203125,14887.293017578126,13489.0608984375,13435.35927734375,14216.02220703125,65.5124426628418,609.6191306682977,591.7654144292512,17.853716239046435,16837.174767036515,14887.293017578126,12937.411268119737,47.42647457012827,42.70424621048176,TTNP
2014-07-08,16906.078125,17303.8671875,16309.392578125,16707.181640625,16707.181640625,15,15633.14921875,15434.254296875,15056.353759765625,13584.5305078125,13473.149326171875,14240.88408203125,63.81146398200407,681.7455578351237,609.7614431104257,71.98411472469797,17021.69436771202,15056.353759765625,13091.013151819228,67.0343131768729,49.656862148108786,TTNP
2014-07-09,16707.181640625,16707.181640625,15911.6025390625,16309.392578125,16309.392578125,4,15832.0443359375,15513.8123046875,15215.469775390626,13676.0222265625,13504.972529296874,14263.75701171875,60.43196582432666,698.753225896482,627.559799667637,71.19342622884506,17040.54180653513,15215.469775390626,13390.397744246124,82.23039500612789,65.56372758437637,TTNP
2014-07-10,16309.392578125,16309.392578125,15712.70703125,15712.70703125,15712.70703125,6,16070.718359375,15633.14931640625,15324.86201171875,13751.60234375,13530.828876953125,14281.657563476563,55.6693351557361,656.5164751864759,633.3511347714048,23.165340415071114,16986.4394330609,15324.86201171875,13663.284590376597,68.6274464498821,72.63071821096098,TTNP
2014-07-11,15911.6025390625,16309.392578125,15911.6025390625,16309.392578125,16309.392578125,2,16388.950390625,15752.486328125,15434.254296875,13823.20455078125,13562.652080078125,14299.558115234375,59.13742688928226,663.5421816437465,639.3893441458731,24.152837497873406,17052.042744878454,15434.254296875,13816.465848871549,64.70588688345099,71.85457611315367,TTNP
2014-07-14,16508.287109375,16508.287109375,15911.6025390625,16309.392578125,16309.392578125,6,16269.61328125,15832.0443359375,15533.701806640625,13894.8067578125,13592.486337890625,14318.45314453125,59.13742688928226,661.4849182510825,643.8084589669149,17.67645928416755,17109.372533657977,15533.701806640625,13958.031079623275,64.70588688345099,66.01307340559471,TTNP
2014-07-15,16309.392578125,16309.392578125,15712.70703125,15712.70703125,15712.70703125,4,16070.718359375,15851.9337890625,15593.3703125,13966.40896484375,13618.342685546875,14336.353696289063,54.218159086431164,604.73596549186,635.9939602719039,-31.257994780043873,17099.729587255566,15593.3703125,14087.011037744433,64.70588688345099,64.70588688345102,TTNP
2014-07-16,15911.6025390625,16110.4970703125,15314.9169921875,15712.70703125,15712.70703125,5,15951.38125,15891.71279296875,15653.038818359375,14030.05537109375,13644.199033203126,14345.303969726563,54.218159086431164,553.3829573130752,619.4717596801381,-66.08880236706295,17076.771814595893,15653.038818359375,14229.305822122857,57.843138387529315,62.41830405147712,TTNP
2014-07-17,15314.9169921875,15911.6025390625,15314.9169921875,15911.6025390625,15911.6025390625,2,15991.1603515625,16030.93935546875,15702.76259765625,14105.63548828125,13672.0443359375,14358.2321484375,55.644535014843655,522.7090688239914,600.1192215089088,-77.41015268491742,17089.190963103425,15702.76259765625,14316.334232209076,53.06372833946123,58.537584536813874,TTNP
2014-07-18,15911.6025390625,15911.6025390625,15116.0224609375,15712.70703125,15712.70703125,2,15871.8232421875,16130.38681640625,15643.09404296875,14189.17140625,13693.922783203125,14368.176899414062,53.83812891717304,476.8537131871144,575.4661198445499,-98.61240665743549,16915.245132079286,15643.09404296875,14370.942953858215,52.08333844785346,54.330068391614695,TTNP
2014-07-21,15712.70703125,15911.6025390625,15116.0224609375,15513.8125,15513.8125,3,15712.7072265625,15991.16025390625,15643.09404296875,14268.72943359375,13715.801240234376,14369.171376953125,52.01951009433095,419.62669174013536,544.298234223667,-124.67154248353165,16915.245132079286,15643.09404296875,14370.942953858215,50.00001022904036,51.71569233878504,TTNP
2014-07-22,14917.126953125,15712.70703125,14320.4423828125,15513.8125,15513.8125,10,15672.9283203125,15871.82333984375,15653.038818359375,14348.2874609375,13737.679697265625,14365.1934765625,52.019510094330954,370.0086357148357,509.44031452190075,-139.43167880706505,16917.86114083531,15653.038818359375,14388.216495883442,45.8333435623737,49.30556407975587,TTNP
2014-07-23,15116.0224609375,15513.8125,15116.0224609375,15116.0224609375,15116.0224609375,1,15553.59140625,15752.486328125,15633.14931640625,14403.97806640625,13755.58025390625,14347.292924804688,48.2398067767005,295.1849290380069,466.58923742512195,-171.40430838711507,16918.448370465085,15633.14931640625,14347.850262347416,38.05556723939303,44.6296403436024,TTNP
2014-07-24,15116.0224609375,15513.8125,14917.126953125,14917.126953125,14917.126953125,4,15354.6962890625,15672.9283203125,15653.038818359375,14451.71287109375,13769.502900390626,14305.524965820312,46.42351656303671,217.33212769604324,416.7378154793062,-199.40568778326298,16879.75528137505,15653.038818359375,14426.3223553437,30.138891093814788,38.009267298527206,TTNP
2014-07-25,14917.126953125,15116.0224609375,14917.126953125,15116.0224609375,15116.0224609375,2,15235.359375,15553.59130859375,15653.038818359375,14495.46978515625,13789.39240234375,14273.701767578124,48.51125770756642,169.725932080446,367.3354387995342,-197.6095067190882,16879.75528137505,15653.038818359375,14426.3223553437,24.444442989647204,30.87963377428504,TTNP
2014-07-28,15116.0224609375,15911.6025390625,15116.0224609375,15712.70703125,15712.70703125,5,15275.13828125,15493.92275390625,15662.983544921875,14547.18248046875,13809.281904296875,14261.76806640625,54.26859303532685,178.09220115776589,329.48679127118055,-151.39459011341467,16888.24798816227,15662.983544921875,14437.71910168148,34.99999822696618,29.861110770142755,TTNP
2014-07-29,15712.70703125,15712.70703125,14320.4423828125,15116.0224609375,15116.0224609375,7,15195.5802734375,15434.254296875,15643.09404296875,14594.91728515625,13807.292958984375,14240.884086914062,48.43599376084748,135.01866048221382,290.5931651133872,-155.5745046311734,16890.11989356988,15643.09404296875,14396.06819236762,40.45455075110435,33.29966398923927,TTNP
2014-07-30,14718.232421875,15116.0224609375,14718.232421875,14917.126953125,14917.126953125,4,15155.801171875,15354.6962890625,15623.204541015624,14638.6741796875,13801.326103515625,14216.022211914062,46.63668338224634,83.86660194530305,249.2478524797704,-165.38125053446734,16902.796941231838,15623.204541015624,14343.612140799409,40.65656408792466,38.70370435533176,TTNP
2014-07-31,14519.3369140625,15116.0224609375,14519.3369140625,14917.126953125,14917.126953125,2,15155.801171875,15255.24873046875,15643.09404296875,14674.4752734375,13795.359248046874,14187.182436523437,46.636683382246346,42.83445805518568,207.96517359485344,-165.13071553966776,16864.477973596837,15643.09404296875,14421.710112340665,30.30302218742599,37.13804567548504,TTNP
2014-08-01,14519.3369140625,14917.126953125,14519.3369140625,14917.126953125,14917.126953125,2,15116.0220703125,15175.69072265625,15653.03876953125,14722.210078125,13793.37029296875,14165.303979492188,46.636683382246346,10.198625001045002,168.41186387609176,-158.21323887504676,16847.071832358146,15653.03876953125,14459.00570670435,28.181799177780082,33.04712848437695,TTNP
2014-08-04,14718.232421875,14917.126953125,14519.3369140625,14917.126953125,14917.126953125,3,14956.9060546875,15116.02216796875,15553.5912109375,14769.9448828125,13797.348193359376,14144.420004882813,46.63668338224634,-15.486983517166664,131.63209439744008,-147.11907791460675,16640.075174241698,15553.5912109375,14467.107247633301,30.202000546729618,29.562273970645265,TTNP
2014-08-05,14718.232421875,15116.0224609375,14718.232421875,14917.126953125,14917.126953125,5,14917.126953125,15056.35361328125,15464.0884765625,14813.70177734375,13801.32609375,14127.513930664063,46.636683382246346,-35.43454593437491,98.21876633107709,-133.653312265452,16445.550457016216,15464.0884765625,14482.626496108782,33.61108663718283,30.664962120564212,TTNP
2014-08-06,14917.126953125,15314.9169921875,14519.3369140625,15314.9169921875,15314.9169921875,5,14996.6849609375,15076.24306640625,15414.364697265624,14877.34818359375,13811.27083984375,14115.580224609375,51.82160876540413,-18.926626809716254,74.78968770291843,-93.71631451263468,16317.094127212575,15414.364697265624,14511.635267318674,44.44441792470806,36.08583503620687,TTNP
2014-08-07,14917.126953125,15116.0224609375,14917.126953125,14917.126953125,14917.126953125,3,14996.6849609375,15076.24306640625,15374.585693359375,14913.14927734375,13821.2155859375,14104.64099609375,46.91280387247635,-37.50992261378997,52.32976563957675,-89.83968825336672,16291.230876772965,15374.585693359375,14457.940509945785,45.83330264621174,41.29626906936758,TTNP
2014-08-08,13127.072265625,14519.3369140625,10939.2265625,14121.546875,14121.546875,25,14837.5689453125,14976.7955078125,15265.193408203126,14925.08296875,13823.20453125,14091.712822265625,38.96337197277287,-115.1070988051415,18.842392750633095,-133.9494915557746,16230.398141806632,15265.193408203126,14299.98867459962,54.66664411367828,48.3147882281994,TTNP
2014-08-11,14121.546875,14121.546875,13127.072265625,13723.7568359375,13723.7568359375,7,14598.894921875,14777.90048828125,15135.91162109375,14933.03876953125,13817.23767578125,14068.839897460937,35.70549659035732,-206.32338413605794,-26.190762626705116,-180.13262150935282,16195.109438231026,15135.91162109375,14076.713803956474,52.49998584300823,50.999977534299454,TTNP
2014-08-12,13723.7568359375,13723.7568359375,13325.966796875,13524.8623046875,13524.8623046875,3,14320.4419921875,14618.78447265625,15026.519384765625,14944.97248046875,13813.259775390625,14047.95591796875,34.167197060103724,-291.3041015276758,-79.21343040689925,-212.09067112077656,16262.072200834624,15026.519384765625,13790.966568696625,57.333330976562515,54.83332031108304,TTNP
2014-08-13,13524.8623046875,13723.7568359375,13325.966796875,13723.7568359375,13723.7568359375,3,14002.2099609375,14499.4474609375,14927.071875,14952.92828125,13813.259775390625,14027.071938476562,37.08621219268494,-338.69850039258745,-131.11044440403688,-207.58805598855056,16243.240134376418,14927.071875,13610.903615623582,54.66666457175926,54.83332713044337,TTNP
2014-08-14,13524.8623046875,13524.8623046875,13524.8623046875,13524.8623046875,13524.8623046875,1,13723.75703125,14360.22099609375,14807.73486328125,14968.8398828125,13813.259775390625,14008.1769140625,35.39603105393967,-387.83728261845863,-182.45581204692124,-205.3814705715374,16176.936020031215,14807.73486328125,13438.533706531285,53.333334642650264,55.111110063657385,TTNP
2014-08-15,13325.966796875,13723.7568359375,13325.966796875,13723.7568359375,13723.7568359375,2,13644.1990234375,14240.883984375,14708.287353515625,14984.751484375,13817.23767578125,13990.276362304687,38.41845934287794,-406.0503000162953,-227.17470964079604,-178.87559037549926,16088.997071973601,14708.287353515625,13327.577635057649,55.4444441825809,54.48148113233018,TTNP
2014-08-18,13922.65234375,13922.65234375,13325.966796875,13325.966796875,13325.966796875,5,13564.641015625,14081.76796875,14598.895068359376,14992.70728515625,13819.22662109375,13972.375805664062,34.901578748255616,-447.42494297381563,-271.22475630739996,-176.20018666641568,16051.782025550423,14598.895068359376,13146.008111168328,54.959597530776286,54.57912545200252,TTNP
2014-08-19,13325.966796875,13723.7568359375,12928.1767578125,13723.7568359375,13723.7568359375,5,13604.419921875,13962.43095703125,14509.39228515625,15000.6630859375,13823.204521484375,13955.4697265625,40.74328768200049,-443.0095753033693,-305.5817201065938,-137.42785519677545,15946.262537265638,14509.39228515625,13072.52203304686,58.8383838383837,56.41414185058033,TTNP
2014-08-20,13723.7568359375,13723.7568359375,13325.966796875,13524.8623046875,13524.8623046875,1,13564.641015625,13783.42548828125,14429.83427734375,15008.61888671875,13825.1934765625,13939.558129882813,38.865331495654,-450.3679299028372,-334.5389620658425,-115.8289678369947,15899.370951749332,14429.83427734375,12960.29760293817,59.09091281056004,57.62963139324004,TTNP
2014-08-21,13524.8623046875,13524.8623046875,13325.966796875,13524.8623046875,13524.8623046875,2,13564.641015625,13644.1990234375,14360.221044921875,15008.61888671875,13827.182431640626,13925.635478515625,38.865331495654004,-451.0006244761771,-357.8312945479094,-93.1693299282677,15862.372186716511,14360.221044921875,12858.069903127238,60.60606804536264,59.511788231435496,TTNP
2014-08-22,13524.8623046875,13524.8623046875,13325.966796875,13325.966796875,13325.966796875,2,13485.0830078125,13564.641015625,14270.71826171875,14992.70728515625,13829.171376953125,13913.70177734375,36.89315111048712,-462.2230254121132,-378.70964072075014,-83.51338469136306,15795.219581436406,14270.71826171875,12746.216942001094,57.57576501505961,59.090915290327466,TTNP
2014-08-25,12928.1767578125,13325.966796875,12928.1767578125,13325.966796875,13325.966796875,7,13485.0830078125,13524.86201171875,14151.38125,14972.8177734375,13827.182421875,13904.751499023438,36.893151110487125,-465.7480059127811,-396.11731375915633,-69.63069215362475,15576.086036308749,14151.38125,12726.676463691252,56.060609780257,58.080814280226456,TTNP
2014-08-26,13127.072265625,13127.072265625,12928.1767578125,13127.072265625,13127.072265625,6,13365.74609375,13485.0830078125,14051.933740234375,14944.97248046875,13825.1934765625,13893.812275390625,34.84263812671136,-479.0683036023329,-412.70751172779165,-66.36079187454123,15471.074235486069,14051.933740234375,12632.793244982682,53.82395567956171,55.82011015829281,TTNP
2014-08-27,12928.1767578125,13127.072265625,12729.2822265625,12928.1767578125,12928.1767578125,12,13246.408984375,13405.525,13952.48623046875,14913.14927734375,13821.215576171875,13884.861997070313,32.87489688561235,-499.9112747389918,-430.1482643300317,-69.7630104089601,15393.754633109595,13952.48623046875,12511.217827827906,54.160656016262045,54.68174049202696,TTNP
2014-08-28,12928.1767578125,13127.072265625,12928.1767578125,13127.072265625,13127.072265625,4,13166.8509765625,13365.74599609375,13862.98349609375,14877.34818359375,13823.20453125,13870.939345703126,36.723340975058136,-494.6779349808021,-443.0541984601858,-51.62373652061632,15275.5580776713,13862.98349609375,12450.4089145162,45.50265069834941,51.16242079805776,TTNP
2014-08-29,12928.1767578125,13127.072265625,12928.1767578125,12928.1767578125,12928.1767578125,4,13087.29296875,13286.18798828125,13763.535986328125,14797.79015625,13823.20453125,13841.105092773438,34.58780032741128,-500.80669294469044,-454.6046973570867,-46.20199558760373,15144.961612886238,13763.535986328125,12382.110359770011,33.597873299258815,44.420393337956796,TTNP
2014-09-02,12928.1767578125,12928.1767578125,12331.4921875,12928.1767578125,12928.1767578125,13,13007.7349609375,13246.408984375,13664.0884765625,14746.07744140625,13825.1934765625,13822.210068359374,34.58780032741128,-499.901227612183,-463.66400340810594,-36.23722420407705,14984.008215529719,13664.0884765625,12344.16873759528,27.579344551699805,35.55995618310272,TTNP
2014-09-03,12928.1767578125,12928.1767578125,12530.38671875,12530.38671875,12530.38671875,9,12888.3978515625,13127.07197265625,13544.75146484375,14690.3868359375,13823.204521484375,13805.303989257813,30.47691838016352,-525.2274760932705,-475.9766979451389,-49.250778148131644,14820.783470020599,13544.75146484375,12268.719459666901,22.222188125420434,27.79980199212639,TTNP
2014-09-04,12530.38671875,12530.38671875,12331.4921875,12530.38671875,12530.38671875,4,12808.83984375,13027.6244140625,13405.524951171876,14630.7183203125,13821.21556640625,13787.4034375,30.476918380163525,-539.0844801614348,-488.59825438839806,-50.48622577303678,14468.450893363006,13405.524951171876,12342.599008980746,20.83330264621171,23.544945107777355,TTNP
2014-09-05,12530.38671875,12530.38671875,12331.4921875,12530.38671875,12530.38671875,2,12689.502734375,12928.17685546875,13286.187939453124,14590.93931640625,13821.21556640625,13767.513935546875,30.47691838016352,-543.7976944010352,-499.6381423909255,-44.15955201010968,14163.132368608618,13286.187939453124,12409.24351029763,12.499969312878378,18.51848669483688,TTNP
2014-09-08,12530.38671875,12530.38671875,12132.5966796875,12331.4921875,12331.4921875,9,12570.1658203125,12828.72939453125,13196.685205078125,14535.2487109375,13825.1934765625,13747.62443359375,28.371143725220886,-557.1594893106812,-511.1424117748767,-46.01707753580456,14079.698488955626,13196.685205078125,12313.671921200625,12.49998977095936,15.277753910016523,TTNP
2014-09-09,12928.1767578125,12928.1767578125,12530.38671875,12530.38671875,12530.38671875,3,12490.6078125,12749.17138671875,13137.01669921875,14475.5801953125,13827.182421875,13730.718354492188,33.331854427471384,-545.412505743474,-517.9964305685961,-27.416075174877847,14030.717415848,13137.01669921875,12243.3159825895,16.66666666666652,13.888875250168127,TTNP
2014-09-10,12530.38671875,12928.1767578125,12530.38671875,12530.38671875,12530.38671875,1,12490.6078125,12689.50283203125,13087.292919921874,14415.9116796875,13829.1713671875,13716.795703125,33.331854427471384,-529.993501458699,-520.3958447466167,-9.597656712082312,13999.61210633517,13087.292919921874,12174.97373350858,22.02381641275618,17.06349095012739,TTNP
2014-09-11,12928.1767578125,13127.072265625,12530.38671875,12928.1767578125,12928.1767578125,2,12570.1658203125,12689.50283203125,13047.513916015625,14368.176875,13833.149267578125,13707.845424804687,42.559200124745864,-480.1407342852017,-512.3448226543337,32.20408836913202,13913.564231310042,13047.513916015625,12181.463600721208,36.9047518844807,25.19841165463451,TTNP
2014-09-12,12928.1767578125,12928.1767578125,12530.38671875,12530.38671875,12530.38671875,5,12570.1658203125,12629.83427734375,12997.79013671875,14328.39787109375,13835.138212890624,13695.911723632813,37.03847419740842,-467.34314791453835,-503.34448770637465,36.0013397918363,13862.697728608282,12997.79013671875,12132.882544829217,39.68252966225848,32.87036598649849,TTNP
2014-09-15,12729.2822265625,12729.2822265625,12132.5966796875,12331.4921875,12331.4921875,7,12570.1658203125,12570.1658203125,12928.176904296875,14280.66306640625,13839.116123046875,13681.989072265626,34.62030210268715,-467.856931479806,-496.2469764610609,28.390044981254903,13772.017052516252,12928.176904296875,12084.336756077499,36.82540323837471,37.80422826170467,TTNP
2014-09-16,12132.5966796875,12331.4921875,11535.9111328125,11535.9111328125,11535.9111328125,39,12371.270703125,12430.9392578125,12838.67412109375,14173.2597265625,13831.1603125,13662.099565429688,27.020889387062887,-526.3929208979825,-502.27616534844526,-24.116755549537288,13856.542795778423,12838.67412109375,11820.805446409078,17.777790870943026,31.428574590525443,TTNP
2014-09-17,11734.806640625,11734.806640625,10541.4365234375,10541.4365234375,10541.4365234375,38,11973.4806640625,12232.04423828125,12679.55810546875,14049.94482421875,13817.237666015624,13638.232163085937,20.85765583901562,-645.5869792139547,-530.9383281215471,-114.64865109240759,14033.652211055562,12679.55810546875,11325.463999881938,6.666679759831918,20.423291289716587,TTNP
2014-09-18,10740.3310546875,11337.0166015625,10342.541015625,10939.2265625,10939.2265625,13,11575.690625,12072.92822265625,12550.276318359374,13942.54150390625,13809.281865234376,13617.34818359375,27.93808634142943,-699.8829821378476,-564.7272589248072,-135.15572321304046,14043.4469927698,12550.276318359374,11057.10564394895,7.142860482950677,10.52911037124191,TTNP
2014-09-19,10939.2265625,11337.0166015625,10541.4365234375,11138.12109375,11138.12109375,10,11297.2375,11933.70166015625,12430.9392578125,13851.04978515625,13801.326064453126,13599.447626953124,31.249985975978444,-718.580480714827,-595.4979032828112,-123.0825774320158,13974.139255728582,12430.9392578125,10887.73925989642,16.66666666666652,10.158735636483074,TTNP
2014-09-22,10939.2265625,11138.12109375,10740.3310546875,10939.2265625,10939.2265625,7,11018.784375,11794.47509765625,12311.60224609375,13743.64646484375,13783.4255078125,13583.536025390626,29.776229382669662,-740.9067971273907,-624.5796820517271,-116.32711507566364,13926.943522121715,12311.60224609375,10696.260970065783,23.80952714961735,15.873018099744883,TTNP
2014-09-23,10939.2265625,11138.12109375,10342.541015625,10342.541015625,10342.541015625,21,10780.1103515625,11575.69052734375,12162.43095703125,13624.30943359375,13759.558095703125,13563.646518554688,25.83924954908375,-797.5543901115652,-659.1746236636948,-138.37976644787045,13920.262712805401,12162.43095703125,10404.5992012571,16.66666666666652,19.047620160983495,TTNP
2014-09-24,10342.541015625,11138.12109375,10342.541015625,10342.541015625,10342.541015625,28,10740.33125,11356.90595703125,12023.20439453125,13516.90611328125,13741.6575390625,13544.751489257813,25.83924954908375,-832.8474684882094,-693.9091926285977,-138.93827585961174,13891.018530815409,12023.20439453125,10155.390258247093,7.142860482950678,15.873018099744883,TTNP
2014-09-25,10342.541015625,11138.12109375,10342.541015625,11138.12109375,11138.12109375,6,10780.11015625,11177.900390625,11933.701611328124,13425.41439453125,13727.7348828125,13530.828833007812,38.42804507430092,-787.5425240213262,-712.6358589071434,-74.90666511418283,13791.00238102119,11933.701611328124,10076.400841635059,9.523806183715694,11.111111111110999,TTNP
2014-09-26,10939.2265625,11138.12109375,10939.2265625,11138.12109375,11138.12109375,7,10780.11015625,11038.673828125,11834.254052734375,13329.944765625,13717.790126953125,13504.972475585937,38.42804507430092,-743.0723535812176,-718.7231578419583,-24.349195739259358,13637.520491656767,11834.254052734375,10030.987613811983,19.047612367431537,11.90475967803267,TTNP
2014-09-29,10939.2265625,11337.0166015625,10541.4365234375,11337.0166015625,11337.0166015625,8,10859.6681640625,10939.22626953125,11754.696044921875,13242.43095703125,13715.801181640625,13481.105073242188,41.316315661231044,-683.8966826293527,-711.7578627994371,27.86118017008448,13497.271031241859,11754.696044921875,10012.121058601891,30.95237594224028,19.841264831129205,TTNP
2014-09-30,11337.0166015625,11337.0166015625,11138.12109375,11138.12109375,11138.12109375,5,11018.7841796875,10899.447265625,11665.19326171875,13154.91712890625,13711.82328125,13460.22109375,39.32949795893298,-645.6065913942239,-698.5276085183945,52.92101712417059,13340.050308609892,11665.19326171875,9990.336214827608,30.95237594224028,26.984121417304067,TTNP
2014-10-01,11138.12109375,11535.9111328125,10939.2265625,11138.12109375,11138.12109375,5,11177.9001953125,10959.11572265625,11595.57998046875,13067.40330078125,13707.845380859375,13436.353686523438,39.32949795893299,-608.2498920915532,-680.4720652330262,72.22217314147304,13236.193025109937,11595.57998046875,9954.966935827564,31.68497807807532,31.196576654185325,TTNP
2014-10-02,11535.9111328125,11535.9111328125,10939.2265625,10939.2265625,10939.2265625,8,11138.1212890625,10959.11572265625,11516.02197265625,12983.8673828125,13693.922724609374,13414.475234375,37.2519426516364,-587.9164305485319,-661.9609382961273,74.04450774759539,13121.537618823284,11516.02197265625,9910.506326489216,28.11355124627868,30.250301755531456,TTNP
2014-10-03,9944.7509765625,10541.4365234375,9944.7509765625,10541.4365234375,10541.4365234375,169,11018.784375,10899.447265625,11416.574462890625,12896.35357421875,13674.03322265625,13392.596782226563,33.446535929299095,-597.0182922215372,-648.9724090812093,51.954116859672126,13004.748714424451,11416.574462890625,9828.400211356799,26.92308180557494,28.907203709976343,TTNP
2014-10-06,10342.541015625,10541.4365234375,9944.7509765625,9944.7509765625,9944.7509765625,21,10740.33125,10799.99970703125,11297.23740234375,12792.92814453125,13644.19896484375,13372.707275390625,28.70905616359866,-644.9446002092591,-648.1668473068192,3.222247097560171,12949.862618046242,11297.23740234375,9644.612186641258,16.666673486024056,23.90110217929259,TTNP
2014-10-07,10143.646484375,10143.646484375,9348.06640625,9745.8564453125,9745.8564453125,19,10461.8783203125,10740.33125,11158.010888671875,12673.5911328125,13610.386806640625,13350.828823242187,27.31994180429146,-691.0101363083668,-656.7355051071288,-34.27463120123798,12840.52660705191,11158.010888671875,9475.49517029184,14.393944156218714,19.32789981593927,TTNP
2014-10-08,9745.8564453125,9745.8564453125,9348.06640625,9348.06640625,9348.06640625,19,10103.8673828125,10640.8837890625,10998.894873046875,12558.23201171875,13576.5746484375,13324.972470703126,24.74148105663665,-750.9591476353489,-675.5802336127729,-75.37891402257605,12733.277829309944,10998.894873046875,9264.511916783806,6.060607413206611,12.373741685149824,TTNP
2014-10-09,9149.1708984375,9944.7509765625,9149.1708984375,9745.8564453125,9745.8564453125,29,9865.193359375,10501.65732421875,10839.778857421876,12454.8066015625,13546.740390625,13310.055341796875,31.6850273702443,-757.6372685203314,-691.9916405942846,-65.64562792604681,12413.439543643994,10839.778857421876,9266.118171199758,14.393947565900271,11.616166378441896,TTNP
2014-10-10,9745.8564453125,9944.7509765625,9546.9609375,9546.9609375,9546.9609375,13,9666.2982421875,10342.54130859375,10690.607568359375,12347.40328125,13510.93927734375,13300.110590820312,30.185416447465364,-770.1016798822657,-707.6136484518809,-62.48803143038481,12156.910507078463,10690.607568359375,9224.304629640288,13.888895708249068,11.447816895785346,TTNP
2014-10-13,9944.7509765625,9944.7509765625,9149.1708984375,9149.1708984375,9149.1708984375,66,9507.1822265625,10123.75673828125,10531.49150390625,12232.04416015625,13477.127119140625,13285.193461914063,27.39301440395626,-802.823695548228,-726.6556578711503,-76.16803767707768,11940.561252015776,10531.49150390625,9122.421755796726,13.888895708249068,14.057246327466165,TTNP
2014-10-14,9149.1708984375,9745.8564453125,8950.2763671875,9546.9609375,9546.9609375,20,9467.403125,9964.64072265625,10432.043994140626,12124.64083984375,13447.292861328126,13271.270805664062,33.971100007419906,-787.5790756969363,-738.8403414363075,-48.7387342606288,11824.167068906057,10432.043994140626,9039.920919375194,13.24785840571284,13.675216607403689,TTNP
2014-10-15,9546.9609375,9745.8564453125,9348.06640625,9348.06640625,9348.06640625,7,9467.403125,9785.63525390625,10372.37548828125,12013.25962890625,13413.480703125,13256.353676757812,32.39094963956912,-782.5262555063582,-747.5775242503177,-34.94873125604056,11840.835045111158,10372.37548828125,8903.915931451342,12.820508946792465,13.319087686918154,TTNP
2014-10-16,9348.06640625,9745.8564453125,9348.06640625,9546.9609375,9546.9609375,12,9427.6240234375,9646.40869140625,10302.76220703125,11897.9005078125,13387.624345703125,13243.425498046876,35.61610568226555,-753.7835847102488,-748.8187363423039,-4.96484836794491,11789.0284154876,10302.76220703125,8816.4959985749,20.512811796949897,15.527059716485098,TTNP
2014-10-17,9944.7509765625,9944.7509765625,9348.06640625,9546.9609375,9546.9609375,2,9427.6240234375,9546.9611328125,10223.20419921875,11790.4971875,13351.823232421875,13230.497319335938,35.61610568226554,-722.674271867596,-743.5898434473622,20.915571579766265,11692.33712508077,10223.20419921875,8754.071273356729,20.512811796949897,17.948710846897452,TTNP
2014-10-20,9745.8564453125,9745.8564453125,9348.06640625,9546.9609375,9546.9609375,10,9507.18203125,9507.18212890625,10153.59091796875,11699.00546875,13312.04421875,13217.569140625,35.61610568226555,-690.065274376997,-732.8849296332892,42.81965525629221,11612.320126220424,10153.59091796875,8694.861709717075,23.07690855047215,21.36751071479068,TTNP
2014-10-21,9348.06640625,9745.8564453125,9348.06640625,9546.9609375,9546.9609375,9,9507.18203125,9487.292578125,10113.8119140625,11615.46955078125,13274.25416015625,13202.65201171875,35.61610568226555,-656.6529227888986,-717.6385282644111,60.98560547551244,11593.007974481563,10113.8119140625,8634.615853643438,23.07690855047215,22.22220963263143,TTNP
2014-10-22,9745.8564453125,9745.8564453125,9348.06640625,9745.8564453125,9745.8564453125,12,9586.7400390625,9527.07158203125,10083.977685546875,11539.88943359375,13242.43095703125,13190.718310546876,39.49810739183984,-607.125621943791,-695.535947000287,88.41032505649605,11567.57989146699,10083.977685546875,8600.37547962676,32.05127236698139,26.06836315597526,TTNP
2014-10-23,9745.8564453125,9745.8564453125,9149.1708984375,9348.06640625,9348.06640625,19,9546.9611328125,9487.292578125,9994.474951171875,11452.375625,13202.651953125,13176.795659179688,34.95825401188396,-593.135909332881,-675.0559394668059,81.9200301339248,11428.037633706654,9994.474951171875,8560.912268637096,32.69230285015728,29.273494589203636,TTNP
2014-10-24,9348.06640625,9546.9609375,9348.06640625,9348.06640625,9348.06640625,11,9507.1822265625,9467.403125,9904.972216796876,11368.83970703125,13168.839794921874,13163.867485351562,34.95825401188396,-575.4159247023053,-655.1279365139058,79.7120118116004,11263.295634991766,9904.972216796876,8546.648798601986,36.111111111110965,33.61822877608324,TTNP
2014-10-27,9546.9609375,9546.9609375,9348.06640625,9546.9609375,9546.9609375,4,9507.1822265625,9507.18212890625,9815.46943359375,11285.3037890625,13135.02763671875,13148.950356445312,39.02244275149619,-539.1090690122273,-631.92416301357,92.81509400134269,11010.661345733972,9815.46943359375,8620.277521453527,39.44443789785517,36.08261728637451,TTNP
2014-10-28,9546.9609375,9546.9609375,9149.1708984375,9348.06640625,9348.06640625,7,9467.4033203125,9487.29267578125,9725.96669921875,11205.74578125,13099.226533203126,13134.033227539063,36.56209002272288,-520.3860641238498,-609.616543235626,89.23047911177616,10770.118213211863,9725.96669921875,8681.815185225638,44.444444444444294,39.99999781780351,TTNP
2014-10-29,9546.9609375,9546.9609375,9149.1708984375,9149.1708984375,9149.1708984375,2,9348.0662109375,9467.403125,9626.519189453125,11114.2540625,13057.45857421875,13117.1271484375,34.23737261713091,-515.6530259983538,-590.8238397881715,75.17081378981777,10474.101532202625,9626.519189453125,8778.936846703626,39.9999869068216,41.29628974970705,TTNP
2014-10-30,9149.1708984375,9149.1708984375,8950.2763671875,9149.1708984375,9149.1708984375,5,9308.287109375,9427.62412109375,9537.01640625,11026.740234375,13017.679560546874,13100.221069335938,34.23737261713091,-506.06841748409533,-573.8727553273563,67.80433784326101,10159.338656915277,9537.01640625,8914.694155584724,26.66664702689913,37.03702612605503,TTNP
2014-10-31,8950.2763671875,9745.8564453125,8950.2763671875,9348.06640625,9348.06640625,9,9308.287109375,9407.73466796875,9477.347900390625,10943.20431640625,12975.9116015625,13085.303940429687,38.753728685641235,-476.92563905073985,-554.483332072033,77.55769302129318,9899.736498064594,9477.347900390625,9054.959302716656,26.66664702689913,31.11109365353998,TTNP
2014-11-03,9348.06640625,9546.9609375,9348.06640625,9348.06640625,9348.06640625,4,9268.508203125,9387.84521484375,9447.513671875,10863.64630859375,12928.176796875,13069.392338867188,38.753728685641235,-448.65792786733255,-533.318251231093,84.66032336376043,9814.25801948373,9447.513671875,9080.76932426627,33.33333333333319,28.888875795710515,TTNP
2014-11-04,9348.06640625,9546.9609375,8950.2763671875,9149.1708984375,9149.1708984375,15,9228.7291015625,9348.0662109375,9417.67939453125,10780.110390625,12876.46408203125,13048.508359375,35.894759754058605,-437.26425815748553,-514.1074526163715,76.84319445888593,9779.537212029369,9417.67939453125,9055.82157703313,33.33333333333319,31.111104564521867,TTNP
2014-11-05,9149.1708984375,9348.06640625,8950.2763671875,9348.06640625,9348.06640625,8,9268.508203125,9308.28720703125,9417.67939453125,10704.5302734375,12824.751376953125,13022.652006835937,40.61291909223963,-407.4882170703422,-492.7836055071656,85.29538843682337,9779.537212029369,9417.67939453125,9055.82157703313,33.33333333333319,33.33333333333322,TTNP
2014-11-06,9348.06640625,9348.06640625,8950.2763671875,9348.06640625,9348.06640625,5,9308.2873046875,9308.28720703125,9397.789892578125,10632.92806640625,12773.038671875,12994.806704101562,40.61291909223963,-379.5156695853111,-470.1300183227947,90.61434873748357,9727.619953713103,9397.789892578125,9067.959831443146,36.66666012007739,34.444442262247954,TTNP
2014-11-07,9348.06640625,9348.06640625,9149.1708984375,9149.1708984375,9149.1708984375,6,9268.508203125,9288.39765625,9377.900390625,10553.3700390625,12715.359111328125,12960.994545898437,37.41888680879053,-369.1411994486298,-449.9322545479617,80.79105509933191,9717.189914184726,9377.900390625,9038.610867065274,38.33331942184133,36.11110429175067,TTNP
2014-11-10,9149.1708984375,9546.9609375,8950.2763671875,8950.2763671875,8950.2763671875,4,9188.9501953125,9228.72919921875,9367.9556640625,10473.81203125,12635.80109375,12936.132666015625,34.49715141631776,-372.67254642760054,-434.48031292388947,61.807766496288934,9743.229984282727,9367.9556640625,8992.681343842272,24.999979541918872,33.33331969461256,TTNP
2014-11-11,9149.1708984375,9348.06640625,8950.2763671875,9348.06640625,9348.06640625,9,9228.729296875,9228.72919921875,9358.0109375,10402.20982421875,12574.1436328125,12913.259736328126,43.92727576743395,-339.45975195397114,-415.4762007299058,76.01644877593469,9724.215475979167,9358.0109375,8991.806399020832,24.999979541918872,29.444426168559726,TTNP
2014-11-12,9149.1708984375,9348.06640625,8950.2763671875,8950.2763671875,8950.2763671875,23,9149.1712890625,9208.83974609375,9338.121435546875,10330.6076171875,12510.4972265625,12889.392333984375,38.03097797351961,-341.3023833092029,-400.64143724576525,59.33905393656232,9745.24931726976,9338.121435546875,8930.99355382399,16.66666666666652,22.222208583501455,TTNP
2014-11-13,9149.1708984375,9546.9609375,9149.1708984375,9149.1708984375,9149.1708984375,8,9109.3921875,9208.83974609375,9318.23193359375,10262.98330078125,12446.850810546875,12863.5359765625,42.20799748354508,-322.99032409111715,-385.1112146148356,62.12089052371846,9721.454473271167,9318.23193359375,8915.009393916333,24.999979541918872,22.222208583501455,TTNP
2014-11-14,9348.06640625,9348.06640625,9149.1708984375,9149.1708984375,9149.1708984375,11,9109.3921875,9188.9501953125,9298.342431640625,10195.358984375,12393.149150390625,12839.668569335938,42.20799748354507,-304.9624677340289,-369.08146523867424,64.11899750464534,9693.638501224053,9298.342431640625,8903.046362057197,16.666625750504554,19.444423986363347,TTNP
2014-11-17,9149.1708984375,9149.1708984375,8950.2763671875,9149.1708984375,9149.1708984375,17,9149.17109375,9169.06064453125,9278.4529296875,10131.71255859375,12333.480634765625,12820.773540039063,42.20799748354508,-287.36272309261767,-352.73771680946294,65.37499371684527,9661.551886158051,9278.4529296875,8895.35397321695,24.999938625756908,22.222181306060147,TTNP
2014-11-18,9149.1708984375,9348.06640625,8950.2763671875,8950.2763671875,8950.2763671875,7,9069.6130859375,9149.17119140625,9248.618701171876,10060.1103515625,12267.8452734375,12798.895087890625,38.93054506174365,-286.1651909166667,-339.42321163090367,53.25802071423698,9636.336571365313,9248.618701171876,8860.900830978439,16.666625750504554,19.44439670892204,TTNP
2014-11-19,8950.2763671875,9149.1708984375,8950.2763671875,8950.2763671875,8950.2763671875,5,9069.6130859375,9109.3921875,9208.839697265625,9988.50814453125,12202.209912109374,12777.016635742188,38.93054506174365,-281.9658116800474,-327.93173164073244,45.96591996068503,9544.023564822102,9208.839697265625,8873.655829709147,8.333312875252204,16.66662575050459,TTNP
2014-11-20,8751.380859375,9149.1708984375,8751.380859375,9149.1708984375,9149.1708984375,11,9069.6130859375,9089.50263671875,9198.894921875,9912.92802734375,12140.552451171876,12756.13265625,43.97583796348949,-259.59618372622936,-314.26462205783184,54.66843833160249,9528.725012454392,9198.894921875,8869.06483129561,16.66666666666652,13.888868430807792,TTNP
2014-11-21,9149.1708984375,9348.06640625,9149.1708984375,9149.1708984375,9149.1708984375,11,9069.6130859375,9089.50263671875,9188.950146484374,9845.3037109375,12086.850791015626,12735.248676757812,43.97583796348949,-239.11176087094464,-299.2340498204544,60.122288949509766,9512.116301538754,9188.950146484374,8865.783991429995,33.33333333333319,19.444437625084003,TTNP
2014-11-24,9348.06640625,9546.9609375,9149.1708984375,9348.06640625,9348.06640625,10,9109.3921875,9129.281640625,9179.005419921876,9785.6351953125,12033.149130859376,12716.353647460937,48.87443751588935,-204.4714829580189,-280.2815364479673,75.81005348994842,9467.917214341034,9179.005419921876,8890.093625502717,58.33335379141417,36.11111793047132,TTNP
2014-11-25,9348.06640625,9348.06640625,9149.1708984375,9149.1708984375,9149.1708984375,8,9149.17109375,9109.39208984375,9169.06064453125,9737.900390625,11955.58005859375,12695.46966796875,44.66832470237141,-190.86781304594842,-262.3987917675635,71.5309787216151,9447.513741190516,9169.06064453125,8890.607547871983,58.33335379141417,50.00001363872054,TTNP
2014-11-26,9149.1708984375,9745.8564453125,9149.1708984375,9546.9609375,9546.9609375,14,9268.5080078125,9169.060546875,9188.950146484374,9718.01087890625,11883.9778515625,12678.563588867188,53.320729303829076,-146.3019966022057,-239.17943273449197,92.87743613228628,9512.116301538754,9188.950146484374,8865.783991429995,68.33334069824876,61.666682760359066,TTNP
2014-11-28,9745.8564453125,9944.7509765625,9348.06640625,9546.9609375,9546.9609375,15,9348.066015625,9208.83955078125,9208.8396484375,9690.16556640625,11816.35353515625,12660.663032226563,53.320729303829076,-109.71849942717017,-213.2872460730276,103.56874664585743,9566.850628998804,9208.8396484375,8850.828667876198,65.55554246239,64.07407898401767,TTNP
2014-12-01,9546.9609375,9944.7509765625,9546.9609375,9944.7509765625,9944.7509765625,15,9507.18203125,9288.39755859375,9238.673876953126,9666.2981640625,11758.673974609375,12644.75142578125,60.48670894715711,-48.07332331721773,-180.24446152186562,132.1711382046479,9717.26327925148,9238.673876953126,8760.084474654772,82.22220912905667,72.03703076323184,TTNP
2014-12-02,9745.8564453125,9944.7509765625,9546.9609375,9745.8564453125,9745.8564453125,6,9586.7400390625,9348.06611328125,9258.56337890625,9642.43076171875,11693.03861328125,12627.845346679687,55.86851411970416,-15.094206939707874,-147.21441060543407,132.1202036657262,9784.414054741977,9258.56337890625,8732.712703070523,83.33334697205383,77.0370328545002,TTNP
2014-12-03,9944.7509765625,10342.541015625,9745.8564453125,9944.7509765625,9944.7509765625,29,9745.8560546875,9447.51357421875,9298.3423828125,9634.4749609375,11629.392197265624,12610.939267578126,59.221475034967476,26.78237626990449,-112.41505323036635,139.19742950027086,9899.979148268743,9298.3423828125,8696.705617356256,86.1111247498316,83.88889361698074,TTNP
2014-12-04,9944.7509765625,10342.541015625,9745.8564453125,9944.7509765625,9944.7509765625,16,9825.4140625,9546.96103515625,9328.176611328125,9626.51916015625,11571.71263671875,12595.027661132812,59.22147503496748,59.28645284416052,-78.07475201546097,137.3612048596215,9992.616820148738,9328.176611328125,8663.736402507511,77.77779141649826,82.40742104612794,TTNP
2014-12-05,10143.646484375,10143.646484375,9546.9609375,9944.7509765625,9944.7509765625,11,9904.9720703125,9626.51904296875,9358.01083984375,9602.6517578125,11514.033076171874,12579.1160546875,59.221475034967476,84.07698061209157,-45.644405489950465,129.72138610204203,10074.860988143568,9358.01083984375,8641.160691543932,74.99999999999983,79.62963872210993,TTNP
2014-12-08,9546.9609375,10143.646484375,9546.9609375,9745.8564453125,9745.8564453125,3,9865.1931640625,9686.18759765625,9387.8451171875,9574.80646484375,11452.375615234376,12562.209975585938,54.08882624337935,86.67538613554825,-19.180447164850722,105.85583330039897,10117.006153728784,9387.8451171875,8658.684080646217,70.83334356237366,74.53704499295729,TTNP
2014-12-09,9348.06640625,9745.8564453125,9348.06640625,9546.9609375,9546.9609375,9,9825.4140625,9706.07705078125,9417.679345703125,9539.0053515625,11390.718154296876,12542.32046875,49.47136715687482,71.85711193514362,-0.9729353448518552,72.83004727999548,10121.160531737896,9417.679345703125,8714.198159668354,62.50001022904032,69.44445126380465,TTNP
2014-12-10,9745.8564453125,9745.8564453125,9149.1708984375,9348.06640625,9348.06640625,7,9706.0771484375,9725.9666015625,9417.679345703125,9503.2042578125,11329.060693359375,12522.430966796876,45.30617143281683,43.5622380666191,7.934099337442337,35.62813872917677,10121.160531737896,9417.679345703125,8714.198159668354,50.000020458080805,61.11112474983164,TTNP
2014-12-11,9546.9609375,9745.8564453125,9546.9609375,9745.8564453125,9745.8564453125,9,9666.2982421875,9745.85615234375,9457.458349609375,9475.35896484375,11271.3811328125,12504.530415039062,53.701933152245516,52.62999256131843,16.87327798221756,35.75671457910087,10140.395561492276,9457.458349609375,8774.521137726473,45.83335720109431,52.777795962738516,TTNP
2014-12-12,9944.7509765625,10143.646484375,9745.8564453125,9745.8564453125,9745.8564453125,6,9626.5193359375,9765.745703125,9487.292626953125,9451.4915625,11217.67947265625,12486.62986328125,53.701933152245516,59.13458662341873,25.325539710457793,33.80904691296094,10165.87155439406,9487.292626953125,8808.713699512191,45.83337083981496,47.2222494996634,TTNP
2014-12-15,9944.7509765625,9944.7509765625,9348.06640625,9745.8564453125,9745.8564453125,9,9626.5193359375,9745.85625,9517.126904296874,9435.5799609375,11165.966767578126,12467.734833984376,53.701933152245516,63.556880129355704,32.97180779423738,30.585072335118326,10186.01763776721,9517.126904296874,8848.236170826538,50.000040916161794,47.22225631902373,TTNP
2014-12-16,9546.9609375,9745.8564453125,9348.06640625,9546.9609375,9546.9609375,10,9626.5193359375,9725.96669921875,9537.01640625,9427.62416015625,11110.27615234375,12449.83427734375,49.00428034758707,50.43103675290331,36.46365358597056,13.967383166932748,10184.266074947087,9537.01640625,8889.766737552914,44.44447172188558,46.75929449262082,TTNP
2014-12-17,9348.06640625,9546.9609375,9348.06640625,9348.06640625,9348.06640625,3,9626.5193359375,9666.2982421875,9556.905908203125,9419.668359375,11046.62974609375,12427.955825195313,44.78528639510284,23.706313247101207,33.912185518196694,-10.205872271095487,10153.259335533656,9556.905908203125,8960.552480872595,33.33336061077447,42.592624416273985,TTNP
2014-12-18,9149.1708984375,9745.8564453125,9149.1708984375,9745.8564453125,9745.8564453125,5,9626.5193359375,9646.4087890625,9596.684912109375,9427.62416015625,10992.9280859375,12400.110522460938,53.42238502339626,34.230520872932175,33.97585258914379,0.2546682837883836,10128.519956808472,9596.684912109375,9064.849867410278,33.33336061077447,37.03706431447821,TTNP
2014-12-19,9348.06640625,9745.8564453125,9348.06640625,9348.06640625,9348.06640625,4,9546.961328125,9586.74033203125,9606.6296875,9419.668359375,10937.23748046875,12369.281791992187,45.72032274639487,10.35335255344944,29.25135258200492,-18.89800002855548,10111.368624322127,9606.6296875,9101.890750677874,27.77781869393957,31.481513305162867,TTNP
2014-12-22,9348.06640625,9546.9609375,9149.1708984375,9348.06640625,9348.06640625,7,9467.4033203125,9546.961328125,9616.574462890625,9415.69046875,10881.546875,12338.453061523438,45.720322746394864,-8.471817526526138,21.706718560298707,-30.178536086824845,10091.846054149937,9616.574462890625,9141.302871631313,27.77781869393957,29.629665999551236,TTNP
2014-12-23,9348.06640625,9546.9609375,9149.1708984375,9348.06640625,9348.06640625,5,9427.6244140625,9527.071875,9616.574462890625,9419.66837890625,10825.85626953125,12309.61328125,45.72032274639487,-23.124337474922868,12.740507353254392,-35.86484482817726,10091.846054149937,9616.574462890625,9141.302871631313,16.66670758282846,24.0741149902359,TTNP
2014-12-24,9149.1708984375,9546.9609375,9149.1708984375,9546.9609375,9546.9609375,5,9467.4033203125,9546.961328125,9636.46396484375,9419.66837890625,10772.154609375,12284.751401367188,50.203686094560915,-18.474476394892918,6.49751060362493,-24.97198699851785,10062.582148540674,9636.46396484375,9210.345781146825,24.44446517530288,22.962997150690338,TTNP
2014-12-26,9546.9609375,9546.9609375,9546.9609375,9546.9609375,9546.9609375,7,9427.62421875,9527.07177734375,9636.46396484375,9423.64626953125,10718.45294921875,12259.889521484374,50.20368609456093,-14.620887498631419,2.273830983173659,-16.89471848180508,10062.582148540674,9636.46396484375,9210.345781146825,32.2222227677773,24.444465175302913,TTNP
2014-12-29,9546.9609375,9546.9609375,9149.1708984375,9546.9609375,9546.9609375,13,9467.403125,9507.1822265625,9636.46396484375,9423.64626953125,10660.773388671874,12236.022114257812,50.20368609456093,-11.435074118384364,-0.4679500371379457,-10.967124081246418,10062.582148540674,9636.46396484375,9210.345781146825,39.99998036025172,32.22222276777733,TTNP
2014-12-30,9348.06640625,9546.9609375,8950.2763671875,9348.06640625,9348.06640625,16,9467.403125,9467.40322265625,9606.629736328125,9419.66837890625,10605.082783203125,12213.149184570313,45.50888766064728,-24.674982662425464,-5.30935656219545,-19.365626100230013,10025.72738098189,9606.629736328125,9187.532091674359,37.7777646846122,36.6666559375471,TTNP
2014-12-31,9149.1708984375,9348.06640625,9149.1708984375,9149.1708984375,9149.1708984375,16,9427.6240234375,9427.62421875,9576.795458984376,9411.712578125,10555.3590234375,12189.28177734375,41.345068345014916,-50.633242314026575,-14.374133712561676,-36.2591086014649,10035.117836476174,9576.795458984376,9118.473081492577,29.999979814696463,35.92590828652015,TTNP
2015-01-02,9348.06640625,9348.06640625,9149.1708984375,9348.06640625,9348.06640625,13,9387.8451171875,9427.62421875,9546.96123046875,9407.7346875,10511.602119140625,12164.419897460937,46.60611176909591,-54.5275848102774,-22.404823932104822,-32.122760878172585,9982.718296131403,9546.96123046875,9111.204164806099,27.77776413905694,31.85183621278856,TTNP
2015-01-05,9348.06640625,9745.8564453125,9149.1708984375,9149.1708984375,9149.1708984375,13,9308.287109375,9367.9556640625,9507.1822265625,9395.8009765625,10467.845205078125,12140.552490234375,42.500774162019475,-72.8236191862834,-32.48858298294054,-40.33503620334285,9935.615228209124,9507.1822265625,9078.749224915875,23.33330660143424,27.037016851729238,TTNP
2015-01-06,9348.06640625,9348.06640625,9149.1708984375,9348.06640625,9348.06640625,8,9268.508203125,9367.9556640625,9477.347998046875,9395.8009765625,10424.08830078125,12118.674038085937,47.4826562109884,-70.46191194385028,-40.08324877512249,-30.37866316872779,9860.446939307309,9477.347998046875,9094.24905678644,34.44443135126601,28.51850069725242,TTNP
2015-01-07,9348.06640625,9546.9609375,9149.1708984375,9348.06640625,9348.06640625,16,9268.508203125,9367.9556640625,9457.45849609375,9395.8009765625,10382.320341796874,12097.79005859375,47.4826562109884,-67.80858676024945,-45.628316372147886,-22.18027038810157,9823.663108828196,9457.45849609375,9091.253883359304,39.99998690682157,32.592574953173965,TTNP
2015-01-08,9149.1708984375,9348.06640625,9149.1708984375,9348.06640625,9348.06640625,9,9308.2873046875,9367.9556640625,9447.51376953125,9391.8230859375,10338.5634375,12077.900556640625,47.4826562109884,-64.95702330574386,-49.49405775886708,-15.46296554687678,9814.25811713998,9447.51376953125,9080.76942192252,49.99999999999983,41.48147275269583,TTNP
2015-01-09,9348.06640625,9745.8564453125,9348.06640625,9546.9609375,9546.9609375,12,9348.0662109375,9367.9556640625,9457.45849609375,9395.8009765625,10300.77337890625,12060.0,52.61082711223003,-46.11641100314591,-48.818528407722845,2.7021174045769314,9823.663108828196,9457.45849609375,9091.253883359304,58.33331287525218,49.44443326069122,TTNP
2015-01-12,9745.8564453125,9745.8564453125,9546.9609375,9745.8564453125,9745.8564453125,35,9467.4033203125,9387.84521484375,9457.45849609375,9407.7346875,10260.994375,12042.099448242188,57.12004174198108,-14.963396057341015,-42.04750193764648,27.084105880305465,9823.663108828196,9457.45849609375,9091.253883359304,74.99997954191885,61.111097472390306,TTNP
2015-01-13,9745.8564453125,9745.8564453125,9546.9609375,9546.9609375,9546.9609375,14,9507.1822265625,9387.84521484375,9447.513720703126,9415.69048828125,10221.215361328124,12023.204418945312,51.81086364926153,-6.251548548580104,-34.8883112598332,28.6367627112531,9792.009999548705,9447.513720703126,9103.017441857546,83.33329241717121,72.22219494478077,TTNP
2015-01-14,9546.9609375,9546.9609375,9348.06640625,9348.06640625,9348.06640625,14,9507.1822265625,9387.84521484375,9427.62421875,9415.69048828125,10179.44740234375,12003.314916992187,47.09662943350328,-15.221014690734592,-30.95485194601348,15.733837255278889,9745.856200787795,9427.62421875,9109.392236712203,74.99997954191885,77.77775050033632,TTNP
2015-01-15,9546.9609375,9546.9609375,9348.06640625,9546.9609375,9546.9609375,8,9546.9611328125,9427.62421875,9427.62421875,9419.66837890625,10141.65734375,11985.414360351562,51.81791824005939,-6.208684933839322,-26.00561854357865,19.796933609739327,9745.856200787795,9427.62421875,9109.392236712203,66.66662575050454,74.99996590319823,TTNP
2015-01-16,9546.9609375,9546.9609375,9348.06640625,9348.06640625,9348.06640625,3,9507.1822265625,9427.62421875,9427.62421875,9423.6462890625,10101.87833984375,11964.530380859374,47.27444144223335,-14.94321898545968,-23.793138631954854,8.849919646495174,9745.856200787795,9427.62421875,9109.392236712203,58.33331287525218,66.66663938922521,TTNP
2015-01-20,9546.9609375,9546.9609375,9149.1708984375,9348.06640625,9348.06640625,29,9427.62421875,9447.51376953125,9407.734716796875,9423.6462890625,10064.08828125,11944.64087890625,47.27444144223335,-21.616221800995845,-23.357755265763053,1.7415334647672083,9691.813516324919,9407.734716796875,9123.65591726883,58.33331287525218,61.11108383366966,TTNP
2015-01-21,9546.9609375,9745.8564453125,9348.06640625,9546.9609375,9546.9609375,21,9427.62421875,9467.40322265625,9417.679443359375,9427.6241796875,10030.276123046875,11925.745849609375,52.14119718950359,-10.73178878694489,-20.83256196999942,10.100773183054532,9706.591022644796,9417.679443359375,9128.767864073954,55.55553737060939,57.40738770703795,TTNP
2015-01-22,9745.8564453125,9745.8564453125,9348.06640625,9546.9609375,9546.9609375,16,9467.403125,9487.29267578125,9427.624169921875,9435.57998046875,9994.475009765625,11908.839770507813,52.14119718950359,-2.081799516256069,-17.08240947925075,15.00060996299468,9719.93882274981,9427.624169921875,9135.309517093941,61.111074741218964,58.333308329026885,TTNP
2015-01-23,9546.9609375,10143.646484375,9149.1708984375,9745.8564453125,9745.8564453125,56,9507.1822265625,9527.0716796875,9447.513671875,9451.49158203125,9962.651806640624,11892.928168945313,56.76909910878059,20.58529013119187,-9.548869557162226,30.134159688354096,9768.222193392792,9447.513671875,9126.805150357208,64.444414621135,60.37034224432116,TTNP
2015-01-26,9944.7509765625,10342.541015625,9745.8564453125,10143.646484375,10143.646484375,161,9666.2982421875,9586.740234375,9477.34794921875,9467.40318359375,9934.80650390625,11879.999990234375,64.22095819931138,69.84235447954961,6.329375250180142,63.51297922936947,9918.06990936522,9477.34794921875,9036.625989072281,70.0000020003572,65.18516378757043,TTNP
2015-01-27,10143.646484375,10342.541015625,9944.7509765625,9944.7509765625,9944.7509765625,35,9785.63515625,9606.6296875,9497.237451171875,9487.29267578125,9908.950146484374,11866.077333984374,58.76645046529294,91.771838978495,23.417867995843114,68.35397098265189,9982.39454054614,9497.237451171875,9012.08036179761,70.0000201853032,68.14814560226517,TTNP
2015-01-28,9944.7509765625,10143.646484375,9745.8564453125,9745.8564453125,9745.8564453125,50,9825.4142578125,9626.51923828125,9507.1822265625,9499.22638671875,9881.10484375,11851.160205078126,53.84174295207445,92.04099569158825,37.14249353499214,54.89850215659611,10004.021841499592,9507.1822265625,9010.342611625407,66.66669394410782,68.88890537658945,TTNP
2015-01-29,9745.8564453125,9944.7509765625,9745.8564453125,9944.7509765625,9944.7509765625,12,9904.972265625,9686.1876953125,9537.016455078125,9515.13798828125,9855.248486328124,11838.232026367188,57.66259241506961,107.06920363556128,51.12783555510597,55.94136808045531,10062.867186319347,9537.016455078125,9011.165723836903,61.111124749831596,65.92594629308091,TTNP
2015-01-30,9944.7509765625,9944.7509765625,9546.9609375,9546.9609375,9546.9609375,19,9865.1931640625,9686.1876953125,9556.90595703125,9523.0937890625,9827.403173828125,11826.298325195312,48.937533845629254,85.89074003527821,58.080416451140415,27.810323584137798,10051.750948700523,9556.90595703125,9062.060965361976,50.000013638720496,59.25927744422001,TTNP
2015-02-02,9546.9609375,9745.8564453125,9348.06640625,9745.8564453125,9745.8564453125,15,9785.63515625,9725.96669921875,9576.795458984376,9539.005390625,9799.55787109375,11813.370146484374,52.78446862112895,84.18542313650687,63.301417788213705,20.884005348293165,10068.432380338498,9576.795458984376,9085.158537630254,50.000013638720496,53.703717342424234,TTNP
2015-02-03,9546.9609375,9944.7509765625,9546.9609375,9944.7509765625,9944.7509765625,12,9785.63515625,9785.63515625,9616.574462890625,9558.8948828125,9773.701513671875,11801.436440429687,56.327716142817465,97.75620101483037,70.19237443353704,27.563826581293327,10091.846054149937,9616.574462890625,9141.302871631313,50.000013638720496,50.00001363872054,TTNP
2015-02-04,9745.8564453125,9944.7509765625,9745.8564453125,9944.7509765625,9944.7509765625,11,9825.4140625,9825.41416015625,9646.40869140625,9574.806484375,9743.867255859375,11788.50826171875,56.327716142817465,107.27454606462925,77.60880875975548,29.665737304873772,10125.411207289673,9646.40869140625,9167.406175522827,61.111124749831596,53.703717342424234,TTNP
2015-02-05,9944.7509765625,9944.7509765625,9944.7509765625,9944.7509765625,9944.7509765625,4,9825.4140625,9865.1931640625,9676.242919921875,9590.7180859375,9718.0108984375,11776.574555664063,56.327716142817465,113.50943696045942,84.78893439989626,28.720502560563162,10151.514511181187,9676.242919921875,9200.971328662563,66.6666666666665,59.25926835173957,TTNP
2015-02-06,9944.7509765625,9944.7509765625,9944.7509765625,9944.7509765625,9944.7509765625,5,9904.9720703125,9885.0826171875,9706.0771484375,9602.65177734375,9694.143486328125,11766.6298046875,56.327716142817465,117.10076815279899,91.2513011504768,25.849467002322186,10169.975964090967,9706.0771484375,9242.178332784033,66.6666666666665,64.8148193610549,TTNP
2015-02-09,9944.7509765625,10143.646484375,9944.7509765625,10143.646484375,10143.646484375,9,9984.530078125,9885.0826171875,9735.91142578125,9622.5412890625,9680.22083984375,11755.690576171875,60.33177325250475,134.44631579961424,99.89030408030429,34.55601171930995,10230.756417450404,9735.91142578125,9241.066434112097,72.2222358609427,68.51852306475861,TTNP
2015-02-10,10143.646484375,10143.646484375,9944.7509765625,9944.7509765625,9944.7509765625,4,9984.530078125,9885.0826171875,9745.85615234375,9630.49708984375,9674.253984375,11745.745825195312,54.910123443951576,130.63767226948949,106.03977771814132,24.597894551348162,10249.02509648274,9745.85615234375,9242.68720820476,72.2222358609427,70.37037946285068,TTNP
2015-02-11,9944.7509765625,9944.7509765625,9944.7509765625,9944.7509765625,9944.7509765625,16,9984.530078125,9904.9720703125,9765.745654296876,9638.452890625,9664.309228515625,11736.795546875,54.91012344395158,126.16494389381114,110.06481095327528,16.100132940535858,10267.339699433649,9765.745654296876,9264.151609160102,72.2222358609427,72.22223586094275,TTNP
2015-02-12,9944.7509765625,10143.646484375,9944.7509765625,9944.7509765625,9944.7509765625,15,9984.530078125,9904.9720703125,9795.5798828125,9638.452890625,9652.37552734375,11726.850795898437,54.910123443951576,121.2228923870116,112.29642724002255,8.926465146989045,10264.14540820068,9795.5798828125,9327.014357424321,64.44443789785514,69.62963653991356,TTNP
2015-02-13,9944.7509765625,10143.646484375,9944.7509765625,10143.646484375,10143.646484375,7,10024.3091796875,9964.640625,9825.41416015625,9646.40869140625,9644.4197265625,11713.9226171875,59.46022185797945,131.83576556317348,116.20429490465274,15.63147065852074,10302.762157947102,9825.41416015625,9348.066162365398,68.88889543547783,68.5185230647586,TTNP
2015-02-17,10143.646484375,10342.541015625,9944.7509765625,10143.646484375,10143.646484375,13,10024.3091796875,10004.41962890625,9865.1931640625,9650.3866015625,9642.43078125,11700.994438476562,59.46022185797945,138.64829280303638,120.69309448432946,17.95519831870692,10308.153457081378,9865.1931640625,9422.232871043623,73.33335297310055,68.88889543547788,TTNP
2015-02-18,10143.646484375,10939.2265625,10143.646484375,10740.3310546875,10740.3310546875,24,10183.4251953125,10083.97763671875,9934.806396484375,9666.298203125,9646.408681640625,11694.033110351562,69.99498529223308,190.00447453665402,134.55537049479437,55.44910404185964,10460.657194212139,9934.806396484375,9408.955598756611,82.50001595731585,74.9074214552981,TTNP
2015-02-19,10939.2265625,11138.12109375,10939.2265625,11138.12109375,11138.12109375,50,10422.09921875,10203.3146484375,10014.364404296875,9690.16560546875,9646.408681640625,11687.071782226563,74.712773113565,259.8080448282435,159.6059053614842,100.20213946675932,10729.003884848204,10014.364404296875,9299.724923745547,89.16666953080426,81.66667948707358,TTNP
2015-02-20,11138.12109375,11138.12109375,10342.541015625,10740.3310546875,10740.3310546875,16,10581.215234375,10282.87265625,10074.03291015625,9710.05509765625,9642.43078125,11680.110454101563,63.89375907858401,279.8041375835837,183.6455518059041,96.15858577767963,10821.14774747238,10074.03291015625,9326.918072840119,88.4259136763335,86.6975330548179,TTNP
2015-02-23,10740.3310546875,11337.0166015625,10740.3310546875,11337.0166015625,11337.0166015625,22,10819.8892578125,10422.09921875,10153.59091796875,9745.8562109375,9642.43078125,11679.115981445313,70.73861107701114,339.8807879251344,214.89259902975016,124.98818889538427,11064.825397258057,10153.59091796875,9242.356438679442,92.59259057204065,90.06172459305951,TTNP
2015-02-24,11535.9111328125,12928.1767578125,10939.2265625,11535.9111328125,11535.9111328125,115,11098.3421875,10561.32568359375,10223.204150390626,9789.61310546875,9646.408681640625,11679.115981445313,72.60304135702206,398.9423337007065,251.70254596394142,147.2397877367651,11315.498215491194,10223.204150390626,9130.910085290057,78.00925212418707,86.34258545752044,TTNP
2015-02-25,11933.701171875,11933.701171875,11337.0166015625,11535.9111328125,11535.9111328125,22,11257.458203125,10720.44169921875,10302.762158203124,9825.41419921875,9650.38658203125,11679.115981445313,72.60304135702206,440.66927316930924,289.49589140501496,151.17338176429428,11526.249431762817,10302.762158203124,9079.274884643432,69.86110308699742,80.15431526107508,TTNP
2015-02-26,11734.806640625,12331.4921875,11535.9111328125,12331.4921875,12331.4921875,31,11496.132421875,10959.1158203125,10432.0439453125,9877.1269140625,9664.30923828125,11679.115981445313,78.85359752623037,531.8046030622972,337.9576337364714,193.84696932582585,11912.309562826413,10432.0439453125,8951.778327798587,63.194442966915595,70.3549327260334,TTNP
2015-02-27,12132.5966796875,12928.1767578125,12132.5966796875,12729.2822265625,12729.2822265625,41,11893.92265625,11237.5689453125,10571.2705078125,9936.7954296875,9686.1876953125,11680.110458984374,81.16718394990065,628.8790144642117,396.14190988201943,232.73710458219222,12338.08119723597,10571.2705078125,8804.45981838903,75.55556501173348,69.5370370218822,TTNP
2015-03-02,12729.2822265625,13723.7568359375,12729.2822265625,13524.8623046875,13524.8623046875,65,12331.491796875,11575.69052734375,10770.165576171876,10016.35345703125,9721.98880859375,11683.09388671875,84.75875429384378,761.2328300344961,469.16009391251475,292.0727361219814,12891.080921190844,10770.165576171876,8649.250231152908,89.35674204561617,76.03558334142178,TTNP
2015-03-03,13524.8623046875,13723.7568359375,13127.072265625,13325.966796875,13325.966796875,21,12689.5029296875,11893.92255859375,10949.17109375,10095.91146484375,9757.789912109374,11684.088359375,80.6193833882589,840.3875130628167,543.4055777425751,296.9819353202415,13287.266929313746,10949.17109375,8611.075258186253,92.51463068923806,85.8089792488626,TTNP
2015-03-04,13325.966796875,13325.966796875,12928.1767578125,13127.072265625,13127.072265625,13,13007.73515625,12132.5966796875,11108.287158203126,10163.53578125,9795.579970703126,11686.077309570312,76.59118265502181,876.959994275172,610.1164610490945,266.8435332260775,13580.593611080863,11108.287158203126,8635.980705325388,89.4736941845477,90.44835563980068,TTNP
2015-03-05,13127.072265625,13325.966796875,12928.1767578125,13127.072265625,13127.072265625,11,13166.851171875,12331.491796875,11267.40322265625,10239.1158984375,9829.39212890625,11688.066259765625,76.59118265502178,895.6198015580685,667.2171291508893,228.40267240717924,13827.747512369078,11267.40322265625,8707.058932943422,85.96492270808774,89.31774919395787,TTNP
2015-03-06,13127.072265625,13127.072265625,12729.2822265625,12928.1767578125,12928.1767578125,14,13206.630078125,12550.2763671875,11416.57451171875,10310.71810546875,9863.204287109374,11687.071782226563,72.39593765483357,884.1665069079663,710.6070047023047,173.5595022056616,13998.842224822576,11416.57451171875,8834.306798614925,82.4561512316278,85.96492270808778,TTNP
2015-03-09,12928.1767578125,12928.1767578125,12132.5966796875,12331.4921875,12331.4921875,18,12967.9560546875,12649.72392578125,11535.911572265624,10370.38662109375,9895.0275,11686.077309570312,61.51078894129611,817.5183871781664,731.9892811974771,85.52910598068934,14054.900094077919,11535.911572265624,9016.92305045333,74.7563457226311,81.05913988744892,TTNP
2015-03-10,12331.4921875,12530.38671875,11337.0166015625,12331.4921875,12331.4921875,34,12769.0611328125,12729.28203125,11645.303857421875,10426.07724609375,9922.8728125,11685.082836914062,61.51078894129611,755.984750498943,736.7883750577703,19.196375441172677,14102.201448468495,11645.303857421875,9188.406266375256,66.29401523004167,74.50217072810023,TTNP
2015-03-11,12132.5966796875,12729.2822265625,12132.5966796875,12331.4921875,12331.4921875,4,12609.9451171875,12808.84013671875,11764.64091796875,10481.76787109375,9952.7070703125,11683.09388671875,61.51078894129611,699.1594254596766,729.2625851381515,-30.103159678474867,14108.81994303446,11764.64091796875,9420.461892903042,59.58607478264606,66.87881191177297,TTNP
2015-03-12,12331.4921875,12729.2822265625,12331.4921875,12331.4921875,12331.4921875,5,12450.8291015625,12808.84013671875,11883.977978515624,10537.45849609375,9980.5523828125,11684.088364257812,61.51078894129611,646.6705306231033,712.7441742351418,-66.0736436120385,14083.994832556955,11883.977978515624,9683.961124474294,56.99348564519473,60.95785855262752,TTNP
2015-03-13,12530.38671875,12530.38671875,11933.701171875,12331.4921875,12331.4921875,10,12331.4921875,12769.0611328125,12003.3150390625,10597.12701171875,10008.3976953125,11680.110463867188,61.51078894129611,598.1772878807951,689.8307969642725,-91.65350908347739,14020.997457683841,12003.3150390625,9985.632620441158,54.05230822400954,56.87728955061681,TTNP
2015-03-16,11933.701171875,12331.4921875,11734.806640625,11933.701171875,11933.701171875,20,12251.933984375,12609.94501953125,12092.8177734375,10652.8176171875,10032.26509765625,11672.154658203124,53.7120328429114,521.6345547094061,656.1915485132993,-134.5569938038932,13922.65251352022,12092.8177734375,10262.983033354782,42.7777848049647,51.274526224723026,TTNP
2015-03-17,11933.701171875,11933.701171875,11535.9111328125,11933.701171875,11933.701171875,7,12172.37578125,12470.71845703125,12182.3205078125,10704.5303125,10056.1325,11665.193330078126,53.7120328429114,455.7206235385511,616.0973635183497,-160.37673997979857,13782.777346945844,12182.3205078125,10581.863668679154,33.33332553977845,43.38780618958427,TTNP
2015-03-18,11933.701171875,11933.701171875,11734.806640625,11933.701171875,11933.701171875,10,12092.817578125,12351.38134765625,12241.989013671875,10760.22091796875,10078.010947265626,11660.220952148438,53.7120328429114,398.88525725325417,572.6549422653305,-173.76968501207637,13706.13257555992,12241.989013671875,10777.84545178383,24.999979541918794,33.70369662888735,TTNP
2015-03-19,11933.701171875,11933.701171875,11734.806640625,11734.806640625,11734.806640625,6,11973.48046875,12212.15478515625,12271.823291015626,10807.95572265625,10101.878349609375,11652.265151367188,49.771317202930604,333.94419277328416,524.9127923669213,-190.96859959363712,13667.494437231324,12271.823291015626,10876.152144799928,22.222208583501345,26.85183788839956,TTNP
2015-03-20,11933.701171875,12729.2822265625,11734.806640625,12729.2822265625,12729.2822265625,22,12053.0384765625,12192.26533203125,12371.270849609375,10875.5800390625,10135.6905078125,11652.265151367188,63.99524021428202,358.5901953464054,491.6482729628181,-133.05807761641273,13588.2748439717,12371.270849609375,11154.26685524705,33.33333333333311,26.851840486251117,TTNP
2015-03-23,12928.1767578125,13325.966796875,12729.2822265625,13325.966796875,13325.966796875,29,12331.4916015625,12291.71279296875,12470.718359375,10955.138046875,10173.48056640625,11654.2541015625,69.56434751351321,421.412012711,477.6010209124545,-56.1890082014545,13658.107088445653,12470.718359375,11283.329630304346,58.33334015269344,37.96296068984267,TTNP
2015-03-24,13325.966796875,13524.8623046875,13127.072265625,13325.966796875,13325.966796875,20,12609.9447265625,12391.16025390625,12560.221142578124,11030.7181640625,10213.2595703125,11656.243051757812,69.56434751351323,465.8289691908285,475.2466105681293,-9.41764137730081,13721.84331390667,12560.221142578124,11398.59897124958,83.08080813716772,58.24916054106479,TTNP
2015-03-25,13127.072265625,13325.966796875,12729.2822265625,12729.2822265625,12729.2822265625,16,12769.0609375,12430.9392578125,12619.889697265626,11090.3866796875,10249.06068359375,11653.25962890625,58.98339426806849,447.7212175852419,469.7415319715518,-22.020314386309906,13683.373996186112,12619.889697265626,11556.40539834514,84.84848079068435,75.42087636018186,TTNP
2015-03-26,12729.2822265625,12729.2822265625,12530.38671875,12530.38671875,12530.38671875,10,12928.176953125,12450.8287109375,12629.834423828124,11150.0551953125,10282.872841796874,11650.276201171875,55.92956754652606,412.5656882957046,458.30636323638237,-45.74067494067776,13686.040272898139,12629.834423828124,11573.62857475811,69.6969615813689,79.20875016974036,TTNP
2015-03-27,12530.38671875,13127.072265625,12530.38671875,12928.1767578125,12928.1767578125,5,12967.955859375,12510.49716796875,12639.779150390625,11221.65740234375,10318.6739453125,11647.2927734375,60.350976978385575,412.0531178852907,449.055714166164,-37.00259628087332,13703.263452963889,12639.779150390625,11576.29484781736,63.636356873362935,72.72726641513876,TTNP
2015-03-30,12928.1767578125,13325.966796875,12928.1767578125,13325.966796875,13325.966796875,11,12967.955859375,12649.72373046875,12629.834375,11297.23751953125,10358.45294921875,11643.314873046875,64.21708369065688,438.68830808285384,446.98223294950196,-8.293924866648126,13663.323381629023,12629.834375,11596.345368370978,72.42422640945884,68.58584828806359,TTNP
2015-03-31,13325.966796875,14121.546875,13325.966796875,14121.546875,14121.546875,55,13127.071875,12868.50830078125,12669.61337890625,11392.70712890625,10408.176708984374,11642.320395507813,70.42777598893086,518.0221150899724,461.19020937759603,56.8319057123764,13857.001780816085,12669.61337890625,11482.224976996415,87.57574561877426,74.54544296719871,TTNP
2015-04-01,14121.546875,14320.4423828125,13723.7568359375,13922.65234375,13922.65234375,20,13365.7458984375,13067.40341796875,12709.3923828125,11484.19884765625,10453.922568359376,11639.33697265625,67.2836672293718,558.4086153509343,480.6338905722637,77.77472477867059,14003.892032584034,12709.3923828125,11414.892733040968,91.9047570282258,83.96824301881968,TTNP
2015-04-02,14121.546875,14121.546875,13325.966796875,13922.65234375,13922.65234375,16,13644.1990234375,13286.18798828125,12749.17138671875,11571.71267578125,10499.668427734376,11636.353549804688,67.2836672293718,583.686829340566,501.24447832592415,82.44235101464182,14138.022896532955,12749.17138671875,11360.319876904545,90.47619381628392,89.98556548776138,TTNP
2015-04-06,13922.65234375,13922.65234375,13524.8623046875,13723.7568359375,13723.7568359375,22,13803.3150390625,13385.63544921875,12788.950390625,11655.24859375,10545.414287109375,11630.38669921875,63.971504614174954,580.9736877765681,517.1903202160529,63.78336756051522,14240.202889226064,12788.950390625,11337.697892023934,83.3333333333331,88.57142805928099,TTNP
2015-04-07,13922.65234375,13922.65234375,13524.8623046875,13524.8623046875,13524.8623046875,31,13843.094140625,13405.525,12848.618896484375,11730.8287109375,10591.160146484375,11613.480620117187,60.75090103441545,556.3609938842437,525.0244549496911,31.336538934552664,14317.752028593366,12848.618896484375,11379.485764375384,77.83882810564013,83.88278508508576,TTNP
2015-04-08,13524.8623046875,13922.65234375,13524.8623046875,13524.8623046875,13524.8623046875,13,13723.7572265625,13425.41455078125,12908.28740234375,11798.45302734375,10632.92810546875,11603.535869140625,60.75090103441546,530.7372480269041,526.1670135651336,4.570234461770497,14385.476577870335,12908.28740234375,11431.098226817167,72.34432287794716,77.83882810564018,TTNP
2015-04-09,13524.8623046875,13922.65234375,13524.8623046875,13723.7568359375,13723.7568359375,9,13683.978125,13524.86201171875,12977.900634765625,11874.03314453125,10680.66291015625,11595.580068359375,62.91613609677608,520.4796063520425,525.0295321225154,-4.549925770472896,14470.93894212145,12977.900634765625,11484.8623274098,71.79487082644187,73.99267393667644,TTNP
2015-04-10,13723.7568359375,14121.546875,13723.7568359375,13922.65234375,13922.65234375,20,13683.978125,13664.08857421875,13057.458642578125,11957.5690625,10728.397724609375,11587.624267578125,64.99575108646603,522.377909294366,524.4992075568855,-2.121298262519531,14573.634048984,13057.458642578125,11541.28323617225,74.64387375913601,72.9276891545084,TTNP
2015-04-13,13922.65234375,14121.546875,13723.7568359375,13723.7568359375,13723.7568359375,11,13683.978125,13743.64658203125,13127.071875,12033.1491796875,10774.143583984374,11583.6463671875,61.294053088172426,502.0458507565054,520.0085361968095,-17.962685440304085,14631.328851780301,13127.071875,11622.814898219698,73.78916490592381,73.40930316383395,TTNP
2015-04-14,13723.7568359375,13723.7568359375,13723.7568359375,13723.7568359375,13723.7568359375,0,13723.75703125,13783.4255859375,13216.574658203124,12116.68509765625,10819.889443359374,11576.6850390625,61.29405308817244,480.3948550273399,512.0857999629155,-31.690944935575658,14636.830241150921,13216.574658203124,11796.319075255327,70.37036026761685,72.93446631089228,TTNP
2015-04-15,13922.65234375,14121.546875,13922.65234375,14121.546875,14121.546875,11,13843.0939453125,13783.4255859375,13325.966943359375,12204.19890625,10871.6021484375,11569.7237109375,65.81059326995224,489.68977767155593,507.6065955046436,-17.91681783308769,14669.060871175832,13325.966943359375,11982.873015542918,74.07405386856726,72.74452634736936,TTNP
2015-04-16,13922.65234375,14121.546875,13723.7568359375,13922.65234375,13922.65234375,30,13882.873046875,13783.4255859375,13425.414501953124,12283.75693359375,10921.325908203125,11561.76791015625,61.92002596310753,475.52538377261953,501.1903531582388,-25.66496938561926,14628.68833986993,13425.414501953124,12222.140664036318,77.7777656544736,74.07405993021929,TTNP
2015-04-17,13922.65234375,13922.65234375,13524.8623046875,13723.7568359375,13723.7568359375,13,13843.0939453125,13763.53603515625,13524.86201171875,12359.33705078125,10967.071767578125,11553.812109375,58.21381606021876,443.14252315709746,489.58078715801054,-46.43826400091308,14449.242529532334,13524.86201171875,12600.481493905165,74.60316186133502,75.484993794792,TTNP
2015-04-20,13723.7568359375,13922.65234375,13723.7568359375,13922.65234375,13922.65234375,6,13882.873046875,13783.4255859375,13584.530517578125,12438.895078125,11014.80658203125,11550.828686523437,60.744205340110334,428.58758713673524,477.38214715375545,-48.79456001702022,14447.835799670689,13584.530517578125,12721.225235485561,64.97354686049071,72.4514914587665,TTNP
2015-04-21,14121.546875,14519.3369140625,13922.65234375,14320.4423828125,14320.4423828125,18,14002.21015625,13862.98359375,13634.254296875,12526.40890625,11064.530341796875,11548.839736328126,65.27348781232917,444.03249693617727,470.7122171102398,-26.67972017406254,14545.488848636709,13634.254296875,12723.019745113292,66.82541033051257,68.80070635077949,TTNP
2015-04-22,14121.546875,14320.4423828125,13922.65234375,14320.4423828125,14320.4423828125,5,14041.9892578125,13942.5416015625,13683.978076171876,12609.94482421875,11116.243056640626,11535.911557617188,65.27348781232918,451.0730103467213,466.7843757575361,-15.711365410814835,14630.350715642855,13683.978076171876,12737.605436700896,75.55558937957932,69.11818219019425,TTNP
2015-04-23,14121.546875,14519.3369140625,14121.546875,14519.3369140625,14519.3369140625,15,14161.326171875,14022.099609375,13773.480810546875,12701.43654296875,11165.96681640625,11524.972333984375,67.45119266038758,467.3148793538803,466.89047647680496,0.4244028770753516,14679.49088745175,13773.480810546875,12867.470733642,88.88891616632993,77.08997195880733,TTNP
2015-04-24,14519.3369140625,14718.232421875,14519.3369140625,14519.3369140625,14519.3369140625,12,14320.4421875,14081.76806640625,13872.9283203125,12792.92826171875,11215.690576171875,11516.022055664063,67.45119266038759,474.71446470873343,468.45527412319063,6.259190585542797,14636.799194136805,13872.9283203125,13109.057446488194,88.88888888888863,84.44446481159935,TTNP
2015-04-27,14519.3369140625,15116.0224609375,14519.3369140625,15116.0224609375,15116.0224609375,28,14559.1162109375,14220.99462890625,13982.32060546875,12896.35369140625,11267.403291015626,11513.0386328125,73.28095473112677,522.7008562365099,479.3043905458545,43.39646569065542,14798.51759712707,13982.32060546875,13166.123613810432,94.44443080572353,90.74074528698075,TTNP
2015-04-28,15116.0224609375,15314.9169921875,14917.126953125,14917.126953125,14917.126953125,17,14678.453125,14340.331640625,14061.87861328125,12991.82330078125,11319.11599609375,11506.0773046875,68.85396184004921,538.4740187050083,491.1383161776853,47.335702527323065,14915.970025178409,14061.87861328125,13207.78720138409,87.03702137776436,90.12344702412555,TTNP
2015-04-29,14917.126953125,15314.9169921875,14121.546875,14320.4423828125,14320.4423828125,31,14678.453125,14360.22119140625,14071.823388671875,13075.35921875,11362.87291015625,11496.132553710937,57.609984089847956,497.09668433254956,492.3299898086581,4.766694523891431,14933.06408089306,14071.823388671875,13210.58269645069,74.07407609462557,85.18517609270454,TTNP
2015-04-30,14121.546875,14519.3369140625,13723.7568359375,13723.7568359375,13723.7568359375,12,14519.337109375,14340.331640625,14061.87861328125,13135.027734375,11400.66296875,11486.187802734376,48.993756252544664,411.4147783432145,476.1469475155694,-64.73216917235493,14934.30030065804,14061.87861328125,13189.456925904458,44.44443838278891,68.51851195172634,TTNP
2015-05-01,13723.7568359375,14519.3369140625,13723.7568359375,14121.546875,14121.546875,5,14439.7791015625,14380.11064453125,14071.82333984375,13194.69625,11442.430927734375,11478.232001953125,53.9395979586659,371.3291311446683,455.1833842413892,-83.85425309672092,14942.202153766419,14071.82333984375,13201.44452592108,29.629619526870574,49.382711334761744,TTNP
2015-05-04,14121.546875,14320.4423828125,13922.65234375,14320.4423828125,14320.4423828125,4,14280.6630859375,14419.8896484375,14101.6576171875,13266.2984765625,11488.176787109374,11470.276201171875,56.22518089212177,351.55763460498383,434.45823431410815,-82.90059970912432,14963.12797116602,14101.6576171875,13240.18726320898,29.629619526870574,34.56789247884341,TTNP
2015-05-05,14121.546875,14519.3369140625,14121.546875,14121.546875,14121.546875,4,14121.5470703125,14400.00009765625,14131.491845703125,13321.98908203125,11533.922646484374,11462.320400390625,53.373009402454095,316.1944827372263,410.8054839987318,-94.61100126150552,14951.315848785682,14131.491845703125,13311.667842620569,37.03702895482974,32.098756002857016,TTNP
2015-05-06,14121.546875,14320.4423828125,14121.546875,14320.4423828125,14320.4423828125,6,14121.5470703125,14400.00009765625,14171.270849609375,13377.67970703125,11583.64640625,11456.353549804688,55.78828565713795,300.75126200835984,388.79463960065743,-88.04337759229759,14945.43007128895,14171.270849609375,13397.111627929798,40.74074276129224,35.80246374766424,TTNP
2015-05-07,13922.65234375,14121.546875,13723.7568359375,14121.546875,14121.546875,7,14201.105078125,14360.22109375,14191.1603515625,13429.392421875,11627.403310546875,11449.392221679687,52.84059562159184,269.35819942368107,364.90735156526216,-95.54915214158109,14938.275381262358,14191.1603515625,13444.04532186264,34.25925723870724,37.34567631827647,TTNP
2015-05-08,14121.546875,14718.232421875,13922.65234375,14519.3369140625,14519.3369140625,14,14280.6630859375,14360.22109375,14220.994580078124,13473.14931640625,11675.138115234375,11446.408793945313,57.65910236502725,273.4254247378376,346.61096619977724,-73.18554146193964,14970.488545378666,14220.994580078124,13471.500614777582,39.81481885591808,38.271606285305914,TTNP
2015-05-11,14121.546875,14718.232421875,14121.546875,14320.4423828125,14320.4423828125,4,14280.6630859375,14280.6630859375,14250.828857421875,13504.97251953125,11720.883974609374,11443.42537109375,54.65229119492512,257.62980760804203,328.8147344814302,-71.18492687338818,14965.468462997622,14250.828857421875,13536.189251846128,37.500010229040235,37.19136210788858,TTNP
2015-05-12,14718.232421875,14718.232421875,14121.546875,14320.4423828125,14320.4423828125,8,14320.4421875,14220.99462890625,14280.663134765626,13520.88412109375,11768.6187890625,11439.447470703126,54.65229119492512,242.31837187833844,311.5154619608119,-69.19709008247344,14953.387190271274,14280.663134765626,13607.939079259977,41.66668712474739,39.6605054032353,TTNP
2015-05-13,14320.4423828125,15116.0224609375,14121.546875,14718.232421875,14718.232421875,27,14400.0001953125,14260.7736328125,14310.497412109375,13548.72943359375,11822.32044921875,11434.47509765625,59.545618564180266,259.29330857511377,301.07103128367226,-41.777722708558485,15004.923144508124,14310.497412109375,13616.071679710625,45.833364020454546,41.666687124747455,TTNP
2015-05-14,14718.232421875,14718.232421875,14519.3369140625,14718.232421875,14718.232421875,5,14519.3373046875,14360.22119140625,14350.276416015626,13580.55263671875,11872.044208984375,11432.486147460937,59.545618564180266,269.63785090364036,294.78439520766585,-25.146544304025497,15042.419775037437,14350.276416015626,13658.133056993815,54.166697353787875,47.22224949966333,TTNP
2015-05-15,14917.126953125,15116.0224609375,14519.3369140625,15116.0224609375,15116.0224609375,18,14638.6744140625,14459.66875,14419.889697265626,13620.331640625,11929.72376953125,11433.480625,64.04522808605338,306.40229201611874,297.10797456935643,9.294317446762307,15125.89708954339,14419.889697265626,13713.882304987861,70.83336402045455,56.94447513156572,TTNP
2015-05-18,15116.0224609375,15116.0224609375,14519.3369140625,14519.3369140625,14519.3369140625,16,14678.4533203125,14479.558203125,14449.72392578125,13652.15484375,11981.436474609374,11431.491674804687,54.29060979493602,284.1157302650281,294.50952570849074,-10.393795443462636,15118.61484799938,14449.72392578125,13780.83300356312,66.6666871247474,63.88891616633,TTNP
2015-05-19,14519.3369140625,15513.8125,14519.3369140625,14718.232421875,14718.232421875,22,14758.011328125,14539.2267578125,14469.613427734375,13699.8896484375,12035.138134765624,11430.497202148437,56.660206721703055,279.2832710517523,291.46427477714303,-12.181003725390724,15145.564103226681,14469.613427734375,13793.66275224207,64.35186612199341,67.2839724223985,TTNP
2015-05-20,15116.0224609375,15513.8125,15116.0224609375,15314.9169921875,15314.9169921875,8,14877.3482421875,14638.67421875,14519.337158203125,13759.55814453125,12092.8176953125,11432.48615234375,62.8776156172732,319.9132100856332,297.1540618388411,22.75914824679211,15284.501677308943,14519.337158203125,13754.172639097307,64.81481077371326,65.27778800681807,TTNP
2015-05-21,15712.70703125,16309.392578125,15513.8125,15513.8125,15513.8125,47,15036.4642578125,14777.90078125,14569.0609375,13823.20455078125,12152.4862109375,11435.469580078125,64.69570403535305,363.9663571304318,310.51652089715924,53.44983623327255,15448.483000832824,14569.0609375,13689.638874167176,71.22506912082905,66.79724867217863,TTNP
2015-05-22,15712.70703125,15911.6025390625,15116.0224609375,15116.0224609375,15116.0224609375,56,15036.4642578125,14837.5693359375,14598.89521484375,13878.89515625,12208.176826171875,11434.475107421875,58.522435855726584,362.6006275436757,320.9333422264625,41.667285317213214,15509.478387860405,14598.89521484375,13688.312041827094,70.65526741521622,68.89838243658623,TTNP
2015-05-26,15116.0224609375,15911.6025390625,14917.126953125,15712.70703125,15712.70703125,6,15275.13828125,14976.79580078125,14628.729443359374,13946.519453125,12271.823232421875,11438.4530078125,64.06192923061323,404.9971797437229,337.74610972991456,67.25107001380832,15638.795097145914,14628.729443359374,13618.663789572835,66.66666666666642,69.51566773423728,TTNP
2015-05-27,15712.70703125,15911.6025390625,15314.9169921875,15314.9169921875,15314.9169921875,6,15394.4751953125,15076.24326171875,14648.6189453125,14014.14376953125,12333.480693359375,11444.419858398438,58.45680010389391,401.8659604909826,350.5700798821282,51.29588060885442,15695.608105482193,14648.6189453125,13601.629785142808,64.10255829198574,67.14149745795618,TTNP
2015-05-28,15712.70703125,16508.287109375,15314.9169921875,16309.392578125,16309.392578125,32,15593.3703125,15235.35927734375,14748.066455078126,14101.65759765625,12403.093955078126,11457.348037109376,66.37715987852862,474.1644427410756,375.28895245391766,98.87549028715796,16007.7175628745,14748.066455078126,13488.41534728175,76.92307401778982,69.23076632548072,TTNP
2015-05-29,16508.287109375,16707.181640625,15911.6025390625,15911.6025390625,15911.6025390625,18,15672.9283203125,15354.6962890625,14857.458740234375,14181.215625,12470.718271484375,11469.28173828125,61.33949126692495,493.6724306443848,398.96564809201107,94.70678255237374,16122.281031997116,14857.458740234375,13592.636448471634,74.35898694856625,71.79487308611401,TTNP
2015-06-01,15911.6025390625,16309.392578125,15712.70703125,16110.4970703125,16110.4970703125,20,15871.8232421875,15454.14375,14956.90625,14268.72943359375,12538.342578125,11481.215439453124,62.857370425532686,519.1968005185518,423.0118785773192,96.18492194123257,16285.786966090072,14956.90625,13628.025533909928,79.48720079264038,76.92308725299888,TTNP
2015-06-02,16110.4970703125,16707.181640625,15911.6025390625,16707.181640625,16707.181640625,20,16070.7181640625,15672.92822265625,15076.243212890626,14348.287421875,12611.93373046875,11497.127036132813,67.03841134053164,580.8765226896958,454.5848073997945,126.29171528990128,16573.11804149408,15076.243212890626,13579.368384287174,82.05129754616263,78.63249509578982,TTNP
2015-06-03,16707.181640625,17303.8671875,16508.287109375,17303.8671875,17303.8671875,63,16468.508203125,15931.49169921875,15235.359228515625,14427.8454296875,12691.49173828125,11515.027587890625,70.60220039545071,670.1802629142148,497.70389850267856,172.47636441153628,16952.780353845006,15235.359228515625,13517.938103186245,92.30769714984233,84.61539849621518,TTNP
2015-06-04,17303.8671875,17303.8671875,16110.4970703125,16309.392578125,16309.392578125,52,16468.508203125,16030.9392578125,15334.80673828125,14487.5139453125,12759.1160546875,11529.944716796876,59.12783454872683,653.1788909700135,528.7988969961456,124.37999397386795,17059.124299879946,15334.80673828125,13610.489176682553,88.09524394040385,87.48474621213633,TTNP
2015-06-05,16309.392578125,16309.392578125,15911.6025390625,15911.6025390625,15911.6025390625,17,16468.508203125,16070.71826171875,15424.309521484374,14551.1603515625,12820.773515625,11540.8839453125,55.25918142314769,600.6825549521072,543.1756285873379,57.506926364769356,17071.539572334354,15424.309521484374,13777.079470634395,71.42858311890318,83.94384140304986,TTNP
2015-06-08,19093.921875,19690.607421875,17303.8671875,17701.658203125,17701.658203125,170,16786.7404296875,16329.2818359375,15583.4255859375,14654.58578125,12902.32048828125,11561.767924804688,66.03022538317647,695.5040249493068,573.6413078597317,121.86271708957509,17450.391968085856,15583.4255859375,13716.459203789143,58.6080765931845,72.71063455083058,TTNP
2015-06-09,18099.447265625,18099.447265625,16906.078125,17104.97265625,17104.97265625,47,16866.2986328125,16468.5083984375,15722.652099609375,14738.12169921875,12979.88955078125,11579.6684765625,60.77777080576576,714.269531607235,601.7669526092324,112.5025789980026,17607.33328399985,15722.652099609375,13837.970915218897,52.457280506905015,60.83131340633097,TTNP
2015-06-10,17104.97265625,17303.8671875,16110.4970703125,16707.181640625,16707.181640625,56,16746.9615234375,16607.73486328125,15841.9890625,14805.74599609375,13051.4917578125,11596.57455078125,57.49426214881203,689.0994112853023,619.2334443444463,69.86596694085597,17657.38962143959,15841.9890625,14026.588503560411,48.29060458539218,53.11865389516064,TTNP
2015-06-11,16707.181640625,17303.8671875,16309.392578125,17104.97265625,17104.97265625,15,16906.0775390625,16687.29287109375,15961.32607421875,14865.41451171875,13129.0608203125,11615.469580078125,59.83130057069811,693.2588634329586,634.0385281621487,59.22033527080987,17779.339719404314,15961.32607421875,14143.312429033185,43.05555896523546,47.934481352510964,TTNP
2015-06-12,16906.078125,16906.078125,16508.287109375,16906.078125,16906.078125,10,17104.97265625,16786.7404296875,16070.718359375,14925.08302734375,13204.6409375,11634.364609375,58.11090433962897,672.7510771420002,641.781037958119,30.970039183881227,17838.98356789599,16070.718359375,14302.453150854008,41.666673486026745,44.33761234555154,TTNP
2015-06-15,16906.078125,16906.078125,16309.392578125,16309.392578125,16309.392578125,15,16826.51953125,16806.62998046875,16130.386865234375,14972.81783203125,13272.26525390625,11651.270688476563,53.17137790737855,601.4181972243896,633.7084698113731,-32.29027258698352,17845.503406505024,16130.386865234375,14415.270323963727,36.742438191115575,40.48822354745934,TTNP
2015-06-16,16309.392578125,16906.078125,16309.392578125,16906.078125,16906.078125,18,16786.740625,16826.51962890625,16249.72392578125,15036.4642578125,13345.85642578125,11670.165717773438,57.09858645934908,586.2756916581766,624.2219141807338,-37.946222522557264,17826.398404271178,16249.72392578125,14673.049447291323,33.58587656417193,37.331662747104836,TTNP
2015-06-17,16707.181640625,17104.97265625,16110.4970703125,16508.287109375,16508.287109375,26,16746.96171875,16746.96162109375,16339.22666015625,15096.13275390625,13413.480732421875,11688.06626953125,53.85593485559883,535.9980841515044,606.577148174888,-70.57906402338358,17752.781467000998,16339.22666015625,14925.6718533115,26.36364752258938,32.230654092625706,TTNP
2015-06-18,16707.181640625,16906.078125,16508.287109375,16707.181640625,16707.181640625,12,16667.403515625,16786.74052734375,16408.839892578126,15159.779140625,13479.116083984374,11706.961293945313,55.225119205849346,506.36478635680214,586.5346758112707,-80.1698894544686,17748.985145075854,16408.839892578126,15068.694640080399,27.121215468897855,29.023579851886467,TTNP
2015-06-19,16707.181640625,16707.181640625,16309.392578125,16508.287109375,16508.287109375,9,16587.8453125,16846.408984375,16458.563623046874,15215.46974609375,13544.7514453125,11726.850795898437,53.51507668220402,461.5110458611598,561.5299498212486,-100.01890396008878,17734.440828501334,16458.563623046874,15182.686417592413,20.263150176202526,24.582671055896665,TTNP
2015-06-22,16508.287109375,16906.078125,16110.4970703125,16707.181640625,16707.181640625,8,16667.403125,16746.961328125,16538.12158203125,15271.16033203125,13614.364697265624,11747.734770507812,55.01517915423748,436.9760716596047,536.6191741889198,-99.64310252931512,17658.13211653015,16538.12158203125,15418.111047532353,20.6140196619845,22.66612843569504,TTNP
2015-06-23,16707.181640625,16707.181640625,16309.392578125,16707.181640625,16707.181640625,9,16627.623828125,16707.1822265625,16587.8453125,15330.828828125,13681.98900390625,11768.618745117188,55.015179154237494,412.7737292320653,511.85008519754894,-99.07635596548363,17643.301718257888,16587.8453125,15532.388906742115,19.298226572716004,20.058465470301087,TTNP
2015-06-24,16707.181640625,16906.078125,16508.287109375,16906.078125,16906.078125,6,16707.18203125,16727.071875,16667.403369140626,15394.47525390625,13755.58017578125,11791.491674804687,56.63807624155908,404.9741921323457,490.4749065845083,-85.50071445216258,17553.324025751223,16667.403369140626,15781.482712530029,22.807007569835246,20.906417934845326,TTNP
2015-06-25,16906.078125,16906.078125,16508.287109375,16508.287109375,16508.287109375,4,16667.403125,16667.4033203125,16677.348095703124,15442.21005859375,13823.204482421876,11811.381176757812,52.554440910892644,362.5157365527084,464.8830725781483,-102.3673360254399,17551.355573355206,16677.348095703124,15803.340618051043,19.493175121090307,20.532803087880595,TTNP
2015-06-26,16508.287109375,16707.181640625,16110.4970703125,16508.287109375,16508.287109375,11,16667.403125,16627.62421875,16707.18232421875,15493.92275390625,13888.83984375,11831.270678710938,52.554440910892644,325.11933133729144,436.93032432997694,-111.8109929926855,17512.64605285204,16707.18232421875,15901.718595585458,19.142305635308333,20.480829442078036,TTNP
2015-06-29,16309.392578125,16508.287109375,15911.6025390625,16309.392578125,16309.392578125,13,16587.8453125,16627.62421875,16717.127099609374,15545.63546875,13952.486259765625,11848.1767578125,50.445342835182586,276.24885944387825,404.7940313527572,-128.54517190887896,17497.394298642615,16717.127099609374,15936.859900576133,19.89418323427567,19.50988799689151,TTNP
2015-06-30,16309.392578125,16309.392578125,15712.70703125,15911.6025390625,15911.6025390625,14,16428.7294921875,16528.17666015625,16677.34814453125,15585.41447265625,14012.154775390625,11865.082836914062,46.43187895399174,203.07935430936595,364.45109594407893,-161.37174163471298,17533.05932356103,16677.34814453125,15821.636965501471,20.357156426279122,19.797881765287784,TTNP
2015-07-01,15911.6025390625,16110.4970703125,15513.8125,15513.8125,15513.8125,13,16150.2763671875,16428.72919921875,16587.84541015625,15609.281875,14067.845390625,11880.994438476562,42.767527602560165,111.70598558293023,313.9020738718492,-202.196088288919,17532.544558590627,16587.84541015625,15643.146261721873,13.690489759612454,17.98060980672249,TTNP
2015-07-02,15513.8125,15712.70703125,14320.4423828125,15116.0224609375,15116.0224609375,22,15871.8234375,16269.61328125,16528.176904296874,15625.1934765625,14117.569150390626,11898.894995117187,39.41745574728687,7.111622517826618,252.5439836010447,-245.43236108321807,17666.579522671847,16528.176904296874,15389.774285921898,13.69048641951643,15.912710868469413,TTNP
2015-07-06,14917.126953125,14917.126953125,13723.7568359375,14519.3369140625,14519.3369140625,22,15474.0333984375,16070.71826171875,16458.563623046874,15625.1934765625,14163.315009765625,11918.784497070312,34.98994580094255,-122.51541920717318,177.5321030394011,-300.0475222465743,17875.47269476514,16458.563623046874,15041.654551328607,17.366945646084076,14.915973941737732,TTNP
2015-07-07,14320.4423828125,14320.4423828125,13524.8623046875,14121.546875,14121.546875,14,15036.4642578125,15812.15478515625,16279.558056640624,15617.23767578125,14205.08296875,11934.696098632812,32.378835316525105,-254.41141889747632,91.14339865202561,-345.55481754950193,17911.346025534316,16279.558056640624,14647.770087746932,22.922496655399414,17.993309573666718,TTNP
2015-07-08,14121.546875,14121.546875,13723.7568359375,13723.7568359375,13723.7568359375,9,14598.8951171875,15513.8123046875,16110.497265625,15589.39236328125,14242.87302734375,11947.62427734375,29.970275700632982,-386.5820038917591,-4.401681856731329,-382.18032203502776,18038.856126130653,16110.497265625,14182.138405119345,15.359466348493171,18.549636216658964,TTNP
2015-07-09,13723.7568359375,14519.3369140625,13524.8623046875,14320.4423828125,14320.4423828125,7,14360.22109375,15255.24873046875,15991.160302734375,15577.458671875,14284.640986328124,11964.530356445313,37.48258541655527,-438.13011655660375,-91.14736879670582,-346.98274775989796,18048.161882720422,15991.160302734375,13934.158722748329,15.359466348493171,17.88047645079533,TTNP
2015-07-10,14320.4423828125,14320.4423828125,14121.546875,14320.4423828125,14320.4423828125,8,14201.105078125,15036.4642578125,15851.9337890625,15577.458671875,14326.4089453125,11984.41986328125,37.48258541655527,-473.523878712178,-167.62267077980027,-305.9012079323777,17964.719507835012,15851.9337890625,13739.148070289984,17.647051461452637,16.12199471947974,TTNP
2015-07-13,14320.4423828125,14519.3369140625,14320.4423828125,14320.4423828125,14320.4423828125,4,14161.326171875,14817.67978515625,15722.652001953125,15589.3923828125,14362.21005859375,12004.309370117187,37.482585416555274,-495.8577507290829,-233.2696867696568,-262.5880639594261,17877.613138684355,15722.652001953125,13567.690865221897,23.52940836682416,18.84530872559007,TTNP
2015-07-14,14320.4423828125,14320.4423828125,14320.4423828125,14320.4423828125,14320.4423828125,2,14201.1052734375,14618.784765625,15623.2044921875,15593.37029296875,14394.033271484375,12020.2209765625,37.48258541655527,-507.7049980274678,-288.156749021219,-219.5482490062488,17843.268395430925,15623.2044921875,13403.140588944076,23.52940836682416,21.568622731700398,TTNP
2015-07-15,14320.4423828125,15314.9169921875,14320.4423828125,15116.0224609375,15116.0224609375,5,14479.5583984375,14539.2267578125,15533.701708984376,15609.28189453125,14437.790185546875,12040.110483398437,47.56937999109272,-447.73613998600194,-320.0726272141756,-127.66351277182633,17682.872365933585,15533.701708984376,13384.531052035167,31.37254448909896,26.143787074249172,TTNP
2015-07-16,15116.0224609375,15911.6025390625,14917.126953125,15911.6025390625,15911.6025390625,15,14797.7904296875,14579.00576171875,15503.86748046875,15645.0830078125,14483.536044921875,12062.983413085938,55.33085844911234,-332.1845083368662,-322.49500343871375,-9.68950489815245,17614.31119089335,15503.86748046875,13393.423770044152,48.52941603860688,34.47712296484341,TTNP
2015-07-17,15911.6025390625,16508.287109375,15712.70703125,16508.287109375,16508.287109375,11,15235.359375,14718.2322265625,15493.92275390625,15688.83990234375,14533.2598046875,12089.834243164063,60.10135122307175,-190.26825561432997,-296.049653873837,105.781398259507,17583.36187221172,15493.92275390625,13404.48363560078,74.01961324966541,51.30719125912383,TTNP
2015-07-20,16508.287109375,16906.078125,15712.70703125,16110.4970703125,16110.4970703125,10,15593.3703125,14877.3482421875,15474.033251953126,15728.61890625,14579.0056640625,12114.696123046875,55.82129637977251,-108.64454784394547,-258.56863266785865,149.92408482391318,17531.803702794175,15474.033251953126,13416.262801112076,83.8235285888435,68.79085262570534,TTNP
2015-07-21,16110.4970703125,16309.392578125,15712.70703125,15911.6025390625,15911.6025390625,4,15911.60234375,15056.35380859375,15434.254296875,15756.46421875,14614.806767578126,12139.558002929687,53.759828401037936,-59.322465356108296,-218.71939920550858,159.39693384940028,17424.794965586316,15434.254296875,13443.713628163685,82.35292928388519,80.06535704079812,TTNP
2015-07-22,15911.6025390625,16110.4970703125,15712.70703125,15911.6025390625,15911.6025390625,8,16070.718359375,15275.13837890625,15394.475341796875,15788.287421875,14646.629970703125,12166.408833007812,53.759828401037936,-20.003768645052332,-178.97627309341732,158.972504448365,17312.136979598472,15394.475341796875,13476.813703995276,72.54900431737626,79.5751540633684,TTNP
2015-07-23,15911.6025390625,16707.181640625,15911.6025390625,16508.287109375,16508.287109375,12,16190.0552734375,15493.9228515625,15374.585791015625,15832.04431640625,14676.46421875,12199.226513671874,59.02472540820729,58.62821038306902,-131.45537639812005,190.08358678118907,17236.566058380566,15374.585791015625,13512.605523650684,76.47057237851365,77.12416865992512,TTNP
2015-07-24,16508.287109375,16707.181640625,15712.70703125,16309.392578125,16309.392578125,5,16150.2763671875,15692.81787109375,15364.641064453124,15863.86751953125,14706.2984765625,12232.044194335938,56.706959745801335,103.70010359161824,-84.42428040017239,188.12438399179064,17204.285577859457,15364.641064453124,13524.996551046792,80.39214043965104,76.47057237851374,TTNP
2015-07-27,15911.6025390625,16110.4970703125,15314.9169921875,15911.6025390625,15911.6025390625,9,16110.4974609375,15851.93388671875,15334.8068359375,15887.734921875,14734.143779296875,12264.861875,52.28487211578879,106.0985341449923,-46.31971749113945,152.41825163613174,17117.77619256419,15334.8068359375,13551.83747931081,80.39214043965104,79.08495108593866,TTNP
2015-07-28,15513.8125,16309.392578125,15314.9169921875,15513.8125,15513.8125,4,16030.939453125,15971.2708984375,15295.02783203125,15895.69072265625,14758.011181640624,12293.701655273437,48.23416856422991,75.03600756906053,-22.048572479099455,97.08458004815998,17023.92788172786,15295.02783203125,13566.127782334639,70.58822510047297,77.12416865992509,TTNP
2015-07-29,15513.8125,15513.8125,15116.0224609375,15314.9169921875,15314.9169921875,3,15911.60234375,15991.1603515625,15265.1935546875,15911.60232421875,14781.878583984375,12322.541435546875,46.30257688427191,33.97785071034923,-10.843287841209717,44.821138551558946,16970.943034327076,15265.1935546875,13559.44407504792,57.42295794808492,69.46777449606972,TTNP
2015-07-30,15116.0224609375,15513.8125,15116.0224609375,15513.8125,15513.8125,3,15712.707421875,15951.38134765625,15265.1935546875,15927.51392578125,14813.701787109376,12354.364643554687,48.52262116890657,17.28887543901874,-5.216855185164026,22.505730624182764,16970.943034327076,15265.1935546875,13559.44407504792,49.27816206058683,59.09644836971498,TTNP
2015-07-31,15116.0224609375,15712.70703125,15116.0224609375,15513.8125,15513.8125,5,15553.59140625,15851.93388671875,15285.083056640626,15931.4918359375,14845.524990234375,12384.198901367188,48.52262116890656,4.016443241378511,-3.3701954998555186,7.386638741234029,16992.68687225192,15285.083056640626,13577.479241029332,45.05493423422615,50.585351414299375,TTNP
2015-08-03,15116.0224609375,15712.70703125,15116.0224609375,15314.9169921875,15314.9169921875,3,15434.254296875,15772.37587890625,15324.862060546875,15927.51392578125,14875.35923828125,12414.033154296874,46.302474037843275,-22.294265721775446,-7.155009544239504,-15.139256177535941,16995.93533729171,15324.862060546875,13653.788783802038,43.58972906329803,45.97427511937041,TTNP
2015-08-04,15116.0224609375,15314.9169921875,14320.4423828125,14917.126953125,14917.126953125,9,15314.9171875,15672.9283203125,15364.641064453124,15923.536015625,14901.2155859375,12440.883984375,42.1487658833382,-74.38654206288629,-20.60131604796886,-53.78522601491743,16955.179500346763,15364.641064453124,13774.102628559483,35.89741652884191,41.514026608788775,TTNP
2015-08-05,14519.3369140625,15116.0224609375,14121.546875,14519.3369140625,14519.3369140625,14,15155.801171875,15533.7017578125,15404.420068359375,15899.66861328125,14923.094033203124,12465.745864257813,38.43555494186568,-146.08440792984766,-45.69793442434462,-100.38647350550303,16863.149190061908,15404.420068359375,13945.690946656843,25.274707141373508,34.920617577837895,TTNP
2015-08-06,14519.3369140625,14718.232421875,14121.546875,14519.3369140625,14519.3369140625,4,14956.9060546875,15334.80673828125,15414.364794921876,15883.75701171875,14948.950390625,12490.607744140625,38.43555494186569,-200.59316998595932,-76.67698153666757,-123.91618844929175,16845.856315542496,15414.364794921876,13982.873274301257,17.216106128585782,26.12940993293381,TTNP
2015-08-07,14718.232421875,14917.126953125,14121.546875,14121.546875,14121.546875,7,14678.4529296875,15116.02216796875,15404.42001953125,15840.00009765625,14970.82884765625,12513.480673828126,34.872539533141875,-272.7460417216771,-115.89079357366947,-156.85524814800763,16868.563033532875,15404.42001953125,13940.277005529624,9.52380618371558,17.338206484558366,TTNP
2015-08-10,14718.232421875,14718.232421875,14121.546875,14519.3369140625,14519.3369140625,4,14519.3369140625,14976.79560546875,15414.36474609375,15812.15478515625,14996.685205078125,12537.348076171875,40.78416715648297,-294.4353137065373,-151.59969760024302,-142.83561610629425,16851.372781019098,15414.36474609375,13977.356711168402,9.890109188492838,12.210007166931478,TTNP
2015-08-11,14519.3369140625,14718.232421875,14320.4423828125,14320.4423828125,14320.4423828125,7,14400.0,14857.45859375,15414.36474609375,15776.35369140625,15022.5415625,12562.209956054687,38.88368430237152,-323.9391752906122,-186.06759313831685,-137.87158215229533,16851.372781019098,15414.36474609375,13977.356711168402,7.692315439747845,9.035410270652166,TTNP
2015-08-12,14320.4423828125,14519.3369140625,13325.966796875,13922.65234375,13922.65234375,20,14280.6630859375,14718.23212890625,15354.696240234374,15720.66310546875,15034.475263671875,12585.082885742188,35.33703527741074,-375.09566055616415,-223.8732066218863,-151.22245393427784,16928.859613113073,15354.696240234374,13780.532867355676,13.574674044061737,10.385699557434217,TTNP
2015-08-13,14121.546875,14519.3369140625,14121.546875,14320.4423828125,14320.4423828125,1,14240.8841796875,14598.8951171875,15275.138232421876,15660.994609375,15044.42001953125,12608.95029296875,41.12063957517667,-379.1683947785332,-254.93224425321569,-124.2361505253175,16889.00926235823,15275.138232421876,13661.267202485518,19.55758269552925,13.608190726446354,TTNP
2015-08-14,14320.4423828125,15116.0224609375,13922.65234375,14718.232421875,14718.232421875,12,14360.2212890625,14519.337109375,15185.635498046875,15629.17140625,15058.34267578125,12635.801123046875,46.293757852364934,-346.305737337756,-273.2069428701237,-73.09879446763227,16712.211512938913,15185.635498046875,13659.059483154835,32.549031817565144,21.893762852385453,TTNP
2015-08-17,14519.3369140625,14917.126953125,13922.65234375,14320.4423828125,14320.4423828125,4,14320.4423828125,14419.8896484375,15096.132763671874,15597.348203125,15074.25427734375,12661.65748046875,42.29215635573241,-348.34467565167506,-288.234489426434,-60.11018622524108,16605.115669857478,15096.132763671874,13587.14985748627,40.55556892150046,30.88739447819836,TTNP
2015-08-18,14121.546875,14519.3369140625,13723.7568359375,14519.3369140625,14519.3369140625,10,14360.2212890625,14380.11064453125,15026.519482421874,15533.70177734375,15094.143779296875,12688.508310546875,44.85866255902637,-330.1061641380602,-296.6088243687592,-33.49733976930099,16506.784956911146,15026.519482421874,13546.2540079326,46.11112084006444,39.738573859710094,TTNP
2015-08-19,14320.4423828125,14917.126953125,14121.546875,14718.232421875,14718.232421875,4,14519.3373046875,14400.0001953125,14966.8509765625,15485.96697265625,15112.0443359375,12715.359140625,47.37897061268124,-296.1885301165603,-296.52476551831944,0.33623540175915423,16394.88400542025,14966.8509765625,13538.81794770475,50.00001363872038,45.55556780009517,TTNP
2015-08-20,14121.546875,14718.232421875,14121.546875,14320.4423828125,14320.4423828125,5,14519.3373046875,14380.1107421875,14857.458740234375,15438.2321875,15121.989091796875,12740.221020507812,43.13279861319514,-297.9720560919759,-296.81422363305074,-1.1578324589251565,16122.281031997116,14857.458740234375,13592.636448471634,50.00001363872038,48.703716039168484,TTNP
2015-08-21,14320.4423828125,14320.4423828125,13723.7568359375,14121.546875,14121.546875,11,14400.0001953125,14380.1107421875,14748.066455078126,15378.563671875,15121.989091796875,12765.082900390626,41.147127850196426,-311.84002087152476,-299.8193830807455,-12.020637790779233,15860.990361861146,14748.066455078126,13635.142548295105,46.66668030538705,48.88890252760935,TTNP
2015-08-24,13922.65234375,14320.4423828125,12928.1767578125,12928.1767578125,12928.1767578125,22,14121.5470703125,14220.9947265625,14598.895166015625,15299.00564453125,15112.0443359375,12782.983452148437,31.713501568281227,-414.3491191967096,-322.72533030393834,-91.62378889277124,15840.357121398445,14598.895166015625,13357.433210632806,27.222229041582278,41.29630766189665,TTNP
2015-08-25,13127.072265625,13922.65234375,12928.1767578125,12928.1767578125,12928.1767578125,13,13803.3150390625,14081.7681640625,14469.61337890625,15231.381328125,15102.099580078126,12800.88400390625,31.713501568281227,-489.94058803613734,-356.1683818503781,-133.77220618575922,15835.343190782258,14469.61337890625,13103.883567030241,13.33333333333306,29.07408089343421,TTNP
2015-08-26,12928.1767578125,13524.8623046875,12928.1767578125,13325.966796875,13325.966796875,6,13524.8619140625,14022.099609375,14370.165869140625,15159.7791015625,15098.1216796875,12821.767983398437,37.273072421221535,-511.84876605593126,-387.3044586914888,-124.54430736444249,15764.560559121092,14370.165869140625,12975.771179160158,6.060604708005695,15.53872236097376,TTNP
2015-08-27,13922.65234375,13922.65234375,13524.8623046875,13723.7568359375,13723.7568359375,4,13405.5248046875,13962.4310546875,14280.6630859375,15104.08849609375,15100.110625,12845.635385742187,42.32951107252912,-491.4477198948771,-408.13311093216646,-83.31460896271062,15597.582583487505,14280.6630859375,12963.743588387495,18.18181412401763,12.525250721785545,TTNP
2015-08-28,14320.4423828125,14718.232421875,13922.65234375,14121.546875,14121.546875,11,13405.5248046875,13902.7625,14211.0498046875,15052.37580078125,15106.077470703125,12869.502788085938,46.93605233660692,-438.13091172502027,-414.13267109073723,-23.998240634283036,15400.93426359848,14211.0498046875,13021.16534577652,36.36362824803553,20.202015693353037,TTNP
2015-08-31,14121.546875,14320.4423828125,13723.7568359375,14121.546875,14121.546875,12,13644.198828125,13882.87294921875,14151.381298828124,15004.64099609375,15110.05537109375,12895.359140625,46.93605233660693,-391.3655388087518,-409.57924463434017,18.213705825588363,15228.173435012606,14151.381298828124,13074.589162643642,48.48483766404746,34.34342667870029,TTNP
2015-09-01,14121.546875,14320.4423828125,13723.7568359375,13723.7568359375,13723.7568359375,3,13803.31484375,13803.31494140625,14091.71279296875,14944.9725,15108.066416015625,12918.2320703125,42.956622712770184,-381.9985342120017,-404.0631025498725,22.06456833787081,15123.47790045216,14091.71279296875,13059.94768548534,48.48483766404746,44.4444345253769,TTNP
2015-09-02,14519.3369140625,14718.232421875,13922.65234375,14718.232421875,14718.232421875,6,14081.76796875,13803.31494140625,14101.657568359375,14905.193515625,15118.011171875,12946.077377929687,53.557757497917166,-290.9750675248106,-381.44549554486014,90.47042802004955,15153.359300830502,14101.657568359375,13049.955835888248,57.575752165356924,51.51514249781737,TTNP
2015-09-03,14718.232421875,14917.126953125,14320.4423828125,14718.232421875,14718.232421875,3,14280.6630859375,13843.0939453125,14111.60234375,14861.4366015625,15127.955927734374,12973.922685546875,53.557757497917166,-216.34443046191336,-348.42528252827077,132.0808520663574,15182.500398041155,14111.60234375,13040.704289458847,69.39394622457142,58.48484535132536,TTNP
2015-09-04,14718.232421875,14718.232421875,13922.65234375,14519.3369140625,14519.3369140625,4,14360.22109375,13882.87294921875,14131.491845703125,14821.65759765625,15131.933828125,13001.76798828125,51.344454435496836,-171.27397833828218,-312.99502169027306,141.7210433519909,15217.06542255458,14131.491845703125,13045.91826885167,83.93940347522614,70.30303395505159,TTNP
2015-09-08,14718.232421875,14917.126953125,14320.4423828125,14519.3369140625,14519.3369140625,10,14439.7791015625,14041.98896484375,14131.491845703125,14781.87859375,15137.900673828124,13029.613291015625,51.344454435496836,-134.01053034013057,-277.19812342024454,143.18759308011397,15217.06542255458,14131.491845703125,13045.91826885167,83.33334151656545,78.8888970721211,TTNP
2015-09-09,14320.4423828125,14718.232421875,13922.65234375,13922.65234375,13922.65234375,8,14479.558203125,14141.4365234375,14111.60234375,14734.1437890625,15139.88962890625,13053.480698242187,44.89002902219513,-150.88710483556497,-251.93591970330863,101.04881486774366,15197.175900919969,14111.60234375,13026.028786580033,70.00000818323211,79.090917725008,TTNP
2015-09-10,14320.4423828125,14718.232421875,13524.8623046875,14718.232421875,14718.232421875,9,14479.558203125,14280.6630859375,14151.38134765625,14710.27638671875,15147.8454296875,13081.326005859375,53.31659036331094,-98.9249036372803,-221.33371649010297,122.40881285282268,15264.305451652908,14151.38134765625,13038.457243659592,73.33334969979784,75.5555664665319,TTNP
2015-09-11,14320.4423828125,14519.3369140625,13524.8623046875,14121.546875,14121.546875,11,14360.22109375,14320.44208984375,14141.436572265626,14682.43107421875,15145.856474609374,13105.193408203126,47.45580458562518,-104.68527505728889,-198.00402820354014,93.31875314625125,15251.691569757864,14141.436572265626,13031.181574773387,66.66668303313116,70.00001363872047,TTNP
2015-09-14,14519.3369140625,14519.3369140625,12729.2822265625,13127.072265625,13127.072265625,29,14081.7681640625,14220.99462890625,14061.878564453125,14642.6520703125,15133.9227734375,13125.082915039062,39.635695264246955,-187.3366998515139,-195.8705625331349,8.533862681620974,15222.308033193116,14061.878564453125,12901.449095713135,56.06061559643886,65.35354944312272,TTNP
2015-09-15,13325.966796875,13922.65234375,13325.966796875,13524.8623046875,13524.8623046875,6,13882.8732421875,14161.326171875,14022.099560546874,14622.762578125,15123.97802734375,13144.972421875,43.63666316976397,-218.22465975252817,-200.34138197701355,-17.883277775514614,15198.778496506418,14022.099560546874,12845.42062458733,38.18182223961998,53.636373623063434,TTNP
2015-09-16,14320.4423828125,14519.3369140625,13325.966796875,13922.65234375,13922.65234375,9,13882.8732421875,14181.21572265625,13992.26533203125,14618.7846875,15118.011181640624,13166.85087890625,47.39177759791226,-208.2051988978801,-201.91414536118685,-6.291053536693255,15147.056198901028,13992.26533203125,12837.474465161471,36.36364447924026,43.53536077176647,TTNP
2015-09-17,13524.8623046875,14320.4423828125,13524.8623046875,14121.546875,14121.546875,4,13763.5361328125,14121.54716796875,13962.4310546875,14626.74048828125,15108.06642578125,13187.734858398437,49.21368703511812,-182.1162547223248,-197.95456723341445,15.83831251108964,15070.545990129885,13962.4310546875,12854.316119245115,51.51515557295331,42.02020743060462,TTNP
2015-09-18,14121.546875,14519.3369140625,13723.7568359375,14121.546875,14121.546875,7,13763.5361328125,14061.87861328125,13952.486279296874,14622.762578125,15100.110625,13209.613310546874,49.21368703511813,-159.600799830112,-190.28381375275396,30.683013922641948,15051.100070654837,13952.486279296874,12853.872487938912,60.60605925345961,49.494953101884505,TTNP
2015-09-21,14320.4423828125,14718.232421875,13723.7568359375,14121.546875,14121.546875,5,13962.4310546875,14022.099609375,13952.486279296874,14618.78466796875,15098.121669921875,13230.497290039062,49.21368703511811,-140.1416736344454,-180.25538572909224,40.11371209464684,15051.100070654837,13952.486279296874,12853.872487938912,63.63635552075916,58.585856782390806,TTNP
2015-09-22,13922.65234375,13922.65234375,13524.8623046875,13723.7568359375,13723.7568359375,10,14002.2099609375,13942.5416015625,13992.265283203125,14606.85095703125,15098.121669921875,13249.392319335937,45.29526612368351,-155.03140211137907,-175.2105890055496,20.179186894170527,14992.887199036422,13992.265283203125,12991.643367369828,57.57574810755241,60.60605429392384,TTNP
2015-09-23,13723.7568359375,13922.65234375,13723.7568359375,13922.65234375,13922.65234375,2,14002.2099609375,13942.5416015625,14041.9890625,14598.89515625,15096.132724609375,13269.281826171875,47.5441889005627,-149.06409585485926,-169.98129037541153,20.917194520552272,14917.127174931318,14041.9890625,13166.850950068683,54.54545184025286,58.58585182285492,TTNP
2015-09-24,13922.65234375,13922.65234375,13524.8623046875,13723.7568359375,13723.7568359375,2,13922.651953125,13843.09404296875,14061.878564453125,14571.04984375,15090.165869140625,13289.171328125,45.52852598061999,-158.55642809072015,-167.69631791847326,9.139889827753109,14887.712155262085,14061.878564453125,13236.044973644166,48.484844427046106,53.535348124950566,TTNP
2015-09-25,13723.7568359375,13922.65234375,12729.2822265625,12928.1767578125,12928.1767578125,13,13683.9779296875,13723.75703125,14022.099560546874,14511.381328125,15078.23216796875,13306.077407226563,38.497802566614645,-227.6516071220576,-179.68737575919013,-47.96423136286748,14975.966605642101,14022.099560546874,13068.232515451647,36.363629600632585,46.46464195597729,TTNP
2015-09-28,12729.2822265625,13524.8623046875,12530.38671875,13127.072265625,13127.072265625,17,13485.0830078125,13723.75703125,13972.375830078125,14443.75703125,15066.298466796876,13324.972436523438,40.9527481571778,-263.3253780234227,-196.41497621203663,-66.91040181138604,15001.068865095041,13972.375830078125,12943.682795061208,27.272721862321777,37.37373196333359,TTNP
2015-09-29,18000.0,18000.0,14472.0,14472.0,14472.0,1,13634.731640625,13818.47080078125,13989.898486328126,14410.98708984375,15069.802998046875,13348.603154296876,54.250927609822995,-180.986372106845,-193.3292553909983,12.342883284153288,15039.877366339266,13989.898486328126,12939.919606316986,23.953938126171085,29.196763196375255,TTNP
2015-09-30,16200.0,16236.0,13896.0,14328.0,14328.0,4,13715.801171875,13859.00556640625,14020.11064453125,14379.3150390625,15067.88962890625,13371.513872070313,52.87779012677982,-125.90041166386436,-179.84348664557152,53.943074981707156,15072.48928435212,14020.11064453125,12967.732004710382,31.87879346232081,27.701817816937993,TTNP
2015-10-01,14364.0,14364.0,11736.0,13608.0,13608.0,13,13692.6498046875,13807.65087890625,13964.5990234375,14333.24298828125,15060.765205078125,13390.82458984375,46.53550229500962,-138.74303055709788,-171.6233954278768,32.88036487077892,14980.309058197534,13964.5990234375,12948.888988677467,32.749564784766136,29.527432124419448,TTNP
2015-10-02,12420.0,14364.0,12420.0,14040.0,14040.0,7,13915.014453125,13799.49619140625,13930.68740234375,14283.87724609375,15057.96078125,13413.28978515625,50.381033163638875,-112.76225583747146,-159.85116750979574,47.088911672324286,14887.04051920836,13930.68740234375,12974.33428547914,33.177373825671204,32.60191069091949,TTNP
2015-10-05,14220.0,14400.0,14112.0,14256.0,14256.0,9,14140.8,13812.94150390625,13917.520556640626,14242.80939453125,15053.33845703125,13437.829453125,52.23111361981878,-73.89113882537276,-142.65916177291115,68.76802294753838,14847.99453722415,13917.520556640626,12987.046576057102,35.63218390804569,33.85304083949445,TTNP
2015-10-06,13500.0,14040.0,13500.0,13572.0,13572.0,10,13960.8,13797.7658203125,13870.1537109375,14196.01734375,15041.8761328125,13456.960170898437,46.33893407904225,-97.15859827372333,-133.5590490730736,36.40045079935027,14769.179662540491,13870.1537109375,12971.12775933451,35.44061302681963,34.75005692017895,TTNP
2015-10-07,13104.0,14364.0,13104.0,13680.0,13680.0,4,13831.2,13773.5005859375,13858.02109375,14159.34109375,15027.515908203124,13478.619838867187,47.3488994356111,-105.66548418597813,-127.98033609565451,22.314851909676378,14760.428610077215,13858.02109375,12955.613577422784,33.52490421455909,34.86590038314157,TTNP
2015-10-08,13860.0,15300.0,13716.0,14436.0,14436.0,17,13996.8,13844.72490234375,13843.90947265625,14141.76275390625,15026.6825390625,13504.059506835938,53.89097879903508,-50.81856592137956,-112.54798206079951,61.72941613941995,14699.690981881084,13843.90947265625,12988.127963431418,34.48275862068937,34.48275862068947,TTNP
2015-10-09,14760.0,16200.0,14436.0,16200.0,16200.0,23,14428.8,14171.9072265625,13947.83212890625,14155.48650390625,15041.50021484375,13538.319174804688,64.8619962949049,133.4497440115265,-63.34843684633431,196.7981808578608,15283.488644173118,13947.83212890625,12612.175613639381,48.46743295019129,38.82503192848002,TTNP
2015-10-12,16848.0,20232.0,14040.0,16524.0,16524.0,12,14882.4,14511.6,14117.678515625,14175.69025390625,15053.591044921875,13573.204370117188,66.44140972305463,302.1448615485715,9.750222832646855,292.39463871592466,15809.182572914084,14117.678515625,12426.174458335918,56.907916098447664,46.619369223109544,TTNP
2015-10-13,18000.0,18000.0,14832.0,15948.0,15948.0,14,15357.6,14659.2,14238.835400390624,14188.3519140625,15057.932919921876,13605.209565429688,61.17678355599131,384.9214366952765,84.78446560517278,300.1369710901037,16083.340523225514,14238.835400390624,12394.330277555735,59.0655237353072,54.81362426131549,TTNP
2015-10-14,16020.0,16236.0,15588.0,16020.0,16020.0,7,15825.6,14828.4,14343.702783203125,14210.409375,15066.9726953125,13637.574760742187,61.58652229170244,451.13189942622375,158.05395236938298,293.0779470568408,16336.872519420094,14343.702783203125,12350.533046986156,52.11864406779633,56.03069463385051,TTNP
2015-10-15,15984.0,17964.0,15588.0,16200.0,16200.0,46,16178.4,15087.6,14447.625439453124,14244.02263671875,15071.845625,13671.834428710938,62.647864980875966,512.2240636806564,228.8879746316377,283.3360890490187,16594.44241939126,14447.625439453124,12300.808459514988,50.84745762711836,54.01054181007407,TTNP
2015-10-16,16020.0,16020.0,15300.0,15480.0,15480.0,9,16034.4,15231.6,14515.548095703125,14263.2358984375,15073.496455078124,13703.48857421875,55.98462501596712,496.8150862312159,282.47339695155335,214.34168927966255,16702.386726474986,14515.548095703125,12328.709464931264,49.01129943502796,50.659133709980985,TTNP
2015-10-19,15300.0,15912.0,15300.0,15588.0,15588.0,6,15847.2,15364.8,14588.870751953125,14292.5649609375,15066.282529296876,13734.6882421875,56.7280911237806,487.69619978243645,323.51795751773,164.17824226470645,16815.918478065152,14588.870751953125,12361.823025841097,47.31638418079067,49.05838041431243,TTNP
2015-10-20,15588.0,15804.0,15588.0,15588.0,15588.0,3,15775.2,15566.4,14682.08291015625,14313.93822265625,15063.04650390625,13766.882387695312,56.7280911237806,474.99398162703983,353.81316233959194,121.18081928744789,16912.54362085193,14682.08291015625,12451.62219946057,44.915254237287854,47.08097928436893,TTNP
2015-10-21,15480.0,15660.0,15300.0,15444.0,15444.0,7,15660.0,15742.8,14758.15029296875,14336.409375,15056.381533203124,13797.362055664062,55.28409807947624,448.1418849910242,372.6789068698784,75.4629781211458,16983.586557696646,14758.15029296875,12532.714028240855,43.12921450701631,45.12028430836505,TTNP
2015-10-22,15480.0,15624.0,15120.0,15120.0,15120.0,5,15444.0,15811.2,14827.962451171876,14360.356328125,15040.509716796874,13826.221723632812,52.07235113357124,396.1507336666109,377.3732722292249,18.777461437386023,17006.325298803073,14827.962451171876,12649.599603540679,37.44382958434324,41.8294327762159,TTNP
2015-10-23,15588.0,15588.0,15156.0,15300.0,15300.0,4,15408.0,15721.2,14946.55361328125,14379.94748046875,15020.471044921875,13855.981391601563,53.68225762703035,365.2613617324805,374.95089012987603,-9.68952839739552,16949.48546294073,14946.55361328125,12943.621763621768,32.60019550342103,37.724413198260294,TTNP
2015-10-26,15228.0,15984.0,15120.0,15732.0,15732.0,11,15436.8,15642.0,15076.8,14400.22283203125,15014.697119140625,13886.906586914063,57.382251105110846,371.3593026760245,374.23257263910574,-2.8732699630812135,16922.108169318988,15076.8,13231.491830681012,31.986531986531702,34.01018569143209,TTNP
2015-10-27,15876.0,15948.0,14796.0,15660.0,15660.0,24,15451.2,15613.2,15136.2,14427.013984375,15012.18109375,13916.4773046875,56.57113706900398,366.1612871454563,372.6183155403759,-6.4570283949195755,16976.286041400002,15136.2,13296.113958599999,32.50367394013774,32.363467143363586,TTNP
2015-10-28,15480.0,16416.0,15084.0,15336.0,15336.0,22,15429.6,15544.8,15186.6,14443.34724609375,14988.52451171875,13945.4225,52.94435707663896,332.0698358078844,364.5086195938776,-32.43878378599322,16990.235927718044,15186.6,13382.964072281957,29.211057856823984,31.23375459449791,TTNP
2015-10-29,15300.0,15840.0,15300.0,15804.0,15804.0,3,15566.4,15505.2,15296.4,14465.06259765625,14975.51478515625,13977.70216796875,57.21151520757548,338.9090709615484,359.38870986741176,-20.47963890586334,16964.54848252648,15296.4,13628.25151747352,26.41761959826945,29.37745046507716,TTNP
2015-10-30,15768.0,15876.0,15084.0,15336.0,15336.0,11,15573.6,15490.8,15361.2,14485.37375,14961.80296875,14006.64736328125,52.12139819219175,303.0719011137171,348.12534811667285,-45.05344700295575,16926.61644291707,15361.2,13795.783557082932,22.090845745143866,25.906507733412536,TTNP
2015-11-02,15336.0,15948.0,15120.0,15300.0,15300.0,15,15487.2,15462.0,15413.4,14508.9428125,14943.7532421875,14036.40703125,51.74005801952557,268.66874067893514,332.2340266291253,-63.56528595019017,16895.319349949685,15413.4,13931.480650050313,20.417131862127658,22.97519906851376,TTNP
2015-11-03,15336.0,15696.0,15336.0,15624.0,15624.0,4,15480.0,15465.6,15516.0,14562.85927734375,14930.9324609375,14067.78669921875,54.935687672670255,264.49909941887563,318.68704118707535,-54.18794176819972,16734.481678054817,15516.0,14297.518321945181,19.633129043241116,20.713702216837646,TTNP
2015-11-04,15660.0,15660.0,15372.0,15480.0,15480.0,8,15508.8,15469.2,15606.0,14613.8957421875,14922.63853515625,14097.45189453125,53.24806390274885,246.73087222744653,304.2958073951496,-57.564935167703084,16488.257105245,15606.0,14723.742894755,28.089225589225304,22.713162164864794,TTNP
2015-11-05,15480.0,15480.0,15192.0,15228.0,15228.0,5,15393.6,15480.0,15645.6,14651.93640625,14905.85775390625,14125.85708984375,50.33396083972451,209.895584573449,285.4157628308095,-75.5201782573605,16371.47998991242,15645.6,14919.720010087582,31.675084175083892,26.465812935850206,TTNP
2015-11-06,15300.0,15660.0,14724.0,15192.0,15192.0,8,15364.8,15469.2,15595.2,14681.30126953125,14892.6948828125,14153.087807617187,49.913710968406406,175.77226137361322,263.48706253937024,-87.71480116575702,16299.770677615226,15595.2,14890.629322384775,32.18282111899105,30.649043627766854,TTNP
2015-11-09,15192.0,15480.0,14904.0,15444.0,15444.0,13,15393.6,15440.4,15541.2,14707.75033203125,14880.06306640625,14179.589575195312,52.87949255433284,167.13692540367083,244.21703511223035,-77.08010970855952,16104.044774120854,15541.2,14978.355225879148,32.29314420803754,32.0503498340376,TTNP
2015-11-10,15444.0,15444.0,15120.0,15120.0,15120.0,9,15292.8,15386.4,15499.8,14727.71939453125,14866.1801953125,14205.4658203125,48.87253852893821,132.62050063629613,221.8977282170435,-89.27722758074736,16058.658693906915,15499.8,14940.941306093084,31.20567375886496,31.89387969529795,TTNP
2015-11-11,15264.0,15516.0,14940.0,15120.0,15120.0,6,15220.8,15364.8,15454.8,14755.6442578125,14850.30837890625,14232.336538085938,48.87253852893821,104.06637296229746,198.33145716609428,-94.26508420379682,15982.958157899075,15454.8,14926.641842100924,29.787234042552907,31.09535066981857,TTNP
2015-11-12,14832.0,15552.0,14832.0,15300.0,15300.0,9,15235.2,15314.4,15409.8,14767.279609375,14836.2365625,14259.112783203125,51.25253325101824,94.86793819819832,177.63875337251508,-82.77081517431677,15815.483423071912,15409.8,15004.116576928087,26.95035460992879,29.314420803782316,TTNP
2015-11-13,15300.0,15588.0,14940.0,15192.0,15192.0,6,15235.2,15300.0,15395.4,14776.7549609375,14819.09578125,14287.337978515625,49.75594384511918,77.96468659443781,157.70394001689962,-79.73925342246181,15810.431757526188,15395.4,14980.36824247381,28.368794326240845,28.368794326240945,TTNP
2015-11-16,14940.0,15336.0,14940.0,15012.0,15012.0,4,15148.8,15271.2,15366.6,14786.60822265625,14804.13291015625,14313.668696289062,47.278062890972535,49.47393748500144,136.05793951052,-86.58400202551854,15803.536791487344,15366.6,14929.663208512657,26.241134751772762,27.18676122931423,TTNP
2015-11-17,15048.0,15264.0,14940.0,15264.0,15264.0,6,15177.6,15235.2,15350.4,14801.501484375,14791.6900390625,14340.26494140625,50.960175725678326,46.69088405185357,118.1845284187867,-71.49364436693313,15777.208809369316,15350.4,14923.591190630683,29.599499374217487,28.069809484077126,TTNP
2015-11-18,14940.0,15264.0,14760.0,15228.0,15228.0,20,15199.2,15210.0,15339.6,14827.6084375,14780.87611328125,14366.681186523438,50.41844702866909,41.10654436432378,102.76893160789412,-61.662387243570336,15767.31878583396,15339.6,14911.88121416604,34.105131414267554,29.981921846752698,TTNP
2015-11-19,15228.0,15264.0,15084.0,15084.0,15084.0,12,15156.0,15195.6,15337.8,14834.9237890625,14772.600087890625,14392.377431640625,48.21074992963173,24.775719317236508,87.1702891497626,-62.39456983252609,15769.484884789143,15337.8,14906.115115210856,38.235294117646774,33.9799749687107,TTNP
2015-11-20,14976.0,15228.0,14760.0,14796.0,14796.0,15,15076.8,15156.0,15312.6,14848.4128515625,14765.421962890625,14416.633676757812,44.05578252530136,-11.27578998538047,67.48107332273398,-78.75686330811445,15804.774115283564,15312.6,14820.425884716436,25.998547567174736,32.77965769969645,TTNP
2015-11-23,14868.0,15156.0,14760.0,15084.0,15084.0,11,15091.2,15120.0,15280.2,14887.55140625,14765.10173828125,14441.335444335937,48.807141041562005,-16.418416476200946,50.70117536294699,-67.11959183914794,15742.053482995689,15280.2,14818.346517004313,25.09357019160913,29.775803958810314,TTNP
2015-11-24,15084.0,15264.0,14940.0,15264.0,15264.0,6,15091.2,15134.4,15260.4,14922.33416015625,14772.548369140624,14467.931689453126,51.57531936779716,-5.901460974979273,39.380648095361735,-45.28210907034101,15688.11878583396,15260.4,14832.68121416604,34.52041785375091,28.537511870845027,TTNP
2015-11-25,15228.0,16056.0,15120.0,15984.0,15984.0,17,15242.4,15220.8,15292.8,14963.56111328125,14791.172900390626,14498.127934570313,60.723968196375175,59.8414695285428,43.47281238199795,16.368657146544855,15824.138535921655,15292.8,14761.461464078344,63.58281358281331,41.06560054272455,TTNP
2015-11-27,15804.0,16632.0,15804.0,16524.0,16524.0,6,15530.4,15343.2,15328.8,15011.61017578125,14819.17533203125,14531.0241796875,65.92377924164452,153.74443252100718,65.5271364097998,88.21729611120739,16055.465149677202,15328.8,14602.134850322796,82.17255717255689,60.09192953637381,TTNP
2015-11-30,16848.0,17640.0,16524.0,17316.0,17316.0,29,16034.4,15555.6,15427.8,15075.49923828125,14849.130908203126,14566.885947265626,71.81711868293165,288.7425438966293,110.17021790716569,178.5723259894636,16558.56108871652,15427.8,14297.03891128348,92.52512127512101,79.4268306768305,TTNP
2015-12-01,17784.0,19332.0,17280.0,18468.0,18468.0,78,16711.2,15901.2,15586.2,15162.42830078125,14890.606484375,14608.50771484375,77.82461139972645,483.1172175510728,184.75961783594713,298.35759971512573,17325.037266611005,15586.2,13847.362733388998,88.02771047849762,87.5751296420586,TTNP
2015-12-02,18720.0,18720.0,17352.0,18180.0,18180.0,45,17294.4,16192.8,15714.0,15251.5531640625,14929.202060546875,14645.706059570313,73.600702776268,606.925098989157,269.19271406658913,337.7323849225679,17788.487310097433,15714.0,13639.512689902565,81.55183727034095,87.36822300798663,TTNP
2015-12-03,18180.0,19512.0,17640.0,17712.0,17712.0,18,17640.0,16441.2,15825.6,15327.3401171875,14963.11763671875,14678.575454101563,67.21643523175382,659.6757172213966,347.2893146975506,312.38640252384596,18070.84585730721,15825.6,13580.354142692791,72.67557464407832,80.75170746430574,TTNP
2015-12-04,17964.0,18756.0,16740.0,18432.0,18432.0,44,18021.6,16776.0,15985.8,15421.50498046875,14996.277412109375,14717.033798828124,71.33588309387292,750.9227746145025,428.01600668094096,322.9067679335615,18480.937639441017,15985.8,13490.662360558981,71.39902966674595,75.2088138603885,TTNP
2015-12-07,18468.0,19584.0,18144.0,18720.0,18720.0,59,18302.4,17168.4,16162.2,15537.3414453125,15024.36138671875,14753.948715820312,72.80776322568062,836.8294688727547,509.7786991193037,327.05076975345094,18895.40146344084,16162.2,13428.99853655916,73.8278305442482,72.63414495169091,TTNP
2015-12-08,18000.0,19440.0,18000.0,19044.0,19044.0,42,18417.6,17564.4,16342.2,15655.68,15049.718515625,14791.48916015625,74.40035692275963,920.4449191449166,591.9119431244263,328.5329760204903,19325.249151414566,16342.2,13359.150848585436,82.72274988692874,75.98320336597439,TTNP
2015-12-09,18756.0,19764.0,17712.0,18684.0,18684.0,82,18518.4,17906.4,16520.4,15739.92,15075.453544921875,14827.229604492188,69.52776016188446,946.7482500516526,662.8792045098716,283.869045541781,19613.87897354342,16520.4,13426.921026456585,83.10426285836978,79.88494776318232,TTNP
2015-12-10,18720.0,18936.0,18108.0,18396.0,18396.0,37,18655.2,18147.6,16684.2,15821.28,15100.29751953125,14857.552143554687,65.81428688073053,933.5927600207287,717.021915612043,216.57084440868573,19810.482367246314,16684.2,13557.91763275369,79.96170227996683,81.92957167508854,TTNP
2015-12-11,18396.0,18540.0,17820.0,18108.0,18108.0,19,18590.4,18306.0,16824.6,15911.28,15122.261494140625,14884.445732421875,62.23464980071481,889.6721594549526,751.5519643806249,138.12019507432774,19941.8154496851,16824.6,13707.3845503149,72.66187050359689,78.57594521397793,TTNP
2015-12-14,18108.0,19152.0,18000.0,18360.0,18360.0,45,18518.4,18410.4,16983.0,15997.68,15140.778623046876,14908.621420898438,64.07583807273,865.2252825506548,774.2866280146309,90.93865453602393,20074.129890469725,16983.0,13891.870109530273,70.1546225706,74.259398451388,TTNP
2015-12-15,18540.0,18540.0,17604.0,17856.0,17856.0,42,18280.8,18349.2,17125.2,16069.68,15156.244697265625,14931.271586914063,57.986802335374485,796.0065011293336,778.6306026375714,17.3758984917622,20100.037514849366,17125.2,14150.362485150634,65.57224196345781,69.46291167921832,TTNP
2015-12-16,17964.0,18432.0,17820.0,17856.0,17856.0,33,18115.2,18316.8,17254.8,16155.36,15175.688671875,14954.916225585937,57.98680233537448,732.7039629658539,769.4452747032279,-36.741311737374076,20117.7485220233,17254.8,14391.8514779767,60.54281096280378,65.42322516562061,TTNP
2015-12-17,17928.0,18360.0,16776.0,17280.0,17280.0,25,17892.0,18273.6,17357.4,16227.36,15193.350546875,14975.680864257813,51.5001047151312,628.8093366216381,741.3180870869099,-112.50875046527187,20065.334740675095,17357.4,14649.465259324908,44.68874794456166,56.934600290274496,TTNP
2015-12-18,17280.0,17928.0,15444.0,15912.0,15912.0,89,17452.8,18021.6,17398.8,16256.88,15199.321376953125,14990.59998046875,40.04311250312344,431.1162893534165,679.2777275402112,-248.16143818679473,19989.209511979756,17398.8,14808.390488020243,28.66161616161592,44.6310583563272,TTNP
2015-12-21,16920.0,17280.0,16560.0,16956.0,16956.0,18,17172.0,17845.2,17506.8,16272.0,15213.743251953125,15013.72251953125,49.310901867340476,354.5976193928036,614.3417059107297,-259.7440865179261,19819.345402744642,17506.8,15194.254597255354,23.055555555555316,32.13530655391105,TTNP
2015-12-22,16992.0,16992.0,16452.0,16560.0,16560.0,13,16912.8,17596.8,17580.6,16272.72,15224.205126953126,15034.86505859375,46.38224677375712,259.016352393548,543.2766352072933,-284.26028281374533,19661.795464091625,17580.6,15499.404535908372,23.888888888888648,25.202020202020048,TTNP
2015-12-23,16740.0,17100.0,16668.0,17064.0,17064.0,13,16754.4,17434.8,17670.6,16295.04,15241.69595703125,15058.52759765625,50.418384603786635,221.38411924719549,478.89813201527375,-257.51401276807826,19481.407156976016,17670.6,15859.792843023983,32.77777777777754,26.574074074073916,TTNP
2015-12-24,16776.0,16884.0,15876.0,16488.0,16488.0,36,16596.0,17244.0,17695.8,16304.4,15257.4046875,15079.31013671875,46.14331852298816,143.42856200435926,411.80421801309086,-268.3756560087316,19424.17121005742,17695.8,15967.428789942582,29.16666666666643,28.611111111110954,TTNP
2015-12-28,16632.0,17100.0,16200.0,16308.0,16308.0,18,16675.2,17064.0,17685.0,16306.56,15275.291318359376,15099.19267578125,44.86311781675374,66.35878283114653,342.71513097670197,-276.35634814555544,19444.936135135362,17685.0,15925.063864864638,27.222222222221987,29.72222222222207,TTNP
2015-12-29,16452.0,16524.0,16020.0,16308.0,16308.0,34,16545.6,16858.8,17634.6,16323.12,15293.17794921875,15121.064169921876,44.86311781675374,5.220251765738794,275.21615513450934,-269.99590336877054,19489.110220989754,17634.6,15780.089779010244,21.388888888888655,25.92592592592577,TTNP
2015-12-30,16020.0,16776.0,16020.0,16236.0,16236.0,24,16480.8,16696.8,17523.0,16336.08,15314.32248046875,15142.5756640625,44.29304007446276,-48.48338655349289,210.47624679690887,-258.95963335040176,19431.322614170673,17523.0,15614.677385829327,20.453074433656724,23.021395181589202,TTNP
2015-12-31,16236.0,17712.0,15984.0,15984.0,15984.0,34,16264.8,16509.6,17413.2,16344.0,15328.969111328124,15162.827158203125,42.268554187716916,-110.10893353803476,146.35921072992014,-256.4681442679549,19408.40561340309,17413.2,15417.99438659691,18.640776699028894,20.16091334052484,TTNP
2016-01-04,15516.0,15948.0,14760.0,15264.0,15264.0,52,16020.0,16308.0,17290.8,16340.4,15338.4046875,15180.473125,37.05701154118447,-214.5721520183688,74.17293818026234,-288.74509019863115,19487.814847413505,17290.8,15093.785152586493,15.799246644384084,18.297699259023315,TTNP
2016-01-05,15408.0,15480.0,14832.0,14976.0,14976.0,43,15753.6,16214.4,17118.0,16337.52,15348.9381640625,15191.706713867188,35.188097346485684,-316.94564624634404,-4.050778705058946,-312.89486754128507,19467.175855434238,17118.0,14768.82414456576,10.584267448822365,15.008096930745195,TTNP
2016-01-06,14976.0,15192.0,13140.0,13284.0,13284.0,101,15148.8,15847.2,16846.2,16297.2,15338.573740234375,15191.496879882812,26.676064616890017,-528.5152426215791,-108.94367148836298,-419.57157113321614,19612.01934329689,16846.2,14080.38065670311,6.636927995241578,11.006814029482754,TTNP
2016-01-07,13284.0,13716.0,11376.0,12384.0,12384.0,94,14378.4,15429.6,16513.2,16230.24,15315.231416015626,15186.787045898438,23.429478309071037,-760.0468039683128,-239.16429798435297,-520.8825059839598,19710.445914807806,16513.2,13315.954085192196,7.622787946793603,8.281327796952594,TTNP
2016-01-08,10800.0,13572.0,10188.0,12672.0,12672.0,130,13716.0,14990.4,16212.6,16170.48,15298.7469921875,15186.500634765625,26.511660373151564,-909.8103143799308,-373.29350126346856,-536.5168131164622,19657.803761717903,16212.6,12767.396238282097,16.415700460636348,10.225138800890589,TTNP
2016-01-11,12384.0,12672.0,10728.0,10800.0,10800.0,181,12823.2,14421.6,15832.8,16079.76,15261.553623046875,15177.848701171875,20.683633385374232,-1166.1115226582078,-531.8571055424164,-634.2544171157914,19857.50339773696,15832.8,11808.096602263038,18.21999474613364,14.086161051187943,TTNP
2016-01-12,10800.0,10800.0,10800.0,10800.0,10800.0,0,11988.0,13870.8,15467.4,15979.68,15222.371298828126,15167.207817382812,20.683633385374232,-1353.628292418589,-696.2113429176509,-657.416949500938,19905.268515374843,15467.4,11029.531484625157,16.1203219465151,16.918672384428444,TTNP
2016-01-13,14760.0,15372.0,10980.0,12276.0,12276.0,949,11786.4,13467.6,15163.2,15918.48,15201.926875,15161.957983398437,33.959041326361444,-1367.3735873314963,-830.44379180042,-536.9297955310764,19600.32815227995,15163.2,10726.071847720052,14.673046251993384,16.33778764821412,TTNP
2016-01-14,12636.0,12636.0,10440.0,10800.0,10800.0,221,11469.6,12924.0,14810.4,15828.48,15168.71140625,15145.350249023437,28.77280857265819,-1480.3036777922462,-960.4157689987852,-519.887908793461,19452.32884044502,14810.4,10168.471159554976,14.673046251993384,15.155471483500705,TTNP
2016-01-15,10800.0,11160.0,9252.0,11160.0,11160.0,155,11167.2,12441.6,14475.6,15739.2,15151.029638671875,15131.536987304688,31.51983116502815,-1523.1941625943455,-1072.9714477178973,-450.2227148764482,19156.314406984824,14475.6,9794.885593015177,19.479452984491942,16.275181829492983,TTNP
2016-01-19,10332.0,11700.0,10332.0,10728.0,10728.0,78,11152.8,11988.0,14148.0,15644.16,15129.02787109375,15115.563725585938,30.023447692006517,-1573.9010192046044,-1173.1573620152387,-400.74365718936565,18914.106335338656,14148.0,9381.893664661344,16.04465709728844,16.732385444591333,TTNP
2016-01-20,10620.0,11124.0,9612.0,10908.0,10908.0,66,11174.4,11581.2,13897.8,15557.76,15104.848203125,15101.48494140625,31.483036649282724,-1581.3334451048959,-1254.7925786331703,-326.5408664717256,18790.912530869835,13897.8,9004.687469130165,19.85815602836856,18.460755370049725,TTNP
2016-01-21,10980.0,11268.0,10692.0,11052.0,11052.0,22,10929.6,11358.0,13602.6,15474.96,15078.130634765625,15089.120629882813,32.692564141078996,-1557.6484973617644,-1315.363762378889,-242.2847349828753,18434.077637302613,13602.6,8771.122362697388,19.43262411347494,18.445145746377392,TTNP
2016-01-22,11160.0,11700.0,11016.0,11196.0,11196.0,32,11008.8,11239.2,13334.4,15390.0,15048.875166015625,15077.476318359375,33.948266018664455,-1509.853754858037,-1354.2617608747187,-155.5919939833184,18074.078571354315,13334.4,8594.721428645684,23.294440631434217,20.86174025775932,TTNP
2016-01-25,11052.0,11052.0,10440.0,10872.0,10872.0,45,10951.2,11059.2,13024.8,15305.04,15016.379697265626,15063.217534179688,32.47999362133189,-1481.0475747783876,-1379.6189236554524,-101.42865112293521,17553.80031350797,13024.8,8495.799686492028,25.440138167612627,22.722400970840678,TTNP
2016-01-26,11160.0,12168.0,10656.0,11808.0,11808.0,163,11167.2,11160.0,12790.8,15238.8,14997.22212890625,15052.644272460937,40.487751262345945,-1366.9339285646638,-1377.0819246372946,10.147996072630804,17055.795831153333,12790.8,8525.804168846666,32.26950821350332,27.0013623375168,TTNP
2016-01-27,11844.0,12132.0,11268.0,11556.0,11556.0,46,11296.8,11235.6,12553.2,15163.92,14965.5998046875,15041.80548828125,39.14180215514908,-1282.0536196671346,-1358.0762636432626,76.02264397612794,16527.515216456188,12553.2,8578.884783543812,35.14110846650775,30.950251615874645,TTNP
2016-01-28,11520.0,12060.0,11160.0,11772.0,11772.0,43,11440.8,11185.2,12326.4,15095.52,14936.13748046875,15032.046704101562,40.9537075151372,-1183.7108862611822,-1323.2031881668465,139.49230190566436,15916.912297674988,12326.4,8735.887702325012,40.196078431372314,35.8688983704612,TTNP
2016-01-29,11844.0,12744.0,11844.0,12708.0,12708.0,46,11743.2,11376.0,12150.0,15049.44,14918.024111328124,15024.978969726562,48.156741929802564,-1018.5054867407216,-1262.2636478816216,243.75816114090003,15270.807587749565,12150.0,9029.192412250435,45.098039215686036,40.145075371188774,TTNP
2016-02-01,12816.0,14832.0,12816.0,14616.0,14616.0,144,12492.0,11721.6,12081.6,15036.48,14918.9907421875,15028.445708007812,59.107689726236245,-725.2590285780734,-1154.862724020912,429.60369544283867,14909.50483569643,12081.6,9253.69516430357,61.7647058823527,49.019607843137095,TTNP
2016-02-02,14544.0,15300.0,13824.0,14940.0,14940.0,115,13118.4,12142.8,12065.4,15030.72,14929.16421875,15034.526923828125,60.628559571510884,-461.3963160167041,-1016.1694424200705,554.7731264033664,14823.035247772146,12065.4,9307.764752227853,79.01960784313701,61.96078431372533,TTNP
2016-02-03,14832.0,15228.0,14256.0,14652.0,14652.0,53,13737.6,12517.2,12049.2,15022.08,14928.50189453125,15038.173662109375,58.54422874484242,-272.38255186159404,-867.4120643083752,595.0295124467812,14741.277978022772,12049.2,9357.12202197723,89.95798319327707,76.91409897292233,TTNP
2016-02-04,15084.0,15084.0,13536.0,13608.0,13608.0,75,14104.8,12772.8,12065.4,14998.32,14923.36642578125,15034.611450195312,51.616784457855545,-204.47282151942454,-734.824215750585,530.3513942311605,14790.699866024888,12065.4,9340.100133975111,84.75023342670379,84.57594148770603,TTNP
2016-02-05,13608.0,14760.0,12600.0,13824.0,13824.0,90,14328.0,13035.6,12137.4,14973.12,14930.335703125,15032.12923828125,52.8596375744536,-131.7062484989856,-614.2006223002652,482.4943738012796,14966.667919401643,12137.4,9308.132080598356,78.4533855736385,84.38720073120653,TTNP
2016-02-08,13644.0,14328.0,12420.0,12456.0,12456.0,48,13896.0,13194.0,12126.6,14916.96,14919.647080078124,15021.812553710937,44.97914594541516,-182.32267991033405,-527.825033822279,345.50235391194497,14949.26401822024,12126.6,9303.935981779761,65.3581474784004,76.1872554929143,TTNP
2016-02-09,12492.0,13356.0,12276.0,12420.0,12420.0,17,13392.0,13255.2,12207.6,14845.68,14904.620556640624,15011.315869140624,44.78990706108709,-222.77347170087342,-466.8147213979979,244.0412496971245,14965.57595344034,12207.6,9449.62404655966,54.93045788404414,66.24733031202776,TTNP
2016-02-10,12528.0,13572.0,12204.0,12240.0,12240.0,77,12909.6,13323.6,12279.6,14760.0,14885.805087890625,14996.935756835937,43.79769362653568,-266.2859328279246,-426.70896368398326,160.42303085605863,14960.949988299784,12279.6,9598.250011700216,42.592592592592354,54.29373265167904,TTNP
2016-02-11,12060.0,13140.0,11952.0,12456.0,12456.0,33,12679.2,13392.0,12288.6,14662.8,14869.149619140626,14984.630122070312,45.36187341966306,-280.1115256445264,-397.3894760760919,117.2779504315655,14971.049358283435,12288.6,9606.150641716566,39.75308641975285,45.758712298796524,TTNP
2016-02-12,12420.0,12924.0,12024.0,12384.0,12384.0,48,12391.2,13359.6,12367.8,14541.12,14851.774150390625,14974.94791015625,44.913159472352824,-293.4949784137225,-376.61057654361804,83.11559812989555,14961.846691899626,12367.8,9773.753308100373,38.5759402813664,40.30720643123728,TTNP
2016-02-16,13932.0,14076.0,12492.0,12744.0,12744.0,79,12448.8,13172.4,12447.0,14432.4,14841.97658203125,14970.049125976562,47.698920918112854,-271.9179687210544,-355.6720549791053,83.7540862580509,14984.821270254337,12447.0,9909.178729745663,38.98388445742652,39.104303719515336,TTNP
2016-02-17,13392.0,13824.0,12816.0,13824.0,13824.0,60,12729.6,13060.8,12601.8,14354.64,14840.99005859375,14968.561391601563,55.04390090960023,-165.7602777228567,-317.6896995278556,151.92942180499892,15078.272943473316,12601.8,10125.327056526683,46.6059993259182,41.388608021570455,TTNP
2016-02-18,14220.0,15516.0,14040.0,14868.0,14868.0,141,13255.2,13082.4,12799.8,14283.36,14852.432490234374,14971.2991796875,60.77806837728519,2.5827596999242814,-253.63520768229964,256.21796738222395,15335.434642403226,12799.8,10264.165357596772,61.65387894288127,49.08125424207541,TTNP
2016-02-19,15120.0,15480.0,10980.0,12276.0,12276.0,261,13219.2,12949.2,12861.0,14154.48,14845.91072265625,14962.0714453125,45.32170885341972,-72.32321109077384,-217.37280836399447,145.04959727322063,15281.407734195891,12861.0,10440.592265804109,58.424065278285006,55.56131451569491,TTNP
2016-02-22,11700.0,13284.0,11664.0,12600.0,12600.0,181,13262.4,12826.8,12931.2,14025.6,14840.64,14953.469233398437,47.13159486520186,-104.33987525908924,-194.76622174301343,90.42634648392419,15232.903855789256,12931.2,10629.496144210745,48.87955182072807,56.3191653472982,TTNP
2016-02-23,12672.0,12960.0,12420.0,12780.0,12780.0,18,13269.6,12859.2,13026.6,13907.52,14823.72,14946.761499023438,48.15825820219991,-113.87612353615441,-178.58820210164163,64.71207856548722,15128.491376773614,13026.6,10924.708623226386,34.65608465608443,47.31990058503259,TTNP
2016-02-24,12600.0,14760.0,12492.0,14364.0,14364.0,111,13377.6,13053.6,13154.4,13826.88,14824.08,14945.984814453124,56.21602017994145,6.309164834076,-141.6087287144981,147.9178935485741,15255.196648834752,13154.4,11053.603351165248,49.99999999999977,44.51187882560418,TTNP
2016-02-25,14292.0,14328.0,13608.0,13968.0,13968.0,43,13197.6,13226.4,13275.0,13744.08,14827.68,14944.222602539063,53.95806204713421,68.80978489811423,-99.52502599197564,168.33481089008987,15269.136805676904,13275.0,11280.863194323096,60.05291005290982,48.23633156966476,TTNP
2016-02-26,13968.0,14328.0,13680.0,13824.0,13824.0,44,13507.2,13363.2,13377.6,13653.36,14825.52,14941.740390625,53.122485645932436,105.50617059047363,-58.518786675485785,164.02495726595942,15259.873348840487,13377.6,11495.326651159514,67.72486772486751,59.259259259259125,TTNP
2016-02-29,13860.0,13932.0,13068.0,13752.0,13752.0,40,13737.6,13500.0,13429.8,13571.28,14820.48,14936.909228515626,52.68319032551096,127.3109608555369,-21.352837169281244,148.66379802481816,15292.705214914407,13429.8,11566.894785085591,63.22751322751301,63.66843033509687,TTNP
2016-03-01,13716.0,14184.0,12816.0,13320.0,13320.0,22,13845.6,13557.6,13365.0,13480.56,14817.96,14929.91806640625,50.01092830734366,108.48211036969587,4.6141523385141845,103.86795803118169,15146.745436294235,13365.0,11583.254563705765,58.46560846560825,63.13932980599635,TTNP
2016-03-02,13248.0,13536.0,12888.0,13464.0,13464.0,29,13665.6,13521.6,13291.2,13404.24,14815.8,14921.657954101562,50.90486923684311,103.98107810449619,24.487537491710587,79.49354061278561,14921.741701323568,13291.2,11660.658298676433,55.820105820105596,59.171075837742386,TTNP
2016-03-03,13572.0,13572.0,12960.0,13068.0,13068.0,27,13485.6,13341.6,13212.0,13347.36,14802.12,14914.40126953125,48.34452463583083,67.67991518327653,33.12601303002378,34.55390215325276,14719.708194497616,13212.0,11704.291805502384,50.79365079365056,55.0264550264549,TTNP
2016-03-04,13032.0,13464.0,12744.0,13032.0,13032.0,22,13327.2,13417.2,13183.2,13268.88,14770.44,14905.970107421876,48.107635520724465,35.59575716598738,33.619961857216495,1.9757953087708842,14681.526746659496,13183.2,11684.873253340505,48.67724867724845,51.76366843033497,TTNP
2016-03-07,13176.0,13500.0,12888.0,13428.0,13428.0,11,13262.4,13500.0,13163.4,13206.24,14739.48,14896.535522460938,50.954546792652955,41.64269026166221,35.22450753810564,6.418182723556569,14637.60329661661,13163.4,11689.19670338339,48.412698412698184,49.29453262786583,TTNP
2016-03-08,13500.0,14004.0,12960.0,13140.0,13140.0,23,13226.4,13536.0,13197.6,13127.76,14711.4,14884.666459960938,48.855297017759746,22.93139635928128,32.76588530234077,-9.83448894305949,14635.870961868854,13197.6,11759.329038131147,48.941798941798716,48.67724867724854,TTNP
2016-03-09,13140.0,13176.0,12744.0,12888.0,12888.0,31,13111.2,13388.4,13221.0,13055.76,14680.08,14873.52634765625,47.02953327912777,-12.092339847535186,23.794240272365577,-35.88658011990076,14622.667292817847,13221.0,11819.332707182153,47.99576719576697,48.45008818342138,TTNP
2016-03-10,13212.0,13428.0,12420.0,12780.0,12780.0,57,13053.6,13269.6,13248.0,12985.2,14645.88,14858.8628125,46.23211790152883,-48.01016918509595,9.43335838087327,-57.44352756596922,14592.685539356808,13248.0,11903.314460643192,42.02185308231797,46.319806406627976,TTNP
2016-03-11,12600.0,13392.0,12456.0,13356.0,13356.0,31,13118.4,13222.8,13293.0,12926.16,14624.64,14849.068227539063,51.0036823139453,-29.655076282215305,1.6156714482555552,-31.27074773047086,14587.97459425091,13293.0,11998.02540574909,39.48217054263543,43.16659694024022,TTNP
2016-03-14,13536.0,13860.0,13356.0,13644.0,13644.0,19,13161.6,13212.0,13356.0,12874.32,14605.2,14835.741264648437,53.2381998631921,8.038003072260835,2.9001377730566116,5.137865299204224,14589.072260557065,13356.0,12122.927739442935,42.784734645199535,41.42958609005107,TTNP
2016-03-15,13608.0,13860.0,13104.0,13320.0,13320.0,20,13197.6,13212.0,13384.8,12821.04,14582.52,14822.783251953126,50.4506399331054,11.631862930356874,4.646482804516664,6.98538012584021,14585.841148235686,13384.8,12183.758851764313,46.49250120948212,42.91980213243912,TTNP
2016-03-16,13320.0,13572.0,13212.0,13284.0,13284.0,13,13276.8,13194.0,13357.8,12781.44,14560.92,14808.650766601562,50.13651876762752,11.443213384074625,6.005828920428256,5.437384463646369,14542.29847604603,13357.8,12173.301523953969,48.2535074987903,45.84358111782408,TTNP
2016-03-17,13392.0,13860.0,12960.0,13320.0,13320.0,36,13384.8,13219.2,13280.4,12748.32,14542.92,14791.714858398438,50.46863910068422,14.036798914661631,7.6120229192749305,6.4247759953867005,14241.242630067652,13280.4,12319.557369932347,47.824412783981295,47.523473830751335,TTNP
2016-03-18,13428.0,13824.0,13356.0,13824.0,13824.0,37,13478.4,13298.4,13357.8,12759.12,14528.16,14774.315522460938,54.98872703409706,56.1139750549828,17.312413346416506,38.8015617085663,14227.622878381233,13357.8,12487.977121618766,58.63175458862768,51.569891623799855,TTNP
2016-03-21,13716.0,14328.0,13500.0,14112.0,14112.0,26,13572.0,13366.8,13433.4,12793.68,14511.96,14763.328559570313,57.38207350629523,111.41530707312631,36.13299209175847,75.28231498136785,14289.344951358002,13433.4,12577.455048641998,73.09716339365913,59.8511102554228,TTNP
2016-03-22,14112.0,15120.0,14112.0,15012.0,15012.0,48,13910.4,13554.0,13545.0,12840.48,14505.48,14758.830546875,63.850785912208984,225.26774318907155,73.95994231122108,151.30780087785047,14591.820328306312,13545.0,12498.179671693688,88.09036067257068,73.27309288495259,TTNP
2016-03-23,14616.0,15300.0,14616.0,15120.0,15120.0,21,14277.6,13777.2,13582.8,12926.88,14503.32,14745.922255859376,64.54621690229833,320.5166006224863,123.27127397347414,197.24532664901216,14787.827070133859,13582.8,12377.77292986614,92.80974842767273,84.66575749796762,TTNP
2016-03-24,15156.0,16164.0,15156.0,16020.0,16020.0,29,14817.6,14101.2,13685.4,13031.28,14505.48,14740.497392578125,69.7660181361752,463.2840347868714,191.27382613615362,272.0102086507178,15287.990452909085,13685.4,12082.809547090914,95.30128205128183,92.06713038384184,TTNP
2016-03-28,16200.0,17496.0,16200.0,17244.0,17244.0,84,15501.6,14490.0,13856.4,13130.64,14524.56,14743.181484375,75.12901923217984,667.5002976246451,286.5191204338519,380.9811771907932,16088.03997090826,13856.4,11624.76002909174,94.97976904891777,94.3635998426242,TTNP
2016-03-29,18000.0,18468.0,17316.0,17676.0,17676.0,72,16214.4,14893.2,14052.6,13268.16,14548.32,14746.03662109375,76.6999478213979,854.3534916129338,400.0859946696683,454.2674969432655,16835.032058425728,14052.6,11270.167941574273,92.69802301717175,94.32635803912387,TTNP
2016-03-30,17784.0,17964.0,17244.0,17640.0,17640.0,51,16740.0,15325.2,14268.6,13397.76,14568.48,14749.70623046875,76.26762596013312,988.1404271694228,517.6968811696192,470.4435459998035,17434.330778154592,14268.6,11102.869221845409,89.41658223573097,92.36479143394025,TTNP
2016-03-31,17676.0,17712.0,16776.0,17244.0,17244.0,37,17164.8,15721.2,14457.6,13528.08,14586.12,14754.379267578124,71.49388968248344,1050.1086481647399,624.1792345686433,425.92941359609654,17851.726126082416,14457.6,11063.473873917585,84.28500142571978,88.79986889287426,TTNP
2016-04-01,17100.0,18000.0,16920.0,17496.0,17496.0,36,17460.0,16138.8,14679.0,13659.84,14608.8,14757.328876953125,72.6663699575915,1106.7947626406767,720.70234018305,386.09242245762675,18254.499629388218,14679.0,11103.500370611782,82.76772784962269,85.48977050369125,TTNP
2016-04-04,17424.0,17676.0,16920.0,17136.0,17136.0,45,17438.4,16470.0,14884.2,13781.52,14628.24,14760.46744140625,68.3418214157372,1109.8759661458607,798.5370653756121,311.33890077024864,18528.45814669532,14884.2,11239.941853304681,79.27021773446552,82.10764900326943,TTNP
2016-04-05,17244.0,17496.0,16920.0,17388.0,17388.0,33,17380.8,16797.6,15082.2,13905.36,14647.68,14763.871533203124,69.70112522599531,1119.74441942034,862.7785361845577,256.96588323578226,18817.638480253037,15082.2,11346.761519746962,79.52069716775578,80.5195475839481,TTNP
2016-04-06,17532.0,18000.0,17172.0,17676.0,17676.0,45,17388.0,17064.0,15309.0,14041.44,14673.24,14769.71009765625,71.22191482499542,1137.6898523912805,917.7607994259022,219.92905296537833,19095.671255833455,15309.0,11522.328744166545,80.61002178649217,79.80031222957125,TTNP
2016-04-07,17640.0,18072.0,17532.0,17784.0,17784.0,20,17496.0,17330.4,15553.8,14160.96,14699.88,14775.094189453124,71.79366362961693,1147.3999226404103,963.6886240688038,183.71129857160645,19315.720764683305,15553.8,11791.879235316695,84.21093006842779,81.447216340892,TTNP
2016-04-08,17712.0,18576.0,17640.0,18468.0,18468.0,63,17690.4,17575.2,15838.2,14299.2,14731.56,14783.89828125,75.15968930798513,1196.4958475063613,1010.2500687563154,186.24577875004593,19578.284683500522,15838.2,12098.11531649948,90.03765792269007,84.9528699258701,TTNP
2016-04-11,18684.0,20088.0,18684.0,19656.0,19656.0,102,18194.4,17816.4,16153.2,14456.88,14776.2,14797.647890625,79.69253964821317,1316.0952661619485,1071.419108237442,244.67615792450647,20061.420751154572,16153.2,12244.97924884543,92.42104769091328,88.88987856067713,TTNP
2016-04-12,19908.0,21888.0,19836.0,20844.0,20844.0,115,18885.6,18133.2,16513.2,14619.6,14834.52,14819.326455078124,83.02784775488028,1489.569508514196,1155.049188292793,334.52032022140315,20743.719287245385,16513.2,12282.680712754616,92.09566303977213,91.51812288445859,TTNP
2016-04-13,21276.0,22032.0,20880.0,20988.0,20988.0,120,19548.0,18468.0,16896.6,14747.04,14891.76,14841.72501953125,83.38408180236917,1619.9944048469915,1248.0382316036325,371.956173243359,21286.904426774458,16896.6,12506.29557322554,87.74380087349535,90.75350386806035,TTNP
2016-04-14,20988.0,21816.0,20988.0,21420.0,21420.0,59,20275.2,18885.6,17303.4,14876.64,14953.68,14867.278056640625,84.43928020910866,1738.1792164485014,1346.0664285726064,392.11278787589504,21786.13150654321,17303.4,12820.668493456793,86.65549704088095,88.83165365138291,TTNP
2016-04-15,21204.0,21960.0,20304.0,21276.0,21276.0,59,20836.8,19263.6,17701.2,15009.12,15015.6,14894.100043945313,82.55724221279982,1799.4786646667962,1436.7488757914443,362.7297888753519,22110.816473090967,17701.2,13291.583526909035,86.64645504079051,87.01525098505569,TTNP
2016-04-18,21888.0,21888.0,21240.0,21600.0,21600.0,48,21225.6,19710.0,18090.0,15168.96,15083.64,14924.530981445312,83.45100582475088,1852.8445723629884,1519.9680151057532,332.87655725723516,22434.381198715804,18090.0,13745.618801284194,88.96781103782608,87.42325437316595,TTNP
2016-04-19,21456.0,21600.0,20736.0,21456.0,21456.0,42,21348.0,20116.8,18457.2,15321.6,15147.36,14956.230869140625,81.45335911887621,1862.0532513572944,1588.3850623560616,273.6681890012328,22632.77170214512,18457.2,14281.62829785488,88.81278538812766,88.14235048891486,TTNP
2016-04-20,21348.0,21780.0,21240.0,21420.0,21420.0,32,21434.4,20491.2,18777.6,15500.88,15208.92,14990.734184570312,80.93176723651283,1845.176253402893,1639.743300565428,205.4329528374651,22828.097569404967,18777.6,14727.102430595029,89.61669560743435,89.13243067779614,TTNP
2016-04-21,21600.0,21852.0,21168.0,21672.0,21672.0,40,21484.8,20880.0,19105.2,15685.92,15265.8,15028.486450195312,81.8098603693005,1831.028448698984,1678.0003301921392,153.02811850684475,22975.23181379109,19105.2,15235.16818620891,90.00900379445602,89.47949493000611,TTNP
2016-04-22,21780.0,22500.0,21528.0,22464.0,22464.0,72,21722.4,21279.6,19427.4,15890.4,15325.2,15072.187666015625,84.26270258776098,1862.2570524358198,1714.8516746408754,147.40537779494434,23289.330936688937,19427.4,15565.469063311066,93.44691806754484,91.02420582314517,TTNP
2016-04-25,22680.0,23796.0,22680.0,23544.0,23544.0,67,22111.2,21668.4,19742.4,16112.16,15387.48,15118.305454101563,86.86394984407869,1951.6554507773762,1762.2124298681756,189.44302090920064,23859.855835798982,19742.4,15624.94416420102,96.16941245415434,93.20844477205183,TTNP
2016-04-26,24012.0,24048.0,23220.0,23796.0,23796.0,62,22579.2,21963.6,20048.4,16340.4,15440.76,15165.6832421875,87.38779620476488,2019.5584073039245,1813.6816253553254,205.87678194859905,24408.58707852714,20048.4,15688.212921472861,97.22769585622422,95.61467545930789,TTNP
2016-04-27,24012.0,24048.0,22176.0,22968.0,22968.0,61,22888.8,22161.6,20314.8,16544.88,15488.64,15208.921030273437,76.58148662170679,1983.6925366930554,1847.6838076228714,136.00872907018402,24704.798888354686,20314.8,15924.801111645313,91.82477209157518,95.07396013398467,TTNP
2016-04-28,22968.0,23400.0,22320.0,22644.0,22644.0,35,23083.2,22284.0,20584.8,16721.28,15537.96,15250.538818359375,72.78843829255861,1907.1401590156747,1859.575077901432,47.56508111424273,24848.549786250995,20584.8,16321.050213749006,84.36805581883907,91.14017458887959,TTNP
2016-04-29,22572.0,23004.0,21132.0,21420.0,21420.0,89,22874.4,22298.4,20781.0,16852.32,15567.84,15282.058706054688,60.58105673698043,1727.788408310993,1833.2177439833442,-105.42933567235127,24812.991964247347,20781.0,16749.008035752653,64.85946945942398,80.35076578994618,TTNP
2016-05-02,21168.0,22788.0,19908.0,21960.0,21960.0,82,22557.6,22334.4,21022.2,17046.0,15600.24,15312.300693359375,63.49020923178909,1610.6576815958033,1788.705731505836,-178.04804991003266,24716.12103864647,21022.2,17328.27896135353,53.66585278461531,67.63112602095954,TTNP
2016-05-03,21780.0,22572.0,21420.0,21672.0,21672.0,52,22132.8,22356.0,21236.4,17227.44,15626.52,15338.1192578125,60.90841161924102,1477.5591614446348,1726.4764174935958,-248.917256048961,24538.595051742857,21236.4,17934.204948257146,43.260250216771716,53.92852415360377,TTNP
2016-05-04,21672.0,22248.0,21456.0,21996.0,21996.0,29,21938.4,22413.6,21452.4,17411.76,15659.64,15367.546772460937,62.7438935287192,1382.2875668937813,1657.638647373633,-275.3510804798516,24333.020933020336,21452.4,18571.779066979667,47.536231884057734,48.15411162848168,TTNP
2016-05-05,22212.0,22248.0,20232.0,20664.0,20664.0,68,21542.4,22312.8,21596.4,17537.76,15682.32,15391.308759765625,51.94551091699059,1185.635604588766,1563.2380388166596,-377.6024342278936,23972.934485286296,21596.4,19219.865514713707,37.10144927536208,42.63264379206394,TTNP
2016-05-06,20700.0,20844.0,16956.0,18288.0,18288.0,180,20916.0,21895.2,21587.4,17624.16,15684.12,15403.190747070312,39.03891127191127,828.5135759499208,1416.2931462433119,-587.7795702933911,24012.1302859813,21587.4,19162.669714018703,29.15912602074573,37.93226906005528,TTNP
2016-05-09,18144.0,19764.0,18144.0,19404.0,19404.0,66,20404.8,21481.2,21574.8,17735.76,15694.56,15417.669311523438,45.84510040343114,628.3010056380081,1258.694718122251,-630.393712484243,24041.79571133703,21574.8,19107.80428866297,23.853453983667823,30.038009759925306,TTNP
2016-05-10,19980.0,20700.0,19800.0,19944.0,19944.0,61,20059.2,21096.0,21529.8,17859.6,15715.44,15435.842348632812,48.82254851943865,507.35610290773184,1108.4269950793473,-601.0708921716155,24079.90898585831,21529.8,18979.69101414169,31.810490693739183,28.274356899384344,TTNP
2016-05-11,20160.0,20628.0,19404.0,19440.0,19440.0,51,19548.0,20743.2,21452.4,17982.0,15731.28,15453.4843359375,46.26580016538565,366.61173634802253,960.0639433330823,-593.4522069850598,24153.110306522158,21452.4,18751.689693477845,37.225042301184196,30.962995659530502,TTNP
2016-05-12,19620.0,19692.0,18720.0,19152.0,19152.0,39,19245.6,20394.0,21339.0,18095.76,15750.0,15471.6752734375,44.821361134863004,229.1896629881594,813.8890872640977,-584.6994242759383,24220.06855172784,21339.0,18457.93144827216,36.0406091370556,35.02538071065976,TTNP
2016-05-13,19152.0,20304.0,19152.0,19728.0,19728.0,40,19533.6,20224.8,21261.6,18228.96,15788.16,15493.740688476562,48.2980118436089,164.85966633313,684.0832030779042,-519.2235367447742,24227.21348792375,21261.6,18295.986512076248,35.025380710659654,36.09701071629991,TTNP
2016-05-16,19836.0,20664.0,19224.0,20160.0,20160.0,45,19684.8,20044.8,21189.6,18371.52,15820.2,15516.971625976563,50.80173228586533,147.04146762809978,576.6748559879433,-429.6333883598435,24188.587989264906,21189.6,18190.61201073509,38.40947546531279,36.49182177100945,TTNP
2016-05-17,20268.0,21348.0,20232.0,20880.0,20880.0,63,19872.0,19965.6,21160.8,18520.56,15863.4,15543.802563476562,54.736008714591854,188.84155163267133,499.10819511688885,-310.2666434842175,24160.064549811344,21160.8,18161.535450188654,48.38593804648852,40.60693140748709,TTNP
2016-05-18,21024.0,22176.0,20988.0,22104.0,22104.0,104,20404.8,19976.4,21195.0,18699.84,15913.8,15577.747978515625,60.516494857115276,317.07989036408253,462.7025341663276,-145.62264380224508,24220.78875663108,21195.0,18169.21124336892,63.730189114089846,50.17520087529715,TTNP
2016-05-19,22320.0,22788.0,21600.0,21960.0,21960.0,84,20966.4,20106.0,21209.4,18881.28,15968.52,15612.96234375,59.55293118553101,402.45089774209555,450.6522068814812,-48.20130913938567,24246.850799561173,21209.4,18171.94920043883,77.2717905011509,63.129305887243184,TTNP
2016-05-20,21852.0,23076.0,21420.0,22824.0,22824.0,111,21585.6,20559.6,21227.4,19082.16,16033.68,15654.485659179687,63.32604837196529,533.6737565397743,467.25651681313985,66.41723972663448,24298.457433483603,21227.4,18156.3425665164,88.9346232320086,76.64553428241653,TTNP
2016-05-23,23688.0,25200.0,23256.0,24696.0,24696.0,400,22492.8,21088.8,21285.0,19308.96,16117.56,15705.368974609375,69.88175718952125,779.7352697682727,529.7522674041664,249.98300236410626,24563.876758854334,21285.0,18006.123241145666,91.85709498635809,86.02116957317263,TTNP
2016-05-24,26280.0,28080.0,25416.0,26676.0,26676.0,571,23652.0,21762.0,21429.0,19569.6,16221.96,15768.141240234376,74.97680961491284,1121.581352556772,648.1180844346875,473.4632681220844,25330.235804172196,21429.0,17527.764195827804,92.38248553332362,91.05806791723019,TTNP
2016-05-25,27540.0,28260.0,23832.0,25128.0,25128.0,476,24256.8,22330.8,21537.0,19805.76,16313.4,15821.184555664062,65.62908658072666,1253.1407467351528,769.1226168947805,484.01812984037224,25712.61981025034,21537.0,17361.38018974966,84.51936576312254,89.5863154276015,TTNP
2016-05-26,25560.0,26820.0,25020.0,25452.0,25452.0,472,24955.2,22960.8,21677.4,20049.12,16415.28,15876.84234375,66.56857726047862,1367.7796937782077,888.8540322714659,478.9256615067418,26169.315778346117,21677.4,17185.484221653885,77.3045424299446,84.73546457546367,TTNP
2016-05-27,30636.0,31464.0,23796.0,24696.0,24696.0,2618,25329.6,23457.6,21841.2,20276.64,16512.48,15930.70908203125,62.290167562478636,1381.7016073443847,987.4235472860497,394.278060058335,26518.7125697057,21841.2,17163.6874302943,63.80921396012214,75.21104071772984,TTNP
2016-05-31,25740.0,25776.0,24300.0,25308.0,25308.0,560,25452.0,23972.4,22008.6,20506.32,16632.72,15985.646870117187,64.29097545462452,1425.6837150404572,1075.0755808369313,350.6081342035259,26924.69098367344,22008.6,17092.509016326556,56.94318783467682,66.01898140824794,TTNP
2016-06-01,24660.0,24732.0,21960.0,22680.0,22680.0,547,24652.8,24152.4,22059.0,20677.68,16735.68,16025.455708007812,51.624277892885694,1234.2544978218211,1106.9113642339094,127.34313358791178,26980.918894065104,22059.0,17137.081105934896,43.220338983050596,54.65758025928327,TTNP
2016-06-02,22860.0,23148.0,20700.0,21456.0,21456.0,416,23918.4,24087.6,22032.0,20806.56,16823.52,16061.13349609375,46.981469868553255,972.5677379175104,1080.0426389706295,-107.47490105311908,26960.92458856443,22032.0,17103.07541143557,33.8272706247726,44.66359914750009,TTNP
2016-06-03,21600.0,21600.0,19908.0,20376.0,20376.0,256,22903.2,23929.2,22017.6,20911.68,16919.28,16090.416811523437,43.28261533094134,670.3052594976944,998.0951630760425,-327.7899035783481,26964.078601970832,22017.6,17071.121398029165,19.73288710865429,32.26016557215925,TTNP
2016-06-06,20052.0,20160.0,19008.0,19152.0,19152.0,262,21794.4,23562.0,22060.8,20974.32,17002.8,16112.585649414063,39.48815640337659,328.2100953853296,864.1181495378999,-535.9080541525702,26889.933984448464,22060.8,17231.666015551535,9.760428120813701,21.10686195141362,TTNP
2016-06-07,19188.0,21528.0,18648.0,21204.0,21204.0,415,20973.6,23212.8,22150.8,21053.52,17092.08,16147.0034375,47.757005158142576,220.13884036412492,735.3222877031449,-515.18344733902,26843.692395927603,22150.8,17457.907604072396,10.170551431587514,13.22128888701859,TTNP
2016-06-08,21384.0,21528.0,20376.0,20808.0,20808.0,112,20599.2,22626.0,22194.0,21116.16,17192.16,16180.435703125,46.438194339285104,101.36918084194258,608.5316663309044,-507.1624854889618,26820.273143660586,22194.0,17567.726856339414,12.651274057716618,10.8607512033727,TTNP
2016-06-09,20556.0,22140.0,19908.0,21924.0,21924.0,202,20692.8,22305.6,22318.2,21201.84,17299.8,16225.414819335938,50.5801067610945,96.18646548020843,506.0626261607652,-409.8761606805568,26772.229348775665,22318.2,17864.170651224336,20.78651685393233,14.536114114412243,TTNP
2016-06-10,21960.0,23292.0,21672.0,23148.0,23148.0,226,21247.2,22075.2,22518.0,21319.92,17424.0,16276.513935546875,54.716201328032795,188.67081708591286,442.58426434579474,-253.91344725988188,26738.360932403175,22518.0,18297.639067596825,25.842696629213226,19.760162513620813,TTNP
2016-06-13,23904.0,23904.0,21816.0,22500.0,22500.0,195,21916.8,21855.6,22656.6,21420.0,17539.92,16322.3841015625,52.224252275228814,207.2876644455282,395.5249443657414,-188.2372799202132,26678.769981459667,22656.6,18634.43001854033,30.24344569288364,25.624219725343153,TTNP
2016-06-14,22176.0,23040.0,21888.0,22140.0,22140.0,92,22104.0,21538.8,22755.6,21520.08,17650.8,16364.465317382812,50.83898905238659,190.79331221223038,354.57861793503923,-163.78530572280886,26621.53069774346,22755.6,18889.669302256538,30.80524344569263,28.96379525592992,TTNP
2016-06-15,22572.0,22608.0,21240.0,22500.0,22500.0,85,22442.4,21520.8,22836.6,21622.32,17763.84,16406.35758300781,52.20430614652022,204.41405263101842,324.54570487423507,-120.13165224321665,26608.690582124887,22836.6,19064.50941787511,29.119850187265666,30.056179775280736,TTNP
2016-06-16,22896.0,22932.0,21960.0,22572.0,22572.0,90,22572.0,21632.4,22860.0,21720.24,17880.84,16448.609848632812,52.48850745646686,218.4996577724487,303.3364954538778,-84.83683768142907,26619.406761678656,22860.0,19100.593238321344,29.30711610486866,29.744069912609074,TTNP
2016-06-17,22392.0,22644.0,21960.0,22068.0,22068.0,76,22356.0,21801.6,22865.4,21805.92,17983.44,16490.331064453127,50.23665097724628,186.8402355012331,280.03724346334883,-93.19700796211572,26619.92731508972,22865.4,19110.872684910282,36.217985094389334,31.54831712884131,TTNP
2016-06-20,22536.0,22788.0,21852.0,22248.0,22248.0,68,22305.6,22111.2,22836.6,21881.52,18090.36,16527.97990234375,51.04445319621712,174.26558573887087,258.88291191845326,-84.61732617958239,26600.7800381697,22836.6,19072.419961830296,45.92312438034107,37.14940852653311,TTNP
2016-06-21,22068.0,22140.0,20880.0,21240.0,21240.0,127,22125.6,22114.8,22663.8,21913.2,18185.04,16560.588740234376,46.49294615162601,82.01746315310083,223.5098221653828,-141.49235901228195,26387.771621770935,22663.8,18939.828378229064,52.15548803536134,44.765532503364,TTNP
2016-06-22,21096.0,21420.0,20484.0,20700.0,20700.0,64,21765.6,22104.0,22365.0,21910.32,18264.96,16591.49205566406,44.21823638899136,-34.2683019856413,171.95419733517798,-206.22249932081928,25691.04738387101,22365.0,19038.95261612899,49.17592067223233,49.08484436264499,TTNP
2016-06-23,20628.0,21024.0,19980.0,20340.0,20340.0,118,21319.2,21945.6,22125.6,21897.36,18322.2,16620.59537109375,42.71772110129844,-153.70280969279702,106.82279592958298,-260.52560562238,25307.83709986468,22125.6,18943.36290013532,40.182648401826235,47.17135236980672,TTNP
2016-06-24,19260.0,20664.0,18900.0,20556.0,20556.0,739,21016.8,21686.4,21880.8,21880.08,18378.36,16653.762109375,43.94678778587438,-228.29448599107855,39.79933954545068,-268.0938255365292,24738.537958553083,21880.8,19023.062041446916,35.84474885844724,41.73443931083535,TTNP
2016-06-27,20844.0,21096.0,19152.0,19836.0,19836.0,94,20534.4,21420.0,21637.8,21851.28,18430.2,16679.350947265626,40.8039578703157,-341.5695088915454,-36.474430141948545,-305.09507874959684,24317.658473829393,21637.8,18957.941526170605,29.066062218717928,35.03115315966388,TTNP
2016-06-28,19548.0,20448.0,19476.0,20160.0,20160.0,95,20318.4,21222.0,21380.4,21822.48,18495.72,16709.543212890625,42.78679576454243,-400.57906234471375,-109.29535658250158,-291.28370576221215,23538.94751158153,21380.4,19221.852488418474,26.72875398311463,30.546521686760016,TTNP
2016-06-29,19800.0,20844.0,19800.0,20628.0,20628.0,88,20304.0,21034.8,21277.8,21805.92,18563.76,16747.0478515625,45.620256634947346,-404.9132815761732,-168.4189415812359,-236.49433999493726,23373.664842912156,21277.8,19181.935157087843,26.13908872901654,27.31130164361645,TTNP
2016-06-30,21312.0,21312.0,19224.0,19692.0,19692.0,147,20174.4,20746.8,21189.6,21771.36,18636.12,16777.883540039064,41.22306030334918,-478.36130767972645,-230.40741480093402,-247.95389287879243,23393.71745597986,21189.6,18985.48254402014,25.17985611510767,26.015899609079696,TTNP
2016-07-01,19512.0,20232.0,19152.0,19584.0,19584.0,52,19980.0,20498.4,21150.0,21729.6,18707.76,16806.19027832031,40.73517214318521,-539.070031177609,-292.139938076269,-246.93009310134005,23438.025873926035,21150.0,18861.974126073965,22.293817120216627,24.53758732144703,TTNP
2016-07-05,19224.0,19728.0,18828.0,19044.0,19044.0,37,19821.6,20178.0,21144.6,21661.2,18775.8,16830.802543945312,38.294702356558886,-623.5675207423046,-358.4254546094761,-265.1420661328285,23451.89108691453,21144.6,18837.308913085468,12.537411718222431,20.00369498451566,TTNP
2016-07-06,18792.0,19440.0,18720.0,18792.0,18792.0,52,19548.0,19933.2,21024.0,21566.16,18839.16,16854.15480957031,37.17539105343393,-702.7656391107448,-427.29349150972985,-275.47214760101497,23548.213620071605,21024.0,18499.786379928395,7.8314329115242005,14.22088724998784,TTNP
2016-07-07,18612.0,19296.0,18612.0,19188.0,19188.0,33,19260.0,19782.0,20943.0,21474.0,18907.2,16879.487075195313,40.136495049302454,-725.2169781274897,-486.8781888332818,-238.3387892942079,23590.68925664531,20943.0,18295.31074335469,6.921887684137893,9.096910771294928,TTNP
2016-07-08,19080.0,20160.0,19080.0,19764.0,19764.0,52,19274.4,19724.4,20835.0,21409.92,18977.4,16909.688291015624,44.25237074754177,-688.5937596576732,-527.2213029981601,-161.3724566595131,23490.021355800174,20835.0,18179.978644199826,14.362904018076188,9.705408204579514,TTNP
2016-07-11,19620.0,19800.0,19116.0,19224.0,19224.0,51,19202.4,19591.2,20638.8,21341.52,19031.4,16936.195029296876,41.37996251818621,-695.1300556182723,-560.8030535221826,-134.3270020960897,23157.575702549773,20638.8,18120.024297450225,19.575416373445687,13.620069358553343,TTNP
2016-07-12,19152.0,19548.0,18828.0,19080.0,19080.0,48,19209.6,19515.6,20467.8,21294.72,19073.52,16962.97624511719,40.62272505981477,-703.816554668676,-589.4057537514813,-114.4108009171947,22921.455525895028,20467.8,18014.14447410497,20.533270779575954,18.157197057032693,TTNP
2016-07-13,18936.0,19368.0,18468.0,18540.0,18540.0,60,19159.2,19353.6,20287.8,21226.32,19136.16,16991.035361328126,37.82720747331103,-745.6784379170713,-620.6602905845992,-125.01814733247204,22752.522588802887,20287.8,17823.07741119711,12.181750337265461,17.430145830095785,TTNP
2016-07-14,18360.0,18756.0,18216.0,18396.0,18396.0,35,19000.8,19130.4,20082.6,21160.8,19194.12,17017.38,37.09412684460277,-781.4656292037944,-652.8213583084382,-128.64427089535616,22458.193601556337,20082.6,17707.00639844366,8.337421908219424,13.684147675020364,TTNP
2016-07-15,18288.0,18540.0,17928.0,18108.0,18108.0,58,18669.6,18972.0,19859.4,21083.04,19247.4,17035.56,35.607823123109576,-823.5727946939187,-686.9716455855344,-136.60114910838433,22092.012496550815,19859.4,17626.787503449188,4.554915998053938,8.358029414513027,TTNP
2016-07-18,17964.0,18144.0,17604.0,17748.0,17748.0,58,18374.4,18788.4,19643.4,21024.72,19281.24,17052.66,33.78549174465312,-875.8952429304081,-724.7563650545092,-151.13887787589897,21814.564148505335,19643.4,17472.235851494668,5.005532523390877,5.965956809888166,TTNP
2016-07-19,17712.0,17964.0,16668.0,17280.0,17280.0,128,18014.4,18612.0,19395.0,21004.56,19314.36,17071.02,31.526640364891218,-944.2402352190511,-768.6531390874176,-175.58709613163353,21451.085406726866,19395.0,17338.914593273134,7.4603128851479825,5.673587135531019,TTNP
2016-07-20,17748.0,18648.0,17604.0,17964.0,17964.0,83,17899.2,18529.2,19231.2,20975.76,19355.76,17090.64,38.04622760555112,-932.4622065538133,-801.4149525806968,-131.04725397311654,21193.064582420197,19231.2,17269.335417579805,14.989588821153262,9.15181140989746,TTNP
2016-07-21,18252.0,18828.0,17712.0,18000.0,18000.0,39,17820.0,18410.4,19096.2,20936.88,19398.24,17109.36,38.378779817032004,-909.7362615134807,-823.0792143672536,-86.65704714622711,21006.097546926216,19096.2,17186.302453073786,26.153002897188696,16.200968201163402,TTNP
2016-07-22,17964.0,18216.0,17856.0,18036.0,18036.0,27,17805.6,18237.6,18981.0,20908.8,19445.4,17131.68,38.73294330390865,-878.6918742424132,-834.2017463422856,-44.49012790012762,20854.505164058814,18981.0,17107.494835941186,34.81865728329381,25.320416333878672,TTNP
2016-07-25,18144.0,18504.0,18000.0,18036.0,18036.0,36,17863.2,18118.8,18855.0,20886.48,19491.12,17153.46,38.73294330390865,-844.3557659902399,-836.2325502718764,-8.12321571836344,20623.897283551265,18855.0,17086.102716448735,38.574750945884716,33.18213704212249,TTNP
2016-07-26,17964.0,18180.0,17928.0,18000.0,18000.0,32,18007.2,18010.8,18763.2,20851.92,19540.44,17171.28,38.4764723978766,-810.7037636161367,-831.1267929407285,20.423029324591766,20509.344736198855,18763.2,17017.055263801147,38.83161512027467,37.40834111648448,TTNP
2016-07-27,18144.0,18828.0,17964.0,18216.0,18216.0,34,18057.6,17978.4,18666.0,20813.04,19592.28,17181.36,41.00076625763304,-757.8686761308309,-816.4751695787489,58.60649344791807,20303.34712255986,18666.0,17028.65287744014,40.54982817869391,39.31873141495117,TTNP
2016-07-28,18072.0,18684.0,18000.0,18144.0,18144.0,25,18086.4,17953.2,18541.8,20758.32,19639.44,17189.46,40.405646767601475,-713.5805742419943,-795.896250511398,82.31567626940364,19921.586592105945,18541.8,17162.013407894054,43.20022119524405,40.86055483140428,TTNP
2016-07-29,18000.0,18252.0,17748.0,17856.0,17856.0,48,18050.4,17928.0,18450.0,20673.36,19686.6,17199.0,38.02793288365504,-693.724305534306,-775.4618615159795,81.7375559816735,19753.677260580625,18450.0,17146.322739419375,44.235444562941645,42.661831312293266,TTNP
2016-08-01,17820.0,18468.0,17820.0,17964.0,17964.0,28,18036.0,17949.6,18369.0,20593.44,19737.36,17208.72,39.46649721250935,-661.6463251446985,-752.6987542417233,91.05242909702486,19578.701781330838,18369.0,17159.298218669162,45.45881226053615,44.29815933957402,TTNP
2016-08-02,18000.0,18504.0,17640.0,18000.0,18000.0,38,18036.0,18021.6,18316.8,20496.96,19789.56,17217.72,39.96674893904286,-626.1020803933607,-727.3794194720508,101.27733907869015,19495.18289182905,18316.8,17138.41710817095,50.30555555555531,46.666604126344446,TTNP
2016-08-03,18000.0,18252.0,17928.0,18072.0,18072.0,21,18007.2,18032.4,18280.8,20364.48,19836.72,17230.68,41.016622757695146,-585.3753692019309,-698.9786094180268,113.60324021609597,19442.791669400107,18280.8,17118.80833059989,58.22222222222197,51.328863346104555,TTNP
2016-08-04,18000.0,18216.0,17892.0,18000.0,18000.0,34,17978.4,18032.4,18221.4,20190.96,19880.28,17242.74,40.258417784848376,-552.5396226080557,-669.6908120560327,117.151189447977,19311.02312739536,18221.4,17131.77687260464,62.77777777777752,57.10185185185168,TTNP
2016-08-05,17964.0,18432.0,17928.0,18216.0,18216.0,31,18050.4,18050.4,18144.0,20052.72,19929.24,17255.88,43.6252194442749,-503.2860932526455,-636.4098682953552,133.12377504270967,18973.094928072172,18144.0,17314.905071927828,66.11111111111086,62.37037037037019,TTNP
2016-08-08,18360.0,18684.0,18072.0,18468.0,18468.0,38,18151.2,18093.6,18106.2,19913.04,19981.08,17271.0,47.352964530684154,-438.8591275952458,-596.8997201553333,158.04059256008748,18791.3264407065,18106.2,17421.0735592935,67.97385620915007,65.62091503267955,TTNP
2016-08-09,18900.0,19080.0,18180.0,18468.0,18468.0,52,18244.8,18140.4,18075.6,19788.48,20032.56,17287.74,47.352964530684154,-383.3809165805251,-554.1959594403717,170.81504285984659,18625.304793280244,18075.6,17525.895206719753,66.58496732026119,66.88997821350745,TTNP
2016-08-10,18360.0,18432.0,17424.0,17460.0,17460.0,64,18122.4,18064.8,18021.6,19631.52,20068.92,17298.54,36.23708258266654,-415.9563248558261,-526.5480325234626,110.59170766763646,18590.08092294757,18021.6,17453.119077052426,43.42071611253172,59.326513213981066,TTNP
2016-08-11,17460.0,17784.0,17316.0,17568.0,17568.0,35,18036.0,18007.2,17980.2,19529.28,20103.48,17307.72,37.91861806256838,-428.12274074267407,-506.86297416730486,78.74023342463079,18554.16013777519,17980.2,17406.23986222481,24.653209109730597,44.88629751417458,TTNP
2016-08-12,17820.0,18180.0,17496.0,17964.0,17964.0,48,17985.6,18018.0,17973.0,19459.44,20133.0,17319.24,43.77370607878287,-401.1861977395747,-485.7276188817588,84.5414211421841,18543.971802942226,17973.0,17402.028197057774,17.731440402247603,28.601788541503385,TTNP
2016-08-15,18072.0,19044.0,17964.0,18972.0,18972.0,77,18086.4,18118.8,18034.2,19431.36,20171.52,17337.42,55.324070329907336,-295.09988971447456,-447.602073048302,152.50218333382742,18741.6618291858,18034.2,17326.738170814202,48.2993197278909,30.22798974662311,TTNP
2016-08-16,18720.0,19152.0,18576.0,19080.0,19080.0,32,18208.8,18226.8,18124.2,19429.92,20202.12,17353.8,56.35850658249903,-200.00549009692622,-398.08275645802684,198.0772663611006,18881.21931266971,18124.2,17367.180687330292,75.5635587568358,47.19810629565817,TTNP
2016-08-17,18936.0,19044.0,18540.0,18900.0,18900.0,25,18496.8,18309.6,18171.0,19383.84,20218.68,17371.62,54.10976667138725,-137.58104036697114,-345.9824132398157,208.40137287284455,18995.35283693031,18171.0,17346.64716306969,92.07683073229266,71.97990307233987,TTNP
2016-08-18,18828.0,19224.0,18684.0,19188.0,19188.0,31,18820.8,18428.4,18230.4,19351.44,20233.8,17391.06,57.06184449315251,-64.13076162849029,-289.6120829175506,225.4813212890603,19161.234979872854,18230.4,17299.56502012715,93.48871624121323,87.0430352434473,TTNP
2016-08-19,19224.0,19224.0,18792.0,19116.0,19116.0,28,19051.2,18518.4,18284.4,19295.28,20248.56,17408.52,56.090393899289694,-11.597001800582802,-234.00906669415704,222.41206489357424,19286.44239419034,18284.4,17282.357605809662,92.9091133308667,92.82488676812427,TTNP
2016-08-22,19152.0,19944.0,18828.0,19656.0,19656.0,62,19188.0,18637.2,18365.4,19225.44,20272.68,17429.4,61.398343609912146,72.77100948111911,-172.65305145910182,245.42406094022093,19523.744404637455,18365.4,17207.055595362548,93.83130869302983,93.40971275503667,TTNP
2016-08-23,19728.0,20376.0,19728.0,20052.0,20052.0,39,19382.4,18795.6,18468.0,19176.48,20298.24,17453.52,64.76237470099167,169.63174755673754,-104.19609165593396,273.8278392126715,19825.157028407248,18468.0,17110.842971592752,90.930827745934,92.55708325661026,TTNP
2016-08-24,20124.0,20880.0,20124.0,20556.0,20556.0,63,19713.6,19105.2,18585.0,19144.8,20332.44,17480.34,68.52228352484425,283.7917930854237,-26.598514707662417,310.3903077930861,20211.765871216627,18585.0,16958.234128783373,89.78731716846114,91.51648453580839,TTNP
2016-08-25,20376.0,20700.0,18972.0,19692.0,19692.0,53,19814.4,19317.6,18662.4,19088.64,20355.48,17501.58,57.24561541968713,301.0762527664665,38.93643878716337,262.13981397930314,20344.24355983394,18662.4,16980.556440166063,82.32917409387971,87.68243966942502,TTNP
2016-08-26,19836.0,20484.0,19440.0,19692.0,19692.0,41,19929.6,19490.4,18754.2,19031.04,20375.64,17524.44,57.24561541968713,311.1871399494339,93.38657901961749,217.8005609298164,20450.327306470484,18754.2,17058.072693529517,74.74747474747448,82.28798866993851,TTNP
2016-08-29,20700.0,20700.0,19728.0,19944.0,19944.0,27,19987.2,19587.6,18853.2,18988.56,20397.24,17548.56,59.50015811268391,335.665047116152,141.84227263892438,193.8227744772276,20584.062628793796,18853.2,17122.337371206206,69.02356902356875,75.36673928830773,TTNP
2016-08-30,20160.0,20160.0,19800.0,20124.0,20124.0,22,20001.6,19692.0,18959.4,18946.08,20413.8,17572.68,61.078929436446536,365.37662626824385,186.54914336478828,178.82748290345558,20728.062816863283,18959.4,17190.73718313672,73.0639730639728,72.27833894500543,TTNP
2016-08-31,20268.0,20484.0,19908.0,20232.0,20232.0,42,19936.8,19825.2,19067.4,18925.92,20419.56,17597.88,62.03520464893922,393.1064774413244,227.8606101800955,165.24586726122888,20869.598257616195,19067.4,17265.201742383808,77.79210545167966,73.29321584640716,TTNP
2016-09-01,20412.0,20484.0,20016.0,20448.0,20448.0,29,20088.0,19951.2,19189.8,18920.88,20415.6,17625.06,63.94329458903769,427.5830676488222,267.80510167384085,159.77796597498133,21017.73168355799,19189.8,17361.868316442007,81.60804260095014,77.48804037220096,TTNP
2016-09-02,19800.0,20484.0,19656.0,19980.0,19980.0,37,20145.6,20037.6,19278.0,18913.68,20405.52,17648.64,57.23162399261589,412.38856632821626,296.7217946047159,115.66677172350035,21079.51136542493,19278.0,17476.48863457507,75.8582368511444,78.41946163459149,TTNP
2016-09-06,19836.0,20340.0,19836.0,20052.0,20052.0,27,20167.2,20077.2,19357.2,18903.6,20391.84,17672.76,57.9626656416464,401.5280474436586,317.6830451725044,83.84500227115416,21148.553633360832,19357.2,17565.84636663917,70.44634377967687,75.97087441059055,TTNP
2016-09-07,20160.0,20448.0,20088.0,20340.0,20340.0,30,20210.4,20106.0,19450.8,18913.68,20382.48,17699.04,60.84566093145165,411.41763467149576,336.4299630723027,74.98767159919305,21242.15363336083,19450.8,17659.446366639168,67.18789407313972,71.16415823465374,TTNP
2016-09-08,20412.0,20700.0,20160.0,20700.0,20700.0,45,20304.0,20120.4,19612.8,18924.48,20373.48,17728.56,64.15493567129595,443.1953154377916,357.7830335454005,85.41228189239109,21232.49597139559,19612.8,17993.104028604408,77.13484367526173,71.58969384269285,TTNP
2016-09-09,20664.0,20664.0,19872.0,19908.0,19908.0,25,20196.0,20142.0,19729.8,18910.08,20358.0,17752.68,53.45156190775199,399.86221272833427,366.19886938198727,33.663343346347006,21052.617538345767,19729.8,18406.982461654232,73.14024178592301,72.48765984477491,TTNP
2016-09-12,19836.0,20700.0,19836.0,20628.0,20628.0,41,20325.6,20235.6,19863.0,18928.8,20350.08,17779.5,59.98711674069761,418.79083923541475,376.7172633526728,42.07357588274198,20966.004986278458,19863.0,18759.995013721542,76.93444737412798,75.73651094510434,TTNP
2016-09-13,20232.0,20700.0,19872.0,20124.0,20124.0,42,20340.0,20253.6,19920.6,18939.6,20334.6,17800.2,54.24562445009431,388.6432863365735,379.10246794945294,9.540818387120567,20949.287007672974,19920.6,18891.912992327023,66.60046342270748,72.22505086091958,TTNP
2016-09-14,20124.0,20520.0,19908.0,20196.0,20196.0,13,20311.2,20260.8,19976.4,18962.64,20311.92,17818.56,54.90957806593374,366.3380151327874,376.54957738611984,-10.211562253332431,20935.352428306483,19976.4,19017.44757169352,72.66771488469577,72.06754189384384,TTNP
2016-09-15,20340.0,20700.0,20232.0,20556.0,20556.0,33,20282.4,20293.2,20059.2,18997.92,20282.04,17834.76,58.177486823589476,373.40553182346775,375.92076827358943,-2.5152364501216766,20912.210105306447,20059.2,19206.189894693554,73.2607067984424,70.84296170194864,TTNP
2016-09-16,20664.0,21420.0,20232.0,21240.0,21240.0,80,20548.8,20372.4,20161.8,19038.96,20256.48,17848.62,63.57857038100565,429.25152886803335,386.5869203924782,42.664608475555156,21063.23166116758,20161.8,19260.368338832417,83.06689342403602,76.33177170239149,TTNP
2016-09-19,21600.0,22608.0,21420.0,22212.0,22212.0,100,20865.6,20595.6,20316.6,19087.92,20248.92,17868.78,69.58889370253307,545.6522213802382,418.39998059003017,127.25224079020802,21473.60101977279,20316.6,19159.59898022721,88.3175709308111,81.54839038442992,TTNP
2016-09-20,22356.0,23040.0,21492.0,21852.0,21852.0,116,21211.2,20775.6,20426.4,19140.48,20241.0,17889.48,65.29137681068036,601.9131374923054,455.1026119704852,146.81052552182018,21720.478575572226,20426.4,19132.321424427777,80.42496708076045,83.9364771452026,TTNP
2016-09-21,21780.0,21780.0,20916.0,21672.0,21672.0,71,21506.4,20908.8,20507.4,19192.32,20243.52,17905.68,63.19010879069572,624.7738194890262,489.03685347419344,135.73696601483277,21896.8834147103,20507.4,19117.916585289702,70.35115032001359,79.69789611052845,TTNP
2016-09-22,21780.0,21960.0,21564.0,21816.0,21816.0,37,21758.4,21020.4,20570.4,19257.84,20242.08,17921.16,64.18319541371348,647.0518601475487,520.6398548088645,126.41200533868425,22072.66580862205,20570.4,19068.134191377954,62.765957446808265,71.18069161586084,TTNP
2016-09-23,21888.0,22212.0,21528.0,21636.0,21636.0,72,21837.6,21193.2,20667.6,19322.64,20241.72,17934.12,61.93390387203149,642.773380775765,545.0665600022446,97.70682077352035,22181.46741815633,20667.6,19153.732581843666,59.86134353334902,64.32615043339037,TTNP
2016-09-26,21600.0,21852.0,21168.0,21384.0,21384.0,23,21672.0,21268.8,20752.2,19388.16,20235.6,17947.62,58.825735750277396,611.9936789229359,558.4519837863829,53.54169513655302,22227.141571641063,20752.2,19277.25842835894,56.10805641883791,59.578452466331804,TTNP
2016-09-27,21276.0,21708.0,20880.0,21024.0,21024.0,27,21506.4,21358.8,20806.2,19453.68,20239.2,17960.76,54.60944589518903,552.1862922413966,557.1988454773857,-5.012553235989117,22237.257734598752,20806.2,19375.14226540125,47.19101123595481,54.38680372938065,TTNP
2016-09-28,20916.0,21384.0,20556.0,21132.0,21132.0,27,21398.4,21452.4,20856.6,19530.72,20267.64,17975.88,55.6367346511187,507.65131643971836,547.2893396698522,-39.638023230133854,22258.711036885194,20856.6,19454.488963114803,41.947565543070915,48.415544399287946,TTNP
2016-09-29,20988.0,21168.0,20556.0,20628.0,20628.0,26,21160.8,21459.6,20876.4,19584.0,20279.88,17987.22,49.95480581984866,426.7689129889477,523.1852543336713,-96.4163413447236,22253.63409765911,20876.4,19499.165902340894,34.08239700374507,41.07365792759033,TTNP
2016-09-30,20556.0,21312.0,20556.0,21168.0,21168.0,36,21067.2,21452.4,20912.4,19647.36,20292.12,18003.78,55.230333679197905,401.6129682569881,498.8707971183347,-97.25782886134658,22280.570515599153,20912.4,19544.22948440085,35.35921007831095,37.12972420837571,TTNP
2016-10-03,20952.0,21204.0,20808.0,20952.0,20952.0,15,20980.8,21326.4,20961.0,19705.68,20307.24,18019.26,52.83128325348807,360.0963395552317,471.1159056057141,-111.01956605048241,22260.57008266388,20961.0,19661.42991733612,32.987175122006335,34.14292740135419,TTNP
2016-10-04,21060.0,21420.0,20880.0,21276.0,21276.0,18,21031.2,21268.8,21022.2,19770.48,20328.48,18039.24,55.92399787255932,349.31155821276843,446.755036127125,-97.44347791435655,22258.520929109818,21022.2,19785.879070890183,37.14063714063689,35.162340780318125,TTNP
2016-10-05,21420.0,21996.0,21312.0,21960.0,21960.0,43,21196.8,21297.6,21103.2,19849.68,20350.8,18069.48,61.64192212144957,391.4452872668189,435.69308635506377,-44.24779908824485,22362.191596379842,21103.2,19844.20840362016,44.01709401709377,38.04830209324573,TTNP
2016-10-06,21780.0,21852.0,21312.0,21528.0,21528.0,22,21376.8,21268.8,21144.6,19915.92,20364.48,18092.34,56.6438629437817,385.53359023205485,425.661187130462,-40.12759689840715,22402.288737229996,21144.6,19886.91126277,45.94946116685222,42.36906410819436,TTNP
2016-10-07,21600.0,21852.0,21420.0,21456.0,21456.0,14,21434.4,21250.8,21222.0,19982.16,20370.24,18116.82,55.831338022099075,370.7647838346529,414.6819064713002,-43.917122636647264,22349.553102853763,21222.0,20094.446897146237,45.633593459680164,45.200049547875444,TTNP
2016-10-10,21600.0,21852.0,21420.0,21600.0,21600.0,34,21564.0,21272.4,21270.6,20057.04,20365.2,18139.5,57.15506374210387,366.4557214568049,405.0366694684011,-38.580948011596206,22375.107926524463,21270.6,20166.092073475535,46.13526570048284,45.90610677567181,TTNP
2016-10-11,21528.0,21780.0,21060.0,21276.0,21276.0,21,21564.0,21297.6,21328.2,20123.28,20358.36,18163.44,53.28551656492421,333.0573880102638,390.64081317677363,-57.58342516650981,22299.65984979059,21328.2,20356.74015020941,47.584541062801684,46.451133407654964,TTNP
2016-10-12,21132.0,21132.0,20340.0,20556.0,20556.0,36,21283.2,21240.0,21346.2,20174.4,20335.68,18184.68,45.855805441740074,245.65917932126104,361.6444864056711,-115.98530708441007,22243.597035740015,21346.2,20448.802964259987,39.353400222965185,44.35773566208331,TTNP
2016-10-13,20340.0,20916.0,20340.0,20736.0,20736.0,15,21124.8,21250.8,21355.2,20227.68,20296.08,18206.82,47.814806793183614,188.7442388461568,327.06443689376823,-138.32019804761143,22223.867393053926,21355.2,20486.532606946075,26.30992196209562,37.74928774928756,TTNP
2016-10-14,20880.0,21528.0,18792.0,19008.0,19008.0,103,20635.2,21034.8,21243.6,20247.84,20219.4,18220.68,34.79824911246555,4.155675922975206,262.48268469960965,-258.32700877663444,22586.723285389493,21243.6,19900.476714610504,14.06435935014317,26.57589384506805,TTNP
2016-10-17,18900.0,18972.0,17892.0,18684.0,18684.0,50,20052.0,20808.0,21067.2,20257.2,20154.96,18234.18,32.985084246572114,-166.35850501026653,176.7144467576344,-343.0729517679009,22741.196128954565,21067.2,19393.203871045436,16.65095404200102,19.008411784746663,TTNP
2016-10-18,18900.0,19260.0,18468.0,18612.0,18612.0,38,19519.2,20541.6,20905.2,20260.08,20086.56,18250.92,32.578839570124,-303.8000028353381,80.61155683903989,-384.411559674378,22849.34666107136,20905.2,18961.053338928643,14.527892765621663,15.081068719255343,TTNP
2016-10-19,18360.0,18720.0,18144.0,18216.0,18216.0,41,19051.2,20167.2,20732.4,20255.04,20021.76,18267.12,30.363837594138115,-439.60972332124584,-23.432699193017257,-416.1770241282286,22966.013610218855,20732.4,18498.786389781148,14.912280701754128,15.36370916979233,TTNP
2016-10-20,18108.0,18216.0,17640.0,17964.0,17964.0,61,18496.8,19810.8,20539.8,20265.12,19948.32,18290.52,29.01205444325614,-561.106117168365,-130.9673827880868,-430.1387343802782,23017.423990793446,20539.8,18062.176009206552,10.958871006717638,13.466348158031202,TTNP
2016-10-21,17964.0,17964.0,17640.0,17784.0,17784.0,38,18252.0,19443.6,20347.2,20269.44,19899.36,18317.52,28.05141205812492,-664.2602021805724,-237.62594666658396,-426.6342555139884,23043.270740866228,20347.2,17651.129259133773,6.212846164999017,10.694665957823652,TTNP
2016-10-24,17640.0,17892.0,17280.0,17388.0,17388.0,54,17992.8,19022.4,20147.4,20257.92,19858.68,18341.1,26.010870205170356,-769.0987565100149,-343.92050863527015,-425.1782478747448,23087.72300262315,20147.4,17207.076997376855,4.34462599625655,7.172114389324459,TTNP
2016-10-25,17388.0,17496.0,16272.0,16812.0,16812.0,86,17632.8,18576.0,19936.8,20214.72,19823.04,18371.16,23.350187249110505,-888.4212847566159,-452.8206638595393,-435.6006208970766,23183.241596541564,19936.8,16690.358403458435,5.091093604894247,5.216188588716662,TTNP
2016-10-26,16704.0,17460.0,16416.0,16884.0,16884.0,63,17366.4,18208.8,19724.4,20170.8,19800.36,18401.58,24.391316428836987,-966.0395472317978,-555.464440533991,-410.57510669780675,23179.41736026821,19724.4,16269.382639731792,7.645079208733224,5.693599603294731,TTNP
2016-10-27,16920.0,17640.0,16632.0,16740.0,16740.0,34,17121.6,17809.2,19530.0,20127.6,19755.72,18423.9,23.698017986933877,-1027.3297580344988,-649.8375040340926,-377.4922540004062,23191.148672173127,19530.0,15868.851327826873,9.677419354838452,7.471197389488698,TTNP
2016-10-28,16308.0,16812.0,16272.0,16416.0,16416.0,32,16848.0,17550.0,19292.4,20072.16,19711.8,18451.98,22.171021991695255,-1089.4878461786684,-737.7675724630078,-351.7202737156606,23110.905592473966,19292.4,15473.894407526037,7.323072598214657,8.215190387262169,TTNP
2016-10-31,16200.0,16740.0,16200.0,16380.0,16380.0,22,16646.4,17319.6,19063.8,20017.44,19656.36,18478.08,22.001385966779356,-1128.6431819477075,-815.9426943599477,-312.70048758775977,23003.027518150633,19063.8,15124.572481849365,4.793284745846159,7.264592232966479,TTNP
2016-11-01,16200.0,17280.0,16200.0,16560.0,16560.0,29,16596.0,17114.4,18828.0,19955.52,19590.48,18507.24,25.087700544162374,-1132.0994343941347,-879.1740423667851,-252.92539202734963,22773.902178178665,18828.0,14882.097821821333,4.249838073367229,5.455398472476072,TTNP
2016-11-02,16560.0,17280.0,16020.0,16380.0,16380.0,24,16495.2,16930.8,18549.0,19882.08,19529.28,18534.6,24.062341709593614,-1136.264880790688,-930.5922100515656,-205.6726707391224,22356.287223175466,18549.0,14741.712776824535,5.557027615850889,4.866716811688149,TTNP
2016-11-03,16560.0,16920.0,14940.0,15660.0,15660.0,36,16279.2,16700.4,18255.6,19784.16,19464.48,18557.64,20.460138107625983,-1184.0154170752758,-981.2768514563077,-202.7385656189681,22003.329680720766,18255.6,14507.870319279233,9.986457045280318,6.597774244832869,TTNP
2016-11-04,15840.0,16380.0,15660.0,16200.0,16200.0,27,16236.0,16542.0,17992.8,19714.32,19401.48,18582.66,29.040169598626363,-1164.8568296392623,-1017.9928470928986,-146.86398254636367,21537.628435870378,17992.8,14447.971564129619,17.456427015250288,10.999970558793889,TTNP
2016-11-07,16560.0,16560.0,16020.0,16380.0,16380.0,26,16236.0,16441.2,17731.8,19648.08,19339.56,18610.2,31.685502632220082,-1122.2128442732756,-1038.836846528974,-83.37599774430146,20927.29230006197,17731.8,14536.307699938028,27.976190476190215,18.473024845573665,TTNP
2016-11-08,16200.0,16560.0,16020.0,16560.0,16560.0,36,16236.0,16416.0,17496.0,19580.4,19284.48,18633.96,34.32226292811087,-1061.6545897070682,-1043.400395164593,-18.25419454247526,20280.08275734668,17496.0,14711.917242653319,38.90415140415115,28.11225629853061,TTNP
2016-11-09,14400.0,16560.0,14400.0,16200.0,16200.0,93,16200.0,16347.6,17278.2,19501.92,19224.0,18657.18,31.687954294550707,-1030.8279846799014,-1040.8859130676547,10.057928387753236,19732.700486810914,17278.2,14823.699513189087,46.01694601694576,37.63242929909577,TTNP
2016-11-10,14940.0,16200.0,14940.0,15840.0,15840.0,55,16236.0,16257.6,17033.4,19414.08,19170.0,18677.52,29.26871370070244,-1023.6467074115535,-1037.4380719364344,13.791364524880919,18984.623247031144,17033.4,15082.176752968859,47.06423778588701,43.99511173566137,TTNP
2016-11-11,15660.0,16200.0,14940.0,16200.0,16200.0,73,16236.0,16236.0,16893.0,19329.12,19125.0,18694.98,34.64232371353821,-977.6369123162767,-1025.4778400124028,47.84092769612607,18650.13562360879,16893.0,15135.864376391211,49.099239820889046,47.393474541240664,TTNP
2016-11-14,16200.0,16560.0,15660.0,15840.0,15840.0,43,16128.0,16182.0,16750.8,19246.32,19080.0,18701.1,32.02237488340718,-959.1661393804752,-1012.2154998860173,53.04936050554204,18359.174284722016,16750.8,15142.425715277983,47.079037800687026,47.747505135821086,TTNP
2016-11-15,15660.0,16200.0,15300.0,16020.0,16020.0,23,16020.0,16128.0,16621.2,19165.68,19034.64,18706.5,34.68231150367736,-919.4050934691732,-993.6534186026485,74.2483251334753,18011.76960982004,16621.2,15230.63039017996,49.999999999999744,48.726092540525336,TTNP
2016-11-16,16020.0,17100.0,16020.0,16560.0,16560.0,22,16092.0,16146.0,16538.4,19090.08,19001.88,18716.04,42.01295675596135,-834.6988028723499,-961.8624954565887,127.16369258423879,17720.91095544809,16538.4,15355.889044551912,56.48148148148122,51.18683976072273,TTNP
2016-11-17,16740.0,16740.0,16020.0,16200.0,16200.0,24,16164.0,16200.0,16450.2,19000.08,18962.28,18729.0,38.8801557036865,-787.5391871298543,-926.9978337912419,139.45864666138755,17441.99183287377,16450.2,15458.408167126234,62.49999999999974,56.327160493826966,TTNP
2016-11-18,16380.0,16560.0,16020.0,16560.0,16560.0,21,16236.0,16236.0,16389.0,18933.12,18921.6,18742.68,43.4234484862218,-712.8980159683015,-884.1778702266538,171.27985425835232,17173.395308345953,16389.0,15604.604691654045,70.83333333333307,63.2716049382714,TTNP
2016-11-21,16380.0,16560.0,16236.0,16380.0,16380.0,19,16344.0,16236.0,16338.6,18848.16,18888.48,18762.3,41.75226841072088,-660.6532463577569,-839.4729454528745,178.81969909511758,16975.413441876848,16338.6,15701.78655812315,68.74999999999973,67.36111111111092,TTNP
2016-11-22,16380.0,16380.0,16020.0,16380.0,16380.0,11,16416.0,16218.0,16317.0,18773.28,18856.44,18782.1,41.75226841072087,-612.1919226303216,-794.0167408883639,181.82481825804223,16916.32161629222,16317.0,15717.678383707778,72.36111111111084,70.64814814814794,TTNP
2016-11-23,16020.0,16848.0,16020.0,16560.0,16560.0,15,16416.0,16254.0,16300.8,18700.56,18831.6,18803.7,44.24102864565882,-552.8881285688767,-745.7910184244664,192.9028898555897,16853.654989807572,16300.8,15747.945010192429,74.0277777777775,71.71296296296275,TTNP
2016-11-25,16740.0,16740.0,16200.0,16740.0,16740.0,11,16524.0,16344.0,16300.8,18624.24,18811.08,18825.12,46.69385067049376,-485.7653482806345,-693.7858843957,208.0205361150655,16853.654989807572,16300.8,15747.945010192429,79.99999999999973,75.46296296296275,TTNP
2016-11-28,16560.0,16812.0,16380.0,16560.0,16560.0,11,16524.0,16380.0,16308.0,18530.64,18784.8,18846.0,44.581849991165676,-441.9994623194143,-643.4285999804429,201.42913766102856,16870.33797644757,16308.0,15745.662023552433,82.22222222222196,78.74999999999977,TTNP
2016-11-29,16740.0,16740.0,15660.0,15660.0,15660.0,22,16380.0,16362.0,16272.0,18399.6,18743.76,18860.58,35.85045358015827,-474.4677914116837,-609.636438266691,135.1686468550073,16899.681447674808,16272.0,15644.31855232519,71.11111111111084,77.77777777777756,TTNP
2016-11-30,15840.0,16200.0,15336.0,15840.0,15840.0,14,16272.0,16344.0,16236.0,18279.36,18709.92,18870.66,38.44696232260797,-480.1399262684554,-583.7371358670439,103.5972095985885,16875.949997855412,16236.0,15596.050002144586,56.11111111111085,69.81481481481461,TTNP
2016-12-01,15660.0,15840.0,15300.0,15480.0,15480.0,25,16056.0,16236.0,16191.0,18155.52,18673.92,18873.72,35.36397360097256,-507.83017521586044,-568.5557437368072,60.72556852094681,16906.259393335833,16191.0,15475.740606664167,37.777777777777516,54.999999999999794,TTNP
2016-12-02,15300.0,15840.0,15300.0,15480.0,15480.0,13,15804.0,16164.0,16182.0,18028.8,18643.32,18889.74,35.36397360097256,-523.7375762405682,-559.5921102375594,35.85453399699122,16927.643346215296,16182.0,15436.356653784704,25.555555555555298,39.81481481481461,TTNP
2016-12-05,15480.0,15840.0,15300.0,15840.0,15840.0,11,15660.0,16092.0,16164.0,17912.88,18617.76,18905.94,40.86361118558472,-501.51417161616155,-547.9765225132799,46.46235089711831,16924.27363478891,16164.0,15403.726365211089,21.666666666666412,28.33333333333313,TTNP
2016-12-06,16020.0,16020.0,15336.0,15840.0,15840.0,15,15696.0,16038.0,16137.0,17802.0,18595.08,18921.24,40.863611185584716,-478.3874110515535,-534.0587002209346,55.67128916938111,16903.00522175449,16137.0,15370.994778245511,23.333333333333076,23.518518518518317,TTNP
2016-12-07,15660.0,16020.0,15300.0,15300.0,15300.0,22,15588.0,15930.0,16074.0,17687.52,18570.6,18925.92,35.59486373183672,-497.89336888781145,-526.82563395431,28.93226506649853,16895.715279007967,16074.0,15252.284720992031,19.999999999999744,21.666666666666462,TTNP
2016-12-08,15120.0,15660.0,15120.0,15120.0,15120.0,22,15516.0,15786.0,16020.0,17567.28,18549.0,18931.68,34.02025854662817,-521.8607903391512,-525.8326652312783,3.9718748921270617,16937.823512313313,16020.0,15102.176487686687,9.999999999999744,17.777777777777573,TTNP
2016-12-09,15120.0,16200.0,15120.0,15840.0,15840.0,25,15588.0,15696.0,16020.0,17471.52,18527.76,18941.76,44.58086298749756,-477.2556556888994,-516.1172633228025,38.86160763390308,16937.823512313313,16020.0,15102.176487686687,13.888888888888632,14.629629629629425,TTNP
2016-12-12,16020.0,16200.0,15120.0,15660.0,15660.0,25,15552.0,15606.0,15993.0,17361.36,18504.36,18951.3,42.73912240098073,-451.22877633968164,-503.1395659261783,51.91078958649666,16919.781527521533,15993.0,15066.218472478467,24.305555555555298,16.06481481481461,TTNP
2016-12-13,15480.0,15840.0,15300.0,15660.0,15660.0,14,15516.0,15606.0,15984.0,17255.52,18480.6,18963.0,42.73912240098074,-425.6951383727501,-487.6506804154927,61.95554204274259,16919.9999998692,15984.0,15048.0000001308,34.722222222221966,24.305555555555355,TTNP
2016-12-14,15480.0,15660.0,15300.0,15300.0,15300.0,18,15516.0,15552.0,15948.0,17136.0,18453.24,18972.18,39.00177300986341,-429.55687343144746,-476.03191901868365,46.475045587236195,16929.9490820583,15948.0,14966.050917941697,24.379432624113218,27.802403467296884,TTNP
2016-12-15,15300.0,15300.0,14760.0,14940.0,14940.0,24,15480.0,15498.0,15867.0,16995.6,18422.64,18981.54,35.64500404055717,-456.4051630252252,-472.10656781999194,15.701404794766745,16899.61028454841,15867.0,14834.389715451593,16.886742565633686,25.329465803989677,TTNP
2016-12-16,15120.0,15840.0,15120.0,15660.0,15660.0,40,15444.0,15516.0,15840.0,16878.24,18397.08,18994.68,45.70917922650149,-414.8030518747637,-460.6458646309463,45.84281275618258,16864.577961775063,15840.0,14815.422038224937,21.62159105048217,20.96258874674308,TTNP
2016-12-19,15480.0,15660.0,15120.0,15120.0,15120.0,21,15336.0,15444.0,15768.0,16751.52,18366.84,19003.14,40.583081437685735,-420.5586280175685,-452.62841730827074,32.06978929070226,16782.408201738897,15768.0,14753.591798261103,26.408825093035365,21.63905290305046,TTNP
2016-12-20,14940.0,15480.0,14940.0,15300.0,15300.0,15,15264.0,15390.0,15714.0,16625.52,18341.28,19013.94,42.88249007468092,-405.91631726885134,-443.28599730038684,37.369680031535495,16707.10422401435,15714.0,14720.89577598565,35.984848484848236,28.005088209455312,TTNP
2016-12-21,15120.0,15480.0,15120.0,15300.0,15300.0,12,15264.0,15390.0,15660.0,16506.0,18314.64,19026.0,42.88249007468091,-389.81859440568223,-432.5925167214459,42.773922315763684,16619.249706674516,15660.0,14700.750293325484,33.33333333333308,31.909002303738948,TTNP
2016-12-22,15120.0,15120.0,14580.0,14580.0,14580.0,21,15192.0,15336.0,15561.0,16386.48,18280.44,19035.0,36.35559478269913,-430.1999386649568,-432.1140011101481,1.9140624451912913,16536.825804001484,15561.0,14585.174195998516,24.999999999999748,31.439393939393742,TTNP
2016-12-23,14580.0,14940.0,14220.0,14760.0,14760.0,28,15012.0,15228.0,15462.0,16266.96,18247.32,19042.02,38.86095397798685,-442.5762062337344,-434.20644213486537,-8.369764098869041,16335.695599024708,15462.0,14588.304400975292,21.590909090908838,26.641414141413946,TTNP
2016-12-27,14760.0,14760.0,14040.0,14040.0,14040.0,33,14796.0,15066.0,15336.0,16167.6,18207.72,19044.0,33.22664195750533,-504.66500610974435,-448.2981549298412,-56.366851179903165,16265.051128708827,15336.0,14406.948871291173,9.090909090908838,18.560606060605867,TTNP
2016-12-28,14040.0,14220.0,13680.0,13680.0,13680.0,41,14472.0,14868.0,15237.0,16067.52,18162.36,19045.8,30.820497133821473,-576.2768577948245,-473.89389550283784,-102.3829622919867,16399.499032152347,15237.0,14074.500967847653,9.090909090908838,13.25757575757556,TTNP
2016-12-29,13680.0,13860.0,12960.0,13680.0,13680.0,51,14148.0,14706.0,15129.0,15968.88,18114.48,19047.78,30.82049713382147,-625.8157517612581,-504.2782667545219,-121.53748500673618,16439.29614963761,15129.0,13818.703850362392,7.407407407407153,8.529741863075,TTNP
2016-12-30,13500.0,14760.0,13500.0,14400.0,14400.0,40,14112.0,14652.0,15075.0,15892.56,18073.8,19053.18,40.769510143801654,-600.0605746493602,-523.4347283334896,-76.6258463158706,16411.73482776321,15075.0,13738.265172236788,22.22222222222197,12.906846240179377,TTNP
2017-01-03,14760.0,16920.0,14760.0,16740.0,16740.0,67,14508.0,14760.0,15138.0,15868.08,18066.6,19067.76,60.60101406892806,-386.3770532693907,-496.0231933206698,109.64614005127913,16652.141340745686,15138.0,13623.858659254314,54.040404040403786,27.89001122334436,TTNP
2017-01-04,16920.0,17280.0,16200.0,16560.0,16560.0,23,15012.0,14904.0,15174.0,15843.6,18056.52,19080.0,58.96551700927915,-228.91700599711476,-442.6019558559588,213.68494985884405,16784.37138566082,15174.0,13563.62861433918,74.41077441077415,50.22446689113335,TTNP
2017-01-05,16740.0,16740.0,16200.0,16380.0,16380.0,15,15552.0,15012.0,15201.0,15823.44,18040.68,19086.84,57.300148653620056,-117.30110564422466,-377.54178581361197,260.2406801693873,16872.094252205767,15201.0,13529.905747794235,85.98484848484823,71.47867564534211,TTNP
2017-01-06,16380.0,16380.0,15840.0,16020.0,16020.0,14,16020.0,15084.0,15237.0,15807.6,18011.16,19091.34,54.01438506524394,-57.23393464815126,-313.4802155805198,256.24628093236856,16945.673169378842,15237.0,13528.326830621156,77.77777777777753,79.39113355780002,TTNP
2017-01-09,16560.0,16596.0,15660.0,16020.0,16020.0,20,16344.0,15228.0,15282.0,15790.32,17980.56,19091.34,54.01438506524393,-9.52052221933991,-252.68827690828385,243.16775468894394,17023.075529595182,15282.0,13540.924470404818,73.61111111111086,79.12457912457893,TTNP
2017-01-10,15660.0,15840.0,15300.0,15840.0,15840.0,17,16164.0,15336.0,15282.0,15772.32,17949.96,19084.32,52.27609180228892,13.61130258635967,-199.42836100935514,213.0396635957148,17023.075529595182,15282.0,13540.924470404818,69.44444444444419,73.61111111111092,TTNP
2017-01-11,15660.0,15840.0,15120.0,15300.0,15300.0,14,15912.0,15462.0,15264.0,15750.0,17911.08,19072.44,47.35270104976384,-11.497510487080945,-161.8421909049003,150.34468041781935,16996.494155763634,15264.0,13531.505844236366,63.88888888888864,68.98148148148128,TTNP
2017-01-12,15300.0,15480.0,14580.0,14760.0,14760.0,30,15588.0,15570.0,15219.0,15717.6,17867.52,19058.04,42.99220773878387,-74.11555479832896,-144.29686368358603,70.18130888525707,16954.763808746786,15219.0,13483.236191253216,54.16666666666642,62.4999999999998,TTNP
2017-01-13,16560.0,16560.0,15516.0,15840.0,15840.0,66,15552.0,15786.0,15246.0,15703.2,17829.36,19051.02,52.42761176422284,-36.17680826385549,-122.67285259963992,86.49604433578443,17002.637697351147,15246.0,13489.362302648851,54.16666666666642,57.40740740740721,TTNP
2017-01-17,15660.0,16020.0,15300.0,15660.0,15660.0,18,15480.0,15912.0,15282.0,15688.8,17785.44,19041.84,50.91507445782675,-20.399422138398222,-102.21816650739159,81.81874436899336,17041.586314948814,15282.0,13522.413685051186,56.9444444444442,55.0925925925924,TTNP
2017-01-18,15660.0,15840.0,15480.0,15840.0,15840.0,11,15480.0,15822.0,15291.0,15692.4,17738.28,19035.36,52.394152219832094,6.553224223580401,-80.46388836119719,87.01711258477759,17060.0438094505,15291.0,13521.956190549497,65.27777777777753,58.7962962962961,TTNP
2017-01-19,15660.0,15948.0,15300.0,15300.0,15300.0,15,15480.0,15696.0,15300.0,15674.4,17694.36,19024.92,47.74594674058638,-15.481633746077932,-67.46743743817333,51.9858036920954,17067.303029973962,15300.0,13532.696970026038,61.111111111110866,61.11111111111091,TTNP
2017-01-20,15480.0,15840.0,14940.0,14940.0,14940.0,22,15516.0,15552.0,15282.0,15645.6,17646.84,19011.24,44.88693538420088,-61.28693120098433,-66.23133619073553,4.944404989751206,17056.25590030163,15282.0,13507.744099698371,52.97619047619023,59.78835978835958,TTNP
2017-01-23,14760.0,15300.0,14580.0,14760.0,14760.0,16,15300.0,15426.0,15255.0,15609.6,17595.0,18996.12,43.484857590281955,-110.83482030438972,-75.15203301346637,-35.68278729092336,17043.714622223215,15255.0,13466.285377776783,32.97619047619024,49.02116402116382,TTNP
2017-01-24,14760.0,15120.0,14580.0,15120.0,15120.0,19,15192.0,15336.0,15282.0,15588.0,17544.96,18979.38,47.04735450492404,-119.67336794603943,-84.05629999998098,-35.617067946058455,17045.265152991786,15282.0,13518.734847008214,21.58730158730135,35.84656084656065,TTNP
2017-01-25,15120.0,15300.0,14580.0,14940.0,14940.0,20,15012.0,15246.0,15291.0,15570.0,17492.04,18955.8,45.50287140174481,-139.59333127843092,-95.16370625567097,-44.42962502275995,17045.33064151406,15291.0,13536.669358485937,14.444444444444207,23.002645502645308,TTNP
2017-01-26,14940.0,15192.0,14940.0,14940.0,14940.0,10,14940.0,15210.0,15336.0,15544.8,17436.96,18926.28,45.50287140174482,-153.60933296302755,-106.85283159714228,-46.75650136588527,17003.697814280255,15336.0,13668.302185719744,18.174603174602936,18.068783068782874,TTNP
2017-01-27,15120.0,15120.0,14940.0,15120.0,15120.0,13,14976.0,15246.0,15408.0,15530.4,17388.36,18896.94,47.50164239034707,-148.48102279611157,-115.17846983693615,-33.30255295917543,16898.417391120736,15408.0,13917.582608879264,20.4365079365077,17.685185185184988,TTNP
2017-01-30,14760.0,15120.0,14580.0,14580.0,14580.0,20,14940.0,15120.0,15453.0,15501.6,17333.64,18862.74,42.469297142671394,-185.84794761922785,-129.3123653933945,-56.535582225833366,16777.07099498295,15453.0,14128.929005017048,14.880952380952143,17.830687830687634,TTNP
2017-01-31,14580.0,16020.0,14400.0,15660.0,15660.0,29,15048.0,15120.0,15516.0,15483.6,17286.84,18834.66,53.157737642355364,-126.85225683825956,-128.8203436823675,1.968086844107944,16750.542830263552,15516.0,14281.457169736446,28.373015873015632,21.230158730158532,TTNP
2017-02-01,15840.0,16020.0,15660.0,15840.0,15840.0,13,15228.0,15120.0,15471.0,15476.4,17238.24,18805.86,54.66934868597757,-64.82597765843275,-116.02147047758055,51.1954928191478,16583.365047884527,15471.0,14358.634952115473,41.66666666666642,28.306878306878104,TTNP
2017-02-02,15660.0,15768.0,15120.0,15300.0,15300.0,14,15300.0,15120.0,15408.0,15451.2,17192.16,18775.08,49.50778136166964,-58.568055478699534,-104.53078747780435,45.96273199910482,16403.059797075104,15408.0,14412.940202924898,55.55555555555531,41.86507936507916,TTNP
2017-02-03,15300.0,15480.0,14760.0,14940.0,14940.0,18,15264.0,15120.0,15336.0,15422.4,17135.28,18742.68,46.364951095370905,-81.71563148627502,-99.96775627949849,18.252124793223473,16243.885455195283,15336.0,14428.114544804717,47.22222222222197,48.148148148147946,TTNP
2017-02-06,15120.0,15120.0,14400.0,14580.0,14580.0,30,15264.0,15102.0,15264.0,15386.4,17079.84,18707.22,43.39805452185398,-127.63791318467338,-105.50178766053347,-22.136125524139914,16171.885455195283,15264.0,14356.114544804717,28.703703703703457,43.82716049382696,TTNP
2017-02-07,14400.0,14580.0,14220.0,14220.0,14220.0,39,14976.0,15012.0,15174.0,15339.6,17020.08,18666.0,40.60019802153532,-190.88029442205334,-122.57748901283745,-68.30280540921589,16120.327638693463,15174.0,14227.672361306537,14.81481481481457,30.24691358024671,TTNP
2017-02-08,14220.0,14544.0,13140.0,13860.0,13860.0,45,14580.0,14904.0,15075.0,15282.0,16953.12,18617.58,37.964375759667114,-266.97184331832614,-151.45635987393518,-115.51548344439095,16129.959714754617,15075.0,14020.040285245383,12.037037037036791,18.518518518518313,TTNP
2017-02-09,13860.0,14940.0,13860.0,14220.0,14220.0,45,14364.0,14832.0,15021.0,15235.2,16882.92,18569.7,42.01819504058566,-294.8273663189011,-180.13056116292836,-114.69680515597275,16133.365047884527,15021.0,13908.634952115473,20.833333333333087,15.895061728394856,TTNP
2017-02-10,14400.0,14400.0,13680.0,14040.0,14040.0,21,14184.0,14724.0,14985.0,15202.8,16801.2,18525.06,40.589969993224976,-327.6506123584513,-209.63457140203295,-118.01604095641838,16172.863628433477,14985.0,13797.136371566523,31.249999999999755,21.373456790123253,TTNP
2017-02-13,14040.0,14400.0,13860.0,14040.0,14040.0,11,14076.0,14670.0,14895.0,15166.8,16723.08,18482.04,40.58996999322497,-349.6329206531609,-237.63424125225853,-111.99867940090238,16082.863628433477,14895.0,13707.136371566523,33.33333333333309,28.47222222222202,TTNP
2017-02-14,14040.0,14400.0,12960.0,13860.0,13860.0,74,14004.0,14490.0,14805.0,15134.4,16644.96,18444.24,39.050554598224245,-377.2300804777533,-265.5534090973575,-111.67667138039582,16019.833321799802,14805.0,13590.166678200198,30.637254901960535,31.74019607843117,TTNP
2017-02-15,13860.0,14220.0,13500.0,14220.0,14220.0,14,14076.0,14328.0,14724.0,15109.2,16569.0,18405.54,43.653332407915094,-365.834919879042,-285.6097112536944,-80.22520862534759,15865.830109847846,14724.0,13582.169890152154,33.9460784313723,32.63888888888868,TTNP
2017-02-16,14220.0,14220.0,13680.0,13680.0,13680.0,15,13968.0,14166.0,14643.0,15066.0,16489.44,18365.58,38.907041014952874,-395.81495166205605,-307.65075933536673,-88.16419232668932,15838.476473944655,14643.0,13447.523526055345,31.372549019607593,31.98529411764685,TTNP
2017-02-17,13860.0,13968.0,13500.0,13500.0,13500.0,18,13860.0,14022.0,14571.0,15019.2,16410.6,18323.1,37.44553546408568,-429.1518432110024,-331.95097611049385,-97.20086710050856,15856.331085656588,14571.0,13285.668914343412,27.450980392156612,30.923202614378877,TTNP
2017-02-21,13500.0,13680.0,12960.0,13140.0,13140.0,33,13680.0,13878.0,14490.0,14976.0,16331.76,18285.48,34.64269358522509,-479.09781985805967,-361.380344860007,-117.71747499805264,15914.162911943415,14490.0,13065.837088056585,15.686274509803674,24.83660130718933,TTNP
2017-02-22,13140.0,13680.0,12960.0,12960.0,12960.0,17,13500.0,13752.0,14382.0,14932.8,16250.04,18258.84,33.30053316574972,-527.1284531871443,-394.5299665254345,-132.59848666170979,15921.605144105184,14382.0,12842.394855894816,7.8431372549017135,16.993464052287372,TTNP
2017-02-23,13320.0,13500.0,12960.0,13140.0,13140.0,34,13284.0,13680.0,14292.0,14878.8,16175.16,18227.52,35.97198587266574,-544.3931550468278,-424.50260422971314,-119.89055081711467,15899.552176371002,14292.0,12684.447823628998,4.341736694677625,9.290382819794376,TTNP
2017-02-24,13140.0,13968.0,13140.0,13500.0,13500.0,26,13248.0,13608.0,14220.0,14835.6,16098.48,18195.3,41.05678312682524,-522.9977715460464,-444.2016376929798,-78.79613385306658,15833.988847469258,14220.0,12606.011152530742,10.714285714285468,7.633053221288307,TTNP
2017-02-27,13500.0,13680.0,13104.0,13680.0,13680.0,36,13284.0,13572.0,14148.0,14796.0,16025.76,18166.5,43.473951607970534,-485.9159437714061,-452.54449890866505,-33.37144486274104,15722.974285426637,14148.0,12573.025714573363,22.83549783549759,12.6305067481536,TTNP
2017-02-28,13500.0,13860.0,13320.0,13500.0,13500.0,12,13356.0,13518.0,14094.0,14760.0,15948.0,18138.24,41.635218808112825,-465.6847004292067,-455.17253921277336,-10.512161216433356,15680.044135500379,14094.0,12507.955864499621,29.5454545454543,21.031746031745826,TTNP
2017-03-01,13680.0,13860.0,13500.0,13500.0,13500.0,17,13464.0,13482.0,13986.0,14731.2,15863.4,18107.1,41.63521880811283,-444.5270630479481,-453.04344397980833,8.516380931860226,15417.424465263586,13986.0,12554.575534736414,30.303030303030056,27.561327561327357,TTNP
2017-03-02,13680.0,14040.0,13500.0,13860.0,13860.0,13,13608.0,13446.0,13887.0,14695.2,15786.72,18075.6,46.84951940326237,-394.16678232989216,-441.2681116498251,47.101329319932915,15038.296660185872,13887.0,12735.703339814128,39.01515151515127,32.95454545454525,TTNP
2017-03-03,14040.0,14220.0,13500.0,13680.0,13680.0,14,13644.0,13446.0,13806.0,14666.4,15708.96,18039.6,44.699215747269335,-364.57776715386535,-425.9300427506331,61.352275596767754,14759.150565102464,13806.0,12852.849434897536,46.590909090908845,38.63636363636343,TTNP
2017-03-06,13680.0,13680.0,13140.0,13320.0,13320.0,15,13572.0,13428.0,13725.0,14626.8,15626.16,17995.68,40.67790267940985,-365.9587066352833,-413.9357755275631,47.97706889227982,14544.939021973674,13725.0,12905.060978026326,45.83333333333309,43.8131313131311,TTNP
2017-03-07,13320.0,13860.0,12960.0,13140.0,13140.0,25,13500.0,13428.0,13653.0,14583.6,15544.8,17951.58,38.79842667986533,-377.2291440451081,-406.59444923107213,29.36530518596402,14410.498514688408,13653.0,12895.501485311592,29.761904761904518,40.72871572871552,TTNP
2017-03-08,13140.0,13680.0,13140.0,13140.0,13140.0,11,13428.0,13446.0,13599.0,14554.8,15470.64,17903.16,38.79842667986533,-381.7603512004389,-401.6276296249455,19.867278424506594,14340.940698273887,13599.0,12857.059301726113,17.857142857142613,31.150793650793435,TTNP
2017-03-09,13500.0,13500.0,12960.0,13140.0,13140.0,12,13284.0,13446.0,13563.0,14522.4,15394.68,17845.38,38.79842667986532,-380.95989696372817,-397.494083092702,16.53418612897383,14320.498514688408,13563.0,12805.501485311592,14.285714285714041,20.634920634920423,TTNP
2017-03-10,12960.0,13500.0,12960.0,13140.0,13140.0,14,13176.0,13410.0,13509.0,14504.4,15336.0,17777.7,38.79842667986532,-375.9913371262628,-393.19353389941415,17.202196773151343,14224.259393335833,13509.0,12793.740606664167,14.285714285714041,15.476190476190263,TTNP
2017-03-13,13140.0,13500.0,13140.0,13140.0,13140.0,8,13140.0,13356.0,13464.0,14493.6,15280.56,17717.76,38.79842667986532,-367.8137892521663,-388.1175849699646,20.303795717798266,14152.720552731762,13464.0,12775.279447268238,14.285714285714041,14.285714285714073,TTNP
2017-03-14,13320.0,14040.0,13320.0,13680.0,13680.0,24,13248.0,13374.0,13446.0,14493.6,15231.24,17658.9,49.031866353735694,-314.13834531374596,-373.32173703872087,59.18339172497491,14090.993023028268,13446.0,12801.006976971732,28.571428571428328,19.047619047618834,TTNP
2017-03-15,13860.0,14220.0,13680.0,14220.0,14220.0,23,13464.0,13446.0,13464.0,14490.0,15191.28,17606.52,56.80926446738762,-225.42808758063984,-343.74300714710466,118.31491956646482,14171.28777718489,13464.0,12756.71222281511,57.142857142856904,33.33333333333312,TTNP
2017-03-16,13140.0,14220.0,12780.0,13680.0,13680.0,60,13572.0,13428.0,13437.0,14428.8,15148.44,17548.38,48.79132306627824,-196.4336909227295,-314.28114390222964,117.84745297950013,14063.389654891542,13437.0,12810.610345108458,73.21428571428548,52.976190476190276,TTNP
2017-03-17,13140.0,13536.0,12960.0,13140.0,13140.0,37,13572.0,13374.0,13410.0,14360.4,15102.0,17500.68,42.35377454526289,-214.55564578137273,-294.33604427805824,79.7803984966855,14038.7129708819,13410.0,12781.2870291181,62.499999999999766,64.28571428571409,TTNP
2017-03-20,12960.0,13320.0,12780.0,12960.0,12960.0,31,13536.0,13338.0,13383.0,14292.0,15057.72,17458.2,40.43847747236197,-240.66765433693035,-283.6023662898327,42.93471195290232,14039.691708303937,13383.0,12726.308291696063,33.333333333333094,56.34920634920615,TTNP
2017-03-21,12780.0,13320.0,12420.0,12420.0,12420.0,30,13284.0,13266.0,13347.0,14220.0,15013.8,17418.42,35.28355333728512,-301.46005244357184,-287.1739035205805,-14.286148922991345,14121.418491356671,13347.0,12572.581508643329,12.499999999999764,36.11111111111091,TTNP
2017-03-22,12240.0,12420.0,11340.0,11340.0,11340.0,48,12708.0,13086.0,13266.0,14126.4,14958.36,17379.36,27.682861274329184,-431.80782814030135,-316.1006884445247,-115.70713969577668,14427.523137847518,13266.0,12104.476862152482,4.16666666666643,16.666666666666462,TTNP
2017-03-23,11520.0,12060.0,11448.0,11880.0,11880.0,22,12348.0,12960.0,13203.0,14047.2,14909.76,17332.74,35.19934785444318,-485.93434382132546,-350.0674195198848,-135.86692430144063,14512.306686668613,13203.0,11893.693313331387,6.249999999999763,7.638888888888683,TTNP
2017-03-24,11880.0,12240.0,11880.0,12060.0,12060.0,28,12132.0,12852.0,13131.0,13982.4,14866.2,17289.0,37.5301610427373,-508.4444704224534,-381.74282970039854,-126.70164072205483,14522.831886312117,13131.0,11739.168113687883,14.583333333333096,8.333333333333128,TTNP
2017-03-27,12060.0,12060.0,11340.0,11520.0,11520.0,15,11844.0,12690.0,13023.0,13917.6,14817.6,17236.98,33.622926034485054,-563.3632935951628,-418.0669224793514,-145.29637111581138,14555.75046884845,13023.0,11490.24953115155,16.66666666666643,12.499999999999794,TTNP
2017-03-28,11520.0,12060.0,11520.0,12060.0,12060.0,24,11772.0,12528.0,12951.0,13842.0,14772.6,17181.54,40.31469871228928,-556.8938440171405,-445.8323067869092,-111.0615372302313,14522.16389971102,12951.0,11379.83610028898,18.749999999999762,16.666666666666462,TTNP
2017-03-29,12060.0,12420.0,11700.0,12240.0,12240.0,20,11952.0,12330.0,12888.0,13773.6,14731.2,17130.24,42.39925953091298,-531.1198439885811,-462.8898142272436,-68.2300297613375,14467.083278283684,12888.0,11308.916721716316,20.833333333333098,18.749999999999797,TTNP
2017-03-30,12420.0,12420.0,12060.0,12240.0,12240.0,12,12024.0,12186.0,12807.0,13701.6,14697.0,17080.74,42.39925953091298,-504.8738913281577,-471.2866296474264,-33.587261680731274,14343.972348402905,12807.0,11270.027651597095,29.16666666666643,22.916666666666462,TTNP
2017-03-31,12240.0,12240.0,11700.0,11880.0,11880.0,18,11988.0,12060.0,12717.0,13633.2,14653.8,17027.64,39.22184036952022,-507.27522310329005,-478.48434833859915,-28.790874764690898,14249.75046884845,12717.0,11184.24953115155,27.083333333333098,25.694444444444244,TTNP
2017-04-03,11700.0,11880.0,11520.0,11880.0,11880.0,13,12060.0,11952.0,12645.0,13572.0,14608.8,16974.18,39.221840369520216,-503.37569417379746,-483.46261750563883,-19.913076668158624,14192.895345220453,12645.0,11097.104654779547,22.91666666666643,26.388888888888687,TTNP
2017-04-04,11700.0,11880.0,11520.0,11700.0,11700.0,19,11988.0,11880.0,12573.0,13510.8,14560.2,16922.34,37.588377780583684,-508.9430069022692,-488.5586953849649,-20.384311517304297,14155.669896015952,12573.0,10990.330103984048,16.66666666666643,22.22222222222202,TTNP
2017-04-05,11700.0,12240.0,11520.0,11520.0,11520.0,19,11844.0,11898.0,12492.0,13438.8,14513.4,16868.7,35.97489106015746,-521.8639156564604,-495.219739439264,-26.644176217196446,14115.596008788869,12492.0,10868.403991211131,13.148907103824898,17.57741347905262,TTNP
2017-04-06,11520.0,11880.0,11160.0,11520.0,11520.0,31,11700.0,11862.0,12411.0,13370.4,14470.2,16820.1,35.974891060157454,-526.0399676358811,-501.38378507858744,-24.656182557293675,14058.66380058407,12411.0,10763.33619941593,12.454462659380454,14.090012143290627,TTNP
2017-04-07,11520.0,11700.0,11160.0,11160.0,11160.0,16,11556.0,11772.0,12312.0,13294.8,14419.8,16772.4,32.71735411942199,-552.0349944843074,-511.51402695973144,-40.52096752457595,14009.734961575317,12312.0,10614.265038424683,8.287795992713788,11.29705525197308,TTNP
2017-04-10,11340.0,11700.0,11160.0,11700.0,11700.0,12,11520.0,11790.0,12240.0,13226.4,14378.4,16729.2,41.303150693336136,-523.0335483457875,-513.8179312369426,-9.215617108844867,13913.128805488432,12240.0,10566.871194511568,19.841269841269604,13.527842831121314,TTNP
2017-04-11,11700.0,11700.0,11340.0,11520.0,11520.0,11,11484.0,11736.0,12132.0,13165.2,14333.4,16684.02,39.49401059456634,-508.7100956920094,-512.7963641279559,4.086268435946522,13694.582477744822,12132.0,10569.417522255178,23.809523809523572,17.312863214502354,TTNP
2017-04-12,11340.0,11520.0,11160.0,11340.0,11340.0,15,11448.0,11646.0,11988.0,13078.8,14281.2,16641.54,37.71496370275983,-506.0497257132156,-511.4470364450079,5.397310731792288,13257.733830279065,11988.0,10718.266169720935,28.57142857142834,24.074074074073867,TTNP
2017-04-13,11160.0,11340.0,11160.0,11160.0,11160.0,13,11376.0,11538.0,11862.0,12985.2,14230.8,16596.54,35.97001961766729,-512.5574161775421,-511.6691123915147,-0.888303786027393,12917.113263946172,11862.0,10806.886736053828,14.28571428571405,22.222222222222015,TTNP
2017-04-17,11160.0,11340.0,10800.0,10980.0,10980.0,19,11340.0,11448.0,11754.0,12898.8,14175.0,16548.3,34.262852560401214,-526.1738982658044,-514.5700695663727,-11.603828699431688,12700.327638693463,11754.0,10807.672361306537,8.465608465608229,17.107583774250234,TTNP
2017-04-18,10980.0,10980.0,10260.0,10620.0,10620.0,58,11124.0,11322.0,11637.0,12812.4,14117.4,16502.94,31.08521804526362,-559.5637472151175,-523.5688050961217,-35.99494211899582,12535.378539233403,11637.0,10738.621460766597,9.259259259259023,10.67019400352713,TTNP
2017-04-19,10440.0,10620.0,9900.0,9900.0,9900.0,70,10800.0,11142.0,11511.0,12718.8,14052.6,16454.52,25.909663615206384,-636.782987876657,-546.2116416522288,-90.57134622442823,12617.524287919196,11511.0,10404.475712080804,9.259259259259023,8.994708994708787,TTNP
2017-04-20,9900.0,10800.0,9720.0,10800.0,10800.0,50,10692.0,11070.0,11484.0,12650.4,13995.0,16413.3,39.47504820482312,-618.2307349718612,-560.6154603161552,-57.615274655706,12631.491176329946,11484.0,10336.508823670054,19.841269841269607,12.786596119929248,TTNP
2017-04-21,11160.0,11160.0,9900.0,10080.0,10080.0,35,10476.0,10926.0,11394.0,12574.8,13928.4,16369.74,34.096607501331356,-654.0860270268295,-579.3095736582901,-74.77645336853936,12677.43912974285,11394.0,10110.56087025715,19.047619047618813,16.049382716049177,TTNP
2017-04-24,10260.0,10548.0,9720.0,10080.0,10080.0,36,10296.0,10818.0,11295.0,12492.0,13863.6,16324.2,34.096607501331356,-674.7238082433778,-598.3924205753076,-76.33138766807019,12660.510893312494,11295.0,9929.489106687506,23.80952380952358,20.899470899470696,TTNP
2017-04-25,10080.0,10440.0,9900.0,10260.0,10260.0,11,10224.0,10674.0,11232.0,12416.4,13809.6,16276.68,36.601128175804355,-668.8448754843394,-612.482911557114,-56.36196392722536,12664.781909348065,11232.0,9799.218090651935,16.666666666666433,19.841269841269636,TTNP
2017-04-26,10260.0,10980.0,10080.0,10620.0,10620.0,21,10368.0,10584.0,11160.0,12348.0,13757.4,16233.66,41.3978555678644,-627.8987614938196,-615.5660815444551,-12.332679949364547,12563.538385565242,11160.0,9756.461614434758,25.79365079365056,22.089947089946886,TTNP
2017-04-27,10620.0,10800.0,10440.0,10620.0,10620.0,9,10332.0,10512.0,11079.0,12283.2,13708.8,16191.36,41.397855567864404,-588.6629313132835,-610.1854514982208,21.52252018493732,12408.930825176665,11079.0,9749.069174823335,36.18326118326095,26.214526214526007,TTNP
2017-04-28,10620.0,10800.0,10440.0,10620.0,10620.0,12,10440.0,10458.0,10998.0,12211.2,13660.2,16151.76,41.3978555678644,-551.2141990486089,-598.3912010082984,47.177001959689505,12228.86311170458,10998.0,9767.13688829542,44.19191919191896,35.38961038961019,TTNP
2017-05-01,10440.0,10800.0,10260.0,10620.0,10620.0,11,10548.0,10422.0,10935.0,12150.0,13608.0,16112.88,41.3978555678644,-515.5923809033666,-581.831436987312,66.23905608394546,12106.383796949183,10935.0,9763.616203050817,45.45454545454523,41.94324194324175,TTNP
2017-05-02,10800.0,10800.0,10260.0,10440.0,10440.0,16,10584.0,10404.0,10863.0,12088.8,13554.0,16074.54,39.39340317328719,-496.1668267336936,-564.6985149365884,68.53168820289477,11968.352432373984,10863.0,9757.647567626016,43.63636363636342,44.42760942760924,TTNP
2017-05-03,10440.0,10980.0,10440.0,10440.0,10440.0,24,10548.0,10458.0,10800.0,12034.8,13505.4,16038.0,39.39340317328719,-475.2930526493765,-546.817422479146,71.52436982976951,11849.571340955481,10800.0,9750.428659044519,43.29966329966308,44.13019079685728,TTNP
2017-05-04,10620.0,10800.0,10260.0,10260.0,10260.0,14,10476.0,10404.0,10737.0,11980.8,13456.8,16002.9,37.29888963732029,-467.88148545910735,-531.0302350751383,63.148749616030955,11756.98235266846,10737.0,9717.01764733154,39.25925925925904,42.06509539842855,TTNP
2017-05-05,10260.0,10440.0,9900.0,9900.0,9900.0,33,10332.0,10386.0,10656.0,11916.0,13397.4,15962.58,33.466381330742365,-485.460668025602,-521.9163216652311,36.45565363962908,11671.684990415377,10656.0,9640.315009584623,30.09259259259237,37.55050505050486,TTNP
2017-05-08,9900.0,10440.0,9900.0,10260.0,10260.0,11,10260.0,10404.0,10611.0,11851.2,13343.4,15923.88,40.09516383344462,-464.9832678366656,-510.52971089951797,45.54644306285235,11613.0359273774,10611.0,9608.9640726226,27.77777777777756,32.37654320987635,TTNP
2017-05-09,10260.0,10440.0,10080.0,10260.0,10260.0,24,10224.0,10404.0,10539.0,11782.8,13289.4,15885.0,40.09516383344462,-443.6407660608711,-497.1519219317886,53.51115587091749,11416.949884535037,10539.0,9661.050115464963,29.166666666666448,29.012345679012153,TTNP
2017-05-10,9900.0,10260.0,8280.0,8820.0,8820.0,110,9900.0,10224.0,10404.0,11689.2,13224.6,15838.92,27.42128031603923,-536.7354924067786,-505.0686360267866,-31.666856379991998,11451.098849084978,10404.0,9356.901150915022,31.249999999999783,29.398148148147957,TTNP
2017-05-11,8820.0,8964.0,7380.0,7920.0,7920.0,78,9432.0,9954.0,10233.0,11577.6,13154.4,15788.52,22.610709521500905,-675.3511840748615,-539.1251456364016,-136.2260384384599,11660.684839085674,10233.0,8805.315160914326,23.749999999999783,28.05555555555537,TTNP
2017-05-12,7920.0,8820.0,7920.0,8100.0,8100.0,27,9072.0,9702.0,10080.0,11462.4,13078.8,15737.94,25.428423368426905,-761.8979375575491,-583.6797040206311,-178.21823353691798,11717.90109584037,10080.0,8442.09890415963,17.916666666666448,24.30555555555537,TTNP
2017-05-15,8100.0,8280.0,7380.0,7560.0,7560.0,43,8532.0,9396.0,9909.0,11340.0,13003.2,15685.02,22.752073196802762,-864.0995485476033,-639.7636729260255,-224.33587562157777,11825.725332371618,9909.0,7992.274667628383,13.333333333333115,18.333333333333144,TTNP
2017-05-16,7380.0,8640.0,7380.0,8460.0,8460.0,59,8172.0,9198.0,9801.0,11242.8,12934.8,15638.04,35.02630926932356,-862.5298756931134,-684.3169134794431,-178.21296221367027,11787.453120452403,9801.0,7814.546879547598,18.333333333333115,16.527777777777587,TTNP
2017-05-17,8460.0,9540.0,8100.0,9180.0,9180.0,67,8244.0,9072.0,9765.0,11163.6,12873.6,15594.12,42.84979194931187,-794.0347772949463,-706.2604862425437,-87.77429105240253,11768.991017882836,9765.0,7761.008982117164,28.333333333333115,19.99999999999981,TTNP
2017-05-18,9180.0,9360.0,8640.0,8820.0,8820.0,18,8424.0,8928.0,9666.0,11077.2,12816.0,15548.22,40.24073713257491,-760.0396457602565,-717.0163181460863,-43.02332761417017,11651.229457708878,9666.0,7680.770542291122,39.99999999999978,28.888888888888697,TTNP
2017-05-19,9000.0,9000.0,8460.0,8820.0,8820.0,24,8568.0,8820.0,9603.0,10990.8,12756.6,15501.96,40.240737132574914,-724.74386298225,-718.561827113319,-6.182035868930939,11611.512882646035,9603.0,7594.487117353965,43.333333333333115,37.22222222222203,TTNP
2017-05-22,7920.0,8280.0,7416.0,8280.0,8280.0,22,8712.0,8622.0,9513.0,10893.6,12699.0,15453.36,36.386524364289805,-731.908205672049,-721.231102825065,-10.677102846983985,11588.158789046054,9513.0,7437.841210953946,34.99999999999978,39.44444444444425,TTNP
2017-05-23,8100.0,8280.0,8100.0,8100.0,8100.0,13,8640.0,8406.0,9405.0,10792.8,12643.2,15402.78,35.17706094335381,-743.5394347803285,-725.6927692161178,-17.846665564210753,11537.44929594002,9405.0,7272.5507040599805,28.68421052631557,35.67251461988285,TTNP
2017-05-24,8100.0,8640.0,8100.0,8100.0,8100.0,22,8424.0,8334.0,9279.0,10681.2,12587.4,15350.94,35.177060943353816,-744.1788372465835,-729.3899828222109,-14.78885442437263,11407.190780864132,9279.0,7150.809219135868,23.1940144478842,28.959408324733207,TTNP
2017-05-25,8100.0,8820.0,8100.0,8640.0,8640.0,40,8388.0,8406.0,9180.0,10569.6,12529.8,15301.8,41.896667256941114,-693.1222000079342,-722.1364262593555,29.01422625142129,11232.31576511878,9180.0,7127.68423488122,28.586171310629297,26.821465428276383,TTNP
2017-05-26,8640.0,8640.0,8460.0,8460.0,8460.0,27,8316.0,8442.0,9072.0,10465.2,12447.0,15256.8,40.39355766724421,-659.5807070146002,-709.6252824104045,50.04457539580426,11035.238141376405,9072.0,7108.761858623594,33.333333333333115,28.371173030615566,TTNP
2017-05-30,8460.0,8640.0,8280.0,8460.0,8460.0,23,8352.0,8532.0,8964.0,10371.6,12366.0,15211.26,40.39355766724421,-625.7851702589724,-692.857259980118,67.07208972114563,10808.80242837955,8964.0,7119.197571620451,37.990196078431154,33.30323357413122,TTNP
2017-05-31,8640.0,8820.0,8280.0,8460.0,8460.0,14,8424.0,8532.0,8865.0,10281.6,12286.8,15163.74,40.3935576672442,-592.175730689647,-672.7209541220238,80.54522343237682,10591.030127128459,8865.0,7138.969872871541,40.93137254901939,37.41830065359458,TTNP
2017-06-01,8460.0,8820.0,8460.0,8460.0,8460.0,21,8496.0,8460.0,8766.0,10202.4,12211.2,15111.18,40.3935576672442,-559.0951073155065,-649.9957847607204,90.90067744521389,10339.739495518583,8766.0,7192.260504481417,45.833333333333115,41.58496732026125,TTNP
2017-06-02,8460.0,8820.0,8280.0,8460.0,8460.0,42,8460.0,8424.0,8676.0,10144.8,12135.6,15058.08,40.39355766724421,-526.8057857851618,-625.3577849656087,98.55199918044696,10096.061970392519,8676.0,7255.9380296074805,49.99999999999978,45.58823529411745,TTNP
2017-06-05,8460.0,8460.0,8280.0,8388.0,8388.0,28,8445.6,8380.8,8600.4,10074.96,12061.08,15005.52,39.57099026496972,-501.247989306572,-600.5358258338014,99.28783652722939,9908.325135378593,8600.4,7292.474864621407,48.888888888888665,48.24074074074054,TTNP
2017-06-06,8280.0,8460.0,8280.0,8460.0,8460.0,12,8445.6,8398.8,8510.4,10002.96,11992.68,14951.88,40.86777618001051,-469.7682571446385,-574.3823120959688,104.61405495133033,9574.052273891759,8510.4,7446.74772610824,48.60640301318245,49.16509730069032,TTNP
2017-06-07,8460.0,8640.0,8280.0,8460.0,8460.0,33,8445.6,8434.8,8420.4,9941.76,11929.68,14898.6,40.867776180010516,-439.751164913554,-547.4560826594859,107.70491774593188,9118.428767140087,8420.4,7722.371232859912,49.84097091441702,49.11208760549607,TTNP
2017-06-08,8460.0,8820.0,8460.0,8640.0,8640.0,20,8481.6,8488.8,8411.4,9873.36,11857.68,14843.52,44.331488330919235,-396.8631164144026,-517.3374894104693,120.47437299606668,9093.036970648689,8411.4,7729.76302935131,60.04299111643723,52.830121681345595,TTNP
2017-06-09,8640.0,8820.0,8460.0,8640.0,8640.0,14,8517.6,8488.8,8447.4,9801.36,11787.48,14786.46,44.331488330919235,-358.73871241746747,-485.61773401186895,126.87902159440148,9096.708678330371,8447.4,7798.091321669627,72.71863938530583,60.86753380538673,TTNP
2017-06-12,8460.0,8640.0,8280.0,8460.0,8460.0,34,8532.0,8488.8,8465.4,9725.76,11713.68,14725.98,41.51145097298862,-339.1399490304957,-456.3221770155943,117.18222798509862,9094.844326175962,8465.4,7835.955673824038,71.48407148407126,68.08190066193815,TTNP
2017-06-13,8460.0,8640.0,8280.0,8640.0,8640.0,14,8568.0,8506.8,8519.4,9660.96,11647.08,14670.72,45.26136407373358,-305.5609754477646,-426.1699367020284,120.60896125426382,8995.512759496212,8519.4,8043.287240503787,70.72649572649551,71.6430688652909,TTNP
2017-06-14,8640.0,8640.0,8460.0,8460.0,8460.0,14,8568.0,8506.8,8519.4,9592.56,11582.28,14614.56,42.338110360254404,-290.1294608123153,-398.9618415240858,108.8323807117705,8995.512759496212,8519.4,8043.287240503787,58.333333333333115,66.84796684796666,TTNP
2017-06-15,8460.0,8640.0,8280.0,8460.0,8460.0,19,8532.0,8506.8,8483.4,9527.76,11519.28,14557.14,42.338110360254404,-274.7329241513544,-374.1160580495395,99.38313389818512,8850.72350830725,8483.4,8116.076491692749,52.777777777777565,60.612535612535424,TTNP
2017-06-16,8640.0,8640.0,7560.0,8100.0,8100.0,37,8424.0,8470.8,8447.4,9459.36,11449.08,14497.02,36.82186013669495,-288.25719971155377,-356.94428638194233,68.68708667038857,8816.834378144664,8447.4,8077.9656218553355,42.06349206349185,51.05820105820087,TTNP
2017-06-19,8280.0,8820.0,7740.0,8640.0,8640.0,40,8460.0,8496.0,8438.4,9401.76,11386.08,14439.06,47.806897598197786,-252.49123669220535,-336.05367644399496,83.56243975178961,8778.709505825427,8438.4,8098.090494174572,53.968253968253755,49.603174603174416,TTNP
2017-06-20,8460.0,8640.0,8100.0,8460.0,8460.0,17,8424.0,8496.0,8447.4,9347.76,11321.28,14379.12,44.998271252437334,-235.95105214209252,-316.0331515836145,80.08209944152196,8779.90828524284,8447.4,8114.891714757158,66.66666666666646,54.23280423280405,TTNP
2017-06-21,8280.0,9000.0,8280.0,8640.0,8640.0,37,8460.0,8514.0,8474.4,9286.56,11256.48,14322.42,48.27108617605937,-205.9443428547729,-294.01538983784616,88.07104698307324,8775.941638509674,8474.4,8172.8583614903255,77.38095238095217,66.00529100529081,TTNP
2017-06-22,8820.0,9468.0,8460.0,8640.0,8640.0,68,8496.0,8514.0,8501.4,9228.96,11197.08,14265.36,48.27108617605938,-180.08786870824224,-271.2298856119254,91.14201690368316,8757.253395043183,8501.4,8245.546604956817,67.67744833782548,70.57502246181473,TTNP
2017-06-23,8820.0,9288.0,7740.0,7740.0,7740.0,466,8424.0,8424.0,8456.4,9156.96,11117.88,14202.36,35.88789742087165,-229.5725357591582,-262.89841564137197,33.32587988221377,8868.06121963955,8456.4,8044.738780360449,47.01257861635199,64.02365977837657,TTNP
2017-06-26,7920.0,8100.0,7380.0,7560.0,7560.0,80,8208.0,8334.0,8411.4,9084.96,11035.08,14136.66,34.008791338989774,-280.0853371721623,-266.33579994753006,-13.749537224632263,8978.911197911655,8411.4,7843.888802088344,24.88614183474279,46.52538959630677,TTNP
2017-06-27,7560.0,7920.0,7380.0,7380.0,7380.0,54,7992.0,8208.0,8357.4,9012.96,10955.88,14074.02,32.19346112135862,-330.82801249947715,-279.2342424579195,-51.59377004155766,9080.372862391898,8357.4,7634.4271376081015,6.018217306440903,25.972312585845245,TTNP
2017-06-28,7560.0,7560.0,6480.0,7020.0,7020.0,142,7668.0,8064.0,8285.4,8940.96,10876.68,14005.98,28.87387328474727,-395.53149872458835,-302.4936937112533,-93.03780501333506,9211.454080362,8285.4,7359.345919637999,8.897659603932757,13.267339581705501,TTNP
2017-06-29,7200.0,7884.0,6840.0,7200.0,7200.0,65,7380.0,7938.0,8222.4,8886.96,10802.88,13941.36,32.61526113659581,-427.35865746250147,-327.46668646150295,-99.89197100099852,9257.398434663131,8222.4,7187.401565336867,14.056224899598178,9.657367269990631,TTNP
2017-06-30,7200.0,7200.0,6480.0,6840.0,6840.0,90,7200.0,7812.0,8141.4,8807.76,10729.08,13874.58,29.296101892916106,-476.1422301778166,-357.2017952047657,-118.94043497305091,9331.313005120594,8141.4,6951.486994879406,18.07228915662629,13.675391220052427,TTNP
2017-07-03,7020.0,7740.0,6768.0,7020.0,7020.0,38,7092.0,7650.0,8073.0,8746.56,10660.68,13806.9,32.969230397524846,-494.57788139149307,-384.67701244211116,-109.9008689493819,9352.266977512936,8073.0,6793.733022487063,18.072289156626294,16.73360107095027,TTNP
2017-07-05,7200.0,7272.0,6588.0,6840.0,6840.0,64,6984.0,7488.0,7992.0,8681.76,10586.88,13734.9,31.222426701473132,-517.744526856437,-411.29051532497635,-106.45401153146065,9364.7286693863,7992.0,6619.271330613699,14.05622489959818,16.73360107095027,TTNP
2017-07-06,6840.0,7200.0,6480.0,6660.0,6660.0,68,6912.0,7290.0,7902.0,8609.76,10513.08,13657.14,29.537086314690004,-544.3537843932854,-437.9031691386382,-106.45061525464723,9372.722271455452,7902.0,6431.277728544548,12.048192771084123,14.725568942436217,TTNP
2017-07-07,6840.0,7020.0,6480.0,6840.0,6840.0,42,6840.0,7110.0,7812.0,8534.16,10441.08,13582.08,33.408119850194524,-544.6390570002941,-459.2503467109694,-85.3887102893247,9311.087722501617,7812.0,6312.912277498383,10.040160642570067,12.04819277108414,TTNP
2017-07-10,6840.0,7020.0,6660.0,6660.0,6660.0,41,6804.0,7002.0,7713.0,8454.96,10369.08,13507.02,31.541997101894985,-553.0148226382598,-478.0032418964275,-75.01158074183235,9241.516928187282,7713.0,6184.483071812718,8.03212851405601,10.040160642570086,TTNP
2017-07-11,6660.0,6840.0,6300.0,6660.0,6660.0,73,6732.0,6912.0,7623.0,8375.76,10293.48,13431.24,31.541997101894985,-553.274868962726,-493.0575673096872,-60.21730165303882,9176.745152769618,7623.0,6069.2548472303815,9.811975173420741,9.294754776682291,TTNP
2017-07-12,6660.0,6840.0,6480.0,6660.0,6660.0,50,6696.0,6840.0,7524.0,8296.56,10223.28,13356.36,31.541997101894985,-547.1734822487024,-503.88075029749024,-43.29273195121215,9058.123854111878,7524.0,5989.876145888122,9.583789704271416,9.142631130582743,TTNP
2017-07-13,6660.0,6876.0,6660.0,6660.0,6660.0,24,6696.0,6804.0,7434.0,8220.96,10154.88,13282.74,31.541997101894985,-536.1575982733411,-510.3361198926604,-25.82147838068073,8948.997029619228,7434.0,5919.002970380772,11.591821832785472,10.329195570159229,TTNP
2017-07-14,6660.0,7020.0,6660.0,7020.0,7020.0,25,6732.0,6786.0,7362.0,8152.56,10093.68,13212.72,40.48499942012621,-492.69891312713753,-506.80867853955584,14.109765412418312,8810.524766704071,7362.0,5913.475233295929,21.137276378240017,14.104295971765653,TTNP
2017-07-17,7020.0,7020.0,6840.0,7020.0,7020.0,23,6804.0,6804.0,7308.0,8087.76,10034.28,13142.16,40.48499942012621,-453.0352833045881,-496.0539994925623,43.01871618797418,8722.575554629404,7308.0,5893.424445370596,32.164212405176045,21.631103538733864,TTNP
2017-07-18,6948.0,7200.0,6840.0,6840.0,6840.0,29,6840.0,6786.0,7218.0,8026.56,9971.28,13073.22,37.63411142407586,-431.1559689615133,-483.0743933863525,51.9184244248392,8505.471941346717,7218.0,5930.528058653283,39.5117845117843,30.937757765066806,TTNP
2017-07-19,7020.0,7200.0,6840.0,7020.0,7020.0,30,6912.0,6804.0,7146.0,7961.76,9906.48,13002.48,42.03025710268582,-394.74162331994194,-465.4078393730704,70.66621605312844,8301.930793670228,7146.0,5990.069206329772,41.32996632996612,37.66865441564217,TTNP
2017-07-20,7020.0,7200.0,6948.0,7020.0,7020.0,27,6984.0,6840.0,7065.0,7896.96,9839.88,12932.82,42.03025710268582,-361.713385300819,-444.6689485586201,82.95556325780109,7995.967238819436,7065.0,6134.032761180564,43.18181818181797,41.34118967452281,TTNP
2017-07-21,7200.0,7200.0,6876.0,7200.0,7200.0,16,7020.0,6876.0,6993.0,7864.56,9776.88,12862.44,46.41120715681381,-317.3554964220102,-419.2062581312981,101.8507617092879,7587.545204130926,6993.0,6398.454795869074,52.651515151514936,45.72109988776635,TTNP
2017-07-24,7380.0,7380.0,7020.0,7020.0,7020.0,24,7020.0,6912.0,6957.0,7846.56,9712.08,12787.74,42.918247340989005,-293.34455218451603,-394.0339169419417,100.68936475742566,7443.666209793822,6957.0,6470.333790206178,59.722222222222,51.85185185185165,TTNP
2017-07-25,7200.0,7380.0,7020.0,7020.0,7020.0,14,7056.0,6948.0,6930.0,7824.96,9643.68,12715.2,42.918247340989005,-271.18960097639956,-369.46505374883327,98.27545277243371,7332.492235645714,6930.0,6527.507764354286,65.27777777777756,59.21717171717152,TTNP
2017-07-26,7200.0,7380.0,7020.0,7020.0,7020.0,15,7056.0,6984.0,6912.0,7814.16,9577.08,12643.02,42.918247340989005,-250.74125343754622,-345.72029368657587,94.97904024902965,7261.032949383127,6912.0,6562.967050616873,66.66666666666644,63.88888888888869,TTNP
2017-07-27,7020.0,7200.0,6840.0,6840.0,6840.0,10,7020.0,7002.0,6903.0,7781.76,9512.28,12569.22,39.230597333111476,-246.2219925061081,-325.8206334504823,79.59864094437421,7249.704484763443,6903.0,6556.295515236557,61.11111111111089,64.35185185185165,TTNP
2017-07-28,6840.0,7020.0,6660.0,7020.0,7020.0,45,6984.0,7002.0,6894.0,7738.56,9451.08,12497.94,44.37746691705392,-225.51633801559456,-305.7597743635048,80.24343634791023,7217.999999622044,6894.0,6570.000000377956,61.11111111111089,62.96296296296276,TTNP
2017-07-31,7200.0,7200.0,6660.0,6840.0,6840.0,20,6948.0,6984.0,6894.0,7698.96,9388.08,12429.36,40.6681237300715,-221.0829467422227,-288.82440883924835,67.74146209702565,7217.999999622044,6894.0,6570.000000377956,52.222222222222,58.148148148147946,TTNP
2017-08-01,7020.0,7020.0,6660.0,6660.0,6660.0,7,6876.0,6966.0,6876.0,7655.76,9323.28,12358.98,37.309661281950504,-229.44900261929888,-276.94932759525847,47.500324975959586,7209.850265471041,6876.0,6542.149734528959,35.55555555555534,49.62962962962943,TTNP
2017-08-02,6660.0,6840.0,6660.0,6660.0,6660.0,14,6804.0,6930.0,6867.0,7623.36,9258.48,12297.24,37.30966128195051,-233.38880135354066,-268.2372223469149,34.84842099337425,7213.704484763443,6867.0,6520.295515236557,13.333333333333115,33.7037037037035,TTNP
2017-08-03,6660.0,6840.0,6660.0,6840.0,6840.0,9,6804.0,6912.0,6876.0,7598.16,9195.48,12238.02,42.789081956408694,-219.45686245468733,-258.4811503684694,39.024287913782075,7209.850265471041,6876.0,6542.149734528959,8.333333333333115,19.074074074073877,TTNP
2017-08-04,6660.0,6840.0,6660.0,6840.0,6840.0,11,6768.0,6876.0,6876.0,7572.96,9127.08,12179.16,42.78908195640869,-206.040592805105,-247.99303885579653,41.95244605069152,7209.850265471041,6876.0,6542.149734528959,16.666666666666448,12.777777777777581,TTNP
2017-08-07,6660.0,6660.0,6480.0,6660.0,6660.0,31,6732.0,6840.0,6876.0,7533.36,9051.48,12121.38,38.850828366453044,-207.54020384540217,-239.90247185371766,32.36226800831548,7209.850265471041,6876.0,6542.149734528959,23.333333333333115,16.111111111110915,TTNP
2017-08-08,6480.0,6480.0,6300.0,6300.0,6300.0,42,6660.0,6768.0,6858.0,7490.16,8977.68,12063.06,32.423317285351736,-235.0679309699044,-238.935563676955,3.8676327070506034,7266.881400598125,6858.0,6449.118599401875,14.999999999999782,18.333333333333137,TTNP
2017-08-09,6300.0,6300.0,5220.0,5580.0,5580.0,98,6444.0,6624.0,6804.0,7432.56,8902.08,12002.04,23.90511329367746,-311.3922991618083,-253.42691077392567,-57.965388387882626,7492.720552731719,6804.0,6115.279447268281,12.222222222222003,16.851851851851652,TTNP
2017-08-10,5580.0,6480.0,5580.0,5940.0,5940.0,34,6264.0,6534.0,6768.0,7382.16,8831.88,11944.8,33.335697879942764,-338.9240144214273,-270.526331503426,-68.3976829180013,7551.77547789854,6768.0,5984.22452210146,16.666666666666448,14.629629629629429,TTNP
2017-08-11,6300.0,6300.0,5760.0,5760.0,5760.0,74,6048.0,6408.0,6705.0,7328.16,8765.28,11889.54,31.250286086565037,-370.9910390331361,-290.619273009368,-80.37176602376809,7593.222944848356,6705.0,5816.777055151644,24.999999999999783,17.962962962962763,TTNP
2017-08-14,5760.0,6300.0,5580.0,5760.0,5760.0,23,5868.0,6300.0,6642.0,7274.16,8709.48,11833.92,31.250286086565033,-391.8869581558911,-310.8728100386726,-81.0141481172185,7607.31031267416,6642.0,5676.68968732584,27.777777777777562,23.14814814814795,TTNP
2017-08-15,5760.0,6300.0,5616.0,6120.0,6120.0,92,5832.0,6246.0,6606.0,7228.8,8651.88,11780.82,39.96207440792018,-375.0745078029968,-323.71314959153744,-51.36135821145933,7592.557651511093,6606.0,5619.442348488907,31.818181818181603,28.198653198653002,TTNP
2017-08-16,6120.0,6300.0,5976.0,6120.0,6120.0,41,5940.0,6192.0,6561.0,7182.0,8592.48,11729.34,39.96207440792017,-357.6280067253392,-330.4961210182978,-27.13188570704142,7550.017694358946,6561.0,5571.982305641054,38.63636363636342,32.744107744107545,TTNP
2017-08-17,6120.0,6228.0,5940.0,5940.0,5940.0,23,5940.0,6102.0,6507.0,7131.6,8536.68,11677.14,37.226620495276705,-354.2425371434101,-335.24540424332025,-18.997132900089866,7507.741724799703,6507.0,5506.258275200297,42.42424242424221,37.62626262626243,TTNP
2017-08-18,6120.0,6120.0,5760.0,5940.0,5940.0,27,5976.0,6012.0,6444.0,7077.6,8475.48,11624.04,37.226620495276705,-347.5531517200361,-337.7069537386634,-9.846197981372711,7420.655517444654,6444.0,5467.344482555346,40.60606060606039,40.555555555555365,TTNP
2017-08-21,5940.0,5940.0,5400.0,5400.0,5400.0,94,5904.0,5886.0,6363.0,7012.8,8407.08,11569.14,30.06604001095912,-381.428383633689,-346.4512397176685,-34.97714391602051,7401.866690078705,6363.0,5324.133309921295,29.158249158248946,37.39618406285054,TTNP
2017-08-22,5400.0,5508.0,4680.0,5220.0,5220.0,72,5724.0,5778.0,6273.0,6948.0,8336.88,11516.94,28.1240963573574,-417.98101964998386,-360.75719570413156,-57.2238239458523,7378.352432373985,6273.0,5167.647567626015,25.370370370370157,31.711560044893186,TTNP
2017-08-23,5220.0,5580.0,5220.0,5400.0,5400.0,26,5580.0,5760.0,6192.0,6883.2,8272.08,11462.94,32.798478183758505,-427.4968339687339,-374.10512335705204,-53.391710611681845,7303.928055116465,6192.0,5080.071944883535,23.148148148147936,25.8922558922557,TTNP
2017-08-24,5940.0,6084.0,5436.0,5940.0,5940.0,70,5580.0,5760.0,6147.0,6832.8,8212.68,11410.74,44.46660253694831,-387.0035621789375,-376.6848111214291,-10.318751057508393,7222.641204005818,6147.0,5071.358795994182,40.65656565656544,29.725028058361193,TTNP
2017-08-25,6120.0,6120.0,5580.0,5760.0,5760.0,28,5544.0,5760.0,6084.0,6778.8,8153.28,11356.74,41.85768373940367,-365.2267416920149,-374.39319723554627,9.166455543531356,7093.284895237754,6084.0,5074.715104762246,52.323232323232105,38.709315375981845,TTNP
2017-08-28,5760.0,5760.0,5400.0,5580.0,5580.0,18,5580.0,5742.0,6021.0,6728.4,8093.88,11303.64,39.37009943232094,-358.3619764479354,-371.1869530780241,12.824976630088713,6990.162524943616,6021.0,5051.837475056384,57.87878787878767,50.28619528619509,TTNP
2017-08-29,5580.0,5760.0,5400.0,5580.0,5580.0,31,5652.0,5688.0,5967.0,6667.2,8034.48,11252.34,39.37009943232094,-348.89970195245496,-366.7295028529103,17.829800900455325,6907.6614692625,5967.0,5026.3385307375,53.33333333333312,54.511784511784306,TTNP
2017-08-30,5400.0,5760.0,5400.0,5760.0,5760.0,33,5724.0,5652.0,5922.0,6613.2,7980.48,11200.14,43.27951567813521,-323.1511996901563,-358.0138422203595,34.862642530203175,6810.405312768381,5922.0,5033.594687231619,55.55555555555535,55.589225589225386,TTNP
2017-08-31,5580.0,5760.0,5400.0,5400.0,5400.0,10,5616.0,5598.0,5850.0,6548.4,7917.48,11147.94,38.001822255990525,-328.0131856705193,-352.01371091039147,24.00052523987216,6658.999381801423,5850.0,5041.000618198577,53.7037037037035,54.197530864197326,TTNP
2017-09-01,5580.0,5760.0,5508.0,5760.0,5760.0,24,5616.0,5580.0,5796.0,6490.8,7859.88,11096.64,45.19860018634034,-299.36644322584016,-341.4842573734812,42.11781414764107,6465.638708375706,5796.0,5126.361291624294,59.25925925925907,56.17283950617264,TTNP
2017-09-05,5580.0,5760.0,5400.0,5760.0,5760.0,11,5652.0,5616.0,5751.0,6451.2,7804.08,11042.64,45.19860018634034,-273.5108308463805,-327.88957206806106,54.37874122168057,6290.699916393452,5751.0,5211.300083606548,59.25925925925907,57.40740740740722,TTNP
2017-09-06,5580.0,5760.0,5472.0,5580.0,5580.0,17,5652.0,5652.0,5715.0,6411.6,7748.28,10989.54,42.348029867020855,-264.4956264938537,-315.21078295321956,50.71515645936586,6196.310710201944,5715.0,5233.689289798056,63.82428940568456,60.78093597473424,TTNP
2017-09-07,5580.0,5760.0,5580.0,5580.0,5580.0,19,5616.0,5670.0,5715.0,6375.6,7694.28,10934.64,42.348029867020855,-254.4182370268445,-303.05227376794454,48.63403674110003,6196.310710201944,5715.0,5233.689289798056,62.435400516795674,61.839649727246446,TTNP
2017-09-08,5580.0,5868.0,5580.0,5688.0,5688.0,14,5673.6,5644.8,5702.4,6348.96,7644.96,10881.18,44.77178316215035,-235.00810867489326,-289.4434407493343,54.43533207444102,6172.555037998232,5702.4,5232.244962001767,63.546511627906774,63.26873385012902,TTNP
2017-09-11,5580.0,5760.0,5580.0,5760.0,5760.0,13,5673.6,5644.8,5702.4,6320.16,7603.56,10828.08,46.38991600060597,-211.37899832877883,-273.8305522652232,62.451553936444384,6172.555037998232,5702.4,5232.244962001767,69.16666666666647,65.04952627045633,TTNP
2017-09-12,5760.0,5940.0,5580.0,5580.0,5580.0,21,5637.6,5644.8,5693.4,6294.96,7551.36,10773.18,42.9981374749874,-204.81625947266275,-260.02769370671115,55.2114342340484,6165.6865229446175,5693.4,5221.113477055382,61.666666666666465,64.79328165374658,TTNP
2017-09-13,5760.0,5760.0,5580.0,5760.0,5760.0,9,5673.6,5662.8,5675.4,6269.76,7508.16,10718.28,47.15878902234106,-182.98144971960755,-244.61844490929042,61.636995189682864,6106.964780485051,5675.4,5243.835219514948,54.9999999999998,61.94444444444426,TTNP
2017-09-14,5760.0,5760.0,5580.0,5580.0,5580.0,8,5673.6,5644.8,5648.4,6244.56,7463.16,10663.38,43.7219697007018,-178.14812071399865,-231.32438007023205,53.1762593562334,6029.999999679136,5648.4,5266.800000320864,38.33333333333314,51.66666666666648,TTNP
2017-09-15,5760.0,5760.0,5400.0,5400.0,5400.0,15,5616.0,5644.8,5621.4,6219.36,7414.56,10612.08,40.54022795177393,-186.6901208296722,-222.3975282221201,35.70740739244789,5992.933255247908,5621.4,5249.866744752091,24.9999999999998,39.44444444444426,TTNP
2017-09-18,5580.0,5760.0,5436.0,5580.0,5580.0,11,5580.0,5626.8,5603.4,6194.16,7364.16,10560.78,44.86143753223314,-176.8960739592776,-213.2972373695516,36.401163410273995,5945.134633531804,5603.4,5261.665366468195,19.444444444444244,27.592592592592407,TTNP
2017-09-19,5580.0,5760.0,5580.0,5688.0,5688.0,14,5601.6,5619.6,5617.8,6174.72,7314.84,10511.82,47.33454976405266,-158.5913811239625,-202.35606612043378,43.76468499647129,5948.118391487787,5617.8,5287.481608512213,28.888888888888687,24.444444444444258,TTNP
2017-09-20,5760.0,5760.0,5580.0,5580.0,5580.0,20,5565.6,5619.6,5635.8,6153.12,7264.44,10462.32,45.15350520125756,-151.05817299231785,-192.0964874948106,41.03831450249274,5912.297811483366,5635.8,5359.3021885166345,39.999999999999794,29.444444444444258,TTNP
2017-09-21,5580.0,5760.0,5580.0,5760.0,5760.0,14,5601.6,5637.6,5653.8,6135.12,7215.84,10411.92,49.34297801482092,-129.07565182943563,-179.4923203617356,50.41666853229998,5912.874969371972,5653.8,5394.725030628028,51.11111111111091,39.99999999999981,TTNP
2017-09-22,5760.0,5760.0,5580.0,5760.0,5760.0,14,5673.6,5644.8,5644.8,6117.12,7169.04,10361.52,49.342978014820915,-110.38193123937799,-165.67024253726407,55.28831129788608,5874.298234753739,5644.8,5415.301765246261,55.55555555555535,48.888888888888694,TTNP
2017-09-25,5760.0,5760.0,5580.0,5688.0,5688.0,17,5695.2,5637.6,5641.2,6090.48,7121.52,10313.46,47.65431839118223,-100.22152985127741,-152.58050000006673,52.358970148789325,5865.558284346935,5641.2,5416.841715653065,62.22222222222202,56.296296296296106,TTNP
2017-09-26,5760.0,5940.0,5580.0,5940.0,5940.0,28,5745.6,5673.6,5659.2,6068.88,7078.32,10267.56,53.63511065165213,-71.01641161443149,-136.2676823229397,65.2512707085082,5916.392223356584,5659.2,5402.007776643416,73.33333333333313,63.7037037037035,TTNP
2017-09-27,5940.0,6480.0,5760.0,6120.0,6120.0,38,5853.6,5709.6,5686.2,6054.48,7040.52,10218.96,57.38086376943997,-32.96663052727945,-115.60747196380764,82.64084143652819,6009.378959332287,5686.2,5363.021040667712,73.33333333333313,69.62962962962943,TTNP
2017-09-28,6300.0,6480.0,5940.0,6300.0,6300.0,48,5961.6,5781.6,5713.2,6040.08,7000.92,10172.16,60.79207392567072,11.579113977210909,-90.17015477560393,101.74926875281484,6132.472512520314,5713.2,5293.927487479686,83.33333333333313,76.66666666666646,TTNP
2017-09-29,6300.0,6480.0,6156.0,6300.0,6300.0,19,6069.6,5871.6,5758.2,6025.68,6961.32,10125.36,60.79207392567072,46.34767033853768,-62.86658975277561,109.21426009131329,6223.9654342639615,5758.2,5292.434565736038,77.77777777777756,78.14814814814792,TTNP
2017-10-02,6300.0,7308.0,6300.0,6660.0,6660.0,133,6264.0,5979.6,5803.2,6014.88,6939.72,10082.16,66.93137977178515,101.77776241264291,-29.9377193196919,131.7154817323348,6412.696053929073,5803.2,5193.703946070927,77.56813417190754,79.55974842767273,TTNP
2017-10-03,6840.0,7200.0,6660.0,7128.0,7128.0,78,6501.6,6123.6,5871.6,6017.04,6931.8,10043.1,72.87715712576886,181.37937002155468,12.325698548557419,169.05367147299725,6710.299564656554,5871.6,5032.900435343447,79.9790356394128,78.44164919636596,TTNP
2017-10-04,7380.0,7380.0,6480.0,6660.0,6660.0,57,6609.6,6231.6,5925.6,6009.84,6917.4,9998.1,61.05495986741746,204.3449672077786,50.729552280401656,153.61541492737695,6819.502544886787,5925.6,5031.697455113213,73.41337907375623,76.98684962835885,TTNP
2017-10-05,6660.0,7380.0,6660.0,7380.0,7380.0,61,6825.6,6393.6,6015.6,6017.04,6915.6,9959.4,69.30484551528099,277.4451363171247,96.07266908774628,181.37246722937843,7095.335967612025,6015.6,4935.864032387975,84.73413379073736,79.37551616796878,TTNP
2017-10-06,7560.0,8820.0,7416.0,8640.0,8640.0,257,7293.6,6681.6,6163.2,6053.04,6917.4,9926.1,78.0627569945587,432.06840115986415,163.27181550216986,268.7965856576943,7723.5581126636,6163.2,4602.8418873364,86.02693602693581,81.39148296380978,TTNP
2017-10-09,9540.0,9540.0,8100.0,8640.0,8640.0,181,7689.6,6976.8,6307.2,6085.44,6912.0,9892.8,78.0627569945587,548.28812830264,240.2750780622639,308.01305024037606,8190.326931397643,6307.2,4424.073068602356,90.57239057239036,87.11115346335448,TTNP
2017-10-10,8460.0,8640.0,6660.0,8208.0,8208.0,107,7905.6,7203.6,6438.6,6112.8,6905.88,9860.94,70.10875737548649,598.6336338611936,311.94678922204986,286.68684463914377,8461.950528147576,6438.6,4415.249471852426,79.36026936026916,85.31986531986509,TTNP
2017-10-11,8640.0,8640.0,7740.0,8100.0,8100.0,53,8193.6,7401.6,6555.6,6141.6,6898.68,9827.64,68.23684585790308,622.6406979442645,374.0855709664928,248.5551269777717,8676.718044747882,6555.6,4434.4819552521185,69.09090909090888,79.67452300785612,TTNP
2017-10-12,7920.0,8064.0,7380.0,7560.0,7560.0,60,8229.6,7527.6,6654.6,6159.6,6891.48,9795.24,59.65959632423922,591.2771077193847,417.5238783170712,173.75322940231354,8769.154931836742,6654.6,4540.045068163259,59.999999999999794,69.4837261503926,TTNP
2017-10-13,7740.0,8100.0,7380.0,7380.0,7380.0,66,7977.6,7635.6,6753.6,6170.4,6884.28,9763.74,57.08383469425888,545.6073192785889,443.1405665093747,102.46675276921417,8808.490595568306,6753.6,4698.709404431695,53.030303030302825,60.7070707070705,TTNP
2017-10-16,7560.0,7740.0,7200.0,7380.0,7380.0,52,7725.6,7707.6,6843.6,6181.2,6877.08,9732.24,57.0838346942589,503.60839877051694,455.23413296160317,48.374265808913776,8841.895113279084,6843.6,4845.304886720916,46.1038961038959,53.044733044732844,TTNP
2017-10-17,7380.0,7560.0,6840.0,7200.0,7200.0,33,7524.0,7714.8,6919.2,6192.0,6862.68,9696.24,54.36183045385533,450.6051602098278,454.3083384112481,-3.7031782014203145,8850.169663085126,6919.2,4988.230336914873,41.1038961038959,46.74603174603154,TTNP
2017-10-18,7380.0,7380.0,7020.0,7200.0,7200.0,24,7344.0,7768.8,7000.2,6210.0,6850.08,9648.54,54.36183045385532,403.9433048108858,444.23533169117565,-40.292026880289825,8833.087950681955,7000.2,5167.312049318046,36.236068895643164,41.147953701144985,TTNP
2017-10-19,7200.0,7200.0,6840.0,6840.0,6840.0,27,7200.0,7714.8,7054.2,6235.2,6833.88,9599.94,48.94794027917204,334.063579870849,422.2009813271103,-88.13740145626127,8799.286771411407,7054.2,5309.113228588592,27.505910165484433,34.94862505500783,TTNP
2017-10-20,6840.0,6948.0,6480.0,6840.0,6840.0,71,7092.0,7534.8,7108.2,6253.2,6817.68,9552.24,48.94794027917204,275.50751526118165,392.8622881139246,-117.35477285274294,8753.754447520687,7108.2,5462.645552479313,19.760812126268746,27.834263729132118,TTNP
2017-10-23,7020.0,7488.0,6840.0,7200.0,7200.0,29,7056.0,7390.8,7183.8,6282.0,6805.08,9508.14,54.23395228904291,255.20851859820868,365.3315342107814,-110.12301561257271,8694.852560222538,7183.8,5672.747439777462,17.320261437908297,21.528994576553828,TTNP
2017-10-24,7380.0,7380.0,6840.0,7200.0,7200.0,24,7056.0,7290.0,7246.8,6310.8,6792.48,9464.04,54.23395228904291,236.39638709760948,339.54450478814704,-103.14811769053756,8646.102912079832,7246.8,5847.497087920167,19.6078431372547,18.896305567143916,TTNP
2017-10-25,7200.0,7416.0,6696.0,7020.0,7020.0,33,7020.0,7182.0,7291.8,6328.8,6778.8,9419.94,51.162084776216744,204.60458735101383,312.5565213007204,-107.95193394970659,8598.054431477689,7291.8,5985.545568522311,21.568627450980188,19.498910675381065,TTNP
2017-10-26,7200.0,10260.0,7200.0,7812.0,7812.0,623,7214.4,7207.2,7367.4,6362.64,6772.32,9382.5,61.496178977470976,240.5442931068037,298.1540756619371,-57.60978255513339,8608.700672583036,7367.4,6126.099327416963,25.471521942109973,22.215997510114956,TTNP
2017-10-27,8100.0,8640.0,7200.0,7920.0,7920.0,176,7430.4,7261.2,7448.4,6402.24,6766.92,9348.3,62.65659177285007,274.57632134160394,293.43852479787046,-18.862203456266514,8609.342789182616,7448.4,6287.457210817384,30.32679738562071,25.78898225957029,TTNP
2017-10-30,8100.0,8100.0,7380.0,7560.0,7560.0,81,7502.4,7279.2,7493.4,6434.64,6756.12,9306.9,56.53976595107828,269.39256772110184,288.62933338251673,-19.236765661414893,8596.968828734805,7493.4,6389.831171265194,33.96825396825377,29.922191098661482,TTNP
2017-10-31,7740.0,7740.0,7200.0,7380.0,7380.0,42,7538.4,7297.2,7506.0,6474.24,6743.52,9265.5,53.716067935886336,247.90224716120883,280.48391613825515,-32.58166897704632,8598.29007125173,7506.0,6413.709928748271,30.158730158729956,31.484593837534806,TTNP
2017-11-01,7380.0,7560.0,7020.0,7380.0,7380.0,74,7610.4,7315.2,7542.0,6517.44,6732.72,9223.2,53.71606793588634,228.24000458965475,270.0351338285351,-41.79512923888035,8565.692141102543,7542.0,6518.307858897457,25.396825396825193,29.841269841269636,TTNP
2017-11-02,7380.0,7740.0,6696.0,7020.0,7020.0,121,7452.0,7333.2,7524.0,6549.84,6716.52,9181.8,48.139520915361075,181.51613927473772,252.33133491777562,-70.8151956430379,8570.851278718763,7524.0,6477.148721281237,20.63492063492043,25.39682539682519,TTNP
2017-11-03,7020.0,7200.0,6660.0,7020.0,7020.0,37,7272.0,7351.2,7443.0,6571.44,6702.12,9142.2,48.139520915361075,142.84056229838006,230.43318039389652,-87.59261809551646,8376.469656579746,7443.0,6509.530343420254,17.460317460317256,21.164021164020955,TTNP
2017-11-06,6840.0,7380.0,6768.0,7380.0,7380.0,25,7236.0,7369.2,7380.0,6603.84,6691.32,9105.3,53.71257825716641,139.62932036763414,212.27240838864404,-72.6430880210099,8134.799045942103,7380.0,6625.200954057897,17.460317460317256,18.51851851851831,TTNP
2017-11-07,7200.0,7200.0,6660.0,6840.0,6840.0,90,7128.0,7333.2,7311.6,6629.04,6678.72,9063.9,45.76762563180137,92.4452496769627,188.30697664630776,-95.86172696934506,7998.775785192615,7311.6,6624.424214807385,15.87301587301567,16.93121693121672,TTNP
2017-11-08,6840.0,6840.0,6120.0,6480.0,6480.0,119,6948.0,7279.2,7230.6,6647.04,6657.12,9021.6,41.37387929862844,25.70621708823728,155.78682473469365,-130.08060764645637,7908.805986227687,7230.6,6552.394013772314,14.009661835748588,15.780998389693833,TTNP
2017-11-09,5940.0,5940.0,5580.0,5688.0,5688.0,151,6681.6,7066.8,7137.0,6645.6,6629.4,8975.34,33.70720945158779,-90.05463428000257,106.6185329317544,-196.67316721175698,8074.625511467722,7137.0,6199.374488532278,6.8423846684714205,12.241687459078554,TTNP
2017-11-10,5760.0,5760.0,5616.0,5760.0,5760.0,37,6429.6,6850.8,7056.0,6652.8,6600.6,8928.54,34.88842917349158,-173.98060461944988,50.498705421513534,-224.4793100409634,8160.678052536172,7056.0,5951.321947463828,4.9498327759195275,8.600626426713173,TTNP
2017-11-13,5760.0,5760.0,5400.0,5580.0,5580.0,44,6069.6,6652.8,6966.0,6649.2,6570.0,8883.54,33.29137091037052,-252.11085939116037,-10.02320754102125,-242.08765185013914,8231.951657748079,6966.0,5700.048342251921,3.285849952516415,5.026022465635783,TTNP
2017-11-14,5400.0,5580.0,5076.0,5400.0,5400.0,69,5781.6,6454.8,6876.0,6642.0,6546.6,8832.24,31.72729758458317,-324.809938093882,-72.98055365159341,-251.82938444228859,8307.69605704392,6876.0,5444.3039429560795,4.599952516618979,4.278545081684968,TTNP
2017-11-15,5760.0,6120.0,5580.0,5940.0,5940.0,53,5673.6,6310.8,6813.0,6649.2,6530.4,8782.74,40.72448386647571,-334.9894449054864,-125.382331902372,-209.60711300311436,8292.223309630805,6813.0,5333.776690369196,11.398709315375777,6.428170594837051,TTNP
2017-11-16,6120.0,6660.0,5940.0,6300.0,6300.0,44,5796.0,6238.8,6786.0,6663.6,6519.6,8737.74,45.847993921255245,-310.4293497304707,-162.39173546799174,-148.03761426247894,8281.885557038073,6786.0,5290.114442961926,23.656204906204703,13.218288912733149,TTNP
2017-11-17,6480.0,6480.0,5940.0,6120.0,6120.0,14,5868.0,6148.8,6750.0,6672.24,6510.6,8693.64,43.80902536815341,-302.0084278727745,-190.31507394894828,-111.69335392382624,8273.357344734028,6750.0,5226.642655265972,34.63593463593443,23.230282952504968,TTNP
2017-11-20,6120.0,6120.0,5940.0,6120.0,6120.0,10,5976.0,6022.8,6696.0,6679.44,6499.8,8651.34,43.80902536815341,-291.9691480369984,-210.6458887665583,-81.32325927044008,8228.264206902682,6696.0,5163.735793097317,39.61818961818941,32.636776386776184,TTNP
2017-11-21,6120.0,6120.0,5940.0,6048.0,6048.0,10,6105.6,5943.6,6638.4,6688.8,6491.88,8610.48,42.923472693825644,-286.5199214074073,-225.8206952947281,-60.69922611267921,8177.1462947981745,6638.4,5099.653705201825,38.28828828828808,37.5141375141373,TTNP
2017-11-22,5940.0,6120.0,5580.0,5580.0,5580.0,26,6033.6,5853.6,6566.4,6685.2,6477.48,8569.08,37.60277329029626,-316.31873334824195,-243.92030290543087,-72.39843044281108,8160.740791598558,6566.4,4972.0592084014415,32.51689189189168,36.80778993278972,TTNP
2017-11-24,5580.0,6120.0,5580.0,5760.0,5760.0,28,5925.6,5860.8,6463.8,6688.8,6466.68,8526.78,40.650007776189405,-321.7016346312521,-259.4765692505951,-62.225065380656986,7986.812751015266,6463.8,4940.787248984734,29.349662162161952,33.38494744744723,TTNP
2017-11-27,5580.0,5760.0,5436.0,5688.0,5688.0,43,5839.2,5853.6,6352.2,6694.56,6456.96,8485.02,39.81247003838352,-327.9964816805468,-273.18055173658547,-54.81592994396135,7754.3480092183945,6352.2,4950.051990781605,26.79201977401109,29.552857942688235,TTNP
2017-11-28,5760.0,5940.0,5616.0,5940.0,5940.0,22,5803.2,5889.6,6271.2,6701.76,6447.96,8444.52,44.14978841305556,-309.087926158707,-280.36202662100976,-28.725899537697217,7568.119673593974,6271.2,4974.280326406026,35.82688371958932,30.65618855192078,TTNP
2017-11-29,5760.0,5940.0,5580.0,5688.0,5688.0,32,5731.2,5918.4,6186.6,6701.76,6438.24,8403.66,40.97022280652466,-310.85372538052707,-286.4603663729132,-24.393359007613867,7401.305297491986,6186.6,4971.894702508015,38.809838265043865,33.80958058621476,TTNP
2017-11-30,5580.0,5760.0,5400.0,5580.0,5580.0,29,5731.2,5882.4,6096.6,6701.76,6427.44,8360.46,39.65222518673019,-317.3100783277596,-292.63030876388245,-24.67976956387713,7206.492318990943,6096.6,4986.7076810090575,39.81137909709317,38.149367027242114,TTNP
2017-12-01,5400.0,5760.0,5400.0,5580.0,5580.0,15,5695.2,5810.4,6024.6,6698.16,6416.64,8319.96,39.65222518673019,-318.75240524279616,-297.8547280596652,-20.897677183130952,7070.528563409131,6024.6,4978.67143659087,34.09090909090887,37.57070881768197,TTNP
2017-12-04,5580.0,5616.0,5220.0,5400.0,5400.0,51,5637.6,5738.4,5943.6,6690.96,6404.04,8279.46,37.33091563331244,-330.6089017689046,-304.4055628015131,-26.203338967391517,6917.038934784869,5943.6,4970.161065215132,28.030303030302814,33.977530406101614,TTNP
2017-12-05,5400.0,5580.0,5220.0,5580.0,5580.0,37,5565.6,5684.4,5853.6,6688.8,6389.64,8241.66,41.0475676984955,-321.771582502819,-307.87876674177426,-13.892815761044744,6580.906922664084,5853.6,5126.293077335917,25.75757575757554,29.292929292929074,TTNP
2017-12-06,5400.0,5760.0,5400.0,5580.0,5580.0,23,5544.0,5637.6,5790.6,6681.6,6375.24,8204.76,41.04756769849549,-311.1808442458823,-308.53918224259587,-2.6416620032864557,6368.071869232685,5790.6,5213.128130767316,23.48484848484827,25.75757575757554,TTNP
2017-12-07,5400.0,5508.0,5220.0,5220.0,5220.0,18,5472.0,5601.6,5727.6,6663.6,6359.04,8165.16,36.083812680965075,-328.0549855631443,-312.44234290670556,-15.612642656438766,6263.93959368583,5727.6,5191.260406314171,16.666666666666455,21.969696969696756,TTNP
2017-12-08,5220.0,5400.0,5220.0,5400.0,5400.0,14,5436.0,5565.6,5713.2,6645.6,6342.84,8124.66,39.99125134580554,-323.1779739391968,-314.5894691132038,-8.588504825993027,6268.160755148593,5713.2,5158.2392448514065,14.999999999999787,18.38383838383817,TTNP
2017-12-11,5580.0,5580.0,5400.0,5400.0,5400.0,78,5436.0,5536.8,5695.2,6627.6,6326.64,8083.26,39.99125134580554,-315.67401356215305,-314.80637800299365,-0.867635559159396,6266.046949501435,5695.2,5124.353050498565,13.33333333333312,14.999999999999789,TTNP
2017-12-12,5400.0,5472.0,4860.0,4860.0,4860.0,57,5292.0,5428.8,5659.2,6591.6,6303.24,8040.06,32.9769766891508,-349.2743407475218,-321.6999705518993,-27.57437019562252,6335.616912676718,5659.2,4982.7830873232815,13.33333333333312,13.888888888888678,TTNP
2017-12-13,4860.0,5040.0,4860.0,4860.0,4860.0,37,5148.0,5346.0,5632.2,6546.24,6281.64,7996.86,32.9769766891508,-371.6190490466279,-331.683786250845,-39.935262795782876,6386.475175088711,5632.2,4877.924824911289,6.666666666666454,11.1111111111109,TTNP
2017-12-14,4860.0,4896.0,4320.0,4500.0,4500.0,92,5004.0,5238.0,5560.2,6503.04,6256.44,7950.06,29.038964889106794,-413.60856068784597,-348.0687411382452,-65.5398195496008,6446.553337983839,5560.2,4673.846662016161,3.7037037037034906,7.901234567901021,TTNP
2017-12-15,4500.0,4680.0,4320.0,4428.0,4428.0,58,4809.6,5122.8,5466.6,6444.0,6230.52,7903.8,28.310794667030905,-447.5364280912181,-367.96227852883976,-79.57414956237835,6413.961050368387,5466.6,4519.238949631614,5.925925925925713,5.432098765431885,TTNP
2017-12-18,4320.0,4500.0,4068.0,4320.0,4320.0,96,4593.6,5014.8,5376.6,6357.6,6205.32,7858.8,27.208659472503527,-477.63334496746484,-389.8964918165648,-87.73685315090006,6397.699877463068,5376.6,4355.500122536932,10.4131054131052,6.680911680911467,TTNP
2017-12-19,4320.0,4500.0,4320.0,4320.0,4320.0,21,4485.6,4888.8,5286.6,6271.2,6178.32,7814.7,27.208659472503527,-495.77043545492324,-411.07128054423646,-84.69915491068679,6346.315508877309,5286.6,4226.8844911226915,11.673940716493695,9.337657351841536,TTNP
2017-12-20,4320.0,4644.0,4320.0,4644.0,4644.0,45,4442.4,4795.2,5216.4,6199.92,6156.36,7772.22,35.89197936264259,-478.48444725615263,-424.5539138866197,-53.93053336953295,6250.772157279527,5216.4,4182.027842720472,20.799236224767924,14.295427451455604,TTNP
2017-12-21,4500.0,4680.0,4464.0,4500.0,4500.0,34,4442.4,4723.2,5162.4,6127.92,6134.76,7729.02,33.95336650087017,-470.9756593824022,-433.83826298577617,-37.13739639662606,6227.513402298131,5162.4,4097.286597701868,24.82269503546078,19.0986239922408,TTNP
2017-12-22,4500.0,5040.0,4428.0,5040.0,5040.0,35,4564.8,4687.2,5126.4,6077.52,6118.56,7688.52,45.780178985368686,-416.6485388615729,-430.4003181609355,13.751779299362624,6156.377553034581,5126.4,4096.422446965418,39.00709219858134,28.209674486270014,TTNP
2017-12-26,4860.0,5040.0,4716.0,4860.0,4860.0,19,4672.8,4633.2,5085.0,6027.12,6098.76,7647.12,43.01513679570997,-383.6953984095089,-421.0593342106502,37.36393580114128,6087.553140614051,5085.0,4082.446859385949,43.262411347517514,35.69739952718654,TTNP
2017-12-27,4860.0,5040.0,4680.0,4788.0,4788.0,29,4766.4,4626.0,5027.4,5975.28,6078.24,7602.66,41.92436121981608,-359.24840348655835,-408.6971480658318,49.448744579273466,5956.527848982637,5027.4,4098.272151017362,50.62478892266105,44.29809748958663,TTNP
2017-12-28,4680.0,5004.0,4680.0,4788.0,4788.0,34,4795.2,4618.8,4982.4,5927.04,6059.52,7555.5,41.92436121981608,-336.00077608553966,-394.1578736697734,58.157097584233725,5865.2151333971915,4982.4,4099.584866602808,47.34886862546415,47.0786896318809,TTNP
2017-12-29,4680.0,4860.0,4500.0,4788.0,4788.0,58,4852.8,4647.6,4942.8,5878.8,6044.4,7511.04,41.92436121981608,-313.9577543202331,-378.1178497998653,64.16009547963222,5784.953810034174,4942.8,4100.646189965826,47.6190476190474,48.53090172239086,TTNP
2018-01-02,4860.0,5040.0,4788.0,5040.0,5040.0,14,4852.8,4708.8,4915.8,5842.8,6039.0,7470.54,47.71964514140208,-273.0071503238223,-357.0957099046567,84.08855958083439,5707.628163022186,4915.8,4123.971836977815,54.822954822954614,49.930290355822045,TTNP
2018-01-03,4860.0,5004.0,4680.0,4860.0,4860.0,20,4852.8,4762.8,4888.8,5803.2,6028.2,7430.04,44.31779255444082,-252.1711255366199,-336.11079303104935,83.93966749442944,5648.937250603524,4888.8,4128.662749396476,66.11043277709923,56.18414507303373,TTNP
2018-01-04,4860.0,5040.0,4680.0,5040.0,5040.0,22,4903.2,4834.8,4861.8,5760.0,6021.0,7393.14,48.28783957329792,-218.61388531261036,-312.6114114873616,93.99752617475121,5557.438871653304,4861.8,4166.161128346696,83.5707502374167,68.16804594582351,TTNP
2018-01-05,5040.0,5184.0,4860.0,4860.0,4860.0,31,4917.6,4856.4,4825.8,5713.2,6012.0,7360.74,44.84454990704816,-204.19024826744499,-290.9271788433783,86.73693057593329,5438.635899531912,4825.8,4212.964100468088,84.14974113898823,77.94364138450139,TTNP
2018-01-08,5040.0,5220.0,4860.0,5040.0,5040.0,53,4968.0,4910.4,4816.8,5673.6,6001.2,7326.54,48.778028218489396,-176.20374917772915,-267.9824929102484,91.77874373251927,5411.225302081836,4816.8,4222.374697918164,85.11424731182774,84.2782462294109,TTNP
2018-01-09,5040.0,5040.0,4860.0,4968.0,4968.0,5,4953.6,4903.2,4795.2,5616.72,5989.68,7291.08,47.32418964427224,-158.0125746866106,-245.98850926552086,87.97593457891026,5331.877780195068,4795.2,4258.522219804931,75.78091397849441,81.68163414310347,TTNP
2018-01-10,4860.0,4860.0,4680.0,4680.0,4680.0,15,4917.6,4885.2,4759.2,5551.92,5977.08,7256.88,41.93950886468244,-164.9338758723543,-229.77758258688755,64.84370671453325,5219.999999734282,4759.2,4298.400000265718,65.45833333333312,75.45116487455176,TTNP
2018-01-11,4860.0,4860.0,4680.0,4788.0,4788.0,10,4867.2,4885.2,4755.6,5496.48,5965.56,7220.52,44.490225363218926,-159.86157479711255,-215.79438102893255,55.932806231819995,5214.314028295503,4755.6,4296.885971704498,52.48484848484827,64.57469859889194,TTNP
2018-01-12,4680.0,5040.0,4680.0,4968.0,4968.0,15,4888.8,4903.2,4761.0,5448.24,5961.24,7184.16,48.547387380040995,-139.706791051015,-200.57686303334904,60.87007198233405,5226.987982414887,4761.0,4295.012017585113,51.212121212121,56.385101010100804,TTNP
2018-01-16,4860.0,5220.0,4680.0,5040.0,5040.0,22,4888.8,4928.4,4788.0,5401.44,5959.44,7148.16,50.117903013760746,-116.58031613824915,-183.77755365432907,67.19723751607992,5252.943867316364,4788.0,4323.056132683636,62.87878787878767,55.52525252525232,TTNP
2018-01-17,5040.0,5040.0,4500.0,4860.0,4860.0,28,4867.2,4910.4,4809.6,5358.24,5954.04,7113.06,46.312037706134284,-111.49170683464854,-169.32038429039295,57.82867745574441,5244.827939998208,4809.6,4374.372060001792,64.39393939393919,59.49494949494929,TTNP
2018-01-18,4320.0,4932.0,4032.0,4500.0,4500.0,93,4831.2,4874.4,4818.6,5307.84,5939.64,7076.16,39.802043888263356,-134.95229263000874,-162.44676595831612,27.49447332830738,5219.009989579532,4818.6,4418.190010420469,54.797979797979586,60.69023569023549,TTNP
2018-01-19,4500.0,4680.0,4500.0,4572.0,4572.0,7,4788.0,4827.6,4831.2,5251.68,5927.76,7040.52,41.57105044892055,-146.0515858585104,-159.16772993835497,13.11614407984456,5180.678239315563,4831.2,4481.721760684437,44.94949494949473,54.71380471380451,TTNP
2018-01-22,5220.0,5220.0,4752.0,4860.0,4860.0,63,4766.4,4827.6,4842.0,5212.08,5920.56,7007.22,48.13636212864006,-130.10884880553022,-153.35595371179002,23.247104906259807,5180.859262460233,4842.0,4503.140737539767,51.515151515151295,50.420875420875205,TTNP
2018-01-23,4860.0,5220.0,4860.0,5148.0,5148.0,25,4788.0,4838.4,4874.4,5185.44,5916.24,6975.36,53.734794644200825,-93.1610195041294,-141.3169668702579,48.15594736612849,5199.916450821011,4874.4,4548.883549178989,69.69696969696948,55.387205387205164,TTNP
2018-01-24,5040.0,5220.0,4860.0,5220.0,5220.0,24,4860.0,4863.6,4883.4,5176.08,5910.84,6945.66,55.04138979154022,-57.408036210961654,-124.53518073839864,67.12714452743698,5235.593355637369,4883.4,4531.20664436263,87.87878787878766,69.69696969696948,TTNP
2018-01-25,5220.0,5220.0,5040.0,5148.0,5148.0,6,4989.6,4910.4,4897.8,5163.84,5908.32,6912.9,53.41678047711864,-34.48580672245771,-106.52530593521045,72.03949921275274,5268.075356667289,4897.8,4527.524643332711,95.95959595959575,84.5117845117843,TTNP
2018-01-26,5040.0,5220.0,4860.0,5040.0,5040.0,15,5083.2,4935.6,4910.4,5153.04,5901.12,6880.5,50.98578259861794,-24.749178983915954,-90.17008054495156,65.4209015610356,5282.020451206745,4910.4,4538.779548793254,92.92929292929273,92.25589225589205,TTNP
2018-01-29,4860.0,5040.0,4680.0,4860.0,4860.0,28,5083.2,4924.8,4914.0,5142.24,5892.12,6848.1,47.13553429372797,-31.197699371280578,-78.37560431021737,47.17790493893679,5282.186908723129,4914.0,4545.813091276871,82.82828282828262,90.57239057239038,TTNP
2018-01-30,4860.0,4860.0,4680.0,4860.0,4860.0,11,5025.6,4906.8,4917.6,5120.64,5884.92,6816.6,47.13553429372798,-35.89442959646658,-69.8793693674672,33.984939771000626,5282.178880017857,4917.6,4553.021119982143,74.74747474747454,83.50168350168332,TTNP
2018-01-31,4860.0,4860.0,4680.0,4680.0,4680.0,4,4917.6,4888.8,4899.6,5088.24,5875.92,6785.1,43.33979908026569,-53.52412501965773,-66.60832049790531,13.08419547824758,5273.653685658999,4899.6,4525.546314341002,64.64646464646444,74.07407407407389,TTNP
2018-02-01,4680.0,4860.0,4680.0,4860.0,4860.0,18,4860.0,4924.8,4899.6,5063.04,5867.64,6756.3,47.861393245581795,-52.36762855612233,-63.760182109548715,11.392553553426389,5273.653685658999,4899.6,4525.546314341002,64.64646464646444,68.01346801346783,TTNP
2018-02-02,4680.0,4860.0,4680.0,4788.0,4788.0,16,4809.6,4946.4,4887.0,5036.4,5857.92,6730.74,46.27077868927845,-56.60834923504899,-62.32981553464877,5.721466299599783,5258.254090556715,4887.0,4515.745909443285,62.62626262626242,63.97306397306378,TTNP
2018-02-05,4680.0,4860.0,4140.0,4320.0,4320.0,60,4701.6,4892.4,4860.0,5001.84,5845.32,6698.34,37.53805984288482,-96.6190751318145,-69.18766745408192,-27.43140767773258,5306.167681208639,4860.0,4413.832318791361,52.52525252525232,59.93265993265974,TTNP
2018-02-06,4140.0,4320.0,3960.0,4140.0,4140.0,41,4557.6,4791.6,4815.0,4973.04,5829.12,6668.64,34.81637661649878,-141.22441222891757,-83.59501640904905,-57.62939581986852,5351.810580889659,4815.0,4278.189419110341,34.054834054833854,49.73544973544955,TTNP
2018-02-07,4140.0,4320.0,3780.0,3960.0,3960.0,51,4413.6,4665.6,4764.6,4937.04,5812.92,6638.04,32.29474146462893,-188.9211930060901,-104.66025172845727,-84.26094127763284,5412.309934889902,4764.6,4116.8900651100985,17.00937950937931,34.52982202982185,TTNP
2018-02-08,3960.0,4140.0,3780.0,3960.0,3960.0,8,4233.6,4546.8,4728.6,4902.48,5798.52,6606.54,32.29474146462893,-224.13751762631273,-128.55570490802836,-95.58181271828437,5465.070610245296,4728.6,3992.129389754705,13.095238095237898,21.386483886483706,TTNP
2018-02-09,3960.0,4320.0,3780.0,4320.0,4320.0,25,4140.0,4474.8,4705.2,4870.08,5785.92,6575.04,42.032953258111334,-220.4564327261878,-146.93585047166025,-73.52058225452757,5462.09090346965,4705.2,3948.30909653035,20.833333333333137,16.979316979316803,TTNP
2018-02-12,3780.0,3960.0,3600.0,3600.0,3600.0,103,3996.0,4348.8,4636.8,4828.32,5765.04,6539.94,32.091296635984094,-272.49596526624646,-172.04787343057748,-100.44809183566898,5522.604854217391,4636.8,3750.9951457826087,16.66666666666647,16.865079365079186,TTNP
2018-02-13,3960.0,4140.0,3780.0,3960.0,3960.0,31,3960.0,4258.8,4582.8,4795.92,5748.84,6506.64,39.76292281711892,-281.44436295129253,-193.9271713347205,-87.51719161657203,5494.9862966275605,4582.8,3670.61370337244,19.90740740740721,19.135802469135626,TTNP
2018-02-14,3960.0,3960.0,3780.0,3780.0,3780.0,26,3924.0,4168.8,4528.8,4759.92,5729.04,6472.44,37.48284717868152,-299.6068470298751,-215.06310647375142,-84.54374055612368,5495.210595841694,4528.8,3562.3894041583067,11.111111111110915,15.895061728394886,TTNP
2018-02-15,3960.0,3960.0,3780.0,3888.0,3888.0,10,3909.6,4071.6,4498.2,4729.68,5710.32,6439.68,39.71644879844784,-301.8070058147496,-232.41188634195106,-69.39511947279851,5504.263139049983,4498.2,3492.1368609500164,17.777777777777583,16.265432098765256,TTNP
2018-02-16,3960.0,3960.0,3708.0,3888.0,3888.0,29,3823.2,3981.6,4464.0,4695.84,5692.32,6406.92,39.716448798447836,-300.09138086483927,-245.9477852465287,-54.14359561831057,5503.646093512162,4464.0,3424.353906487838,17.98941798941779,15.626102292768785,TTNP
2018-02-20,3960.0,3960.0,3600.0,3672.0,3672.0,24,3837.6,3916.8,4404.6,4657.68,5669.64,6373.98,36.67696858473245,-312.5581546976464,-259.26985913675225,-53.28829556089414,5482.022925203971,4404.6,3327.17707479603,16.190476190475994,17.319223985890478,TTNP
2018-02-21,3780.0,3780.0,3420.0,3420.0,3420.0,48,3729.6,3844.8,4318.2,4621.68,5642.64,6341.58,33.4597330580101,-338.86621790343406,-275.1891308900886,-63.67708701334544,5420.170525810516,4318.2,3216.2294741894834,9.523809523809327,14.567901234567726,TTNP
2018-02-22,3600.0,3600.0,3420.0,3600.0,3600.0,15,3693.6,3808.8,4237.2,4585.68,5615.64,6308.28,37.66576624858289,-341.2572506953934,-288.40275485114955,-52.85449584424384,5299.559938888464,4237.2,3174.840061111536,6.071428571428374,10.595238095237919,TTNP
2018-02-23,3816.0,3924.0,3528.0,3600.0,3600.0,17,3636.0,3772.8,4159.8,4549.68,5588.64,6274.98,37.66576624858289,-339.2415954674939,-298.5705229744184,-40.671072493075485,5169.720313566912,4159.8,3149.8796864330875,8.333333333333135,7.9761904761902995,TTNP
2018-02-26,3600.0,3600.0,3420.0,3600.0,3600.0,4,3578.4,3700.8,4087.8,4524.48,5558.04,6248.88,37.66576624858289,-333.7963773206493,-305.6156938436646,-28.18068347698471,5040.127590566973,4087.8,3135.4724094330277,14.999999999999801,9.801587301587125,TTNP
2018-02-27,3564.0,3600.0,3492.0,3600.0,3600.0,19,3564.0,3700.8,4024.8,4499.28,5522.76,6227.28,37.66576624858289,-325.7262334469601,-309.6378017643237,-16.08843168263644,4929.99779040555,4024.8,3119.6022095944495,17.4999999999998,13.611111111110935,TTNP
2018-02-28,3564.0,3780.0,3420.0,3600.0,3600.0,23,3600.0,3664.8,3961.8,4481.28,5492.16,6204.78,37.66576624858289,-315.69149128441813,-310.8485396683426,-4.842951616075538,4798.511563058075,3961.8,3125.0884369419255,19.9999999999998,17.499999999999822,TTNP
2018-03-01,3420.0,3600.0,3420.0,3456.0,3456.0,5,3571.2,3632.4,3900.6,4461.84,5452.92,6184.26,35.09508704375468,-315.7190694615215,-311.8226456269784,-3.8964238345431,4696.281443641298,3900.6,3104.9185563587016,14.666666666666467,17.38888888888871,TTNP
2018-03-02,3456.0,3600.0,3456.0,3528.0,3528.0,7,3556.8,3596.4,3834.0,4446.0,5401.8,6159.6,37.395783634638825,-306.39914843832275,-310.7379461892473,4.3387977509245275,4511.527268643185,3834.0,3156.4727313568146,12.999999999999801,15.88888888888871,TTNP
2018-03-05,3564.0,3780.0,3528.0,3708.0,3708.0,16,3578.4,3578.4,3780.0,4433.76,5352.48,6132.24,42.84988927287354,-281.2465134664344,-304.83965964468473,23.593146178250322,4298.199961168558,3780.0,3261.800038831442,19.66666666666647,15.777777777777601,TTNP
2018-03-06,3672.0,3780.0,3492.0,3492.0,3492.0,10,3556.8,3560.4,3738.6,4410.72,5305.32,6105.6,38.51376368414169,-275.56571383357095,-298.984870482462,23.419156648891033,4207.582046303591,3738.6,3269.617953696409,22.777777777777576,18.481481481481307,TTNP
2018-03-07,3492.0,3600.0,3456.0,3456.0,3456.0,3,3528.0,3564.0,3704.4,4389.84,5258.88,6078.78,37.82672013290889,-270.84638974704194,-293.357174335378,22.510784588336037,4150.509582675703,3704.4,3258.290417324297,19.999999999999797,20.81481481481464,TTNP
2018-03-08,3492.0,3600.0,3492.0,3600.0,3600.0,7,3556.8,3564.0,3686.4,4361.04,5219.28,6055.38,42.26345780904766,-252.57516557956706,-285.20077258421577,32.625607004648714,4118.639933087043,3686.4,3254.160066912957,17.777777777777576,20.185185185185006,TTNP
2018-03-09,3600.0,3708.0,3528.0,3600.0,3600.0,18,3571.2,3564.0,3668.4,4335.84,5181.48,6032.88,42.26345780904766,-235.38175444459876,-275.23696895629234,39.85521451169359,4083.1974924648084,3668.4,3253.6025075351918,24.44444444444424,20.740740740740563,TTNP
2018-03-12,3492.0,3600.0,3492.0,3528.0,3528.0,10,3535.2,3556.8,3628.8,4310.64,5142.96,6010.02,40.58405534633141,-224.97230977253412,-265.1840371195407,40.21172734700656,3920.0219767721765,3628.8,3337.578023227824,29.365079365079158,23.86243386243368,TTNP
2018-03-13,3492.0,3600.0,3384.0,3420.0,3420.0,20,3520.8,3538.8,3619.8,4283.28,5105.16,5983.92,38.13610800771336,-222.86835956197046,-256.7209016080266,33.85254204605616,3924.824326497241,3619.8,3314.775673502759,20.476190476190272,24.761904761904578,TTNP
2018-03-14,3456.0,3708.0,3456.0,3528.0,3528.0,45,3535.2,3531.6,3598.2,4258.08,5068.44,5959.26,41.90953674426159,-210.06477054159132,-247.38967539473956,37.32490485314824,3862.2299978318806,3598.2,3334.170002168119,18.25396825396805,22.698412698412515,TTNP
2018-03-15,3600.0,3708.0,3564.0,3564.0,3564.0,13,3528.0,3542.4,3587.4,4228.56,5035.68,5934.78,43.15422483786108,-194.76777321176087,-236.8652949581438,42.09752174638294,3838.1368336625083,3587.4,3336.663166337492,26.262626262626057,21.664261664261485,TTNP
2018-03-16,3600.0,3708.0,3600.0,3672.0,3672.0,8,3542.4,3556.8,3576.6,4204.8,5004.0,5910.84,46.83458912629456,-171.94798586546358,-223.88183313960775,51.93384727414417,3790.519984468737,3576.6,3362.6800155312626,48.282828282828085,30.93314093314076,TTNP
2018-03-19,3636.0,4428.0,3600.0,3888.0,3888.0,93,3614.4,3574.8,3576.6,4181.76,4970.88,5887.98,53.341016246208895,-134.87894465835916,-206.08125544335803,71.20231078499887,3790.519984468737,3576.6,3362.6800155312626,55.4858934169277,43.3437826541273,TTNP
2018-03-20,3780.0,4284.0,3672.0,3852.0,3852.0,28,3700.8,3610.8,3585.6,4161.6,4937.4,5864.94,52.19452232786047,-107.17096143731305,-186.29919664214904,79.12823520483599,3828.059398157922,3585.6,3343.140601842078,55.27690700104474,53.01520956693353,TTNP
2018-03-21,3960.0,4068.0,3780.0,3852.0,3852.0,16,3765.6,3650.4,3607.2,4137.84,4905.72,5842.26,52.19452232786047,-84.24110607680905,-165.88757852908105,81.64647245227201,3863.3824345170924,3607.2,3351.0175654829072,45.97701149425268,52.246603970741724,TTNP
2018-03-22,4680.0,5040.0,4140.0,4392.0,4392.0,504,3931.2,3729.6,3646.8,4126.32,4871.52,5821.92,65.2048843199128,-22.239184001464764,-137.1578996235578,114.91871562209303,4074.0337062487993,3646.8,3219.566293751201,50.17491254372794,50.47627701300848,TTNP
2018-03-23,5004.0,5004.0,3960.0,4032.0,4032.0,68,4003.2,3772.8,3668.4,4113.36,4832.64,5799.78,54.546897136788054,-2.1266902501101868,-110.15165774886827,108.02496749875809,4126.548621906795,3668.4,3210.2513780932045,48.275862068965324,48.142595368982,TTNP
2018-03-26,4140.0,4140.0,3636.0,3708.0,3708.0,39,3967.2,3790.8,3673.8,4091.76,4794.12,5775.12,47.08714175057037,-12.190956510443357,-90.5595175011833,78.36856099073994,4131.14171005397,3673.8,3216.45828994603,39.85507246376792,46.10194902548708,TTNP
2018-03-27,3780.0,3924.0,3600.0,3744.0,3744.0,22,3945.6,3823.2,3681.0,4067.28,4757.76,5750.64,47.939080831658906,-17.065342252750725,-75.86068245149679,58.79534019874606,4138.001531458154,3681.0,3223.9984685418463,26.811594202898352,38.314176245210554,TTNP
2018-03-28,3600.0,3780.0,3600.0,3600.0,3600.0,9,3895.2,3830.4,3681.0,4038.48,4719.96,5726.34,44.82980772750962,-32.17700809355847,-67.12394757990913,34.94693948635066,4138.001531458154,3681.0,3223.9984685418463,18.115942028985312,28.260869565217217,TTNP
2018-03-29,3672.0,4140.0,3600.0,3780.0,3780.0,16,3772.8,3852.0,3697.2,4016.88,4687.56,5702.04,49.25992261443836,-29.2909684179117,-59.55735174750964,30.266383329597943,4144.006266468033,3697.2,3250.393733531967,19.565217391304156,21.497584541062626,TTNP
2018-04-02,3780.0,3816.0,3528.0,3600.0,3600.0,25,3686.4,3844.8,3700.8,3998.88,4653.36,5677.74,45.33917581981292,-41.05500037097545,-55.8568814722028,14.801881101227352,4143.233994800463,3700.8,3258.366005199538,16.666666666666472,18.115942028985334,TTNP
2018-04-03,3672.0,3672.0,3456.0,3600.0,3600.0,13,3664.8,3816.0,3695.4,3979.44,4615.56,5653.44,45.33917581981293,-49.80397127014567,-54.64629943179138,4.84232816164571,4139.9817807277905,3695.4,3250.8182192722097,15.349143610012982,17.19367588932789,TTNP
2018-04-04,3456.0,4104.0,3384.0,3708.0,3708.0,29,3657.6,3801.6,3706.2,3956.4,4584.24,5631.48,48.20771483559729,-47.47562686043375,-53.21216491751985,5.736538057086101,4140.876707168783,3706.2,3271.523292831217,13.899868247694142,15.30522617479122,TTNP
2018-04-05,3780.0,3780.0,3492.0,3672.0,3672.0,4,3672.0,3783.6,3717.0,3926.88,4556.16,5606.64,47.31634244035492,-47.98218748689396,-52.16616943139467,4.183981944500708,4136.751354679285,3717.0,3297.248645320715,15.349143610012982,14.86605182257339,TTNP
2018-04-06,3672.0,3708.0,3492.0,3672.0,3672.0,6,3650.4,3711.6,3720.6,3895.92,4536.0,5582.7,47.31634244035492,-47.83225991518157,-51.29938752815205,3.4671276129704864,4137.501139066688,3720.6,3303.698860933312,18.115942028985316,15.788317962230835,TTNP
2018-04-09,3564.0,3708.0,3492.0,3492.0,3492.0,9,3628.8,3657.6,3715.2,3862.8,4513.32,5556.96,42.73430482976735,-61.52867267335341,-53.34524455719232,-8.183428116161089,4140.914270086287,3715.2,3289.485729913713,13.768115942028794,15.74440052700905,TTNP
2018-04-10,3456.0,3744.0,3456.0,3744.0,3744.0,29,3657.6,3661.2,3726.0,3836.88,4494.96,5532.48,50.0300420998797,-51.4557348323392,-52.9673426122217,1.511607779882496,4143.041004884526,3726.0,3308.9589951154744,15.217391304347634,15.70048309178727,TTNP
2018-04-11,3564.0,3600.0,3528.0,3564.0,3564.0,3,3628.8,3643.2,3733.2,3810.96,4476.6,5511.6,45.5646524766578,-57.33641618388219,-53.8411573265538,-3.4952588573283947,4133.496689662936,3733.2,3332.9033103370643,13.043478260869373,14.009661835748622,TTNP
2018-04-12,3564.0,3780.0,3564.0,3744.0,3744.0,6,3643.2,3657.6,3744.0,3788.64,4454.64,5492.52,50.338143643630126,-46.93140680194165,-52.45920722163137,5.527800419689719,4133.066574965129,3744.0,3354.933425034871,18.27697262479852,15.512614063338532,TTNP
2018-04-13,3672.0,3816.0,3600.0,3600.0,3600.0,3,3628.8,3639.6,3745.8,3767.04,4427.64,5473.62,46.80227019227594,-49.73168256478675,-51.91370229026244,2.1820197254756906,4131.840204842826,3745.8,3359.7597951571743,20.554405337013844,17.291618740893934,TTNP
2018-04-16,3492.0,3672.0,3492.0,3564.0,3564.0,12,3643.2,3636.0,3740.4,3741.12,4402.08,5456.34,45.933600442809194,-54.23068286257376,-52.377098404724705,-1.8535844578490526,4133.377556299464,3740.4,3347.4224437005355,24.86772486772468,21.23303427651237,TTNP
2018-04-17,3564.0,3600.0,3492.0,3492.0,3492.0,15,3592.8,3625.2,3720.6,3715.2,4375.8,5437.8,44.16793056183362,-62.88111690941423,-54.47790210566261,-8.403214803751624,4121.65680365143,3720.6,3319.54319634857,22.222222222222033,22.54811747565354,TTNP
2018-04-18,3492.0,3528.0,3492.0,3492.0,3492.0,35,3578.4,3603.6,3702.6,3698.64,4350.24,5421.06,44.16793056183362,-68.9419285767749,-57.37070739988506,-11.571221176889836,4110.704104065495,3702.6,3294.495895934505,17.460317460317274,21.516754850088017,TTNP
2018-04-19,3456.0,3528.0,3456.0,3492.0,3492.0,10,3528.0,3585.6,3684.6,3685.68,4329.36,5403.42,44.16793056183362,-72.9047647426355,-60.477518868435155,-12.427245874200352,4096.497268448213,3684.6,3272.7027315517876,14.523809523809335,18.068783068782903,TTNP
2018-04-20,3492.0,3528.0,3420.0,3456.0,3456.0,24,3499.2,3564.0,3637.8,3675.6,4306.32,5386.5,43.13253090406057,-78.05052225443342,-63.99211954563481,-14.05840270879861,3904.7588727783573,3637.8,3370.841127221643,13.095238095237908,15.02645502645486,TTNP
2018-04-23,3384.0,3492.0,3384.0,3420.0,3420.0,5,3470.4,3556.8,3607.2,3664.8,4283.64,5370.3,42.070437581727774,-84.06442888328456,-68.00658141316475,-16.05784747011981,3821.51341478102,3607.2,3392.8865852189797,9.999999999999813,12.539682539682373,TTNP
2018-04-24,3420.0,3528.0,3348.0,3456.0,3456.0,14,3463.2,3528.0,3594.6,3647.52,4258.8,5353.38,43.56693528856308,-84.94638502972612,-71.39454213647703,-13.551842893249088,3813.312962018941,3594.6,3375.8870379810587,12.692307692307503,11.92918192918176,TTNP
2018-04-25,3420.0,3528.0,3276.0,3348.0,3348.0,14,3434.4,3506.4,3574.8,3642.48,4235.4,5336.82,40.2109069853128,-93.28471095608666,-75.77257590039895,-17.512135055687708,3807.1046270634524,3574.8,3342.495372936548,13.803418803418614,12.165242165241997,TTNP
2018-04-26,3240.0,3456.0,3240.0,3420.0,3420.0,7,3420.0,3474.0,3565.8,3631.68,4213.8,5320.62,43.34423687911897,-93.0109240213992,-79.220245524599,-13.790678496800211,3807.268506756246,3565.8,3324.3314932437543,22.553418803418612,16.349715099714928,TTNP
2018-04-27,3528.0,3528.0,3276.0,3384.0,3384.0,11,3405.6,3452.4,3546.0,3623.76,4191.84,5304.24,42.154681522213274,-94.60825990993317,-82.29784840166583,-12.310411508267336,3778.750509677415,3546.0,3313.249490322585,23.194444444444255,19.85042735042718,TTNP
2018-04-30,3420.0,3456.0,3276.0,3312.0,3312.0,6,3384.0,3427.2,3531.6,3612.24,4170.96,5287.5,39.8019502377666,-100.52516683217573,-85.94331208776781,-14.58185474440792,3784.011092773473,3531.6,3279.1889072265267,22.916666666666476,22.888176638176464,TTNP
2018-05-01,3204.0,3240.0,3060.0,3168.0,3168.0,35,3326.4,3394.8,3510.0,3597.84,4146.84,5268.24,35.5307883071147,-115.50251365920667,-91.85515240205558,-23.64736125715109,3805.551010411228,3510.0,3214.448989588772,17.26190476190457,21.124338624338453,TTNP
2018-05-02,3168.0,3168.0,3060.0,3096.0,3096.0,14,3276.0,3355.2,3479.4,3586.32,4122.0,5248.62,33.589880820625936,-131.66422398056466,-99.8169667177574,-31.84725726280726,3811.1278398854874,3479.4,3147.6721601145127,10.515873015872826,16.89814814814798,TTNP
2018-05-03,3096.0,3132.0,2952.0,2952.0,2952.0,13,3182.4,3301.2,3443.4,3576.96,4099.32,5229.18,30.053859150677514,-154.3132651271494,-110.7162263996358,-43.597038727513606,3834.642328685298,3443.4,3052.1576713147024,6.34920634920616,11.375661375661204,TTNP
2018-05-04,2880.0,2988.0,2160.0,2160.0,2160.0,150,2937.6,3171.6,3367.8,3548.16,4066.92,5204.88,18.511485995120815,-233.47917183598747,-135.26881548690613,-98.21035634908134,4038.0093999304195,3367.8,2697.590600069581,1.5873015873013976,6.150793650793481,TTNP
2018-05-07,2340.0,2880.0,2340.0,2700.0,2700.0,82,2815.2,3099.6,3328.2,3530.16,4039.92,5183.28,36.436384890067515,-249.76608823936795,-158.16827003739849,-91.59781820196946,4055.533650916209,3328.2,2600.8663490837907,13.157894736841916,7.031467557783177,TTNP
2018-05-08,2700.0,2772.0,2520.0,2520.0,2520.0,22,2685.6,3006.0,3267.0,3508.56,4016.52,5159.88,33.769818097512896,-274.0391299999724,-181.34244202991326,-92.69668797005912,4048.083862178127,3267.0,2485.916137821873,21.92982456140332,12.225006961848896,TTNP
2018-05-09,2520.0,2520.0,2412.0,2484.0,2484.0,14,2563.2,2919.6,3213.0,3486.24,3992.76,5137.2,33.24577343101153,-292.8053122340648,-203.63501607074357,-89.17029616332121,4051.691838373964,3213.0,2374.308161626036,29.824561403508582,21.637426900584625,TTNP
2018-05-10,2520.0,2520.0,2412.0,2448.0,2448.0,32,2462.4,2822.4,3148.2,3463.2,3972.24,5114.34,32.6993078325156,-307.04314375953254,-224.31664160850136,-82.72650215103118,4012.6423866025425,3148.2,2283.757613397457,23.6842105263156,25.146198830409187,TTNP
2018-05-11,2448.0,2520.0,2448.0,2484.0,2484.0,16,2527.2,2732.4,3092.4,3443.76,3952.8,5091.66,33.86991227637091,-311.82727793179856,-241.8187688731608,-70.00850905863777,3976.828493296715,3092.4,2207.9715067032853,22.80701754385946,25.438596491227898,TTNP
2018-05-14,2520.0,3240.0,2520.0,3024.0,3024.0,103,2592.0,2703.6,3065.4,3433.68,3939.84,5072.58,48.37516387285096,-268.9450209108468,-247.24401928069798,-21.701001630148795,3923.159966281416,3065.4,2207.640033718584,35.96491228070156,27.48538011695889,TTNP
2018-05-15,2988.0,3024.0,2808.0,2916.0,2916.0,35,2671.2,2678.4,3036.6,3417.84,3925.8,5052.06,46.19285772036969,-240.89829508633102,-245.9748744418246,5.076579355493578,3873.5593537054833,3036.6,2199.6406462945165,47.36842105263139,35.38011695906415,TTNP
2018-05-16,3240.0,3240.0,2700.0,3024.0,3024.0,53,2779.2,2671.2,3013.2,3408.48,3909.6,5032.98,48.68581779453584,-207.56370026556988,-238.29263960657366,30.72893934100378,3823.671862408005,3013.2,2202.7281375919947,60.52631578947349,47.953216374268834,TTNP
2018-05-17,3096.0,3096.0,2808.0,2952.0,2952.0,12,2880.0,2671.2,2986.2,3398.4,3894.12,5014.44,47.11848878006475,-184.82504392149121,-227.59912046955716,42.77407654806595,3766.4870239566308,2986.2,2205.912976043369,59.84405458089649,55.91293047433381,TTNP
2018-05-18,2880.0,3024.0,2700.0,2808.0,2808.0,11,2944.8,2736.0,2953.8,3382.56,3871.8,4995.18,44.06322531893206,-176.39076850750916,-217.35745007714758,40.96668156963841,3706.6993556612265,2953.8,2200.900644338774,61.423001949317545,60.5977907732292,TTNP
2018-05-21,2736.0,3024.0,2556.0,2736.0,2736.0,43,2887.2,2739.6,2919.6,3365.28,3850.56,4974.66,42.576661343603256,-173.51615650501617,-208.5891913627213,35.073034857705125,3646.3721511967124,2919.6,2192.8278488032875,58.148148148147946,59.80506822612068,TTNP
2018-05-22,2736.0,2952.0,2628.0,2880.0,2880.0,38,2880.0,2775.6,2890.8,3352.32,3831.48,4954.86,46.46663402132092,-157.79939603007142,-198.43123229619133,40.631836266119905,3574.6484040743917,2890.8,2206.9515959256087,59.999999999999794,59.85705003248845,TTNP
2018-05-23,2988.0,3024.0,2844.0,2916.0,2916.0,27,2858.4,2818.8,2869.2,3342.24,3812.76,4936.14,47.42550009768098,-140.81561621602577,-186.90810908015823,46.09249286413245,3520.431940060607,2869.2,2217.968059939393,63.33333333333312,60.493827160493645,TTNP
2018-05-24,3024.0,3024.0,2808.0,2808.0,2808.0,19,2829.6,2854.8,2838.6,3327.84,3792.96,4918.68,44.831202863673845,-134.51988426808657,-176.4304641177439,41.910579849657324,3438.9586925789463,2838.6,2238.2413074210535,62.88888888888869,62.074074074073884,TTNP
2018-05-25,2880.0,3024.0,2844.0,2988.0,2988.0,7,2865.6,2905.2,2818.8,3316.32,3772.44,4905.72,49.7636177805149,-113.69536625453748,-163.8834445451026,50.18807829056513,3370.011610686033,2818.8,2267.5883893139676,63.85507246376792,63.359098228663264,TTNP
2018-05-29,3024.0,3024.0,2880.0,2916.0,2916.0,7,2901.6,2894.4,2799.0,3301.2,3753.0,4890.6,47.918132251878944,-101.82777674244562,-151.4723109845712,49.64453424212559,3304.4764087028175,2799.0,2293.5235912971825,60.811594202898355,62.51851851851834,TTNP
2018-05-30,3024.0,3384.0,2952.0,3312.0,3312.0,41,2988.0,2934.0,2806.2,3289.68,3735.72,4878.36,57.29795700988291,-59.77963365755977,-133.13377551916892,73.35414186160915,3336.011890915166,2806.2,2276.3881090848336,74.34245840042921,66.33637502236519,TTNP
2018-05-31,3384.0,3456.0,3204.0,3420.0,3420.0,36,3088.8,2973.6,2822.4,3281.04,3721.32,4866.66,59.44324042516267,-17.539297808631545,-110.01487997706144,92.4755821684299,3403.953230371126,2822.4,2240.846769628874,83.29690974618491,72.81698744983753,TTNP
2018-06-01,3456.0,3456.0,3276.0,3348.0,3348.0,25,3196.8,3013.2,2842.2,3270.96,3704.4,4852.8,57.37384538005429,10.011270709003384,-86.00964983984848,96.02092054885186,3465.5200139215003,2842.2,2218.8799860784993,92.49423416090063,83.37786743583827,TTNP
2018-06-04,3348.0,3348.0,3024.0,3168.0,3168.0,23,3232.8,3049.2,2892.6,3246.48,3686.4,4838.04,52.45718094246607,17.123411049497918,-65.3830376619792,82.50644871147712,3446.2397382369695,2892.6,2338.9602617630303,84.2967032967031,86.69594906792956,TTNP
2018-06-05,3168.0,3168.0,3060.0,3096.0,3096.0,7,3268.8,3085.2,2912.4,3227.76,3670.56,4823.82,50.58967009947241,16.756872443908378,-48.95505564080169,65.71192808471007,3465.395623631052,2912.4,2359.4043763689483,72.15384615384596,82.98159453714992,TTNP
2018-06-06,3096.0,3348.0,3096.0,3276.0,3276.0,12,3261.6,3124.8,2950.2,3219.12,3655.44,4810.5,54.91132740987257,30.637711172361833,-33.03650227816898,63.674213450530814,3494.0145269805703,2950.2,2406.3854730194294,69.33333333333314,75.26129426129408,TTNP
2018-06-07,3312.0,3672.0,3312.0,3636.0,3636.0,80,3304.8,3196.8,3007.8,3216.96,3642.12,4801.68,62.05888053997277,69.88181318271882,-12.452839185991422,82.33465236871024,3584.912675094813,3007.8,2430.6873249051873,78.9247311827955,73.47063688999155,TTNP
2018-06-08,3636.0,3816.0,3636.0,3708.0,3708.0,117,3376.8,3286.8,3070.8,3219.12,3628.8,4794.12,63.31154301655233,105.57583255627242,11.152895162461348,94.42293739381107,3664.5708646903245,3070.8,2477.029135309676,89.40092165898598,79.21966205837155,TTNP
2018-06-11,3816.0,4104.0,3744.0,3816.0,3816.0,80,3506.4,3369.6,3137.4,3219.84,3618.36,4786.2,65.1691910462269,140.95347357479704,37.113010844928496,103.84046272986855,3751.4190223072073,3137.4,2523.380977692793,89.56352328500225,85.96305870892792,TTNP
2018-06-12,3780.0,4032.0,3672.0,3744.0,3744.0,13,3636.0,3452.4,3173.4,3222.72,3610.8,4775.22,62.88326339770205,161.321101454555,61.9546289668538,99.3664724877012,3838.8743870015555,3173.4,2507.9256129984446,81.3795328429473,86.78132592897852,TTNP
2018-06-13,3816.0,3996.0,3708.0,3996.0,3996.0,34,3780.0,3520.8,3227.4,3230.64,3605.04,4766.4,67.2175205611708,195.54279165716252,88.67226150491555,106.87053015224697,3971.2248179209264,3227.4,2483.575182079074,81.45889792231237,84.13398468342065,TTNP
2018-06-14,4104.0,4140.0,3528.0,3816.0,3816.0,87,3816.0,3560.4,3267.0,3232.8,3594.6,4757.58,61.677301904032554,205.7672749594085,112.09126419581415,93.67601076359435,4046.755346089463,3267.0,2487.244653910537,79.62962962962945,80.82268679829639,TTNP
2018-06-15,3780.0,3888.0,3636.0,3780.0,3780.0,19,3830.4,3603.6,3308.4,3234.96,3580.92,4748.58,60.601475268401884,208.56118894311248,131.3852491452738,77.17593979783868,4104.610625246292,3308.4,2512.189374753708,79.36507936507918,80.15120230567368,TTNP
2018-06-18,3600.0,3744.0,3600.0,3636.0,3636.0,18,3794.4,3650.4,3349.8,3234.24,3565.08,4737.96,56.36621165425739,196.88620771731803,144.48544085968265,52.400766857635375,4123.414787704511,3349.8,2576.1852122954892,68.00144300144282,75.66538399871716,TTNP
2018-06-19,3600.0,3672.0,3600.0,3600.0,3600.0,6,3765.6,3700.8,3393.0,3236.4,3549.6,4728.96,55.32522507154031,182.62363031571476,152.1130787508891,30.510551564825676,4119.763235005113,3393.0,2666.2367649948874,60.20574407671163,69.19075548107789,TTNP
2018-06-20,3636.0,3780.0,3600.0,3780.0,3780.0,14,3722.4,3751.2,3438.0,3237.12,3537.0,4719.06,59.366049827980675,183.72703969832492,158.43587094037625,25.291168757948668,4143.269310090192,3438.0,2732.730689909807,58.97686542847814,62.394684168877546,TTNP
2018-06-21,3780.0,3996.0,3780.0,3924.0,3924.0,24,3744.0,3780.0,3488.4,3244.32,3527.64,4709.88,62.30358053288742,193.98495827788201,165.5456884078774,28.43926987000461,4181.210623298383,3488.4,2795.589376701617,66.66666666666647,61.949758723952094,TTNP
2018-06-22,3960.0,3960.0,3744.0,3744.0,3744.0,28,3736.8,3783.6,3535.2,3244.32,3516.48,4700.7,56.77811310521395,185.4521599196678,169.52698271023547,15.92517720943232,4161.06183759285,3535.2,2909.3381624071503,70.57347670250876,65.4056695992178,TTNP
2018-06-25,3780.0,3924.0,3636.0,3888.0,3888.0,9,3787.2,3790.8,3580.2,3250.08,3508.56,4692.24,59.846132292746304,188.14068360004512,173.2497228881974,14.890960711847725,4170.632925703757,3580.2,2989.7670742962428,73.28018786305752,70.1734437440776,TTNP
2018-06-26,3924.0,3924.0,3636.0,3708.0,3708.0,5,3808.8,3787.2,3619.8,3252.96,3497.04,4682.34,54.6263627430598,173.74404906358768,173.34858812327545,0.39546094031223333,4127.119070955442,3619.8,3112.4809290445583,62.340496418457235,68.73138699467454,TTNP
2018-06-27,3636.0,3960.0,3636.0,3924.0,3924.0,18,3837.6,3780.0,3650.4,3261.6,3488.4,4673.16,59.22258348139058,177.71541460837352,174.22195342029505,3.49346118807847,4153.576469794738,3650.4,3147.2235302052627,62.798012758326514,66.13956567994713,TTNP
2018-06-28,3924.0,3960.0,3816.0,3888.0,3888.0,11,3830.4,3787.2,3673.8,3269.52,3484.08,4664.7,58.16505311858901,175.92984157812452,174.56353105186093,1.3663105262635895,4175.467459334463,3673.8,3172.1325406655383,57.11849957374233,60.7523362501754,TTNP
2018-06-29,3852.0,3924.0,3744.0,3924.0,3924.0,5,3866.4,3801.6,3702.6,3278.16,3481.92,4655.52,58.954380189971076,175.397784741569,174.73038178980255,0.6674029517664621,4192.13381880632,3702.6,3213.06618119368,62.745098039215485,60.88720345709481,TTNP
2018-07-02,3960.0,3960.0,3816.0,3816.0,3816.0,20,3852.0,3819.6,3735.0,3285.36,3480.48,4646.7,55.56717113220856,164.36671132556057,172.65764769695414,-8.29093637139357,4160.27261815816,3735.0,3309.72738184184,56.86274509803901,58.908780903665644,TTNP
2018-07-03,3744.0,3744.0,3060.0,3672.0,3672.0,40,3844.8,3826.8,3763.8,3290.4,3477.6,4638.06,51.332301182722205,142.36382803580364,166.59888376472404,-24.2350557289204,4074.7158081460198,3763.8,3452.8841918539806,56.143790849672996,58.58387799564253,TTNP
2018-07-05,3708.0,3708.0,3204.0,3204.0,3204.0,32,3700.8,3769.2,3760.2,3285.36,3466.44,4626.18,40.523121698603525,86.16938867162617,150.51298474610445,-64.34359607447828,4094.4188500894306,3760.2,3425.981149910569,39.703368526897734,50.90330149153662,TTNP
2018-07-06,3204.0,3240.0,3060.0,3132.0,3132.0,51,3549.6,3690.0,3735.0,3281.04,3461.76,4613.4,39.15702023457502,35.416829184915514,127.49375363386666,-92.07692444895115,4165.120912947858,3735.0,3304.8790870521416,26.58119658119638,40.809451985922415,TTNP
2018-07-09,3096.0,3168.0,3060.0,3168.0,3168.0,22,3398.4,3632.4,3708.0,3276.0,3453.84,4601.34,40.24177714179419,-1.878387839543393,101.61932533918464,-103.49771317872803,4204.225754828485,3708.0,3211.7742451715153,11.53846153846134,25.94100888218519,TTNP
2018-07-10,3168.0,3168.0,3024.0,3060.0,3060.0,30,3247.2,3549.6,3670.2,3269.52,3446.64,4587.84,38.05006606706466,-39.69226570383944,73.35700713057983,-113.04927283441927,4237.802536776484,3670.2,3102.5974632235157,7.644824311490777,15.25482747704954,TTNP
2018-07-11,3060.0,3168.0,2700.0,3168.0,3168.0,38,3146.4,3495.6,3641.4,3266.64,3439.44,4574.88,41.482308968228956,-60.25080516214757,46.63544467203435,-106.88624983418192,4248.200263476454,3641.4,3034.5997365235457,17.11775878442525,12.100348211459163,TTNP
2018-07-12,2844.0,3096.0,2808.0,3060.0,3060.0,22,3117.6,3409.2,3594.6,3264.48,3431.16,4561.74,39.146614356825296,-84.28668872450089,20.451017992727305,-104.73770671722819,4228.557853295544,3594.6,2960.642146704456,22.795414462080927,15.852665852665693,TTNP
2018-07-13,2916.0,3204.0,2916.0,3168.0,3168.0,12,3124.8,3337.2,3562.2,3265.92,3426.12,4547.88,42.62562523083574,-93.54230474942733,-2.347646555703623,-91.19465819372371,4213.58117853919,3562.2,2910.8188214608094,33.94179894179874,24.61832406276834,TTNP
2018-07-16,3168.0,3600.0,2808.0,3276.0,3276.0,12,3146.4,3272.4,3537.0,3272.4,3424.68,4533.66,45.953184746107674,-91.11246197978926,-20.10060964052075,-71.0118523392685,4191.715205074007,3537.0,2882.2847949259926,37.14285714285694,31.29335684891224,TTNP
2018-07-17,3276.0,3312.0,3240.0,3240.0,3240.0,4,3182.4,3214.8,3517.2,3294.0,3421.08,4518.36,45.01597254919411,-91.04221522887883,-34.288930758192365,-56.75328447068647,4182.606221608353,3517.2,2851.793778391647,41.904761904761706,37.66313932980583,TTNP
2018-07-18,3132.0,3240.0,3060.0,3204.0,3204.0,2,3189.6,3168.0,3497.4,3304.08,3417.12,4502.88,44.04850114967089,-92.82145535020118,-45.99543567659413,-46.82601967360705,4175.223693710319,3497.4,2819.5763062896813,42.857142857142655,40.63492063492047,TTNP
2018-07-19,3240.0,3240.0,3168.0,3168.0,3168.0,3,3211.2,3164.4,3466.8,3317.04,3412.8,4485.42,43.0520634444269,-96.02944740707517,-56.002238022690335,-40.02720938438483,4146.084800179637,3466.8,2787.515199820364,39.999999999999794,41.587301587301425,TTNP
2018-07-20,3276.0,3564.0,3168.0,3348.0,3348.0,7,3247.2,3186.0,3438.0,3334.32,3410.28,4466.52,49.23554961726829,-83.08950446124072,-61.41969131040041,-21.669813150840312,4085.3997217755796,3438.0,2790.6002782244204,42.85714285714264,41.904761904761735,TTNP
2018-07-23,3456.0,3456.0,3132.0,3456.0,3456.0,9,3283.2,3214.8,3423.6,3354.48,3408.84,4450.5,52.56369427491748,-63.38909896850737,-61.8135728420218,-1.5755261264855704,4055.7665601367266,3423.6,2791.433439863273,53.661740558292074,45.50629447181154,TTNP
2018-07-24,3456.0,3456.0,3276.0,3420.0,3420.0,5,3319.2,3250.8,3400.2,3373.2,3408.48,4430.7,51.355075580461396,-50.10372031786392,-59.47160233719022,9.367882019326302,3995.442336998215,3400.2,2804.9576630017846,65.09031198686351,53.86973180076611,TTNP
2018-07-25,3420.0,3420.0,3168.0,3348.0,3348.0,4,3348.0,3268.8,3382.2,3379.68,3406.68,4404.24,48.93176548553468,-44.86755504664325,-56.550792879080824,11.683237832437577,3960.658503053677,3382.2,2803.7414969463225,71.94745484400636,63.566502463054015,TTNP
2018-07-26,3420.0,3420.0,3060.0,3348.0,3348.0,8,3384.0,3297.6,3353.4,3388.32,3403.08,4377.78,48.93176548553469,-40.253835189742404,-53.29140134121314,13.037566151470735,3875.7226586652096,3353.4,2831.0773413347906,71.8095238095236,69.61576354679785,TTNP
2018-07-27,3420.0,3420.0,3276.0,3420.0,3420.0,5,3398.4,3322.8,3330.0,3396.24,3402.36,4353.84,51.58152287085021,-30.43677450197447,-48.7204759733654,18.283701471390934,3792.988552509776,3330.0,2867.011447490224,74.66666666666646,72.80788177339883,TTNP
2018-07-30,3384.0,3420.0,3132.0,3240.0,3240.0,10,3355.2,3319.2,3295.8,3402.0,3400.2,4329.54,45.25907020144972,-36.75746171808805,-46.32787312230993,9.570411404221879,3670.943492220101,3295.8,2920.6565077798996,70.66666666666646,72.3809523809522,TTNP
2018-07-31,3348.0,3384.0,3240.0,3276.0,3276.0,11,3326.4,3322.8,3268.8,3411.36,3396.96,4308.12,46.66706670512898,-38.41888376241559,-44.74607525033106,6.327191487915471,3558.2364174652002,3268.8,2979.3635825348,66.36363636363616,70.5656565656564,TTNP
2018-08-01,3240.0,3384.0,3240.0,3384.0,3384.0,5,3333.6,3340.8,3254.4,3424.32,3394.8,4288.14,50.758944877220394,-30.66736104771553,-41.93033240980795,11.262971362092422,3484.799999468508,3254.4,3024.0000005314923,63.93939393939373,66.98989898989882,TTNP
2018-08-02,3384.0,3384.0,3168.0,3204.0,3204.0,8,3304.8,3344.4,3254.4,3430.8,3391.56,4267.26,44.61507157005422,-38.60371947867452,-41.265009823581266,2.661290344906746,3484.799999468508,3254.4,3024.0000005314923,60.606060606060396,63.63636363636346,TTNP
2018-08-03,3348.0,3348.0,3204.0,3204.0,3204.0,10,3261.6,3330.0,3258.0,3436.56,3389.4,4247.28,44.61507157005421,-44.38173569120727,-41.88835499710647,-2.4933806941008,3482.819927397683,3258.0,3033.180072602317,50.432900432900226,58.32611832611815,TTNP
2018-08-06,3348.0,3384.0,3240.0,3348.0,3348.0,4,3283.2,3319.2,3267.0,3447.36,3387.6,4228.02,50.20695031811214,-36.91571721736591,-40.89382744115836,3.9781102237924486,3491.0981922173837,3267.0,3042.9018077826163,45.238095238095035,52.092352092351916,TTNP
2018-08-07,3348.0,3348.0,3168.0,3348.0,3348.0,6,3297.6,3312.0,3281.4,3454.56,3385.44,4210.56,50.20695031811214,-30.645580610027537,-38.844178074932195,8.198597464904658,3486.663147581569,3281.4,3076.1368524184313,47.619047619047414,47.76334776334759,TTNP
2018-08-08,3348.0,3348.0,3204.0,3348.0,3348.0,7,3290.4,3312.0,3290.4,3463.2,3382.2,4193.1,50.20695031811214,-25.38384303322391,-36.152111066590535,10.768268033366624,3490.7101588913947,3290.4,3090.0898411086055,57.14285714285694,49.99999999999983,TTNP
2018-08-09,3240.0,3384.0,3204.0,3384.0,3384.0,2,3326.4,3315.6,3306.6,3464.64,3377.16,4174.02,51.72872031716356,-18.100329626517123,-32.54175477857585,14.441425152058727,3480.4095502413625,3306.6,3132.7904497586374,65.36796536796517,56.70995670995654,TTNP
2018-08-10,3204.0,3384.0,3204.0,3348.0,3348.0,2,3355.2,3308.4,3315.6,3463.2,3372.12,4154.76,50.080432510706785,-15.059396562840902,-29.04528313542886,13.985886572587958,3478.039403332756,3315.6,3153.1605966672437,70.56277056277037,64.35786435786419,TTNP
2018-08-13,3384.0,3384.0,3204.0,3204.0,3204.0,16,3326.4,3304.8,3312.0,3460.32,3365.64,4135.68,44.0360206090834,-23.992461580612144,-28.034718824465518,4.042257243853374,3480.854966628463,3312.0,3143.145033371537,64.84848484848466,66.92640692640676,TTNP
2018-08-14,3348.0,3348.0,3132.0,3240.0,3240.0,4,3304.8,3301.2,3312.0,3461.76,3354.12,4112.82,45.797313120671824,-27.84608845686489,-27.99699275094539,0.150904294080501,3480.854966628463,3312.0,3143.145033371537,54.24242424242405,63.21789321789306,TTNP
2018-08-15,3204.0,3204.0,2664.0,2664.0,2664.0,40,3168.0,3229.2,3285.0,3453.12,3340.44,4086.54,29.69445598489195,-76.49669540028935,-37.696933280814186,-38.79976211947517,3612.481296801969,3285.0,2957.518703198031,29.999999999999805,49.69696969696954,TTNP
2018-08-16,2808.0,2952.0,2664.0,2700.0,2700.0,22,3031.2,3178.8,3261.6,3441.6,3330.36,4062.24,31.319850804928716,-110.86971570752758,-52.331489766156864,-58.53822594137071,3674.832331449392,3261.6,2848.367668550608,18.253968253968058,34.165464165464,TTNP
2018-08-17,2700.0,2880.0,2664.0,2700.0,2700.0,41,2901.6,3128.4,3229.2,3422.88,3319.92,4038.84,31.319850804928716,-136.53667217949442,-69.17252624882437,-67.36414593067005,3706.8482385135558,3229.2,2751.551761486444,3.253968253968059,17.169312169312004,TTNP
2018-08-20,2664.0,2988.0,2664.0,2952.0,2952.0,10,2851.2,3088.8,3204.0,3407.76,3313.44,4016.7,42.173243954715986,-134.9875734361126,-82.33553568628201,-52.65203774983058,3684.2999060536026,3204.0,2723.7000939463974,16.587301587301393,12.698412698412534,TTNP
2018-08-21,2988.0,2988.0,2700.0,2736.0,2736.0,27,2750.4,3027.6,3169.8,3386.16,3303.0,3995.28,36.80449537400452,-149.46634139003118,-95.76169682703184,-53.704644562999334,3680.1753910163493,3169.8,2659.424608983651,18.33333333333314,12.724867724867563,TTNP
2018-08-22,2736.0,2880.0,2700.0,2808.0,2808.0,13,2779.2,2973.6,3142.8,3367.44,3295.08,3974.22,39.56621315043444,-153.36319558310106,-107.28199657824568,-46.08119900485538,3669.4838138343425,3142.8,2616.116186165658,23.33333333333314,19.417989417989258,TTNP
2018-08-23,2700.0,2772.0,2700.0,2736.0,2736.0,12,2786.4,2908.8,3112.2,3342.24,3286.44,3951.0,37.78781275077392,-160.41214749410346,-117.90802676141723,-42.50412073268623,3658.3924933163225,3112.2,2566.007506683677,13.333333333333139,18.33333333333317,TTNP
2018-08-24,2700.0,2844.0,2664.0,2700.0,2700.0,13,2786.4,2844.0,3076.2,3319.92,3276.36,3930.3,36.894865749571096,-166.97856682615247,-127.72213477436428,-39.256432051788195,3631.335875038801,3076.2,2521.0641249611986,11.666666666666472,16.111111111110947,TTNP
2018-08-27,2664.0,2988.0,2664.0,2808.0,2808.0,23,2757.6,2804.4,3054.6,3300.48,3267.72,3911.94,41.37089706022727,-161.60492309113488,-134.4986924377184,-27.106230653416475,3616.1423045106194,3054.6,2493.0576954893804,11.666666666666472,12.222222222222058,TTNP
2018-08-28,2880.0,2880.0,2700.0,2808.0,2808.0,10,2772.0,2761.2,3031.2,3283.92,3259.08,3897.54,41.37089706022727,-155.55315181052447,-138.70958431227962,-16.843567498244852,3592.8922998894514,3031.2,2469.5077001105483,14.999999999999806,12.777777777777615,TTNP
2018-08-29,2700.0,2808.0,2700.0,2736.0,2736.0,8,2757.6,2768.4,2998.8,3266.64,3251.52,3882.42,39.220025861249596,-154.78263981790315,-141.92419541340433,-12.858444404498812,3550.011610686036,2998.8,2447.5883893139644,16.666666666666472,14.444444444444281,TTNP
2018-08-30,2664.0,2664.0,2592.0,2628.0,2628.0,21,2736.0,2761.2,2970.0,3243.6,3240.36,3867.66,36.18137710948803,-161.03044221892196,-145.74544477450786,-15.284997444414103,3535.3261003660573,2970.0,2404.6738996339427,11.515151515151322,14.393939393939233,TTNP
2018-08-31,2484.0,2664.0,2484.0,2664.0,2664.0,19,2728.8,2757.6,2943.0,3218.4,3231.36,3853.98,37.908287072996536,-161.21854447363557,-148.8400647143334,-12.378479759302166,3512.6082862416006,2943.0,2373.3917137583994,11.792929292929097,13.324915824915662,TTNP
2018-09-04,2628.0,2664.0,2448.0,2484.0,2484.0,27,2664.0,2710.8,2899.8,3193.2,3218.76,3836.7,33.08727755467451,-173.88764402392508,-153.84958057625175,-20.038063447673323,3471.0441157290775,2899.8,2328.555884270923,10.046897546897352,11.118326118325953,TTNP
2018-09-05,2448.0,2520.0,2340.0,2376.0,2376.0,25,2577.6,2674.8,2851.2,3162.96,3206.52,3817.08,30.57479360589551,-190.44733576248336,-161.16913161349808,-29.27820414898528,3427.019971653557,2851.2,2275.3800283464425,10.383597883597687,10.74114157447474,TTNP
2018-09-06,2412.0,2412.0,2340.0,2412.0,2412.0,13,2512.8,2635.2,2804.4,3137.04,3195.0,3798.54,32.41702011290021,-198.3793183409839,-168.61116895899525,-29.76814938198865,3362.991943868775,2804.4,2245.8080561312254,7.142857142856947,9.191117524450691,TTNP
2018-09-07,2448.0,2448.0,2340.0,2340.0,2340.0,24,2455.2,2595.6,2752.2,3105.36,3183.48,3779.64,30.66444883697994,-208.0766913772336,-176.50427344264293,-31.572417934590675,3278.576139044219,2752.2,2225.8238609557807,5.555555555555359,7.694003527336694,TTNP
2018-09-10,2880.0,3024.0,2412.0,2412.0,2412.0,438,2404.8,2566.8,2705.4,3075.84,3172.68,3761.46,34.47920215596701,-207.55951422469752,-182.71532159905385,-24.84419262564367,3174.9344074240935,2705.4,2235.8655925759067,7.2124756335280695,6.636962777313488,TTNP
2018-09-11,2556.0,2556.0,2160.0,2304.0,2304.0,87,2368.8,2516.4,2660.4,3043.44,3160.8,3745.08,31.664936735459104,-213.40435247584765,-188.8531277744126,-24.551224701435046,3101.836926134521,2660.4,2218.963073865479,9.064327485379922,7.277452891487812,TTNP
2018-09-12,2196.0,2304.0,2160.0,2196.0,2196.0,71,2332.8,2455.2,2608.2,3011.04,3148.2,3727.26,29.10645758212351,-224.16706788656802,-195.91591579684368,-28.251152089724343,3008.091785055783,2608.2,2208.3082149442166,10.453216374268811,8.91000649772563,TTNP
2018-09-13,2196.0,2520.0,2160.0,2160.0,2160.0,40,2282.4,2397.6,2583.0,2980.8,3135.6,3709.62,28.286032879144113,-232.9165791868586,-203.31604847484667,-29.60053071201193,3026.76480229407,2583.0,2139.23519770593,6.944444444444248,8.820662768031022,TTNP
2018-09-14,2196.0,2268.0,2160.0,2160.0,2160.0,68,2246.4,2350.8,2556.0,2959.92,3122.64,3690.72,28.286032879144113,-237.11728941715,-210.07629666330735,-27.04099275384266,3032.5072924469205,2556.0,2079.4927075530795,1.3888888888886939,6.262183235867281,TTNP
2018-09-17,2160.0,2196.0,1836.0,1980.0,1980.0,39,2160.0,2282.4,2520.0,2936.88,3108.96,3672.18,24.312173197721478,-252.06522718256747,-218.47408276715936,-33.59114441540811,3052.994558841922,2520.0,1987.0054411580782,4.040404040403845,4.1245791245789585,TTNP
2018-09-18,1980.0,2160.0,1980.0,2052.0,2052.0,11,2109.6,2239.2,2475.0,2914.56,3095.28,3654.54,28.63127179617122,-255.16044648957495,-225.8113555116425,-29.349090977932462,3006.4726707509003,2475.0,1943.5273292490997,10.101010101009905,5.176767676767511,TTNP
2018-09-19,2124.0,2124.0,2016.0,2016.0,2016.0,21,2073.6,2203.2,2439.0,2893.68,3081.6,3636.72,27.77774195483957,-257.5494593769504,-232.15897628470407,-25.390483092246313,2991.9839055118105,2439.0,1886.0160944881895,15.151515151514955,9.7643097643096,TTNP
2018-09-20,2016.0,2160.0,1800.0,1800.0,1800.0,182,2001.6,2142.0,2388.6,2866.32,3066.48,3618.72,23.29125080286358,-273.71692577729345,-240.47056618322193,-33.24635959407152,2980.260848590726,2388.6,1796.9391514092738,11.111111111110915,12.121212121211954,TTNP
2018-09-21,792.0,828.0,792.0,792.0,792.0,1783,1728.0,1987.2,2291.4,2820.96,3042.72,3594.78,12.855942796931751,-363.67471938693757,-265.11139682396504,-98.56332256297253,3184.686157821275,2291.4,1398.113842178725,5.050505050504856,10.43771043771027,TTNP
2018-09-24,864.0,864.0,792.0,792.0,792.0,2729,1490.4,1825.2,2196.0,2773.44,3019.68,3570.84,12.855942796931751,-430.0100309684319,-298.0911236528584,-131.9189073155735,3281.267155936775,2196.0,1110.732844063225,-1.948071333875608e-13,5.3872053872052215,TTNP
2018-09-25,792.0,828.0,792.0,792.0,792.0,492,1238.4,1674.0,2095.2,2723.76,2998.08,3548.7,12.855942796931751,-477.0817419685379,-333.88924731599434,-143.1924946525436,3302.0540258685387,2095.2,888.3459741314609,-1.948071333875608e-13,1.6835016835015184,TTNP
2018-09-26,828.0,864.0,756.0,792.0,792.0,1134,993.6,1533.6,1994.4,2674.8,2984.4,3525.66,12.85594279693175,-508.5244586555891,-368.8162895839133,-139.7081690716758,3280.441741062511,1994.4,708.3582589374889,0.5291005291003342,0.17636684303334468,TTNP
2018-09-27,828.0,864.0,792.0,792.0,792.0,628,792.0,1396.8,1897.2,2626.56,2965.32,3502.62,12.855942796931751,-527.363915220594,-400.52581471124944,-126.83810050934454,3237.0772480175547,1897.2,557.3227519824457,1.0582010582008634,0.5291005291003641,TTNP
2018-09-28,792.0,792.0,720.0,756.0,756.0,320,784.8,1256.4,1803.6,2578.32,2947.68,3482.1,12.564716531683947,-538.986122897215,-428.21787634844253,-110.76824654877242,3187.0308655495214,1803.6,420.1691344504784,1.7117958294426934,1.0996991389146602,TTNP
2018-10-01,756.0,756.0,756.0,756.0,756.0,489,777.6,1134.0,1708.2,2526.48,2930.4,3461.58,12.56471653168395,-541.9495491635453,-450.96421091146306,-90.98533825208222,3104.2343261378264,1708.2,312.16567386217343,1.849361967008831,1.539786284884159,TTNP
2018-10-02,756.0,756.0,684.0,720.0,720.0,373,763.2,1000.8,1620.0,2471.76,2913.12,3442.68,12.24306463371431,-540.9670535127948,-468.9647794317294,-72.00227408106537,3031.6407474124208,1620.0,208.35925258757948,1.9738562091501322,1.8450046685339154,TTNP
2018-10-03,720.0,792.0,612.0,684.0,684.0,1191,741.6,867.6,1535.4,2417.04,2895.12,3423.96,11.914593406533282,-536.9042201281579,-482.55266757101515,-54.35155255714278,2958.4295006622656,1535.4,112.3704993377346,2.7695368002271423,2.1975849921287316,TTNP
2018-10-04,756.0,864.0,720.0,792.0,792.0,1828,741.6,766.8,1454.4,2365.92,2872.8,3406.32,18.940718515702073,-518.9871373324663,-489.8395615233054,-29.147575809160912,2852.8320361587457,1454.4,55.96796384125423,5.890748921439264,3.544713976938876,TTNP
2018-10-05,936.0,972.0,792.0,828.0,828.0,3883,756.0,770.4,1378.8,2315.52,2851.92,3388.86,21.197125339644177,-496.1633586482923,-491.10432094830276,-5.059037699989517,2740.552047824822,1378.8,17.047952175177898,9.888316940895107,6.182867554187201,TTNP
2018-10-08,864.0,900.0,756.0,756.0,756.0,1389,756.0,766.8,1296.0,2262.24,2829.24,3369.42,19.998126807022167,-478.37078721598164,-488.55761420183853,10.186826985856896,2596.392556021103,1296.0,-4.392556021102564,11.539816772374715,9.106294211569725,TTNP
2018-10-09,828.0,828.0,720.0,792.0,792.0,1269,770.4,766.8,1220.4,2213.28,2807.64,3350.88,22.362774148682558,-456.1074245585761,-482.06757627318603,25.960151714609935,2451.557893917387,1220.4,-10.75789391738681,11.627906976743992,11.018680230004634,TTNP
2018-10-10,792.0,792.0,756.0,792.0,792.0,2206,792.0,766.8,1150.2,2163.6,2787.48,3329.64,22.362774148682558,-433.4668136496849,-472.3474237484858,38.8806100988009,2308.812894695677,1150.2,-8.412894695677096,23.643410852712986,15.603711533943928,TTNP
2018-10-11,792.0,792.0,720.0,756.0,756.0,1175,784.8,763.2,1080.0,2111.04,2767.68,3309.12,21.62159479159437,-413.66044540312134,-460.6100280794129,46.949582676291584,2152.2924972949763,1080.0,7.707502705023671,33.87596899224787,23.049095607234978,TTNP
2018-10-12,756.0,792.0,720.0,720.0,720.0,709,763.2,759.6,1008.0,2061.36,2746.08,3288.78,20.876452815819764,-396.3003512452367,-447.74809271257766,51.44774146734096,1968.0599979975714,1008.0,47.94000200242863,39.99999999999981,32.50645994832025,TTNP
2018-10-15,792.0,900.0,756.0,828.0,828.0,6546,777.6,766.8,950.4,2013.84,2725.2,3268.98,28.803572992171805,-369.56750993925607,-432.1119761579133,62.54446621865725,1802.437182143536,950.4,98.36281785646406,43.333333333333144,39.0697674418603,TTNP
2018-10-16,864.0,900.0,792.0,792.0,792.0,3632,777.6,774.0,887.4,1962.72,2705.04,3249.0,27.80363137496884,-347.2831754694506,-415.1462160202208,67.86304055077017,1574.7172191609175,887.4,200.0827808390826,46.66666666666648,43.33333333333317,TTNP
2018-10-17,792.0,864.0,756.0,864.0,864.0,2821,792.0,792.0,829.8,1913.04,2683.8,3228.12,32.826382891580465,-320.1227062926007,-396.1415140746968,76.01880778209608,1282.0121623254918,829.8,377.58783767450814,59.99999999999981,49.99999999999984,TTNP
2018-10-18,936.0,1260.0,864.0,1152.0,1152.0,13053,871.2,828.0,797.4,1869.12,2666.16,3209.58,48.3156281599184,-272.22065544130703,-371.35734234801885,99.13668690671182,978.512561008607,797.4,616.287438991393,67.77777777777759,58.14814814814798,TTNP
2018-10-19,1476.0,1620.0,1260.0,1368.0,1368.0,15459,1000.8,882.0,826.2,1828.8,2646.72,3191.22,56.430159456254415,-214.35755969808474,-339.95738581803204,125.5998261199473,1133.763066305264,826.2,518.6369336947362,76.11111111111092,67.96296296296279,TTNP
2018-10-22,1440.0,1440.0,1152.0,1260.0,1260.0,5259,1087.2,932.4,849.6,1787.04,2625.12,3173.22,52.03145432423635,-175.19578884857356,-307.00506642414035,131.8092775755668,1209.887884552196,849.6,489.31211544780405,74.206349206349,72.69841269841253,TTNP
2018-10-23,1404.0,1872.0,1332.0,1728.0,1728.0,12764,1274.4,1026.0,896.4,1757.52,2608.92,3156.66,64.82637251073741,-105.18362321036875,-266.640777781386,161.45715457101727,1420.5184596587842,896.4,372.28154034121565,75.5952380952379,75.30423280423263,TTNP
2018-10-24,2124.0,2268.0,1728.0,1800.0,1800.0,18939,1461.6,1126.8,946.8,1728.72,2595.24,3140.82,66.31500920971062,-43.388523371770816,-221.99032689946299,178.60180352769217,1599.224892041296,946.8,294.3751079587039,73.85105204872627,74.55087978343774,TTNP
2018-10-25,1944.0,1944.0,1368.0,1512.0,1512.0,9190,1533.6,1202.4,982.8,1705.68,2579.4,3124.98,56.08924388459145,-17.45346197831941,-181.08295391523427,163.62949193691486,1675.311256049385,982.8,290.28874395061496,69.47674418604632,72.97434477667018,TTNP
2018-10-26,1368.0,1512.0,1296.0,1332.0,1332.0,3739,1526.4,1263.6,1011.6,1678.32,2559.96,3107.7,50.815215532557545,-11.294043940962183,-147.12517192037984,135.83112797941766,1711.8532111708564,1011.6,311.3467888291435,53.48837209302306,65.60538944259856,TTNP
2018-10-29,1548.0,1692.0,1332.0,1368.0,1368.0,4680,1548.0,1317.6,1042.2,1651.68,2537.28,3089.7,51.79155462834951,-3.467787143135638,-118.393694964931,114.92590782179536,1748.5618334501771,1042.2,335.838166549823,44.186046511627715,55.71705426356572,TTNP
2018-10-30,1296.0,1440.0,1188.0,1260.0,1260.0,4007,1454.4,1364.4,1069.2,1617.84,2512.8,3070.8,48.67022793884088,-5.911970140358335,-95.89735000001647,89.98537985965814,1765.4440949516884,1069.2,372.9559050483117,38.759689922480426,45.47803617571042,TTNP
2018-10-31,1224.0,1332.0,1080.0,1188.0,1188.0,2646,1332.0,1396.8,1094.4,1586.88,2486.52,3052.44,46.65167143387877,-13.503145193562887,-79.41850903872576,65.91536384516287,1769.2055718168726,1094.4,419.59442818312766,35.658914728681985,39.53488372093006,TTNP
2018-11-01,1152.0,1152.0,1008.0,1116.0,1116.0,2445,1252.8,1393.2,1110.6,1553.04,2460.24,3035.52,44.6570862119656,-25.040354762955985,-68.5428781835718,43.502523420615816,1770.9915200508683,1110.6,450.2084799491315,29.641934293096895,34.68684631475312,TTNP
2018-11-02,1152.0,1476.0,1116.0,1368.0,1368.0,5868,1260.0,1393.2,1137.6,1525.68,2433.96,3019.5,52.337961742647195,-13.691554798657762,-57.57261350658899,43.88105870793123,1793.7092590072912,1137.6,481.49074099270854,31.506090808416204,32.26897994339838,TTNP
2018-11-05,1476.0,1872.0,1440.0,1620.0,1620.0,10739,1310.4,1429.2,1180.8,1504.08,2412.0,3003.3,58.53538338073232,15.458548361959629,-42.96638113287927,58.4249294948389,1844.450992431336,1180.8,517.1490075686639,40.47619047619029,33.874738525901144,TTNP
2018-11-06,1728.0,1764.0,1476.0,1548.0,1548.0,3786,1368.0,1411.2,1218.6,1478.88,2389.68,2985.3,56.283548496403945,32.377192737235646,-27.897666358856288,60.27485909609193,1875.4495716334889,1218.6,561.750428366511,48.77899877899859,40.253760021201714,TTNP
2018-11-07,1584.0,1584.0,1404.0,1512.0,1512.0,2292,1432.8,1382.4,1254.6,1452.96,2368.44,2966.76,55.141327908461825,42.3917751653039,-13.83977805402425,56.23155321932815,1892.6333531682321,1254.6,616.5666468317678,48.62026862026843,45.95848595848579,TTNP
2018-11-08,1476.0,1512.0,1404.0,1476.0,1476.0,1472,1504.8,1378.8,1290.6,1427.76,2347.2,2948.4,53.96198230619687,46.88306595464178,-1.6952092522910434,48.57827520693282,1892.2525240993318,1290.6,688.9474759006679,41.95360195360177,46.450956450956284,TTNP
2018-11-09,1440.0,1548.0,1404.0,1440.0,1440.0,1468,1519.2,1389.6,1326.6,1404.0,2323.8,2930.4,52.74706462957948,46.99580869894203,8.042994337955571,38.95281436098646,1870.7956998682528,1326.6,782.404300131747,37.14285714285695,42.5722425722424,TTNP
2018-11-12,1512.0,1548.0,1404.0,1440.0,1440.0,1504,1483.2,1396.8,1357.2,1379.52,2298.96,2913.3,52.74706462957948,46.54857513736579,15.744110497837616,30.80446463952817,1852.432308876446,1357.2,861.967691123554,35.23809523809504,38.11151811151794,TTNP
2018-11-13,1476.0,1548.0,1404.0,1548.0,1548.0,1727,1483.2,1425.6,1395.0,1360.8,2277.0,2896.74,56.179679846582545,54.28309499496436,23.451907397262964,30.831187597701394,1822.7036354242223,1395.0,967.2963645757777,42.087912087911896,38.15628815628798,TTNP
2018-11-14,1620.0,1764.0,1476.0,1692.0,1692.0,4353,1519.2,1476.0,1436.4,1347.12,2255.04,2881.8,60.31876992087574,71.21147271821133,33.003820461452634,38.20765225675869,1806.9727455643426,1436.4,1065.8272544356576,57.04822954822935,44.791412291412115,TTNP
2018-11-15,1584.0,1584.0,1404.0,1440.0,1440.0,2567,1512.0,1508.4,1450.8,1327.68,2232.36,2864.7,51.20381752882416,63.5603558607188,39.11512754130587,24.445228319412934,1797.672656395828,1450.8,1103.927343604172,62.28632478632459,53.80748880748863,TTNP
2018-11-16,1368.0,1476.0,1296.0,1404.0,1404.0,1518,1504.8,1512.0,1452.6,1308.96,2207.16,2847.78,50.04046874326343,53.969761674811934,42.08605436800708,11.883707306804851,1798.1062369264816,1452.6,1107.0937630735182,58.33333333333312,59.222629222629045,TTNP
2018-11-19,1404.0,1404.0,1296.0,1332.0,1332.0,908,1483.2,1483.2,1456.2,1287.36,2181.6,2832.84,47.70596300560443,40.09713361833428,41.688270218072525,-1.5911365997382418,1795.04013893737,1456.2,1117.35986106263,44.44444444444424,55.02136752136733,TTNP
2018-11-20,1296.0,1332.0,1224.0,1260.0,1260.0,1212,1425.6,1454.4,1432.8,1266.48,2154.96,2818.44,45.42382470834634,23.027728347665516,37.956161843991126,-14.92843349632561,1757.6788077962256,1432.8,1107.9211922037744,37.499999999999794,46.75925925925907,TTNP
2018-11-21,1260.0,1296.0,1224.0,1260.0,1260.0,681,1339.2,1429.2,1405.8,1247.76,2129.4,2804.94,45.42382470834634,9.391838425088508,32.2432971602106,-22.851458735122094,1691.5184623980338,1405.8,1120.0815376019661,28.571428571428367,36.83862433862415,TTNP
2018-11-23,1260.0,1260.0,1152.0,1224.0,1224.0,447,1296.0,1404.0,1391.4,1229.04,2104.92,2791.26,44.19777227669628,-4.2703754849087545,24.94056263118673,-29.210938116095484,1683.2221371916391,1391.4,1099.577862808361,19.4047619047617,28.492063492063306,TTNP
2018-11-26,1224.0,1440.0,1224.0,1260.0,1260.0,1677,1267.2,1386.0,1387.8,1211.04,2085.48,2775.96,45.773995186192245,-12.053929112571268,17.54166428243513,-29.595593395006397,1684.2048578466577,1387.8,1091.3951421533422,15.564892623715949,21.180361033302024,TTNP
2018-11-27,1296.0,1368.0,1260.0,1296.0,1296.0,840,1260.0,1371.6,1384.2,1197.36,2067.12,2764.44,47.374822033703076,-15.142993303901676,11.004732765167766,-26.147726069069442,1683.2167884167973,1384.2,1085.1832115832028,17.05882352941156,17.34282601929642,TTNP
2018-11-28,1260.0,1296.0,1224.0,1224.0,1224.0,766,1252.8,1339.2,1382.4,1180.8,2047.68,2750.76,44.54260186055424,-23.13422031073992,4.176942149986228,-27.31116246072615,1684.7999995950654,1382.4,1080.0000004049348,17.647058823529207,16.756924992218924,TTNP
2018-11-29,1224.0,1296.0,1224.0,1224.0,1224.0,580,1245.6,1292.4,1384.2,1164.96,2029.32,2737.98,44.542601860554235,-29.131515312556303,-2.484749342522279,-26.646765970034025,1682.3486873274746,1384.2,1086.0513126725255,15.686274509803717,16.797385620914845,TTNP
2018-11-30,1224.0,1224.0,1152.0,1188.0,1188.0,596,1238.4,1267.2,1387.8,1152.72,2009.52,2724.48,43.0501728220304,-36.3700625041497,-9.261811974847763,-27.108250529301937,1674.4242134836081,1387.8,1101.1757865163918,9.803921568627247,14.379084967320074,TTNP
2018-12-03,1188.0,1188.0,1080.0,1116.0,1116.0,1059,1209.6,1238.4,1375.2,1159.2,1990.08,2710.62,40.15252469823698,-47.37040503312869,-16.88353058650395,-30.48687444662474,1685.3854924961784,1375.2,1065.0145075038217,7.636738906088548,11.042311661506519,TTNP
2018-12-04,1116.0,1116.0,1044.0,1044.0,1044.0,841,1159.2,1209.6,1346.4,1164.24,1968.84,2697.48,37.43873263158814,-61.192663082520994,-25.74535708570736,-35.44730599681363,1667.1032269171849,1346.4,1025.6967730828153,3.715170278637568,7.051943584451137,TTNP
2018-12-06,1008.0,1008.0,900.0,900.0,900.0,1371,1094.4,1173.6,1314.0,1166.4,1945.08,2684.88,32.68125155505202,-82.81189473851191,-37.15866461626827,-45.65323012224364,1675.0783845027229,1314.0,952.9216154972771,1.754385964912078,4.368765049879413,TTNP
2018-12-07,936.0,1116.0,936.0,1044.0,1044.0,1767,1058.4,1152.0,1290.6,1171.44,1923.12,2672.1,40.78477672443625,-87.31913441498887,-47.190758576012385,-40.12837583897648,1657.923508307183,1290.6,923.2764916928169,8.333333333333131,4.600963192294274,TTNP
2018-12-10,1044.0,1044.0,936.0,1008.0,1008.0,429,1022.4,1130.4,1267.2,1175.76,1901.16,2659.14,39.50448468476297,-92.72715257274172,-56.29803737535825,-36.42911519738347,1643.8088683967703,1267.2,890.5911316032297,14.999999999999796,8.362573099415016,TTNP
2018-12-11,1008.0,1008.0,972.0,972.0,972.0,442,993.6,1101.6,1243.8,1180.08,1879.2,2646.0,38.21266192579535,-98.77927902029455,-64.79428570434551,-33.98499331594904,1632.5166574191235,1243.8,855.0833425808764,19.44444444444424,14.25925925925907,TTNP
2018-12-12,972.0,1008.0,972.0,1008.0,1008.0,519,986.4,1072.8,1222.2,1185.12,1855.8,2633.04,40.31455046943946,-99.52348886928576,-71.74012633733356,-27.783362531952193,1612.9119652059512,1222.2,831.4880347940488,17.777777777777573,17.407407407407216,TTNP
2018-12-13,1008.0,1008.0,936.0,972.0,972.0,416,1000.8,1047.6,1193.4,1190.16,1830.96,2619.9,38.88982600679032,-101.84418332226414,-77.76093773431968,-24.08324558794446,1568.4052796362948,1193.4,818.3947203637053,15.55555555555535,17.592592592592403,TTNP
2018-12-14,936.0,1008.0,936.0,972.0,972.0,488,986.4,1022.4,1157.4,1195.92,1806.48,2607.48,38.889826006790315,-102.5017737532612,-82.70910493810798,-19.79266881515322,1466.4763008629034,1157.4,848.3236991370969,15.55555555555535,16.29629629629611,TTNP
2018-12-17,1008.0,1008.0,972.0,972.0,972.0,411,979.2,1000.8,1134.0,1199.52,1782.72,2594.7,38.889826006790315,-101.84886854958927,-86.53705766040424,-15.311810889185026,1424.2412785168517,1134.0,843.7587214831484,14.017094017093811,15.042735042734854,TTNP
2018-12-18,972.0,1080.0,972.0,1044.0,1044.0,631,993.6,993.6,1116.0,1203.84,1759.68,2581.38,43.846915112778774,-94.43307252335535,-88.11626063299447,-6.316811890360881,1380.5448917577064,1116.0,851.4551082422936,21.69386169386149,17.0888370888369,TTNP
2018-12-19,1044.0,1080.0,972.0,972.0,972.0,370,986.4,986.4,1098.0,1208.16,1735.2,2568.78,40.32430349208926,-93.29040529455824,-89.15108956530722,-4.139315729251024,1349.9999995140806,1098.0,846.0000004859194,23.31002331002311,19.673659673659486,TTNP
2018-12-20,972.0,972.0,900.0,900.0,900.0,633,972.0,986.4,1080.0,1210.32,1711.8,2556.0,37.11330546078437,-97.07560441393866,-90.7359925350335,-6.33961187890516,1334.5584407461215,1080.0,825.4415592538785,18.181818181817977,21.061901061900873,TTNP
2018-12-21,900.0,900.0,792.0,828.0,828.0,584,943.2,964.8,1058.4,1211.04,1687.32,2542.14,34.18203580211709,-104.67853130902097,-93.524500289831,-11.154031019189972,1321.3725456299485,1058.4,795.4274543700517,9.090909090908887,16.86091686091667,TTNP
2018-12-24,828.0,864.0,720.0,828.0,828.0,305,914.4,946.8,1038.6,1212.48,1661.76,2528.28,34.18203580211709,-109.44232267913947,-96.70806476769269,-12.734257911446775,1308.2637902186666,1038.6,768.9362097813331,12.121212121211917,13.131313131312941,TTNP
2018-12-26,864.0,864.0,792.0,792.0,792.0,321,864.0,928.8,1015.2,1213.92,1637.64,2514.6,32.68505995397298,-114.79922677049558,-100.32629716825326,-14.472929602242317,1285.1759984796736,1015.2,745.2240015203265,18.181818181817977,13.131313131312941,TTNP
2018-12-27,864.0,864.0,756.0,792.0,792.0,498,828.0,907.2,990.0,1213.2,1613.52,2501.46,32.68505995397298,-117.68797810394551,-103.79863335539171,-13.889344748553796,1244.048813725033,990.0,735.9511862749672,21.21212121212101,17.17171717171698,TTNP
2018-12-28,792.0,864.0,756.0,828.0,828.0,401,813.6,892.8,970.2,1213.92,1588.32,2487.96,35.93878896836148,-115.73827640674608,-106.18656196566259,-9.55171444108349,1209.512013394849,970.2,730.8879866051511,22.121212121211915,20.505050505050317,TTNP
2018-12-31,864.0,900.0,792.0,792.0,792.0,359,806.4,874.8,948.6,1212.48,1562.76,2474.1,34.16059152137045,-115.7635724968975,-108.10196407190958,-7.661608424987918,1169.6704859430502,948.6,727.5295140569499,22.72727272727252,22.020202020201832,TTNP
2019-01-02,792.0,864.0,792.0,828.0,828.0,345,806.4,860.4,930.6,1206.0,1537.56,2459.88,37.49133692731265,-111.5923535077352,-108.8000419590747,-2.792311548660493,1128.141286203914,930.6,733.058713796086,26.66666666666646,23.83838383838365,TTNP
2019-01-03,864.0,864.0,828.0,864.0,864.0,434,820.8,842.4,918.0,1195.92,1512.36,2444.76,40.720886116286785,-104.18080183807547,-107.87619393487486,3.695392096799395,1097.9999993197127,918.0,738.0000006802871,29.99999999999979,26.464646464646275,TTNP
2019-01-04,828.0,1008.0,828.0,972.0,972.0,888,856.8,842.4,914.4,1190.16,1488.6,2430.36,49.20034927545706,-88.57140036654062,-104.01523522120802,15.4438348546674,1086.8997384203706,914.4,741.9002615796293,46.66666666666646,34.44444444444425,TTNP
2019-01-07,972.0,1008.0,936.0,972.0,972.0,408,885.6,849.6,918.0,1175.04,1466.28,2415.96,49.200349275457064,-75.33245163110405,-98.27867850318722,22.946226872083173,1092.1447666600882,918.0,743.8552333399119,59.999999999999794,45.555555555555365,TTNP
2019-01-08,936.0,972.0,864.0,936.0,936.0,418,914.4,860.4,912.6,1157.76,1443.24,2398.68,46.62220298063867,-66.97336129272946,-92.01761506109567,25.044253768366204,1077.2188317146508,912.6,747.9811682853493,66.66666666666646,57.77777777777758,TTNP
2019-01-09,900.0,936.0,864.0,936.0,936.0,336,936.0,871.2,909.0,1146.24,1425.96,2383.2,46.62220298063867,-59.66098725220547,-85.54628949931762,25.88530224711215,1068.1753742106373,909.0,749.8246257893627,63.33333333333312,63.33333333333314,TTNP
2019-01-10,936.0,936.0,828.0,864.0,864.0,334,936.0,878.4,903.6,1136.88,1407.6,2368.98,41.56960616601272,-58.995611724704304,-80.23615394439496,21.240542219690653,1061.179693346243,903.6,746.0203066537568,56.66666666666646,62.22222222222202,TTNP
2019-01-11,900.0,900.0,828.0,864.0,864.0,278,914.4,885.6,896.4,1126.8,1389.24,2354.58,41.56960616601271,-57.801991448460285,-75.74932144520803,17.94732999674774,1047.2567524345409,896.4,745.543247565459,53.33333333333312,57.77777777777757,TTNP
2019-01-14,828.0,864.0,792.0,864.0,864.0,436,892.8,889.2,891.0,1118.88,1368.36,2340.9,41.56960616601271,-56.20810671409856,-71.84107849898614,15.632971784887573,1038.3363490626011,891.0,743.663650937399,49.999999999999794,53.33333333333314,TTNP
2019-01-15,864.0,864.0,756.0,792.0,792.0,814,864.0,889.2,882.0,1110.96,1348.92,2325.96,36.6137357106698,-60.0623781420021,-69.48533842758933,9.422960285587223,1030.4318016972663,882.0,733.5681983027335,38.09523809523789,47.14285714285694,TTNP
2019-01-16,756.0,792.0,756.0,756.0,756.0,337,828.0,882.0,871.2,1103.76,1328.4,2311.74,34.40511214808668,-65.26942979472426,-68.64215670101632,3.3727269062920584,1023.2547261846744,871.2,719.1452738153257,21.42857142857122,36.50793650793631,TTNP
2019-01-17,756.0,900.0,756.0,828.0,828.0,1197,820.8,878.4,860.4,1092.96,1309.32,2297.88,41.9475676835841,-62.86162775859805,-67.48605091253266,4.624423153934615,990.9961705223279,860.4,729.803829477672,14.285714285714079,24.6031746031744,TTNP
2019-01-18,828.0,864.0,792.0,864.0,864.0,593,820.8,867.6,855.0,1077.84,1290.96,2283.66,45.332328820880264,-57.38700647378573,-65.46624202478327,8.079235550997538,975.2098155522108,855.0,734.7901844477892,23.8095238095236,19.841269841269636,TTNP
2019-01-22,900.0,900.0,756.0,792.0,792.0,672,806.4,849.6,849.6,1062.72,1270.8,2269.26,40.27462090214721,-58.18738003726571,-64.01046962727976,5.82308959001405,970.9365557245475,849.6,728.2634442754526,28.571428571428367,22.22222222222202,TTNP
2019-01-23,792.0,864.0,756.0,828.0,828.0,679,813.6,838.8,849.6,1049.04,1251.0,2255.04,43.65933780249958,-55.27955442418295,-62.2642865866604,6.984732162477449,970.9365557245475,849.6,728.2634442754526,28.571428571428367,26.984126984126785,TTNP
2019-01-24,756.0,828.0,756.0,792.0,792.0,842,820.8,824.4,847.8,1035.36,1231.56,2241.54,41.14804515042622,-55.24317191337241,-60.8600636520028,5.616891738630393,971.411648945787,847.8,724.188351054213,19.04761904761884,25.396825396825196,TTNP
2019-01-25,828.0,882.0,708.0,870.0,870.0,3992,829.2,825.0,851.7,1023.96,1213.98,2227.17,48.11211241645846,-48.362893058311556,-58.36062953326455,9.997736474952994,972.9222741706161,851.7,730.477725829384,32.28571428571408,26.634920634920434,TTNP
2019-01-28,840.0,870.0,780.0,804.0,804.0,1358,817.2,819.0,852.3,1011.24,1195.38,2213.37,43.429181755106576,-47.686174376331564,-56.225738501877956,8.539564125546391,972.4484072099865,852.3,732.1515927900134,34.88311688311668,28.738816738816535,TTNP
2019-01-29,804.0,804.0,750.0,780.0,780.0,575,814.8,810.6,849.9,995.88,1178.34,2198.55,41.834585422530104,-48.52707940467951,-54.68600668243827,6.158927277758757,973.7545911748797,849.9,726.0454088251203,40.6475279106856,35.93878635983879,TTNP
2019-01-30,774.0,774.0,708.0,720.0,720.0,998,793.2,803.4,846.3,976.44,1161.78,2184.15,38.07110794100262,-53.41921776700701,-54.43264889935202,1.013431132345005,980.4359003216385,846.3,712.1640996783614,24.40191387559788,33.31085288980005,TTNP
2019-01-31,720.0,768.0,714.0,738.0,738.0,2073,782.4,801.6,841.8,962.4,1145.04,2170.02,39.82019163414624,-55.207426252967366,-54.587604370075084,-0.6198218828922819,983.8923634650956,841.8,699.7076365349043,17.489035087719092,27.512825624667528,TTNP
2019-02-01,1278.0,1302.0,936.0,990.0,990.0,32059,806.4,817.8,848.1,954.12,1131.54,2157.51,57.79295763103843,-35.87673573623579,-50.845430643307225,14.968694907071438,1004.066534086953,848.1,692.1334659130471,22.787635123161234,21.559528028826076,TTNP
2019-02-04,990.0,1080.0,924.0,1044.0,1044.0,3453,854.4,835.8,851.7,948.36,1117.86,2145.27,60.514292262612344,-16.015063841517417,-43.879357282949265,27.864293441431847,1021.637752589282,851.7,681.7622474107181,39.88846801346781,26.72171274144938,TTNP
2019-02-05,1092.0,1092.0,1002.0,1050.0,1050.0,2003,908.4,861.6,855.6,944.16,1105.32,2133.06,60.816594513304764,0.2072154360141667,-35.06204273915658,35.26925817517075,1039.4155590669525,855.6,671.7844409330476,53.87205387205366,38.84938566956091,TTNP
2019-02-06,1038.0,1050.0,1008.0,1044.0,1044.0,1130,973.2,883.2,861.0,939.84,1093.8,2121.0,60.31926733326951,12.435984494638433,-25.562437292397576,37.99842178703601,1059.6897072198162,861.0,662.3102927801839,56.90235690235669,50.22095959595939,TTNP
2019-02-07,1050.0,1050.0,990.0,1014.0,1014.0,1133,1028.4,905.4,864.9,935.64,1082.34,2108.97,57.775269343424306,19.4820458996046,-16.55354065399714,36.03558655360174,1072.2006506383814,864.9,657.5993493616187,55.218855218855005,55.33108866442179,TTNP
2019-02-08,1020.0,1092.0,972.0,1044.0,1044.0,1327,1039.2,922.8,873.9,931.32,1071.18,2096.91,59.609785532667644,27.17360915535187,-7.808110692127338,34.981719847479205,1095.405665288941,873.9,652.394334711059,54.88215488215467,55.667789001122124,TTNP
2019-02-11,1038.0,1104.0,960.0,972.0,972.0,943,1024.8,939.6,879.3,924.84,1061.1,2085.03,53.59182752627647,27.14650220010708,-0.8171881136804542,27.963690313787534,1104.806629071291,879.3,653.7933709287089,50.84175084175064,53.6475869809201,TTNP
2019-02-12,978.0,1020.0,972.0,990.0,990.0,655,1012.8,960.6,885.6,920.16,1050.48,2072.88,54.81984350147061,28.251800144572258,4.996609537970088,23.25519060660217,1116.031247349609,885.6,655.1687526503911,49.49494949494929,51.73961840628487,TTNP
2019-02-13,984.0,1002.0,960.0,966.0,966.0,558,997.2,985.2,894.3,915.0,1039.98,2060.79,52.81317672088167,26.881286566650942,9.37354494370626,17.507741622944682,1123.0715886098992,894.3,665.5284113901006,45.11784511784492,48.48484848484828,TTNP
2019-02-14,984.0,990.0,924.0,936.0,936.0,550,981.6,1005.0,903.3,909.96,1031.34,2048.91,50.33298717842602,23.108020526209543,12.120440060206917,10.987580466002626,1123.606240844641,903.3,682.993759155359,43.0976430976429,45.903479236812366,TTNP
2019-02-15,942.0,942.0,900.0,918.0,918.0,558,956.4,997.8,907.8,906.0,1032.6,2037.66,48.85064383810839,18.45252125775869,13.386856299717271,5.065664958041419,1125.430512003939,907.8,690.1694879960609,39.05723905723886,42.42424242424223,TTNP
2019-02-19,918.0,918.0,864.0,888.0,888.0,589,939.6,982.2,909.0,902.88,1033.56,2026.62,46.398030532049425,12.201602785237242,13.149805596821265,-0.9482028115840233,1125.9147292257874,909.0,692.0852707742127,34.68013468013448,38.94500561167208,TTNP
2019-02-20,882.0,894.0,786.0,822.0,822.0,768,906.0,959.4,910.5,901.32,1033.86,2015.97,41.46566974166993,1.9001526681878431,10.899875011094581,-8.999722342906738,1124.5537310001782,910.5,696.4462689998219,28.007970865113524,33.91511486749562,TTNP
2019-02-21,828.0,924.0,822.0,888.0,888.0,1043,890.4,943.8,913.5,898.2,1034.82,2009.61,47.47847702666919,-0.9274809297077127,8.534403822934122,-9.461884752641835,1124.5047387029415,913.5,702.4952612970585,22.812606367423445,28.500237304223813,TTNP
2019-02-22,882.0,894.0,840.0,864.0,864.0,460,876.0,928.8,917.1,895.32,1035.54,2000.43,45.64241545777657,-5.046823709486716,5.818158316449955,-10.864982025936671,1122.0603858190564,917.1,712.1396141809438,20.887696895344163,23.90275804262704,TTNP
2019-02-25,1446.0,1470.0,1062.0,1104.0,1104.0,38255,913.2,934.8,928.8,897.96,1039.02,1993.35,61.624390038506064,10.928583784526722,6.840243410065308,4.088340374461414,1147.8977858288313,928.8,709.7022141711685,30.26232393914414,24.65420906730391,TTNP
2019-02-26,1092.0,1176.0,1032.0,1146.0,1146.0,4742,964.8,952.2,945.9,900.72,1042.92,1986.66,63.63916640893039,26.670813772320344,10.806357482516315,15.864456289804028,1176.4522928862268,945.9,715.3477071137731,41.21703630144524,30.789019045311175,TTNP
2019-02-27,1152.0,1164.0,1092.0,1104.0,1104.0,1456,1021.2,963.6,962.1,903.36,1046.76,1979.94,60.23355763699788,35.350101497545324,15.715106285522118,19.634995212023206,1189.2544843385142,962.1,734.9455156614858,48.53801169590624,40.005790645498536,TTNP
2019-02-28,1098.0,1104.0,978.0,1026.0,1026.0,1270,1048.8,969.6,977.4,904.44,1050.18,1972.65,54.41011365433032,35.525040866339396,19.677093201685572,15.847947664653823,1176.7914736268744,977.4,778.0085263731255,44.73684210526297,44.83063003420481,TTNP
2019-03-01,1026.0,1110.0,1020.0,1110.0,1110.0,1413,1098.0,987.0,996.0,907.2,1053.36,1963.08,59.00658781663758,41.95811255566423,24.133297072481305,17.824815483182924,1170.4339409492784,996.0,821.5660590507216,42.982456140350685,45.41910331383996,TTNP
2019-03-04,1104.0,1116.0,1026.0,1038.0,1038.0,803,1084.8,999.0,998.4,907.08,1055.46,1953.69,53.982606055548366,40.77652356518456,27.461942371021955,13.314581194162606,1173.7560941487259,998.4,823.043905851274,39.766081871344845,42.49512670565283,TTNP
2019-03-05,1050.0,1080.0,1038.0,1080.0,1080.0,463,1071.6,1018.2,1000.2,909.24,1058.7,1943.97,56.318977175337736,42.7365148283111,30.516856862479784,12.219657965831317,1178.1118876160226,1000.2,822.2881123839774,42.39766081871326,41.71539961013625,TTNP
2019-03-06,1068.0,1080.0,1026.0,1044.0,1044.0,539,1059.6,1040.4,999.9,912.12,1061.22,1934.43,53.79769545586067,40.91329983699063,32.59614545738195,8.31715437960868,1177.4949316706325,999.9,822.3050683293676,39.18128654970741,40.448343079921834,TTNP
2019-03-07,1044.0,1128.0,1032.0,1110.0,1110.0,1331,1076.4,1062.6,1003.2,917.76,1064.4,1925.94,57.549780508090144,44.2835638769875,34.93362914130306,9.349934735684442,1186.3170111024533,1003.2,820.0829888975468,42.69005847953198,41.423001949317545,TTNP
2019-03-08,1092.0,1218.0,1074.0,1116.0,1116.0,1900,1077.6,1087.8,1008.3,923.52,1068.0,1917.84,57.88462388848333,46.8980606162786,37.326515436298166,9.571545179980433,1197.9028474340425,1008.3,818.6971525659574,44.44444444444426,42.10526315789454,TTNP
2019-03-11,1110.0,1140.0,1062.0,1086.0,1086.0,611,1087.2,1086.0,1010.4,929.4,1071.66,1908.87,55.52623879211108,46.01884227109315,39.064980803257164,6.953861467835985,1202.4524921866332,1010.4,818.3475078133669,46.491228070175254,44.541910331383825,TTNP
2019-03-12,1080.0,1098.0,1050.0,1080.0,1080.0,480,1087.2,1079.4,1015.8,935.16,1074.18,1899.69,55.043213396539336,44.326932259667615,40.11737109453925,4.209561165128363,1209.2979063325931,1015.8,822.3020936674067,43.97335932423633,44.9696772796186,TTNP
2019-03-13,1074.0,1080.0,1032.0,1038.0,1038.0,560,1086.0,1072.8,1018.2,939.36,1076.64,1890.84,51.65576103691689,39.14578416228676,39.92305370808875,-0.7772695458019925,1211.5490102252816,1018.2,824.8509897747185,38.36767845539756,42.94408861660304,TTNP
2019-03-14,1044.0,1062.0,1026.0,1062.0,1062.0,330,1076.4,1076.4,1023.0,944.76,1078.62,1881.21,53.41983610947253,36.55490420949798,39.249423808370594,-2.694519598872617,1215.6925005159674,1023.0,830.3074994840326,29.438852325030993,37.25996336822162,TTNP
2019-03-15,1056.0,1080.0,1032.0,1068.0,1068.0,293,1066.8,1072.2,1029.6,949.56,1077.78,1871.97,53.872996838696785,34.58706488227608,38.31695202315169,-3.7298871408756114,1218.933989962439,1029.6,840.2660100375609,28.66724738675939,32.157926055729305,TTNP
2019-03-18,1050.0,1098.0,1050.0,1056.0,1056.0,410,1060.8,1074.0,1036.5,953.4,1074.66,1860.69,52.76731312027372,31.693890880808567,36.99233979468307,-5.298448913874502,1218.9976705470403,1036.5,854.0023294529597,29.024390243902246,29.043496651897538,TTNP
2019-03-19,1050.0,1086.0,1050.0,1074.0,1074.0,405,1059.6,1073.4,1045.8,955.44,1072.8,1848.96,54.28301335799058,30.501872607512723,35.694246357249,-5.1923737497362765,1215.5946988427402,1045.8,876.0053011572597,36.66666666666647,31.452768099109363,TTNP
2019-03-20,1068.0,1212.0,1068.0,1200.0,1200.0,2583,1092.0,1089.0,1064.7,960.0,1067.52,1838.22,63.18815737218091,39.27163752037177,36.409724589873555,2.861912930498214,1213.493950667009,1064.7,915.9060493329912,54.46969696969677,40.05358462675516,TTNP
2019-03-21,1170.0,1194.0,1086.0,1128.0,1128.0,1447,1105.2,1090.8,1076.7,963.84,1060.8,1828.02,56.424554166446285,39.951406184060716,37.11806090871099,2.8333452753497284,1203.6662937755375,1076.7,949.7337062244625,61.34469696969677,50.82702020202,TTNP
2019-03-22,1128.0,1134.0,1080.0,1116.0,1116.0,514,1114.8,1090.8,1089.3,967.44,1056.84,1818.12,55.36095152023377,39.0714368330016,37.50873609356911,1.5627007394324863,1171.4342788066995,1089.3,1007.1657211933004,63.636363636363434,59.81691919191899,TTNP
2019-03-25,1110.0,1140.0,1056.0,1068.0,1068.0,505,1117.2,1089.0,1087.5,971.52,1054.2,1807.08,51.20324852142508,34.10768378777857,36.828525632411,-2.7208418446324316,1169.84439722954,1087.5,1005.1556027704602,40.6249999999998,55.20202020202,TTNP
2019-03-26,1068.0,1128.0,1062.0,1092.0,1092.0,388,1120.8,1090.2,1084.8,976.08,1051.44,1794.36,53.099861548515236,31.744541843085017,35.81172887454581,-4.06718703146079,1162.716877216028,1084.8,1006.8831227839719,34.3749999999998,46.21212121212101,TTNP
2019-03-27,1092.0,1128.0,1056.0,1080.0,1080.0,376,1096.8,1094.4,1083.6,980.4,1049.64,1781.22,52.01133136281179,28.574051238631682,34.364193347362985,-5.7901421087313025,1161.0348742821843,1083.6,1006.1651257178155,28.1249999999998,34.3749999999998,TTNP
2019-03-28,1104.0,1104.0,1080.0,1098.0,1098.0,255,1090.8,1098.0,1087.2,986.52,1048.74,1767.63,53.54953247174469,27.200315850656807,32.93141784802175,-5.731101997364945,1160.153682258649,1087.2,1014.246317741351,33.73655913978475,32.07885304659479,TTNP
2019-03-29,1098.0,1098.0,1056.0,1068.0,1068.0,495,1081.2,1098.0,1085.1,992.76,1048.26,1754.25,50.63633378349435,23.42088993870334,31.02931226615807,-7.608422327454729,1157.724787470236,1085.1,1012.4752125297639,29.805107526881525,30.55555555555536,TTNP
2019-04-01,1110.0,1212.0,1068.0,1104.0,1104.0,2299,1088.4,1102.8,1088.4,998.28,1045.62,1739.79,53.87883829838835,23.06469140439549,29.436388093805554,-6.371696689410065,1158.1033697542327,1088.4,1018.6966302457674,34.40860215053743,32.65008960573457,TTNP
2019-04-02,1062.0,1080.0,1020.0,1050.0,1050.0,1017,1080.0,1100.4,1086.9,1002.0,1039.92,1725.96,48.71027643198648,18.215080684873556,27.192126612019155,-8.9770459271456,1158.5265296876516,1086.9,1015.2734703123485,26.71370967741915,30.309139784946037,TTNP
2019-04-03,1050.0,1050.0,984.0,990.0,990.0,1138,1062.0,1079.4,1084.2,1005.96,1034.34,1712.01,43.6946836449097,9.421624073454495,23.638026104306224,-14.216402030851729,1165.5083006531052,1084.2,1002.8916993468949,20.064020939445186,27.062110922467255,TTNP
2019-04-04,990.0,1014.0,936.0,984.0,984.0,370,1039.2,1065.0,1077.9,1009.08,1029.06,1698.75,43.21547390313745,1.946162351420071,19.299653353728992,-17.35349100230892,1169.1532725719787,1077.9,986.6467274280214,11.882627765064635,19.553452793976323,TTNP
2019-04-05,978.0,978.0,930.0,930.0,930.0,609,1011.6,1046.4,1068.6,1011.84,1023.6,1685.4,39.063147670858434,-8.240551674121434,13.791612348158907,-22.03216402228034,1178.4442522624524,1068.6,958.7557477375473,6.674294431731302,12.873647712080372,TTNP
2019-04-08,930.0,930.0,876.0,900.0,900.0,602,970.8,1029.6,1059.3,1012.44,1018.2,1671.0,36.939625250476354,-18.52084839870099,7.329120198786927,-25.84996859748792,1190.9982906308815,1059.3,927.6017093691186,8.178053830227542,8.91165867567449,TTNP
2019-04-09,888.0,900.0,870.0,888.0,888.0,576,938.4,1009.2,1049.7,1014.12,1012.68,1655.82,36.094396854467746,-27.321413087204178,0.3990135415887064,-27.720426628792886,1200.5603319467928,1049.7,898.8396680532073,4.135338345864461,6.329228869274432,TTNP
2019-04-10,900.0,906.0,870.0,882.0,882.0,303,916.8,989.4,1041.9,1016.16,1006.02,1641.51,35.655100153113004,-34.383719745294115,-6.557533115787859,-27.826186629506257,1209.5686009815088,1041.9,874.2313990184914,5.304928989139314,5.872773721743769,TTNP
2019-04-11,870.0,930.0,864.0,900.0,900.0,703,900.0,969.6,1033.8,1019.76,998.1,1626.57,38.08948107302824,-38.08913128943527,-12.863852750517342,-25.22527853891793,1212.1161230935002,1033.8,855.4838769064999,6.372252470255899,5.270839935086555,TTNP
2019-04-12,900.0,924.0,882.0,882.0,882.0,246,890.4,951.0,1024.5,1022.64,992.52,1612.44,36.59833424588485,-41.99406476374031,-18.689895153161935,-23.304169610578377,1213.7759883215408,1024.5,835.2240116784592,6.342004436378101,6.0063952985911016,TTNP
2019-04-15,942.0,1026.0,912.0,1026.0,1026.0,856,915.6,943.2,1023.0,1023.36,988.74,1597.95,52.58907140324111,-33.08774124915044,-21.569464372359636,-11.518276876790804,1211.7283755959768,1023.0,834.2716244040232,20.68965517241359,11.134637359682529,TTNP
2019-04-16,984.0,1020.0,966.0,1008.0,1008.0,496,939.6,939.0,1019.7,1022.64,985.5,1583.55,50.862209012596324,-27.168681615222113,-22.689307820932132,-4.47937379428998,1207.0489785269626,1019.7,832.3510214730375,31.034482758620488,19.355380789137392,TTNP
2019-04-17,1002.0,1050.0,978.0,1020.0,1020.0,362,967.2,942.0,1010.7,1022.04,983.1,1569.03,51.99396166433944,-21.264362168523576,-22.40431869045042,1.1399565219268446,1178.8488618905767,1010.7,842.5511381094235,44.252873563218195,31.99233716475076,TTNP
2019-04-18,1014.0,1044.0,990.0,1020.0,1020.0,259,991.2,945.6,1005.3,1021.56,980.7,1555.05,51.99396166433944,-16.39614195052866,-21.202683342466067,4.806541391937408,1164.7454130889219,1005.3,845.8545869110781,43.67816091954003,39.655172413792904,TTNP
2019-04-22,1020.0,1020.0,996.0,1014.0,1014.0,301,1017.6,954.0,1000.2,1021.56,978.6,1541.76,51.30868468196079,-12.873791159216239,-19.5369049058161,6.663113746599862,1151.4714108980816,1000.2,848.9285891019185,53.03320561941232,46.98808003405685,TTNP
2019-04-23,1014.0,1068.0,1008.0,1062.0,1062.0,566,1024.8,970.2,999.9,1021.92,976.62,1531.05,56.273803105951146,-6.138344913495985,-16.85719290735208,10.718847993856095,1150.6552976020953,999.9,849.1447023979047,70.44361806025073,55.718328199734366,TTNP
2019-04-24,1080.0,1122.0,1080.0,1098.0,1098.0,460,1042.8,991.2,1000.2,1024.44,974.64,1520.88,59.60111441996075,2.0804616313104134,-13.06966199961958,15.150123630929993,1151.7092068327738,1000.2,848.6907931672264,85.73364746415342,69.73682371460549,TTNP
2019-04-25,1110.0,1110.0,1080.0,1098.0,1098.0,162,1058.4,1012.8,1001.1,1026.6,973.38,1510.53,59.601114419960766,8.495988563779065,-8.75653188693985,17.252520450718915,1154.694139715994,1001.1,847.505860284006,92.81805745554016,82.99844099331477,TTNP
2019-04-26,1080.0,1308.0,1026.0,1080.0,1080.0,4582,1070.4,1030.8,1000.2,1028.88,971.94,1500.63,57.08232002686425,11.989680735214279,-4.607289362509024,16.596970097723304,1151.7092068327738,1000.2,848.6907931672264,76.68133249528579,85.07767913832646,TTNP
2019-04-29,1092.0,1098.0,1026.0,1062.0,1062.0,675,1080.0,1048.8,999.9,1031.4,970.68,1490.1,54.597495406939714,13.154371972262425,-1.0549570955547343,14.209329067817158,1150.8939063508733,999.9,848.9060936491267,61.313639220615755,76.93767639048058,TTNP
2019-04-30,1050.0,1050.0,966.0,1002.0,1002.0,561,1068.0,1046.4,994.8,1033.08,969.54,1479.81,47.21890407753828,9.130647192487913,0.9821637620537951,8.14848343043412,1138.0781900887107,994.8,851.5218099112891,41.441441441441235,59.81213771911427,TTNP
2019-05-01,978.0,1020.0,978.0,984.0,984.0,307,1045.2,1044.0,991.5,1035.0,968.94,1468.89,45.2434698268927,4.4382058728072025,1.6733721842044766,2.764833688602726,1132.5638144780462,991.5,850.4361855219538,34.23423423423403,45.66310496543034,TTNP
2019-05-02,984.0,1026.0,978.0,990.0,990.0,199,1023.6,1041.0,991.5,1038.36,969.84,1457.46,46.05363265001456,1.189846367384348,1.576667020840451,-0.38682065345610295,1132.5638144780462,991.5,850.4361855219538,27.82007359472128,34.498583090132186,TTNP
2019-05-03,1008.0,1008.0,984.0,1008.0,1008.0,199,1009.2,1039.8,992.7,1040.76,969.48,1446.3,48.514711235309974,0.06717329199727828,1.2747682750718163,-1.207594983074538,1133.896458011864,992.7,851.503541988136,25.540521315169002,29.19827638137478,TTNP
2019-05-06,990.0,1026.0,966.0,1008.0,1008.0,164,998.4,1039.2,996.6,1043.64,969.48,1435.32,48.514711235309974,-0.8131793829297749,0.8571787434714981,-1.670358126401273,1134.9335091548548,996.6,858.2664908451452,20.625079557621984,24.66189148917076,TTNP
2019-05-07,1008.0,1032.0,966.0,984.0,984.0,222,994.8,1031.4,1000.8,1041.24,969.6,1424.4,45.31773385180814,-3.408177297668317,0.004107535243535132,-3.412284832911852,1132.067055101791,1000.8,869.5329448982088,13.92876129718215,20.03145405665772,TTNP
2019-05-08,978.0,1002.0,978.0,990.0,990.0,112,996.0,1020.6,1005.9,1038.12,969.42,1412.61,46.270968495085675,-4.923823216079768,-0.9814786150211255,-3.9423446010586423,1126.753463976407,1005.9,885.046536023593,8.187134502923778,14.246991785909309,TTNP
2019-05-09,990.0,1026.0,990.0,1020.0,1020.0,191,1002.0,1012.8,1012.8,1036.44,969.9,1400.43,50.881520405117485,-3.6620207508342446,-1.5175870421837494,-2.144433708650495,1119.4988273370293,1012.8,906.1011726629705,9.356725146198633,10.490873648768192,TTNP
2019-05-10,1002.0,1020.0,1002.0,1014.0,1014.0,111,1003.2,1006.2,1018.5,1036.2,970.32,1388.4,49.95817300534564,-3.110329124207965,-1.8361354585885925,-1.2741936656193724,1111.8284509412663,1018.5,925.1715490587337,12.280701754385767,9.941520467836064,TTNP
2019-05-13,1050.0,1062.0,966.0,972.0,972.0,1616,996.0,997.2,1023.0,1033.44,970.32,1376.52,43.94629644541547,-5.993074099082378,-2.6675231866873497,-3.325550912395028,1096.042451732512,1023.0,949.957548267488,10.526315789473486,10.721247563352634,TTNP
2019-05-14,984.0,990.0,948.0,984.0,984.0,382,996.0,995.4,1020.9,1032.36,969.72,1364.7,45.94769847972107,-7.226072878837726,-3.579233125117425,-3.6468397537203012,1095.8663908368048,1020.9,945.9336091631951,8.596491228069977,10.467836257309749,TTNP
2019-05-15,972.0,1032.0,948.0,1026.0,1026.0,402,1003.2,999.6,1021.8,1031.28,970.26,1352.73,52.359226652633936,-4.7593218045283265,-3.8152508609996056,-0.9440709435287209,1096.5572053724372,1021.8,947.0427946275628,11.140350877192782,10.08771929824542,TTNP
2019-05-16,984.0,990.0,912.0,942.0,942.0,523,987.6,994.8,1017.9,1029.24,970.68,1341.24,41.70444822293536,-9.473299489276997,-4.946860586655084,-4.526438902621913,1100.3667190756178,1017.9,935.4332809243822,15.931899641576862,11.889580582279878,TTNP
2019-05-17,906.0,930.0,876.0,888.0,888.0,666,962.4,982.8,1011.3,1024.8,971.28,1329.3,36.55462117282441,-17.366321327877472,-7.430752734899562,-9.93556859297791,1111.3021987513102,1011.3,911.2978012486897,14.749103942652132,13.940451487140598,TTNP
2019-05-20,870.0,906.0,852.0,864.0,864.0,396,940.8,968.4,1003.8,1019.76,971.64,1316.7,34.51468604292473,-25.266935915637077,-10.997989371047066,-14.268946544590012,1122.5999989692616,1003.8,885.0000010307383,9.431643625191814,13.370882403140277,TTNP
2019-05-21,864.0,906.0,864.0,876.0,876.0,253,919.2,957.6,994.5,1015.56,972.48,1305.06,36.42504431533597,-30.211668872820496,-14.840725271401752,-15.370943601418745,1122.3929230063034,994.5,866.6070769936966,7.864823348694119,10.68185697217936,TTNP
2019-05-22,882.0,906.0,840.0,852.0,852.0,412,884.4,943.8,982.2,1011.0,973.08,1293.3,34.27166380874909,-35.65598479229095,-19.003777175579593,-16.652207616711358,1115.1294540540055,982.2,849.2705459459947,7.5160875160873175,8.270851496657755,TTNP
2019-05-23,846.0,888.0,840.0,846.0,846.0,182,865.2,926.4,969.6,1007.16,973.26,1280.79,33.734727726273675,-39.99377094239128,-23.20177592894193,-16.79199501344935,1103.9999990889007,969.6,835.2000009110993,6.512226512226313,7.297712459002589,TTNP
2019-05-24,846.0,864.0,786.0,804.0,804.0,391,848.4,905.4,955.8,1002.0,973.38,1268.07,30.171327939846087,-46.28697922588992,-27.81881658833153,-18.468162637558393,1098.4486584412791,955.8,813.1513415587207,4.876615746180764,6.301643258164803,TTNP
2019-05-28,798.0,816.0,756.0,792.0,792.0,234,834.0,887.4,942.3,996.48,973.02,1255.29,29.22158145392933,-51.64733353090014,-32.58451997684525,-19.06281355405489,1093.0648492026462,942.3,791.5351507973537,6.996382571829943,6.128408276745678,TTNP
2019-05-29,768.0,798.0,768.0,774.0,774.0,193,813.6,866.4,930.9,990.84,972.12,1242.24,27.807572093923554,-56.69436515413156,-37.406489012302515,-19.287876141829045,1095.7100717647331,930.9,766.0899282352668,8.056265984654532,6.643088100888417,TTNP
2019-05-30,768.0,792.0,636.0,696.0,696.0,760,782.4,833.4,916.5,983.28,969.36,1228.98,22.68494175037592,-66.22472480020588,-43.170136169883186,-23.05458863032269,1108.3452494983815,916.5,724.6547505016185,10.577188621927446,8.543279059470644,TTNP
2019-05-31,684.0,720.0,660.0,672.0,672.0,404,747.6,806.4,900.6,972.72,966.36,1216.32,21.379864507384745,-74.85136298672899,-49.506381533252345,-25.34498145347664,1116.6299973501286,900.6,684.5700026498714,9.47252140292717,9.368658669836385,TTNP
2019-06-03,672.0,702.0,660.0,672.0,672.0,277,721.2,784.8,883.8,963.6,963.72,1203.48,21.379864507384745,-80.7571181130736,-55.75652884921659,-25.00058926385701,1115.4994599801578,883.8,652.1005400198421,10.54204011950471,10.197250048119779,TTNP
2019-06-04,702.0,774.0,696.0,750.0,750.0,461,712.8,773.4,870.9,956.28,961.86,1193.91,35.39023016238931,-78.24160297715468,-60.25354367480421,-17.98805930235047,1102.2317093593017,870.9,639.5682906406981,15.443164034713133,11.819241852381674,TTNP
2019-06-05,750.0,774.0,750.0,750.0,750.0,131,708.0,760.8,859.2,949.92,960.72,1184.16,35.390230162389315,-75.37911558602559,-63.27865805704849,-12.100457528977103,1090.1368739614704,859.2,628.2631260385298,23.360725903098587,16.44864335243881,TTNP
2019-06-06,750.0,864.0,750.0,864.0,864.0,392,741.6,762.0,852.9,945.36,960.72,1174.98,50.37886267043338,-63.18338768031447,-63.25960398170169,0.07621630138721969,1075.9604396908976,852.9,629.8395603091024,46.180763008849986,28.328217648887236,TTNP
2019-06-07,858.0,864.0,756.0,804.0,804.0,351,768.0,757.8,842.1,939.84,960.12,1164.24,44.52432929421774,-57.69461638461121,-62.14660646228359,4.451990077672384,1052.2979061624933,842.1,631.9020938375068,57.325544153631135,42.2890110218599,TTNP
2019-06-10,822.0,840.0,816.0,822.0,822.0,159,798.0,759.6,832.5,934.32,960.42,1154.67,46.531783127856734,-51.30091105168583,-59.97746738016404,8.676556328478213,1027.398434460353,832.5,637.601565539647,69.55404383975794,57.68678366741302,TTNP
2019-06-11,816.0,852.0,774.0,774.0,774.0,150,802.8,757.8,822.6,928.44,960.6,1144.5,42.151433562445945,-49.5360318187478,-57.889180267880796,8.353148449132995,1008.0339768087186,822.6,637.1660231912814,60.74074074074054,62.5401095780432,TTNP
2019-06-12,780.0,870.0,780.0,846.0,846.0,743,822.0,765.0,815.7,923.28,960.78,1135.05,49.7871514812893,-41.84518875227218,-54.68038196475907,12.835193212486892,986.2720954760655,815.7,645.1279045239346,67.77777777777759,66.02418745275868,TTNP
2019-06-13,834.0,918.0,810.0,894.0,894.0,375,828.0,784.8,809.1,920.16,961.08,1126.02,54.133698856744715,-31.513671378226945,-50.047039847452645,18.5333684692257,955.0505387283522,809.1,663.1494612716479,75.31126871552384,67.94326241134733,TTNP
2019-06-14,876.0,900.0,870.0,870.0,870.0,160,841.2,804.6,805.5,917.76,961.86,1116.33,51.722867453867885,-24.974577465476727,-45.03254737105746,20.057969905580734,941.363901589409,805.5,669.636098410591,85.93380614657191,76.34095087995779,TTNP
2019-06-17,882.0,894.0,870.0,882.0,882.0,57,853.2,825.6,805.2,915.72,962.4,1106.7,52.853453728537566,-18.60948021229092,-39.747933939304154,21.138453727013236,940.3585726289549,805.2,670.0414273710452,87.23404255319132,82.82637247176235,TTNP
2019-06-18,882.0,942.0,876.0,936.0,936.0,174,885.6,844.2,808.8,915.84,963.84,1097.7,57.658779262034834,-9.102814498686143,-33.61891005118055,24.516095552494406,953.5281581279083,808.8,664.0718418720916,89.4173272145736,87.52839197144561,TTNP
2019-06-19,930.0,948.0,906.0,924.0,924.0,186,901.2,861.6,811.2,916.32,964.38,1089.18,56.2858618282136,-2.508101309979452,-27.39674830294033,24.88864699296088,961.7796790908269,811.2,660.6203209091732,92.31330830204405,89.65489268993633,TTNP
2019-06-20,912.0,1176.0,852.0,870.0,870.0,3295,896.4,862.2,812.1,915.96,965.04,1080.21,50.462846682367626,-1.6204131842407605,-22.241481279200418,20.621068094959657,963.8549332150234,812.1,660.3450667849767,76.8011855905151,86.17727370237759,TTNP
2019-06-21,894.0,894.0,834.0,852.0,852.0,235,892.8,867.0,812.4,915.36,965.76,1072.05,48.65589117290321,-2.342362223229088,-18.261657468006153,15.919295244777064,964.4452556152161,812.4,660.3547443847839,54.95478036175694,74.68975808477204,TTNP
2019-06-24,846.0,894.0,840.0,840.0,840.0,180,884.4,868.8,814.2,914.16,966.96,1064.37,47.4363939792525,-3.8385631828555233,-15.377038610976026,11.538475428120503,966.6566815692108,814.2,661.7433184307893,31.44147832732814,54.39914809320006,TTNP
2019-06-25,840.0,870.0,810.0,864.0,864.0,146,870.0,877.8,817.8,913.8,968.22,1056.63,50.12861953662278,-3.0525261776300567,-12.912136124306832,9.859609946676775,971.3859360589267,817.8,664.2140639410732,26.795774647887157,37.730677778990746,TTNP
2019-06-26,972.0,1020.0,798.0,816.0,816.0,4198,848.4,874.8,819.9,909.6,966.48,1049.01,45.148040087577115,-6.230958425073027,-11.57590058446007,5.344942159387044,972.1759329477136,819.9,667.6240670522864,20.724346076458584,26.320533017224623,TTNP
2019-06-27,798.0,822.0,750.0,786.0,786.0,750,831.6,864.0,824.4,905.16,963.9,1040.88,42.318052681413754,-11.043337440305208,-11.469387955629099,0.42605051532389027,966.760667865449,824.4,682.0393321345509,16.498993963782528,21.33970489604275,TTNP
2019-06-28,792.0,810.0,756.0,768.0,768.0,193,814.8,853.8,829.2,900.12,961.08,1033.2,40.67078532188001,-16.1237672962244,-12.400263823748158,-3.723503472476242,956.3433826634171,829.2,702.056617336583,8.98725687458065,15.403532304940583,TTNP
2019-07-01,768.0,810.0,762.0,762.0,762.0,327,799.2,841.8,833.7,894.96,958.26,1026.03,40.110308256018826,-20.39904690076264,-14.000020439151054,-6.399026461611587,943.4508075373316,833.7,723.9491924626685,5.164319248826124,10.216856695729764,TTNP
2019-07-02,762.0,792.0,702.0,744.0,744.0,362,775.2,822.6,833.4,889.56,955.56,1018.95,38.400610449645264,-24.952054603454826,-16.19042727201181,-8.761627331443016,944.0930881089537,833.4,722.7069118910463,5.301004338265714,6.484193487224158,TTNP
2019-07-03,738.0,744.0,714.0,726.0,726.0,293,757.2,802.8,832.2,882.84,952.38,1011.78,36.715243581702744,-29.67076941777532,-18.886495701164513,-10.784273716610805,946.9302913580202,832.2,717.4697086419799,5.5803173471205305,5.348546978070786,TTNP
2019-07-05,726.0,762.0,726.0,756.0,756.0,232,751.2,791.4,826.8,876.0,950.22,1005.66,41.336476922038315,-30.636477384348154,-21.23649203780124,-9.399985346546913,945.1445805903127,826.8,708.4554194096872,8.438818565400675,6.440046750262302,TTNP
2019-07-08,750.0,792.0,720.0,774.0,774.0,361,752.4,783.6,825.3,869.52,948.06,999.27,43.979736799577005,-29.60805510876446,-22.910804651993885,-6.6972504567705755,945.5083181610019,825.3,705.091681838998,10.548523206750888,8.189219706424026,TTNP
2019-07-09,810.0,840.0,774.0,780.0,780.0,1126,756.0,777.6,823.2,863.52,946.2,993.09,44.87142277365866,-27.986264948591952,-23.9258967113135,-4.060368237278453,945.0221644656498,823.2,701.3778355343503,14.345991561181267,11.111111111110938,TTNP
2019-07-10,780.0,792.0,750.0,780.0,780.0,321,763.2,769.2,823.5,857.88,944.64,987.99,44.871422773658665,-26.396699837931465,-24.420057336637093,-1.9766425012943714,944.8647385161627,823.5,702.1352614838373,16.033755274261434,13.64275668073119,TTNP
2019-07-11,780.0,780.0,750.0,762.0,762.0,183,770.4,763.8,819.3,853.08,943.08,987.84,42.51681725100918,-26.28639441119833,-24.793324751549342,-1.493069659648988,943.0499081013684,819.3,695.5500918986315,17.259772311121555,15.879839715521413,TTNP
2019-07-12,762.0,780.0,726.0,732.0,732.0,237,765.6,758.4,811.2,848.04,941.52,987.54,38.857064551164825,-28.293575123459277,-25.49337482593133,-2.8002002975279474,935.537603946256,811.2,686.8623960537441,14.919194331661323,16.070907305681434,TTNP
2019-07-15,750.0,750.0,708.0,714.0,714.0,232,753.6,753.0,803.4,842.52,940.44,987.15,36.80972668022562,-30.97961613593202,-26.59062308793147,-4.38899304800055,931.5193184305032,803.4,675.2806815694968,10.6918238993709,14.290263514051256,TTNP
2019-07-16,714.0,738.0,708.0,714.0,714.0,261,740.4,748.2,795.0,836.64,938.7,986.76,36.809726680225616,-32.73102016409791,-27.818702503164758,-4.912317660933155,923.4336394995344,795.0,666.5663605004656,5.660377358490398,10.423798529840871,TTNP
2019-07-17,708.0,738.0,708.0,732.0,732.0,281,730.8,747.0,784.8,831.12,937.38,986.46,40.44871005194916,-32.29430229255729,-28.713822461043264,-3.580479831514026,898.3633732992145,784.8,671.2366267007855,9.762100082034287,8.704767113298525,TTNP
2019-07-18,726.0,732.0,714.0,720.0,720.0,217,722.4,746.4,774.6,825.84,933.54,986.28,38.8427553509361,-32.54138313630688,-29.47933459609599,-3.0620485402108883,871.7851827960216,774.6,677.4148172039785,12.852064533770681,9.42484732476512,TTNP
2019-07-19,714.0,744.0,696.0,744.0,744.0,297,724.8,745.2,768.3,820.92,929.52,986.22,43.6606277911616,-30.449593106352154,-29.67338629814722,-0.7762068082049325,855.7827969094315,768.3,680.8172030905685,22.705314009661667,15.106492875155544,TTNP
2019-07-22,738.0,744.0,708.0,708.0,708.0,340,723.6,738.6,761.1,814.68,925.56,986.16,38.73172584892045,-31.335517235517614,-30.0058124856213,-1.3297047498963153,843.3919179208756,761.1,678.8080820791245,18.236714975845242,17.93136450642586,TTNP
2019-07-23,708.0,738.0,678.0,684.0,684.0,273,717.6,729.0,753.3,808.08,922.14,986.16,35.82787270590293,-33.587047339729565,-30.722059456442953,-2.864987883286613,833.7514745364995,753.3,672.8485254635004,15.123456790123287,18.688495258543394,TTNP
2019-07-24,678.0,702.0,678.0,690.0,690.0,148,709.2,720.0,744.6,802.44,917.94,985.65,37.097569200132256,-34.489675799271936,-31.47558272500875,-3.0140930742631866,811.8321333522617,744.6,677.3678666477383,6.48148148148131,13.280551082483276,TTNP
2019-07-25,696.0,708.0,690.0,696.0,696.0,62,704.4,713.4,738.6,796.68,914.52,984.99,38.40991702773122,-34.32518612171373,-32.045503404349745,-2.2796827173639826,800.4785888259916,738.6,676.7214111740085,7.407407407407237,9.67078189300394,TTNP
2019-07-26,702.0,714.0,678.0,678.0,678.0,153,691.2,708.0,733.2,789.72,910.5,984.6,35.984413582911266,-35.24103966639939,-32.68461065675967,-2.5564290096397144,796.4253094503783,733.2,669.9746905496218,6.172839506172669,6.6872427983537355,TTNP
2019-07-29,678.0,708.0,666.0,678.0,678.0,138,685.2,704.4,728.7,784.44,906.84,984.03,35.984413582911266,-35.55698145022541,-33.25908481545282,-2.2978966347725844,794.1495206636098,728.7,663.2504793363903,6.8783068783067085,6.8195179306288685,TTNP
2019-07-30,672.0,684.0,672.0,678.0,678.0,85,684.0,700.8,724.5,780.24,902.52,983.46,35.984413582911266,-35.39930642102672,-33.687129136567606,-1.7121772844591163,791.6222746567526,724.5,657.3777253432474,6.683375104427566,6.578173829635644,TTNP
2019-07-31,672.0,702.0,660.0,666.0,666.0,242,679.2,694.2,720.6,776.28,898.02,983.01,34.186865165991705,-35.82962591187072,-34.11562849162823,-1.7139974202424924,791.6841737315442,720.6,649.5158262684558,8.350041771094233,7.303907917942833,TTNP
2019-08-01,666.0,684.0,642.0,648.0,648.0,314,669.6,687.0,716.7,771.72,893.64,982.65,31.634172186880626,-37.19435342279553,-34.73137347786169,-2.462979944933842,794.4202660513724,716.7,638.9797339486277,7.02729044834291,7.3535691079548995,TTNP
2019-08-02,666.0,684.0,642.0,678.0,678.0,102,669.6,680.4,712.8,768.24,889.62,981.9,39.71378838904264,-35.44655471001249,-34.87440972429185,-0.5721449857206409,790.067326568847,712.8,635.532673431153,15.28322440087129,10.220185540102808,TTNP
2019-08-05,660.0,678.0,636.0,636.0,636.0,129,661.2,673.2,705.9,764.04,885.6,981.12,33.707679172068175,-37.023674753159526,-35.30426273006539,-1.7194120230941365,784.7058357934025,705.9,627.0941642065975,13.616557734204624,11.975690861139604,TTNP
2019-08-06,636.0,654.0,624.0,642.0,642.0,179,654.0,669.0,699.0,760.8,881.4,980.01,35.21502480848307,-37.35875541655787,-35.71516126736388,-1.6435941491939872,774.7522260735387,699.0,623.2477739264613,16.76470588235277,15.221496005809557,TTNP
2019-08-07,450.0,510.0,420.0,468.0,468.0,1650,614.4,646.8,683.4,754.32,875.4,976.59,20.592125643323566,-51.075884079715365,-38.78730582983418,-12.288578249881184,802.2484739283443,683.4,564.5515260716556,9.9382716049381,13.439845073831828,TTNP
2019-08-08,474.0,474.0,444.0,462.0,462.0,581,577.2,623.4,668.4,748.08,869.46,972.06,20.279411502810518,-61.71949332771965,-43.373743329411276,-18.34574999830837,816.0243873995632,668.4,520.7756126004367,14.259259259259087,13.65407891551665,TTNP
2019-08-09,456.0,474.0,444.0,456.0,456.0,322,532.8,601.2,654.6,743.28,863.28,968.04,19.9530933320106,-69.83377985162349,-48.66575063385372,-21.16802921776977,825.6115778393275,654.6,483.58842216067256,13.032844164919462,12.410125009705546,TTNP
2019-08-12,450.0,456.0,432.0,438.0,438.0,390,493.2,577.2,640.8,738.6,855.66,961.59,18.967059417330937,-76.83119772816792,-54.29884005271656,-22.532357675451365,833.5709515334105,640.8,448.0290484665894,10.135388886511803,12.475830770230113,TTNP
2019-08-13,444.0,444.0,432.0,438.0,438.0,155,452.4,553.2,627.0,733.92,848.76,954.78,18.967059417330933,-81.43793597642161,-59.72665923745757,-21.711276738964045,835.6930754843016,627.0,418.30692451569837,7.855217558721429,10.341150203384226,TTNP
2019-08-14,444.0,444.0,390.0,420.0,420.0,674,442.8,528.6,611.4,727.32,841.8,949.32,17.938930593014117,-85.55503362418256,-64.89233411480257,-20.66269950937999,832.6332700004602,611.4,390.1667299995397,7.1680524061474715,8.386219617126896,TTNP
2019-08-15,258.0,312.0,240.0,264.0,264.0,1638,403.2,490.2,588.6,717.6,833.76,943.98,11.912250633009545,-100.25013823568543,-71.96389493897914,-28.28624329670629,850.5987781557317,588.6,326.6012218442684,6.836637789018568,7.286635917962485,TTNP
2019-08-16,276.0,300.0,258.0,282.0,282.0,1020,368.4,450.6,565.5,705.96,825.66,938.55,15.442195077110146,-109.1850476807582,-79.40812548733496,-29.776922193423246,849.1896186946157,565.5,281.81038130538434,7.826124492790986,7.276938229319004,TTNP
2019-08-19,300.0,300.0,264.0,264.0,264.0,414,333.6,413.4,543.3,695.16,817.5,933.57,14.803347892333942,-116.37695624677531,-86.80189163922303,-29.575064607552278,847.6478926411295,543.3,238.95210735887042,6.471306471306298,7.044689584371947,TTNP
2019-08-20,276.0,282.0,264.0,276.0,276.0,250,301.2,376.8,522.9,684.24,809.28,929.01,17.260841928092567,-119.72814436833539,-93.3871421850455,-26.341002183289888,841.1664917252465,522.9,204.6335082747534,7.46460746460729,7.254012809568188,TTNP
2019-08-21,282.0,282.0,264.0,270.0,270.0,247,271.2,357.0,501.9,674.16,801.3,924.78,16.996848548514187,-121.46792828843707,-99.00329940572382,-22.464628882713242,828.6059224365184,501.9,175.19407756348153,6.686556686556512,6.8741568741566965,TTNP
2019-08-22,270.0,276.0,264.0,264.0,264.0,187,271.2,337.2,480.3,662.52,792.9,919.26,16.721432511983537,-121.92538944192484,-103.58771741296403,-18.33767202896081,809.9283357891072,480.3,150.67166421089274,6.781438973219621,6.9775343747944705,TTNP
2019-08-23,258.0,270.0,246.0,252.0,252.0,416,265.2,316.8,459.0,649.68,784.92,912.42,16.157521919662546,-121.85160100728507,-107.24049413182823,-14.61110687545684,789.828051644803,459.0,128.17194835519695,5.044919845396145,6.170971835057422,TTNP
2019-08-26,258.0,258.0,252.0,258.0,258.0,161,264.0,298.8,438.0,637.44,777.6,905.97,17.652861984154043,-119.92653484331049,-109.77770227412468,-10.148832569185814,763.8392237823685,438.0,112.16077621763145,5.014889815366115,5.613749544660624,TTNP
2019-08-27,258.0,258.0,246.0,252.0,252.0,146,259.2,280.2,416.7,624.84,770.28,899.67,17.320192277071833,-117.53024044312173,-111.32820990792409,-6.202030535197636,732.5411622241415,416.7,100.85883777585843,4.897807506502985,4.985872389088411,TTNP
2019-08-28,246.0,258.0,246.0,252.0,252.0,86,255.6,263.4,396.0,611.16,763.5,893.55,17.320192277071833,-114.31342585102942,-111.92525309654516,-2.388172754484259,697.7230514148637,396.0,94.27694858513638,5.641025641025467,5.1845743209648525,TTNP
2019-08-29,252.0,258.0,240.0,246.0,246.0,362,252.0,261.6,375.9,597.6,756.96,887.58,16.9497414450433,-110.96904489311066,-111.73401145585827,0.7649665627476026,660.8911573279013,375.9,90.90884267209867,4.344729344729171,4.961187497419204,TTNP
2019-08-30,246.0,252.0,246.0,252.0,252.0,346,252.0,258.6,354.6,585.24,750.6,881.64,18.81962095954215,-106.60556642302487,-110.70832244929159,4.102756026266718,608.0217034018523,354.6,101.17829659814774,4.596111949052951,4.860622311602526,TTNP
2019-09-03,258.0,300.0,246.0,294.0,294.0,1789,259.2,261.6,337.5,574.08,744.72,875.37,30.59896961612159,-98.62158110973229,-108.29097418137972,9.669393071647434,556.4753405182795,337.5,118.5246594817205,11.710239651415947,6.883693648399352,TTNP
2019-09-04,300.0,324.0,276.0,282.0,282.0,1830,265.2,262.2,319.5,562.92,738.54,868.32,29.291220863541206,-92.19969425618706,-105.07271819634119,12.873023940154127,488.98805195380726,319.5,150.01194804619277,27.45098039215669,14.585777330875194,TTNP
2019-09-05,282.0,282.0,252.0,264.0,264.0,547,267.6,261.6,309.3,550.92,732.36,862.44,27.399585406509857,-87.55349009165803,-101.56887257540455,14.01538248374652,465.8747098196143,309.3,152.72529018038577,35.01400560224072,24.72507521527112,TTNP
2019-09-06,264.0,264.0,240.0,246.0,246.0,465,267.6,259.8,298.5,539.52,724.56,856.65,25.617910897282968,-84.35143850871748,-98.12538576206714,13.773947253349661,440.58096197273034,298.5,156.41903802726966,28.5714285714284,30.345471521941935,TTNP
2019-09-09,264.0,264.0,246.0,246.0,246.0,518,266.4,259.2,288.0,528.72,716.94,851.22,25.617910897282965,-80.88143868152798,-94.67659634595931,13.79515766443133,411.83860365450045,288.0,164.16139634549955,14.285714285714114,25.957049486461074,TTNP
2019-09-10,252.0,264.0,246.0,258.0,258.0,480,259.2,259.2,279.0,518.52,709.32,846.21,29.178544848975413,-76.28378709405439,-90.99803449557832,14.714247401523934,382.4021264534557,279.0,175.5978735465443,11.904761904761733,18.25396825396808,TTNP
2019-09-11,264.0,264.0,246.0,252.0,252.0,305,253.2,259.2,269.7,508.32,701.64,841.17,28.44534091309513,-72.29093998598762,-87.25661559366019,14.965675607672566,343.4267912979838,269.7,195.97320870201617,14.285714285714114,13.492063492063316,TTNP
2019-09-12,252.0,252.0,240.0,240.0,240.0,993,248.4,258.0,260.7,498.24,693.9,836.25,26.984859614847963,-69.29607755105224,-83.6645079851386,14.368430434086363,288.44959017889244,260.7,232.95040982110754,11.904761904761733,12.698412698412524,TTNP
2019-09-13,240.0,240.0,210.0,216.0,216.0,783,242.4,255.0,258.3,488.04,685.44,831.03,24.297860237950452,-68.07450638349826,-80.54650766481053,12.472001281312274,292.1295692419583,258.3,224.47043075804174,6.5162907268168695,10.902255639097568,TTNP
2019-09-16,234.0,234.0,222.0,222.0,222.0,645,237.6,252.0,255.3,477.36,676.68,825.66,26.274332873134355,-65.86302462677082,-77.60981105720259,11.746786430431769,290.79140396062735,255.3,219.8085960393727,5.263157894736669,7.894736842105086,TTNP
2019-09-17,222.0,222.0,198.0,204.0,204.0,1106,226.8,243.0,252.3,465.96,667.74,820.56,24.23047576297871,-64.81570388145136,-75.05098962205234,10.235285740600986,293.9514076004211,252.3,210.64859239957894,6.850459482038256,6.209969367863927,TTNP
2019-09-18,252.0,258.0,234.0,246.0,246.0,5159,225.6,239.4,250.8,455.28,659.4,815.67,36.61947278490049,-59.9060855894609,-72.02200881553405,12.11592322607315,291.067105124362,250.8,210.53289487563802,17.794486215538672,9.969367864104528,TTNP
2019-09-19,228.0,240.0,216.0,222.0,222.0,1541,222.0,235.2,248.4,444.12,651.0,810.84,33.27164929272096,-57.2913580320386,-69.07587865883497,11.784520626796365,289.51641709945574,248.4,207.28358290054427,20.634920634920462,15.093288777499126,TTNP
2019-09-20,222.0,222.0,204.0,216.0,216.0,1242,222.0,232.2,246.0,433.2,643.14,806.34,32.47238691580404,-55.06852182001782,-66.27440729107154,11.205885471053719,288.76446837149314,246.0,203.23553162850686,23.80952380952364,20.746310219994253,TTNP
2019-09-23,216.0,216.0,198.0,216.0,216.0,476,220.8,229.2,244.2,422.88,635.46,802.2,32.47238691580403,-52.69942197504409,-63.55941022786605,10.859988252821964,288.79416727663454,244.2,199.60583272336547,15.873015873015703,20.10582010581993,TTNP
2019-09-24,216.0,216.0,192.0,204.0,204.0,1024,220.8,223.8,241.5,412.68,627.6,798.72,30.75850974834493,-51.199991361745106,-61.08752645464186,9.887535092896755,288.87720712638543,241.5,194.1227928736146,13.968253968253798,17.88359788359771,TTNP
2019-09-25,204.0,204.0,180.0,180.0,180.0,806,207.6,216.6,237.9,402.0,619.32,794.4,27.618829453192166,-51.356278016718846,-59.141276767057256,7.78499875033841,292.0032323904628,237.9,183.79676760953723,9.206349206349037,13.015873015872842,TTNP
2019-09-26,186.0,204.0,180.0,186.0,186.0,486,200.4,211.2,234.6,391.08,611.1,790.29,29.554789110304263,-50.41483561800348,-57.3959885372465,6.981152919243023,292.75977781161515,234.6,176.4402221883848,6.8253968253966555,9.999999999999826,TTNP
2019-09-27,192.0,198.0,168.0,174.0,174.0,412,192.0,207.0,231.0,380.16,603.0,786.3,27.944928120735735,-50.05997521310678,-55.92878587241856,5.868810659311777,294.55469892223886,231.0,167.44530107776114,4.464285714285545,6.832010582010408,TTNP
2019-09-30,180.0,186.0,150.0,162.0,162.0,538,181.2,201.0,226.5,368.52,594.72,782.07,26.396498344769498,-50.16873158860818,-54.77677501565648,4.608043427048301,295.94206041799475,226.5,157.05793958200528,7.973057644110106,6.420913394597432,TTNP
2019-10-01,162.0,174.0,162.0,162.0,162.0,622,172.8,196.8,219.9,357.6,586.14,778.02,26.396498344769498,-49.68221613820489,-53.75786324016617,4.075647101961273,287.49260133399537,219.9,152.30739866600467,9.29580896686143,7.244384108419023,TTNP
2019-10-02,168.0,168.0,150.0,150.0,150.0,718,166.8,187.2,213.3,346.92,577.5,773.91,24.80261905729094,-49.69212892050197,-52.94471637623333,3.2525874557313585,281.1265416713577,213.3,145.47345832864232,7.212475633528096,8.160447414833207,TTNP
2019-10-03,156.0,162.0,144.0,150.0,150.0,1009,159.6,180.0,207.6,336.12,569.28,769.8,24.80261905729094,-49.13360327790849,-52.18249375656836,3.048890478659871,276.57651596809205,207.6,138.62348403190794,5.458089668615815,7.322124756335111,TTNP
2019-10-04,162.0,354.0,162.0,264.0,264.0,14193,177.6,184.8,208.5,327.48,562.08,765.9,54.84390247008525,-39.042067765587035,-49.554408558372096,10.51234079278506,279.8848706316432,208.5,137.1151293683568,20.802005012531158,11.15752343822502,TTNP
2019-10-07,264.0,270.0,210.0,228.0,228.0,4513,190.8,186.0,207.6,318.48,554.1,762.18,48.28394734922893,-33.56246509621167,-46.35601986594001,12.793554769728345,277.50965423385003,207.6,137.69034576615,34.13533834586449,20.131811009003815,TTNP
2019-10-08,234.0,246.0,192.0,204.0,204.0,1848,199.2,186.0,204.9,309.0,546.72,758.7,44.46548124610881,-30.801380781502047,-43.24509204905242,12.44371126755037,270.8754481234984,204.9,138.9245518765016,41.904761904761735,32.280701754385795,TTNP
2019-10-09,198.0,252.0,180.0,210.0,210.0,3024,211.2,189.0,202.8,299.64,539.94,755.61,45.6232559684867,-27.808492719760892,-40.15777218319411,12.34927946343322,265.22307069582877,202.8,140.37692930417128,33.333333333333165,36.457811194653125,TTNP
2019-10-10,210.0,216.0,192.0,192.0,192.0,1081,219.6,189.6,200.4,290.16,533.22,752.43,42.74423680324826,-26.582628936690043,-37.4427435338933,10.860114597203257,260.5677634210914,200.4,140.2322365789086,27.61904761904745,34.285714285714114,TTNP
2019-10-11,228.0,306.0,222.0,258.0,258.0,14914,218.4,198.0,202.5,282.36,527.04,749.76,54.16534741232144,-20.054301141558312,-33.965055055426305,13.910753913867993,267.44151026189985,202.5,137.55848973810015,36.190476190476026,32.380952380952216,TTNP
2019-10-14,252.0,258.0,210.0,216.0,216.0,3355,216.0,203.4,202.2,273.12,520.68,746.88,47.65126033676682,-18.061402713559858,-30.784324587053014,12.722921873493156,266.83311655101005,202.2,137.56688344898993,37.142857142856975,33.65079365079348,TTNP
2019-10-15,234.0,240.0,210.0,222.0,222.0,2281,219.6,209.4,203.1,264.84,514.44,743.85,48.60222201048741,-15.815554626511926,-27.790570594944796,11.97501596843287,268.30705295515537,203.1,137.89294704484462,41.904761904761735,38.41269841269824,TTNP
2019-10-16,108.0,114.0,102.0,108.0,108.0,67125,199.2,205.2,196.2,254.16,507.48,740.43,35.43205218393641,-22.969769890203594,-26.826410453996555,3.8566405637929613,270.37708375971965,196.2,122.02291624028032,24.603174603174438,34.55026455026438,TTNP
2019-10-17,108.0,114.0,96.0,102.0,102.0,25177,181.2,200.4,190.2,246.84,500.58,736.8,34.89607911833115,-28.79179301827878,-27.219486966853,-1.5723060514257803,273.8650450014609,190.2,106.53495499853912,13.94979697305262,26.819244493662932,TTNP
2019-10-18,102.0,114.0,102.0,102.0,102.0,16591,150.0,184.2,184.5,239.64,493.86,732.99,34.89607911833116,-33.025095548613734,-28.380608683205146,-4.644486865408588,275.56371261428137,184.5,93.43628738571866,2.3440383905498536,13.632336655592304,TTNP
2019-10-21,114.0,114.0,102.0,108.0,108.0,22938,128.4,172.2,179.1,232.68,487.98,728.67,36.01853735049537,-35.48679872139908,-29.801846690843934,-5.684952030555149,274.74496722304025,179.1,83.45503277695977,3.1007751937982846,6.464870185800254,TTNP
2019-10-22,108.0,120.0,102.0,114.0,114.0,33624,106.8,163.2,174.6,226.2,482.4,724.38,37.18484246829001,-36.53244310211238,-31.147965973097623,-5.384477129014758,273.5472574410046,174.6,75.65274255899537,4.6511627906975095,3.3653254583485492,TTNP
2019-10-23,120.0,132.0,114.0,126.0,126.0,55840,110.4,154.8,171.9,219.96,476.94,720.33,39.557920894920294,-35.978091057348024,-32.1139909899477,-3.8641000674003223,273.03337606891427,171.9,70.76662393108575,7.7519379844959575,5.167958656330584,TTNP
2019-10-24,126.0,126.0,114.0,114.0,114.0,21069,112.8,147.0,168.3,213.84,470.58,716.22,38.01143286700418,-36.09102787632355,-32.90939836722287,-3.1816295091006808,272.25595103261975,168.3,64.34404896738029,9.058693244739588,7.153931339977686,TTNP
2019-10-25,114.0,114.0,108.0,108.0,108.0,14299,114.0,132.0,165.0,210.72,464.16,712.44,37.2277601992519,-36.24684985271378,-33.576888664321054,-2.669961188392726,272.16342545428654,165.0,57.83657454571345,8.637873754152658,8.482834994462737,TTNP
2019-10-28,114.0,114.0,102.0,108.0,108.0,10789,114.0,121.2,162.3,207.24,456.6,708.66,37.227760199251904,-35.95586308375783,-34.05268354820841,-1.9031795355494268,272.3129072204549,162.3,52.28709277954512,6.666666666666501,8.121077888519585,TTNP
2019-10-29,108.0,108.0,102.0,102.0,102.0,10130,111.6,109.2,159.3,204.0,449.58,704.85,36.35841009656652,-35.796761050145534,-34.40149904859583,-1.3952620015497033,272.41074111284223,159.3,46.189258887157806,4.761904761904597,6.68881506090792,TTNP
2019-10-30,102.0,114.0,96.0,114.0,114.0,17170,109.2,109.8,157.5,200.76,442.5,701.46,39.406104079679174,-34.30690320557585,-34.38257987999184,0.07567667441598758,272.2789168580033,157.5,42.721083141996715,5.714285714285549,5.714285714285551,TTNP
2019-10-31,114.0,114.0,108.0,108.0,108.0,8229,108.0,110.4,155.4,197.52,435.84,698.22,38.41551911720521,-33.22730628227393,-34.15152516044826,0.9242188781743295,272.1705431823301,155.4,38.629456817669904,6.278659611992779,5.58495002939431,TTNP
2019-11-01,108.0,108.0,102.0,108.0,108.0,4898,108.0,111.0,147.6,194.4,428.46,694.62,38.41551911720521,-32.00280947590038,-33.72178202353868,1.7189725476383018,254.75670653345242,147.6,40.44329346654757,8.104056437389604,6.699000587889313,TTNP
2019-11-04,108.0,108.0,102.0,102.0,102.0,8764,106.8,110.4,141.3,191.4,420.54,690.81,37.32728095119006,-31.157373978303994,-33.208900414491744,2.05152643618775,243.50978306941283,141.3,39.09021693058719,10.802469135802303,8.395061728394898,TTNP
2019-11-05,102.0,102.0,102.0,102.0,102.0,7660,106.8,109.2,136.2,188.28,412.86,687.36,37.327280951190055,-30.13992595051988,-32.59510552169737,2.4551795711774886,235.52492011120086,136.2,36.87507988879912,13.888888888888724,10.931804820693545,TTNP
2019-11-06,102.0,114.0,96.0,108.0,108.0,16528,105.6,107.4,131.1,185.4,405.12,683.76,39.320826977243826,-28.520672641566293,-31.780218945671155,3.2595463041048625,225.07425048967633,131.1,37.125749510323644,22.222222222222058,15.637860082304364,TTNP
2019-11-07,108.0,108.0,102.0,102.0,102.0,4847,104.4,106.2,126.6,182.4,396.78,680.31,38.01847867635844,-27.405637454875404,-30.905302647512006,3.499665192636602,217.03096679288817,126.6,36.16903320711182,22.222222222222058,19.444444444444283,TTNP
2019-11-08,102.0,102.0,96.0,96.0,96.0,4229,102.0,105.0,118.5,179.4,388.5,676.44,36.709106809136834,-26.69835191026145,-30.063912500061896,3.3655605898004453,186.68650713371696,118.5,50.31349286628304,16.6666666666665,20.370370370370207,TTNP
2019-11-11,102.0,102.0,102.0,102.0,102.0,4324,102.0,104.4,112.8,176.4,380.82,672.93,38.97259311454724,-25.361323612797392,-29.123394722608996,3.762071109811604,164.49757977987394,112.8,61.10242022012604,11.111111111110944,16.666666666666504,TTNP
2019-11-12,102.0,108.0,102.0,102.0,102.0,5142,102.0,104.4,106.8,172.56,373.32,669.54,38.97259311454724,-24.024776387003087,-28.103671055487816,4.078894668484729,119.72438606265047,106.8,93.87561393734953,12.222222222222053,13.333333333333167,TTNP
2019-11-13,102.0,102.0,96.0,102.0,102.0,6245,100.8,103.2,106.5,168.96,365.94,666.45,38.97259311454724,-22.7038373766286,-27.02370431971597,4.319866943087373,119.57668746649674,106.5,93.42331253350326,23.33333333333316,15.555555555555387,TTNP
2019-11-14,102.0,114.0,96.0,114.0,114.0,18647,103.2,103.8,107.1,165.96,358.44,663.33,43.977364331331806,-20.45291550380952,-25.709546556534683,5.256631052725162,120.3951026734073,107.1,93.8048973265927,51.11111111111094,28.888888888888715,TTNP
2019-11-15,102.0,102.0,96.0,96.0,96.0,13663,103.2,102.6,106.8,162.96,351.24,658.86,38.83295314620971,-19.89218850369417,-24.54607494596658,4.653886442272409,120.79427579749793,106.8,92.80572420250206,44.444444444444265,39.62962962962945,TTNP
2019-11-18,102.0,102.0,96.0,96.0,96.0,4723,102.0,102.0,106.2,159.96,344.34,654.12,38.832953146209704,-19.226180871083073,-23.48209613098988,4.255915259906807,120.94583856877713,106.2,91.45416143122287,33.33333333333315,42.962962962962784,TTNP
2019-11-19,96.0,96.0,90.0,90.0,90.0,5224,99.6,100.8,105.0,156.6,337.56,649.32,37.152810110125785,-18.963910721646073,-22.57845904912112,3.6145483274750454,120.87450015264835,105.0,89.12549984735165,-1.8000415972589204e-13,25.92592592592574,TTNP
2019-11-20,96.0,96.0,84.0,90.0,90.0,5861,97.2,99.0,103.2,153.36,330.84,644.55,37.152810110125785,-18.542315468136778,-21.77123033292425,3.2289148647874732,117.19427579749794,103.2,89.20572420250207,6.666666666666487,13.333333333333146,TTNP
2019-11-21,84.0,90.0,84.0,90.0,90.0,3509,92.4,97.8,102.0,150.36,324.3,639.93,37.152810110125785,-18.000697358200597,-21.01712373797952,3.016426379778924,116.19858285521616,102.0,87.80141714478384,13.333333333333153,6.66666666666648,TTNP
2019-11-22,90.0,90.0,84.0,90.0,90.0,3807,91.2,97.2,101.1,147.84,317.94,635.16,37.15281011012579,-17.371216532943464,-20.28794229697231,2.916725764028847,115.93104025671965,101.1,86.26895974328033,19.99999999999982,13.333333333333146,TTNP
2019-11-25,96.0,96.0,84.0,90.0,90.0,2687,90.0,96.0,100.2,145.2,311.28,630.75,37.152810110125785,-16.680070968620143,-19.566368031301877,2.8862970626817344,115.42628500641011,100.2,84.9737149935899,19.99999999999982,17.77777777777759,TTNP
2019-11-26,90.0,96.0,90.0,90.0,90.0,4331,90.0,94.8,99.6,142.92,304.44,626.25,37.152810110125785,-15.948488877271444,-18.84279220049579,2.894303323224346,115.42907941405453,99.6,83.77092058594546,19.99999999999982,19.999999999999815,TTNP
2019-11-27,90.0,102.0,90.0,96.0,96.0,4842,91.2,94.2,98.7,139.92,297.6,621.9,41.12632704824997,-14.714930385448156,-18.017219837486262,3.3022894520381065,113.13744281707932,98.7,84.26255718292069,26.666666666666487,22.22222222222204,TTNP
2019-11-29,96.0,96.0,90.0,90.0,90.0,2311,91.2,91.8,97.8,137.28,290.7,617.67,38.50460548356209,-14.05940814387209,-17.22565749876343,3.166249354891338,112.0492019108592,97.8,83.5507980891408,26.666666666666487,24.44444444444426,TTNP
2019-12-02,90.0,96.0,84.0,90.0,90.0,3997,91.2,91.2,96.9,134.76,283.98,613.53,38.50460548356208,-13.385601166638736,-16.45764623233849,3.072045065699754,110.72605348956948,96.9,83.07394651043053,26.666666666666487,26.666666666666487,TTNP
2019-12-03,90.0,114.0,90.0,108.0,108.0,28316,94.8,92.4,97.2,132.6,277.74,609.63,49.66810893386835,-11.26924981790448,-15.419966949451688,4.150717131547207,111.69964672315977,97.2,82.70035327684023,39.99999999999982,31.111111111110933,TTNP
2019-12-04,114.0,120.0,108.0,108.0,108.0,19585,98.4,94.2,97.5,130.68,271.68,606.06,49.66810893386835,-9.482715287495523,-14.232516617060455,4.7498013295649315,112.619515703105,97.5,82.380484296895,55.55555555555537,40.74074074074056,TTNP
2019-12-05,108.0,114.0,96.0,102.0,102.0,9846,99.6,95.4,97.2,129.12,265.56,602.13,46.41103732925483,-8.453576093727875,-13.076728512393938,4.623152418666063,111.69964672315977,97.2,82.70035327684023,65.55555555555537,53.703703703703525,TTNP
2019-12-06,108.0,120.0,108.0,114.0,114.0,14525,104.4,97.8,97.8,127.68,259.38,598.38,53.04330281665472,-6.5936684508189956,-11.78011650007895,5.186448049259955,113.94434127167881,97.8,81.65565872832119,66.66666666666649,62.59259259259241,TTNP
2019-12-09,120.0,132.0,114.0,126.0,126.0,20326,111.6,101.4,99.3,126.72,253.44,593.49,58.565740424831084,-4.104069375026356,-10.244907075068431,6.140837700042075,119.549438389655,99.3,79.050561610345,73.61111111111093,68.61111111111093,TTNP
2019-12-10,126.0,126.0,114.0,114.0,114.0,16169,112.8,103.8,99.9,125.76,247.14,588.33,51.98202362269693,-3.0640237244762716,-8.80873040495,5.744706680473728,121.12168125046708,99.9,78.67831874953293,77.7777777777776,72.685185185185,TTNP
2019-12-11,102.0,108.0,96.0,102.0,102.0,9973,111.6,105.0,99.9,124.56,241.08,583.32,46.36850370236266,-3.17152045154414,-7.681288414268828,4.509767962724688,121.12168125046708,99.9,78.67831874953293,62.49999999999982,71.29629629629612,TTNP
2019-12-12,102.0,102.0,96.0,102.0,102.0,5415,111.6,105.6,99.9,123.6,235.26,578.7,46.36850370236266,-3.219598850796231,-6.788950501574308,3.569351650778077,121.12168125046708,99.9,78.67831874953293,45.83333333333315,62.03703703703686,TTNP
2019-12-13,108.0,108.0,96.0,96.0,96.0,3966,108.0,106.2,99.0,122.52,229.32,573.63,43.635966658587584,-3.6992090057567566,-6.171002202410798,2.4717931966540414,119.25832557484537,99.0,78.74167442515463,33.33333333333315,47.22222222222204,TTNP
2019-12-16,96.0,102.0,96.0,96.0,96.0,3583,102.0,106.8,99.0,119.16,223.32,568.92,43.63596665858759,-4.03281571969157,-5.743364905866953,1.710549186175383,119.25832557484537,99.0,78.74167442515463,29.166666666666487,36.11111111111092,TTNP
2019-12-17,102.0,102.0,96.0,96.0,96.0,2952,98.4,105.6,99.0,116.52,217.5,564.0,43.63596665858759,-4.248230487364808,-5.444338022166524,1.1961075348017163,119.25832557484537,99.0,78.74167442515463,24.99999999999982,29.166666666666483,TTNP
2019-12-18,96.0,96.0,96.0,96.0,96.0,4897,97.2,104.4,99.3,114.36,211.68,559.26,43.63596665858759,-4.368589858192948,-5.229188389371808,0.8605985311788604,119.19069518886756,99.3,79.40930481113243,24.99999999999982,26.388888888888705,TTNP
2019-12-19,96.0,102.0,96.0,96.0,96.0,4214,96.0,103.8,99.6,112.08,205.86,554.19,43.63596665858759,-4.413104010742714,-5.065971513645989,0.6528675029032751,119.09768589080363,99.6,80.10231410919636,24.99999999999982,24.999999999999815,TTNP
2019-12-20,96.0,96.0,90.0,96.0,96.0,2684,96.0,102.0,99.9,110.16,200.16,549.09,43.63596665858759,-4.39768798768921,-4.932314808454633,0.534626820765423,118.9777292961302,99.9,80.8222707038698,21.42857142857125,23.809523809523625,TTNP
2019-12-23,96.0,96.0,96.0,96.0,96.0,2470,96.0,99.0,100.2,106.92,194.64,544.14,43.63596665858759,-4.33549380452547,-4.8129506076688005,0.4774568031433306,118.82900306233357,100.2,81.57099693766644,17.85714285714268,21.428571428571246,TTNP
2019-12-24,96.0,96.0,96.0,96.0,96.0,1970,96.0,97.2,100.5,104.52,188.82,539.22,43.63596665858759,-4.237358831339918,-4.697832252403024,0.4604734210631056,118.64937340781863,100.5,82.35062659218137,14.285714285714107,17.857142857142676,TTNP
2019-12-26,96.0,96.0,96.0,96.0,96.0,2494,96.0,96.6,100.8,102.0,183.42,534.51,43.63596665858759,-4.112183466806044,-4.580702495283628,0.46851902847758353,118.43631920488062,100.8,83.16368079511938,14.285714285714107,15.476190476190297,TTNP
2019-12-27,96.0,114.0,96.0,108.0,108.0,12587,98.4,97.2,101.4,102.0,178.08,529.74,54.16192197671306,-3.0099841530908265,-4.266558826845068,1.2565746737542414,119.1583714088999,101.4,83.64162859110012,23.809523809523636,17.46031746031728,TTNP
2019-12-30,114.0,144.0,114.0,132.0,132.0,38283,105.6,100.8,103.5,102.6,174.72,525.06,67.31057833610943,-0.1976059539909727,-3.452768252274249,3.255162298283276,124.924279570068,103.5,82.075720429932,44.9735449735448,27.689594356260844,TTNP
2019-12-31,132.0,138.0,114.0,114.0,114.0,15446,109.2,102.6,104.7,102.84,171.24,520.35,54.64911135430827,0.5721787427851552,-2.647778853262368,3.2199575960475233,125.6485024547445,104.7,83.7514975452555,55.02645502645485,41.269841269841095,TTNP
2020-01-02,120.0,132.0,120.0,132.0,132.0,13487,116.4,106.2,105.9,103.32,168.0,515.64,62.288508635189466,2.604663291623609,-1.5972904242851726,4.201953715908782,129.98235360375793,105.9,81.8176463962421,66.66666666666649,55.55555555555537,TTNP
2020-01-03,138.0,180.0,132.0,156.0,156.0,52245,128.4,112.2,108.3,104.16,165.18,510.42,69.63350222518504,6.081912857903035,-0.0614497678475312,6.143362625750566,140.82752303967274,108.3,75.77247696032725,65.185185185185,62.29276895943544,TTNP
2020-01-06,198.0,204.0,156.0,180.0,180.0,65836,142.8,120.6,112.2,105.24,162.6,505.68,74.89853887645558,10.651474052476331,2.0811349962172416,8.57033905625909,157.1159187270664,112.2,67.28408127293359,76.68615984405442,69.51267056530196,TTNP
2020-01-07,144.0,150.0,126.0,144.0,144.0,31882,145.2,125.4,113.7,105.84,159.84,500.82,58.510810751862806,11.238435398053966,3.9125950765845867,7.325840321469379,160.71105992313335,113.7,66.68894007686666,66.54970760233901,69.47368421052613,TTNP
2020-01-08,132.0,138.0,120.0,132.0,132.0,15435,148.8,129.0,114.0,106.32,158.52,496.14,54.24985144424564,10.612967103015905,5.25266948187085,5.360297621145055,161.39619979593758,114.0,66.60380020406242,54.38596491228054,65.87394411955798,TTNP
2020-01-09,132.0,204.0,126.0,180.0,180.0,109541,158.4,137.4,117.3,107.76,157.5,491.58,65.1746116575504,13.831042175530072,6.968344020602695,6.862698154927378,172.7440236192905,117.3,61.855976380709514,54.38596491228054,58.44054580896668,TTNP
2020-01-10,186.0,198.0,156.0,162.0,162.0,53968,159.6,144.0,120.3,108.96,156.48,486.99,59.4422859533267,14.758809914103495,8.526437199302855,6.23237271480064,178.53091751893007,120.3,62.069082481069934,59.649122807017385,56.14035087719281,TTNP
2020-01-13,186.0,186.0,162.0,168.0,168.0,32452,157.2,150.0,123.6,110.04,155.4,482.34,60.68362191706134,15.796134382625638,9.980376635967412,5.815757746658226,184.71758957204088,123.6,62.48241042795911,69.59064327485363,61.20857699805051,TTNP
2020-01-14,162.0,168.0,144.0,162.0,162.0,21268,160.8,153.0,126.9,111.12,154.32,477.81,58.747252941020925,15.950207577249813,11.174342824223892,4.775864753025921,188.82220728540315,126.9,64.97779271459686,63.64522417153979,64.29499675113692,TTNP
2020-01-15,168.0,168.0,150.0,156.0,156.0,19513,165.6,157.2,129.9,112.08,153.24,473.07,56.79554175218654,15.410518968169043,12.021578053012922,3.3889409151561214,191.35534765255525,129.9,68.44465234744476,61.11111111111094,64.78232618583478,TTNP
2020-01-16,156.0,156.0,144.0,150.0,150.0,18633,159.6,159.0,132.6,113.04,152.22,468.57,54.833716353172456,14.333435083924371,12.483949459195212,1.8494856247291587,192.58799675848866,132.6,72.61200324151135,55.55555555555538,60.103963612735356,TTNP
2020-01-17,168.0,228.0,168.0,198.0,198.0,161332,166.8,163.2,137.7,114.96,151.62,464.61,65.19222144943025,17.155281783346055,13.41821592402538,3.7370658593206745,201.59084249793892,137.7,73.80915750206105,59.74658869395694,58.804418453541075,TTNP
2020-01-21,222.0,258.0,210.0,222.0,222.0,99131,177.6,167.4,144.0,117.24,151.32,460.8,69.01821199172582,21.085158464849144,14.951604432190134,6.13355403265901,214.68804534782691,144.0,73.31195465217307,66.22807017543842,60.51007147498357,TTNP
2020-01-22,210.0,216.0,180.0,198.0,198.0,37906,184.8,172.8,149.1,119.16,150.78,457.14,61.71305860084283,22.009305056170945,16.363144556986295,5.646160499184649,219.91779264490282,149.1,78.28220735509719,68.40198321891668,64.79221402943735,TTNP
2020-01-23,192.0,210.0,186.0,192.0,192.0,29319,192.0,178.8,153.9,121.08,150.24,453.6,60.00318261197977,22.00390076098236,17.491295797785508,4.5126049631968534,222.65434353621902,153.9,85.145656463781,61.23188405797083,65.28731248410864,TTNP
2020-01-24,192.0,198.0,180.0,192.0,192.0,16704,200.4,180.0,158.7,122.88,149.64,450.12,60.00318261197977,21.748909922746492,18.342818622777706,3.406091299968786,223.9291327176474,158.7,93.47086728235259,53.62318840579692,61.08568522756147,TTNP
2020-01-27,180.0,192.0,180.0,186.0,186.0,12811,198.0,182.4,163.2,124.56,148.56,446.64,58.135103105017215,20.822647472017564,18.838784392625676,1.983863079391888,222.66965406908338,163.2,103.7303459309166,50.72463768115924,55.193236714975654,TTNP
2020-01-28,186.0,186.0,168.0,174.0,174.0,18592,188.4,183.0,166.5,126.0,147.48,443.01,54.48178824914769,18.90238318757733,18.851504151616005,0.05087903596132293,220.41659999570106,166.5,112.58340000429894,46.376811594202714,50.24154589371961,TTNP
2020-01-29,174.0,180.0,168.0,168.0,168.0,8758,182.4,183.6,168.3,127.08,146.52,439.44,52.6985792373312,16.70385836999506,18.421974995291816,-1.718116625296755,219.8406611821814,168.3,116.75933881781862,39.59156785243723,45.56433904259972,TTNP
2020-01-30,168.0,168.0,156.0,162.0,162.0,10803,176.4,184.2,170.7,128.4,145.68,435.12,50.90429992919343,14.312377577074557,17.600055511648364,-3.287677934573807,215.99503013683136,170.7,125.40496986316863,28.912696761666826,38.29369206943558,TTNP
2020-01-31,162.0,162.0,156.0,156.0,156.0,6825,169.2,184.8,171.9,129.6,144.78,430.86,49.103808721944056,11.796973792569048,16.4394391678325,-4.642465375263452,214.2031884743506,171.9,129.5968115256494,19.377990430621825,29.294085014908614,TTNP
2020-02-03,156.0,156.0,138.0,144.0,144.0,10988,160.8,179.4,171.3,130.68,143.64,426.48,45.6278008442182,8.734512436702119,14.898453821606424,-6.163941384904305,214.81137500811053,171.3,127.7886249918895,10.438596491227885,19.576427894505496,TTNP
2020-02-04,138.0,144.0,132.0,138.0,138.0,9224,153.6,171.0,169.2,131.64,142.5,422.07,43.95245899231111,5.756977044650199,13.07015846621518,-7.31318142156498,214.83156533690743,169.2,123.56843466309255,6.76274018379263,12.193109035214098,TTNP
2020-02-05,150.0,162.0,144.0,150.0,150.0,12555,150.0,166.2,169.5,132.84,141.6,417.75,48.060075526479196,4.315808551793026,11.319288483330748,-7.003479931537722,214.53997951927198,169.5,124.46002048072803,8.01587301587283,8.4057365636311,TTNP
2020-02-06,150.0,162.0,150.0,150.0,150.0,7080,147.6,162.0,170.4,134.04,140.94,413.19,48.06007552647921,3.137504934291883,9.682931773522975,-6.545426839231093,213.06333033292668,170.4,127.73666966707333,11.111111111110924,8.629908103592113,TTNP
2020-02-07,150.0,156.0,144.0,144.0,144.0,7837,145.2,157.2,168.6,135.12,140.16,408.42,46.10086210188184,1.6999450637790972,8.0863344315742,-6.386389367795102,212.51081592382945,168.6,124.68918407617052,12.698412698412511,10.608465608465407,TTNP
2020-02-10,144.0,150.0,138.0,138.0,138.0,6323,144.0,152.4,167.4,136.08,139.5,403.62,44.16206930601712,0.07564664598385207,6.48419687445613,-6.4085502284722775,213.2362275399757,167.4,121.56377246002432,10.31746031746013,11.375661375661174,TTNP
2020-02-11,138.0,138.0,138.0,138.0,138.0,9313,144.0,148.8,165.9,136.92,138.42,398.91,44.162069306017116,-1.1978138995364418,4.947794719657615,-6.145608619194057,213.48949206596376,165.9,118.31050793403625,8.119658119657933,10.378510378510178,TTNP
2020-02-12,168.0,192.0,156.0,174.0,174.0,59128,148.8,149.4,166.5,138.6,137.94,394.47,56.80339414288183,0.6899057744808488,4.096216930622262,-3.406311156141413,214.18018199521097,166.5,118.81981800478903,26.157176157175968,14.864764864764664,TTNP
2020-02-13,168.0,168.0,150.0,156.0,156.0,18215,150.0,148.8,166.5,139.92,137.34,390.24,50.63124299157234,0.7251288150985999,3.4219993075175297,-2.6968704924189297,214.18018199521097,166.5,118.81981800478903,37.109557109556924,23.795463795463593,TTNP
2020-02-14,156.0,156.0,150.0,150.0,150.0,8665,151.2,148.2,166.5,140.76,136.68,386.07,48.73048666912784,0.2658291595700746,2.7907652779280387,-2.524936118357964,214.18018199521097,166.5,118.81981800478903,44.545454545454355,35.937395937395735,TTNP
2020-02-18,150.0,150.0,138.0,144.0,144.0,10313,152.4,148.2,163.8,141.48,136.08,381.84,46.83691888801788,-0.5756828686596407,2.117475648610503,-2.6931585172701435,210.13616034045577,163.8,117.46383965954425,29.99999999999981,37.21833721833702,TTNP
2020-02-19,144.0,150.0,138.0,144.0,144.0,7299,153.6,148.8,159.9,142.32,135.72,377.52,46.83691888801787,-1.228426675749489,1.4482951837385043,-2.6767218594879933,198.46371033882014,159.9,121.33628966117989,23.333333333333144,32.626262626262424,TTNP
2020-02-20,144.0,150.0,138.0,144.0,144.0,13919,147.6,148.2,157.2,142.92,135.3,373.2,46.83691888801787,-1.725836477022142,0.813468851586375,-2.539305328608517,192.10329146508178,157.2,122.29670853491818,19.99999999999981,24.444444444444244,TTNP
2020-02-21,144.0,150.0,138.0,144.0,144.0,8183,145.2,147.6,154.8,143.28,135.0,369.0,46.83691888801787,-2.095877358622971,0.23159960954450576,-2.3274769681674767,186.22991815287492,154.8,123.37008184712512,19.99999999999981,21.11111111111091,TTNP
2020-02-24,138.0,138.0,132.0,138.0,138.0,6615,142.8,147.0,152.1,143.76,134.76,364.74,44.510533608693194,-2.8405432646222266,-0.3828289652888407,-2.457714299333386,179.2727759917244,152.1,124.9272240082756,16.666666666666476,18.888888888888687,TTNP
2020-02-25,138.0,138.0,120.0,132.0,132.0,10421,140.4,146.4,149.4,144.36,134.46,360.3,42.25052488609896,-3.870232583970676,-1.0803096890252077,-2.789922894945468,173.0676943341855,149.4,125.73230566581451,15.555555555555367,17.407407407407202,TTNP
2020-02-26,132.0,132.0,120.0,120.0,120.0,10264,135.6,144.6,146.7,144.72,134.16,355.83,38.08546494958534,-5.590128972816672,-1.9822735457835003,-3.6078554270331713,170.84207437434608,146.7,122.5579256256539,8.888888888888701,13.703703703703502,TTNP
2020-02-27,120.0,132.0,114.0,126.0,126.0,20914,132.0,139.8,144.6,145.32,133.92,351.6,41.206326009489906,-6.395288491453073,-2.864876534917415,-3.5304119565356578,168.26769433418548,144.6,120.9323056658145,10.683760683760497,11.70940170940151,TTNP
2020-02-28,174.0,192.0,144.0,156.0,156.0,87628,134.4,139.8,144.3,146.52,132.84,347.46,53.757351374211524,-4.560068302447945,-3.203914888423521,-1.356153414024424,167.21810976272747,144.3,121.38189023727256,23.076923076922892,14.216524216524016,TTNP
2020-03-02,198.0,264.0,180.0,246.0,246.0,163413,156.0,149.4,148.8,149.52,133.02,343.56,72.63248179375469,4.109236042811915,-1.741284702176434,5.850520744988349,198.65418493061964,148.8,98.94581506938039,52.41025641025622,28.72364672364652,TTNP
2020-03-03,312.0,330.0,174.0,192.0,192.0,154007,168.0,154.2,151.2,151.44,132.9,339.81,57.474030078235025,6.5469048484392545,-0.08364679205329595,6.63055164049255,204.407515964349,151.2,97.99248403565097,59.31908831908813,44.93542260208906,TTNP
2020-03-04,180.0,192.0,162.0,180.0,180.0,37898,180.0,157.8,153.3,153.12,132.6,336.27,54.74001417803942,7.424885766256267,1.4180597196086167,6.00682604664765,207.56269211066126,153.3,99.03730788933875,51.555555555555365,54.42830009496655,TTNP
2020-03-05,204.0,240.0,192.0,204.0,204.0,108884,195.6,163.8,156.0,155.28,132.72,332.97,58.946278812685726,9.942678385443315,3.1229834527755562,6.819694932667759,214.54229031304146,156.0,97.45770968695852,36.111111111110915,48.995251661918125,TTNP
2020-03-06,192.0,198.0,180.0,186.0,186.0,25657,201.6,168.0,157.8,157.08,132.0,329.52,54.83051494308967,10.366103618305601,4.571607485881565,5.794496132424036,217.69190058009872,157.8,97.90809941990132,35.185185185184984,40.95061728395041,TTNP
2020-03-09,168.0,180.0,156.0,156.0,156.0,17411,183.6,169.8,158.4,158.28,131.4,326.04,48.72428737796933,8.186552406236956,5.294596469952643,2.8919559362843126,217.9664314450382,158.4,98.8335685549618,31.481481481481282,34.259259259259046,TTNP
2020-03-10,156.0,156.0,132.0,144.0,144.0,15078,174.0,171.0,158.7,159.24,130.62,322.53,46.49384602444089,5.428367810955393,5.3213507381531935,0.10701707280219974,217.91182107566405,158.7,99.48817892433593,22.222222222222026,29.629629629629417,TTNP
2020-03-11,144.0,168.0,144.0,144.0,144.0,12254,166.8,173.4,159.0,159.96,130.98,319.23,46.4938460244409,3.2055352327609796,4.89818763707475,-1.6926524043137707,217.84895712836743,159.0,100.15104287163255,15.740740740740543,23.148148148147936,TTNP
2020-03-12,138.0,144.0,120.0,120.0,120.0,11368,150.0,172.8,156.3,159.72,131.16,315.87,42.03097682632808,-0.48706049354819925,3.8211380109501603,-4.3081985044983595,217.07203102658676,156.3,95.52796897341327,10.18518518518499,16.04938271604917,TTNP
2020-03-13,138.0,144.0,126.0,126.0,126.0,14168,138.0,169.8,154.8,159.96,131.4,312.63,43.49133184974917,-2.8959367977100783,2.4777230492181124,-5.373659846928191,216.99195892634685,154.8,92.60804107365315,7.407407407407213,11.111111111110901,TTNP
2020-03-16,120.0,156.0,114.0,132.0,132.0,14410,133.2,158.4,153.9,159.96,131.64,309.81,44.98390930451024,-4.271598440028242,1.1278587513688414,-5.399457191397084,216.85998534860397,153.9,90.94001465139606,5.555555555555361,7.716049382715841,TTNP
2020-03-17,138.0,144.0,132.0,132.0,132.0,5603,130.8,152.4,153.3,159.48,131.82,307.11,44.98390930451024,-5.3007168385393015,-0.15785636661278724,-5.1428604719265145,216.8518666531238,153.3,89.74813334687622,7.407407407407212,6.790123456789915,TTNP
2020-03-18,138.0,144.0,120.0,126.0,126.0,6980,127.2,147.0,152.4,158.4,131.82,304.38,43.646869691257784,-6.525231631235556,-1.4313314195373412,-5.093900211698215,216.95509085344418,152.4,87.84490914655582,7.407407407407213,6.790123456789915,TTNP
2020-03-19,120.0,126.0,120.0,126.0,126.0,5752,128.4,139.2,151.5,158.04,131.94,301.26,43.64686969125779,-7.410247703789793,-2.6271146763878317,-4.783133027401961,216.99350925928798,151.5,86.00649074071201,6.481481481481286,7.098765432098556,TTNP
2020-03-20,138.0,144.0,126.0,126.0,126.0,7136,128.4,133.2,150.6,157.92,132.12,298.14,43.64686969125779,-8.019189097343201,-3.7055295605789054,-4.313659536764296,216.96987083832886,150.6,84.23012916167114,5.555555555555361,6.481481481481272,TTNP
2020-03-23,132.0,150.0,126.0,138.0,138.0,9216,129.6,131.4,150.6,157.08,132.42,294.51,47.541673259821906,-7.447628205143246,-4.453949289491773,-2.993678915651473,216.96987083832886,150.6,84.23012916167114,10.052910052909859,7.363315696648821,TTNP
2020-03-24,138.0,144.0,132.0,138.0,138.0,6431,130.8,130.8,150.9,156.6,132.78,291.18,47.541673259821906,-6.91495083142371,-4.94614959787816,-1.9688012335455491,216.98448951982937,150.9,84.81551048017064,14.550264550264354,10.052910052909844,TTNP
2020-03-25,150.0,180.0,144.0,156.0,156.0,29623,136.8,132.0,152.7,156.36,133.2,287.85,53.17200174529564,-4.982910714333769,-4.953501821169282,-0.02940889316448736,217.2634552598949,152.7,88.1365447401051,29.36507936507917,17.989417989417777,TTNP
2020-03-26,156.0,162.0,150.0,156.0,156.0,7654,142.8,135.6,154.2,156.24,133.68,284.76,53.17200174529564,-3.412418762604233,-4.645285209456272,1.2328664468520394,217.59589698944603,154.2,90.80410301055393,44.22799422799403,29.381112714445834,TTNP
2020-03-27,162.0,162.0,150.0,150.0,150.0,7653,147.6,138.0,153.9,156.12,134.1,281.28,51.053668109143636,-2.6217208658063953,-4.240572340726297,1.618851474919902,217.31576897819997,153.9,90.48423102180003,56.06060606060586,43.217893217893,TTNP
2020-03-30,156.0,174.0,156.0,162.0,162.0,14179,152.4,141.0,149.7,156.36,134.7,277.62,54.92172882734605,-1.0150860934911918,-3.595475091279276,2.5803889977880843,197.31974123298494,149.7,102.08025876701504,63.636363636363434,54.64165464165442,TTNP
2020-03-31,144.0,150.0,132.0,138.0,138.0,9877,152.4,141.6,147.0,155.16,135.06,273.96,46.933181599112025,-1.6592886383326686,-3.208237800689955,1.5489491623572862,190.680656532342,147.0,103.319343467658,54.545454545454355,58.08080808080786,TTNP
2020-04-01,138.0,138.0,132.0,132.0,132.0,5277,147.6,142.2,144.6,153.36,135.3,270.21,45.16451626901922,-2.623728938270233,-3.0913360282060105,0.4676070899357776,185.97825219963303,144.6,103.22174780036696,45.45454545454527,54.545454545454334,TTNP
2020-04-02,132.0,144.0,132.0,132.0,132.0,5865,142.8,142.8,141.0,152.04,135.6,266.19,45.16451626901923,-3.3494445129988435,-3.1429577251645773,-0.20648678783426622,172.40700168905718,141.0,109.5929983109428,30.303030303030116,43.434343434343226,TTNP
2020-04-03,138.0,138.0,126.0,132.0,132.0,4229,139.2,143.4,138.3,150.84,135.96,262.23,45.16451626901923,-3.8798547836494777,-3.2903371368615573,-0.5895176467879204,162.14197464759204,138.3,114.458025352408,24.848484848484663,33.53535353535333,TTNP
2020-04-06,138.0,138.0,126.0,138.0,138.0,5453,134.4,143.4,137.4,149.76,136.32,258.57,47.62945869386382,-3.77257103804925,-3.3867839170990957,-0.38578712095015444,159.81784456847782,137.4,114.98215543152219,25.757575757575577,26.969696969696766,TTNP
2020-04-07,138.0,138.0,132.0,132.0,132.0,4775,133.2,142.8,136.8,148.68,136.62,254.97,45.430209103075846,-4.124157037501533,-3.5342585411795833,-0.5898984963219496,159.12128479941117,136.8,114.47871520058885,23.333333333333155,24.646464646464448,TTNP
2020-04-08,132.0,132.0,132.0,132.0,132.0,6388,133.2,140.4,136.2,147.84,136.92,251.43,45.430209103075846,-4.352617213283196,-3.6979302756003056,-0.6546869376828903,158.3594168491962,136.2,114.04058315080378,20.370370370370193,23.15375982042629,TTNP
2020-04-09,132.0,132.0,132.0,132.0,132.0,5994,133.2,138.0,136.8,147.12,137.1,247.77,45.430209103075846,-4.482007753131711,-3.854745771106587,-0.6272619820251242,157.79142098802348,136.8,115.80857901197655,14.074074074073897,19.259259259259064,TTNP
2020-04-13,132.0,132.0,132.0,132.0,132.0,5970,133.2,136.2,137.1,146.52,137.46,244.35,45.430209103075846,-4.532305096282187,-3.990257636141707,-0.5420474601404797,157.63192039475192,137.1,116.56807960524806,11.111111111110935,15.185185185184993,TTNP
2020-04-14,132.0,144.0,126.0,138.0,138.0,8044,133.2,133.8,137.4,146.16,137.88,241.11,48.62117232128055,-4.041429167453828,-4.000491942404131,-0.04093722504969666,157.79999399746043,137.4,117.00000600253958,14.814814814814639,13.333333333333144,TTNP
2020-04-15,138.0,150.0,132.0,144.0,144.0,8856,135.6,134.4,138.0,146.16,138.42,237.99,51.66497265641049,-3.1321511130446993,-3.826823776532245,0.6946726634875455,158.43525764693067,138.0,117.56474235306933,23.611111111110933,16.512345679012157,TTNP
2020-04-16,150.0,150.0,138.0,144.0,144.0,9694,138.0,135.6,138.9,146.28,138.96,234.9,51.66497265641049,-2.384059747190861,-3.538270970663968,1.1542112234731072,158.71816729913309,138.9,119.08183270086694,32.40740740740723,23.61111111111092,TTNP
2020-04-17,144.0,156.0,138.0,144.0,144.0,10515,140.4,136.8,139.8,146.16,139.5,231.9,51.66497265641049,-1.7707795061692764,-3.1847726777650296,1.4139931715957532,158.8115689803977,139.8,120.7884310196023,37.49999999999982,31.172839506172647,TTNP
2020-04-20,150.0,150.0,138.0,144.0,144.0,6415,142.8,138.0,140.7,146.04,140.04,228.99,51.66497265641049,-1.2701094654125598,-2.8018400352945356,1.5317305698819759,158.68999041401764,140.7,122.71000958598235,44.99999999999982,38.302469135802276,TTNP
2020-04-21,138.0,144.0,138.0,138.0,138.0,5199,142.8,138.0,140.7,145.92,140.52,225.9,47.851942211110966,-1.3420049096583,-2.5098730101672886,1.1678681005089886,158.68999041401764,140.7,122.71000958598235,45.83333333333315,42.77777777777758,TTNP
2020-04-22,138.0,144.0,138.0,138.0,138.0,4490,141.6,138.6,140.7,145.92,141.0,222.72,47.85194221111097,-1.3830397459230994,-2.2845063573184508,0.9014666113953513,158.68999041401764,140.7,122.71000958598235,46.66666666666649,45.83333333333314,TTNP
2020-04-23,138.0,144.0,138.0,138.0,138.0,4536,140.4,139.2,139.8,145.92,141.42,219.51,47.85194221111096,-1.3994284097097989,-2.1074907677967203,0.7080623580869214,156.38432256971663,139.8,123.2156774302834,39.99999999999982,44.166666666666465,TTNP
2020-04-24,138.0,150.0,138.0,144.0,144.0,12133,140.4,140.4,139.2,145.32,141.96,216.33,52.25315901426194,-0.9176881501727507,-1.8695302442719264,0.9518420940991756,154.18798702616354,139.2,124.21201297383645,46.66666666666649,44.44444444444425,TTNP
2020-04-27,144.0,150.0,138.0,150.0,150.0,8734,141.6,142.2,139.2,145.2,142.56,213.27,56.23132338241509,-0.051165859650325274,-1.5058573673476061,1.4546915076972808,154.18798702616354,139.2,124.21201297383645,59.99999999999982,48.888888888888694,TTNP
2020-04-28,150.0,156.0,144.0,150.0,150.0,7235,144.0,143.4,138.6,145.2,142.98,210.36,56.23132338241509,0.6283164575356182,-1.0790226023709613,1.7073390599065794,150.53983898955278,138.6,126.66016101044721,73.33333333333316,59.99999999999981,TTNP
2020-04-29,156.0,162.0,150.0,156.0,156.0,14901,147.6,144.6,139.5,145.44,143.46,207.57,60.0879814790894,1.6321465754729445,-0.5367887668021801,2.1689353422751245,153.6350541242839,139.5,125.36494587571609,81.11111111111093,71.4814814814813,TTNP
2020-04-30,162.0,162.0,150.0,156.0,156.0,8734,151.2,145.8,140.7,145.68,144.0,204.78,60.0879814790894,2.4000232026264143,0.05057362708353874,2.3494495755428755,156.10258923351648,140.7,125.29741076648351,82.22222222222204,78.8888888888887,TTNP
2020-05-01,150.0,150.0,144.0,150.0,150.0,6660,152.4,146.4,141.6,145.8,144.36,201.87,54.516798363527975,2.4956527742979233,0.5395894565264157,1.9560633177715077,156.9674902016058,141.6,126.23250979839418,77.7777777777776,80.3703703703702,TTNP
2020-05-04,150.0,150.0,144.0,150.0,150.0,4425,152.4,147.0,142.5,145.92,144.6,199.02,54.51679836352796,2.542135740430325,0.9400987133071976,1.6020370271231275,157.61951570310498,142.5,127.380484296895,69.99999999999982,76.6666666666665,TTNP
2020-05-05,150.0,198.0,150.0,186.0,186.0,68055,159.6,151.8,144.9,146.88,145.32,196.23,72.35365092724079,5.421378682665932,1.8363547071789446,3.585023975486987,168.98235360375776,144.9,120.81764639624224,68.8888888888887,72.22222222222204,TTNP
2020-05-06,180.0,192.0,162.0,174.0,174.0,21992,163.2,155.4,147.0,147.72,146.04,193.56,63.42490529278905,6.658148752136356,2.800713516170427,3.8574352359659287,173.42725402111316,147.0,120.57274597888684,66.66666666666647,68.51851851851832,TTNP
2020-05-07,216.0,252.0,186.0,192.0,192.0,110707,170.4,160.8,150.0,149.16,146.94,191.1,69.5041156909087,8.987149248135864,4.0380006625635145,4.94914858557235,181.97498639712677,150.0,118.02501360287324,62.45614035087701,66.00389863547738,TTNP
2020-05-08,192.0,192.0,174.0,186.0,186.0,18324,177.6,165.0,152.7,150.36,147.84,188.58,65.59060282410952,10.230814602572678,5.276563450565347,4.954251152007331,187.16214960063354,152.7,118.23785039936644,49.82456140350859,59.64912280701734,TTNP
2020-05-11,180.0,198.0,168.0,192.0,192.0,20473,186.0,169.2,155.7,151.08,148.8,186.06,67.5578142313215,11.567238289352815,6.534698418322841,5.032539871029974,192.7788316306817,155.7,118.62116836931827,45.61403508771912,52.63157894736823,TTNP
2020-05-12,204.0,216.0,198.0,210.0,210.0,24891,190.8,175.2,159.3,150.36,149.94,183.72,72.61582322884593,13.918370940940065,8.011432922846286,5.906938018093779,202.312088476339,159.3,116.28791152366104,50.87719298245596,48.77192982456122,TTNP
2020-05-13,198.0,204.0,180.0,192.0,192.0,16121,194.4,178.8,161.7,150.36,150.9,181.29,62.17633326979376,14.16591508744358,9.242329355765744,4.923585731677836,206.3546722650212,161.7,117.04532773497877,52.63157894736824,49.7076023391811,TTNP
2020-05-14,192.0,210.0,186.0,204.0,204.0,19513,196.8,183.6,164.7,150.84,151.98,178.92,65.71504380430156,15.155689959063778,10.42500147642535,4.730688482638428,212.1683026355109,164.7,117.23169736448907,56.140350877192795,53.216374269005655,TTNP
2020-05-15,198.0,204.0,156.0,168.0,168.0,61428,193.2,185.4,165.9,150.12,152.7,176.43,50.46212701115527,12.886645314788296,10.91733024409794,1.9693150706903566,212.4183808305537,165.9,119.38161916944632,42.49512670565284,50.422352176737945,TTNP
2020-05-18,150.0,168.0,150.0,162.0,162.0,19635,187.2,186.6,166.8,149.64,153.36,174.0,48.44394185949912,10.483414948876856,10.830547185053723,-0.3471322361768667,212.2735060787753,166.8,121.32649392122471,32.26120857699786,43.63222871994782,TTNP
2020-05-19,162.0,162.0,156.0,156.0,156.0,10423,176.4,183.6,167.7,149.64,153.96,171.39,46.44359209368137,8.00244056021262,10.264925860085501,-2.262485299872882,211.54107383603235,167.7,123.85892616396762,16.666666666666472,30.474333983105712,TTNP
2020-05-20,162.0,162.0,156.0,162.0,162.0,12444,170.4,182.4,168.9,150.0,154.62,169.02,48.7237624722354,6.446093782082926,9.501159444484987,-3.055065662402061,210.68946942827128,168.9,127.11053057172873,14.81481481481462,21.247563352826308,TTNP
2020-05-21,162.0,162.0,156.0,156.0,156.0,8120,160.8,178.8,169.8,150.24,155.1,166.59,46.587710053295055,4.674641533894913,8.535855862366972,-3.861214328472059,209.6175809799694,169.8,129.98241902003062,12.962962962962768,14.81481481481461,TTNP
2020-05-22,156.0,174.0,156.0,168.0,168.0,31741,160.8,177.0,171.0,151.2,155.46,165.09,51.196013475042704,4.190744284928286,7.666833546879235,-3.476089261950949,209.04207874310273,171.0,132.95792125689727,15.141612200435537,14.306463326070967,TTNP
2020-05-26,168.0,180.0,162.0,174.0,174.0,14613,163.2,175.2,172.2,152.16,156.06,163.65,53.36266125689575,4.242497217676032,6.981966281038594,-2.739469063362562,209.01086463391556,172.2,135.38913536608442,17.42919389978194,15.177923021060073,TTNP
2020-05-27,174.0,186.0,162.0,180.0,180.0,26967,168.0,172.2,173.7,153.12,156.54,162.27,55.4906482566101,4.7133293192000565,6.528238888670886,-1.8149095694708297,209.19140396062772,173.7,138.20859603937225,23.529411764705685,18.700072621641045,TTNP
2020-05-28,180.0,180.0,168.0,174.0,174.0,11035,170.4,170.4,174.6,153.96,156.72,160.95,52.89164417808618,4.549869235559896,6.132564958048688,-1.5826957224887916,209.15082857322608,174.6,140.0491714267739,29.768270944741335,23.575625536409643,TTNP
2020-05-29,168.0,174.0,162.0,168.0,168.0,12584,172.8,166.8,175.2,154.8,156.6,159.6,50.35191260624323,3.89131937817163,5.684315842073277,-1.7929964639016465,208.84282620554407,175.2,141.5571737944559,31.016042780748464,28.104575163398483,TTNP
2020-06-01,168.0,168.0,156.0,168.0,168.0,10327,172.8,166.8,176.1,155.64,156.84,158.34,50.351912606243246,3.3310159927173117,5.213655872202084,-1.8826398794847723,207.9113148910327,176.1,144.2886851089673,30.303030303030102,30.362448009506622,TTNP
2020-06-02,168.0,168.0,162.0,168.0,168.0,9241,171.6,167.4,177.0,156.48,157.2,157.86,50.351912606243246,2.8540715626010638,4.74173901028188,-1.8876674476808164,206.7590281275521,177.0,147.2409718724479,28.181818181817984,29.833630421865507,TTNP
2020-06-03,168.0,168.0,162.0,162.0,162.0,10200,168.0,168.0,175.8,156.96,157.02,157.26,47.503020353175536,1.969239640856415,4.187239136396787,-2.217999495540372,205.94365198671883,175.8,145.6563480132812,25.757575757575562,28.080808080807873,TTNP
2020-06-04,174.0,228.0,174.0,216.0,216.0,102864,176.4,173.4,177.9,158.52,157.56,157.02,66.0957011352046,5.561246088026792,4.462040526722788,1.0992055613040037,212.73618456571293,177.9,143.06381543428708,44.87179487179467,32.937062937062734,TTNP
2020-06-05,234.0,264.0,204.0,210.0,210.0,68323,184.8,178.8,178.8,159.6,157.98,156.69,63.40851677096455,7.833487651045999,5.13632995158743,2.697157699458569,215.90309630066517,178.8,141.69690369933485,52.415654520917485,41.01500838342923,TTNP
2020-06-08,210.0,222.0,204.0,222.0,222.0,24373,195.6,184.2,180.6,160.92,158.58,156.45,66.35472233740728,10.481728332601847,6.2054096277903135,4.276318704811533,222.15189231667384,180.6,139.04810768332615,66.1193582246212,54.46893587244444,TTNP
2020-06-09,216.0,264.0,204.0,252.0,252.0,78318,212.4,192.0,183.6,162.96,159.54,156.39,72.34879253312238,14.830273273050409,7.930382356842332,6.899890916208077,235.40887718428618,183.6,131.7911228157138,67.54385964912261,62.02629079822043,TTNP
2020-06-10,252.0,282.0,222.0,228.0,228.0,36452,225.6,196.8,184.5,164.28,160.32,156.27,62.72179506940615,16.15371704949243,9.575049295372352,6.578667754120076,238.6830209115036,184.5,130.3169790884964,69.04761904761885,67.57027897378755,TTNP
2020-06-11,210.0,216.0,180.0,192.0,192.0,23101,220.8,198.6,184.5,165.36,160.26,155.94,51.62504182196894,14.134720383747663,10.486983513047415,3.647736870700248,238.6830209115036,184.5,130.3169790884964,58.20105820105801,64.93084563259983,TTNP
2020-06-12,204.0,216.0,192.0,198.0,198.0,11544,218.4,201.6,184.2,166.68,160.02,155.67,53.113905520733404,12.870438433278139,10.96367449709356,1.9067639361845785,238.01300730396363,184.2,130.38699269603634,39.6825396825395,55.64373897707213,TTNP
2020-06-15,186.0,198.0,168.0,198.0,198.0,14158,213.6,204.6,185.7,168.0,160.02,155.4,53.113905520733404,11.733232478542448,11.117586093383338,0.6156463851591099,239.29514674946276,185.7,132.10485325053722,31.746031746031562,43.2098765432097,TTNP
2020-06-16,210.0,222.0,198.0,204.0,204.0,18135,204.0,208.2,187.8,169.44,160.14,155.19,54.729811213415424,11.187179579777535,11.131504790662177,0.055674789115357726,240.80414847062843,187.8,134.7958515293716,34.92063492063474,35.44973544973528,TTNP
2020-06-17,198.0,204.0,186.0,192.0,192.0,9782,196.8,211.2,189.6,170.52,160.14,154.89,50.94788710698703,9.674606173853164,10.840125067300374,-1.16551889344721,240.56822299331668,189.6,138.6317770066833,33.33333333333315,33.333333333333165,TTNP
2020-06-18,186.0,198.0,186.0,192.0,192.0,7960,196.8,208.8,191.1,171.72,160.2,154.38,50.94788710698705,8.379289617372763,10.347957977314852,-1.9686683599420896,240.47164930500543,191.1,141.72835069499456,31.746031746031562,33.333333333333165,TTNP
2020-06-19,186.0,204.0,180.0,186.0,186.0,14258,194.4,206.4,192.6,172.8,160.32,153.9,48.98501729365024,6.790317504832586,9.6364298828184,-2.846112377985813,239.36921802955936,192.6,145.83078197044063,25.714285714285534,30.264550264550095,TTNP
2020-06-22,186.0,198.0,186.0,198.0,198.0,9936,194.4,204.0,194.1,174.12,160.62,153.57,52.89393746792912,6.425278755636356,8.99419965738199,-2.568920901745635,239.5220183952282,194.1,148.6779816047718,26.19047619047601,27.883597883597716,TTNP
2020-06-23,198.0,204.0,186.0,198.0,198.0,9862,193.2,198.6,195.3,175.44,160.98,153.33,52.89393746792912,6.066057185689033,8.4085711630434,-2.3425139773543666,239.7931427873603,195.3,150.80685721263973,25.438596491227894,25.781119465329827,TTNP
2020-06-24,210.0,270.0,204.0,246.0,246.0,147841,204.0,200.4,198.6,177.6,161.88,153.33,65.24712751311455,9.54454675697599,8.635766281829918,0.908780475146072,247.6240732201684,198.6,149.57592677983158,41.57894736842088,31.06934001670827,TTNP
2020-06-25,240.0,240.0,198.0,210.0,210.0,37938,207.6,202.2,200.4,178.92,162.54,153.09,53.842665197081864,9.28929446374525,8.766471918212984,0.5228225455322661,248.30991291054946,200.4,152.49008708945055,43.85964912280684,36.959064327485216,TTNP
2020-06-26,204.0,204.0,186.0,204.0,204.0,22483,211.2,202.8,202.2,180.12,163.2,152.85,52.20487630303131,8.504817089120081,8.714140952394404,-0.20932386327432262,247.7526042625057,202.2,156.64739573749426,45.61403508771912,43.68421052631563,TTNP
2020-06-29,192.0,204.0,186.0,192.0,192.0,13757,210.0,202.2,203.4,181.08,163.62,152.61,48.994933983715136,6.83601211368304,8.338515184652131,-1.502503070969091,246.4831725282206,203.4,160.31682747177942,29.824561403508586,39.766081871344866,TTNP
2020-06-30,186.0,186.0,168.0,186.0,186.0,20999,207.6,200.4,204.3,181.92,163.98,152.46,47.42476626553208,4.972008077500931,7.665213763221891,-2.69320568572096,245.07793220721737,204.3,163.52206779278265,23.42621259029909,32.954936360508945,TTNP
2020-07-01,174.0,186.0,174.0,180.0,180.0,10341,194.4,199.2,205.2,182.76,164.34,152.25,45.84261172163255,2.9763125155064074,6.727433513678794,-3.7511209981723868,242.88076107374255,205.2,167.51923892625743,16.821465428276387,23.357413140694703,TTNP
2020-07-02,180.0,192.0,168.0,180.0,180.0,14613,188.4,198.0,203.4,183.6,164.76,152.13,45.84261172163255,1.3788152801487854,5.657709866972793,-4.278894586824007,242.26592022706288,203.4,164.53407977293713,13.725490196078246,17.99105607155126,TTNP
2020-07-06,180.0,180.0,174.0,180.0,180.0,9471,183.6,197.4,201.9,184.44,165.18,151.8,45.84261172163255,0.11150188743101808,4.548468271064438,-4.43696638363342,241.92948607085074,201.9,161.87051392914927,11.764705882352755,14.10388716890248,TTNP
2020-07-07,180.0,186.0,174.0,180.0,180.0,7192,181.2,195.6,199.8,185.16,165.24,151.59,45.84261172163255,-0.8826781426177206,3.4622389883280063,-4.344917130945727,239.7979968885495,199.8,159.80200311145052,11.764705882352755,12.418300653594601,TTNP
2020-07-08,180.0,186.0,174.0,180.0,180.0,8360,180.0,193.8,196.2,185.76,165.48,151.41,45.84261172163255,-1.65153511040387,2.4394841685816306,-4.091019278985501,229.08525133089984,196.2,163.31474866910014,11.764705882352755,11.764705882352771,TTNP
2020-07-09,180.0,180.0,174.0,180.0,180.0,6359,180.0,187.2,193.8,186.36,165.78,151.23,45.84261172163255,-2.235095012681853,1.5045683323289338,-3.7396633450107872,223.94365198671906,193.8,163.65634801328096,11.764705882352755,11.764705882352771,TTNP
2020-07-10,174.0,180.0,174.0,174.0,174.0,5170,178.8,183.6,192.9,186.72,166.08,151.08,43.574898222288,-3.1454613747209237,0.5745623909189622,-3.720023765639886,224.25537840780146,192.9,161.54462159219855,9.803921568627265,11.111111111110942,TTNP
2020-07-13,174.0,174.0,168.0,174.0,174.0,7002,177.6,180.6,191.7,187.08,166.38,151.05,43.57489822228801,-3.8228656597974577,-0.30492321922432186,-3.517942440573136,224.00541371189138,191.7,159.3945862881086,7.843137254901774,9.80392156862728,TTNP
2020-07-14,168.0,168.0,162.0,168.0,168.0,6722,175.2,178.2,190.2,187.44,166.62,150.96,41.21062635061193,-4.788662570785675,-1.2016710895365925,-3.5869914812490826,223.94966303678387,190.2,156.4503369632161,5.773420479302646,7.806826434277244,TTNP
2020-07-15,168.0,174.0,168.0,174.0,174.0,4543,174.0,177.0,188.7,187.92,166.92,150.96,44.4561282440226,-5.012136930439851,-1.9637642577172443,-3.048372672722607,222.52956924195826,188.7,154.87043075804172,8.940841293782283,7.519133009328917,TTNP
2020-07-16,174.0,186.0,168.0,180.0,180.0,11911,174.0,177.0,188.1,187.8,167.34,151.05,47.57302567755774,-4.651472831246508,-2.501305972423097,-2.150166858823411,222.0994081580318,188.1,154.1005918419682,21.26577126577108,11.993344346285353,TTNP
2020-07-17,180.0,180.0,174.0,174.0,174.0,6249,174.0,176.4,187.2,187.8,167.76,151.11,44.861905546120504,-4.794525484798783,-2.9599498748982342,-1.8345756099005484,221.68825532114445,187.2,152.71174467885552,28.93772893772875,19.71478049909405,TTNP
2020-07-20,180.0,192.0,174.0,186.0,186.0,14958,176.4,177.0,187.2,187.68,168.42,151.29,50.88990793142742,-3.8947003502907194,-3.1468999699767313,-0.7478003803139881,221.68825532114445,187.2,152.71174467885552,50.47619047619029,33.559896893230054,TTNP
2020-07-21,204.0,216.0,180.0,216.0,216.0,38971,186.0,180.6,188.1,188.28,169.32,151.62,62.05775341886483,-0.7521627053024815,-2.6679525170418814,1.9157898117393999,224.5521570705552,188.1,151.64784292944478,69.52380952380933,49.64590964590948,TTNP
2020-07-22,216.0,216.0,186.0,204.0,204.0,18018,192.0,183.0,188.4,188.52,169.8,151.32,56.5210234834837,0.7612461357031464,-1.9821127864928758,2.7433589221960224,225.26949626854704,188.4,151.53050373145297,85.92592592592574,68.6419753086418,TTNP
2020-07-23,198.0,198.0,186.0,192.0,192.0,9022,194.4,184.2,185.7,188.16,169.26,151.14,51.566419455615176,0.981025186226617,-1.3894851919489772,2.3705103781755943,211.56966863136128,185.7,159.8303313686387,77.77777777777759,77.7425044091709,TTNP
2020-07-24,186.0,192.0,180.0,186.0,186.0,5395,196.8,185.4,184.5,188.04,169.2,151.05,49.2421287735098,0.6634044971925732,-0.9789072541206671,1.6423117513132404,207.85379530389957,184.5,161.14620469610043,59.25925925925907,74.3209876543208,TTNP
2020-07-27,192.0,204.0,186.0,192.0,192.0,10380,198.0,187.2,183.9,187.8,169.32,150.96,51.59190311250236,0.8856286924258256,-0.6060000648113686,1.4916287572371942,205.78971802231473,183.9,162.01028197768528,51.851851851851656,62.96296296296277,TTNP
2020-07-28,186.0,192.0,180.0,186.0,186.0,6198,192.0,189.0,183.6,188.16,169.14,150.93,49.1419389666364,0.5710108545894457,-0.3705978809312057,0.9416087355206514,205.19999433093548,183.6,162.0000056690645,48.14814814814796,53.08641975308623,TTNP
2020-07-29,186.0,186.0,174.0,180.0,180.0,6387,187.2,189.6,183.3,188.52,169.08,150.54,46.751077102364334,-0.1606243272434824,-0.32860317019366103,0.16797884295017862,204.92497988661268,183.3,161.67502011338735,44.44444444444426,48.14814814814796,TTNP
2020-07-30,180.0,180.0,174.0,180.0,180.0,4507,184.8,189.6,183.3,189.0,169.32,150.36,46.75107710236434,-0.7320122978847508,-0.409284995731879,-0.32272730215287176,204.92497988661268,183.3,161.67502011338735,37.03703703703685,43.2098765432097,TTNP
2020-07-31,180.0,180.0,174.0,174.0,174.0,5416,182.4,189.6,183.0,189.24,169.62,150.12,44.25404276467424,-1.6499713939953153,-0.6574222753845662,-0.9925491186107491,204.9636006860542,183.0,161.0363993139458,29.62962962962945,37.03703703703687,TTNP
2020-08-03,180.0,186.0,174.0,180.0,180.0,6711,180.0,189.0,183.0,189.72,169.98,150.48,47.286135188737,-1.8717345445777198,-0.9002847292231969,-0.9714498153545229,204.9636006860542,183.0,161.0363993139458,26.851851851851674,31.172839506172675,TTNP
2020-08-04,186.0,186.0,180.0,186.0,186.0,6044,180.0,186.0,183.3,190.08,170.64,150.9,50.20300393247599,-1.5455178158935325,-1.029331346557264,-0.5161864693362685,205.2554037789424,183.3,161.34459622105763,28.240740740740563,28.240740740740577,TTNP
2020-08-05,180.0,186.0,180.0,180.0,180.0,5277,180.0,183.6,183.3,190.2,171.18,151.29,47.37963014808856,-1.7509546487945897,-1.173656007004729,-0.5772986417898607,205.2554037789424,183.3,161.34459622105763,25.595238095237917,26.895943562610068,TTNP
2020-08-06,180.0,186.0,180.0,180.0,180.0,5343,180.0,182.4,183.3,190.2,171.66,151.65,47.379630148088566,-1.8919555332749667,-1.3173159122587765,-0.5746396210161901,205.2554037789424,183.3,161.34459622105763,22.023809523809348,25.28659611992929,TTNP
2020-08-07,180.0,180.0,174.0,180.0,180.0,5227,181.2,181.8,183.6,190.32,172.14,151.98,47.379630148088566,-1.9808655648960496,-1.4500258427862311,-0.5308397221098184,205.19999433093548,183.6,162.0000056690645,14.285714285714109,20.634920634920473,TTNP
2020-08-10,180.0,192.0,180.0,186.0,186.0,8603,182.4,181.2,184.2,190.68,172.74,152.28,50.83317341937301,-1.5493179763952298,-1.469884269508031,-0.07943370688719886,205.3622247199212,184.2,163.0377752800788,19.04761904761887,18.45238095238079,TTNP
2020-08-11,186.0,186.0,174.0,180.0,180.0,7225,181.2,180.6,184.8,190.92,173.28,152.61,47.47747226203083,-1.6721873247049075,-1.5103448805474062,-0.16184244415750126,204.7358911287261,184.8,164.8641088712739,20.952380952380775,18.09523809523793,TTNP
2020-08-12,180.0,186.0,174.0,180.0,180.0,5890,181.2,180.6,185.1,191.16,173.82,152.97,47.47747226203083,-1.7493962178283766,-1.5581551480036002,-0.1912410698247764,204.5514717976934,185.1,165.64852820230658,22.85714285714268,20.95238095238079,TTNP
2020-08-13,180.0,180.0,174.0,180.0,180.0,5193,181.2,180.6,185.1,191.52,174.24,153.33,47.47747226203083,-1.7899513766250834,-1.604514393727897,-0.18543698289718646,204.5514717976934,185.1,165.64852820230658,19.999999999999826,21.26984126984111,TTNP
2020-08-14,186.0,186.0,162.0,168.0,168.0,11497,178.8,180.0,184.8,190.56,174.54,153.66,40.75670087503506,-2.75859201241596,-1.8353299174655096,-0.9232620949504504,205.09383539640658,184.8,164.50616460359345,19.999999999999826,20.952380952380793,TTNP
2020-08-17,174.0,180.0,168.0,168.0,168.0,13260,175.2,178.8,183.9,189.72,174.66,153.93,40.75670087503506,-3.486061547438254,-2.1654762434600583,-1.3205853039781958,205.45828738783365,183.9,162.34171261216636,19.999999999999826,19.999999999999844,TTNP
2020-08-18,168.0,168.0,162.0,162.0,162.0,6138,171.6,176.4,181.2,188.52,174.72,154.2,37.664924947346144,-4.494921592855263,-2.6313653133390993,-1.863556279516164,199.23994886623709,181.2,163.1600511337629,13.333333333333158,17.77777777777762,TTNP
2020-08-19,162.0,168.0,156.0,162.0,162.0,8458,168.0,174.6,179.1,186.72,174.84,154.47,37.664924947346144,-5.234114829659433,-3.151915216603166,-2.0821996130562668,195.76012470230773,179.1,162.43987529769225,12.22222222222205,15.185185185185027,TTNP
2020-08-20,156.0,162.0,150.0,156.0,156.0,7573,163.2,172.2,177.3,185.28,174.78,154.74,34.6191696823575,-6.2322392763902315,-3.767980028560579,-2.4642592478296526,195.6858574751468,177.3,158.91414252485322,10.317460317460144,11.9576719576718,TTNP
2020-08-21,156.0,156.0,138.0,138.0,138.0,10470,157.2,168.0,174.9,184.2,174.78,154.92,27.44820237643782,-8.379120375380012,-4.690208097924465,-3.6889122774555467,199.5730572709672,174.9,150.2269427290328,10.317460317460144,10.952380952380794,TTNP
2020-08-24,138.0,144.0,132.0,138.0,138.0,6549,151.2,163.2,172.2,183.0,174.84,155.07,27.448202376437823,-9.965661175153997,-5.745298713370372,-4.220362461783625,200.3680626791487,172.2,144.03193732085128,8.09523809523792,9.576719576719418,TTNP
2020-08-25,138.0,144.0,138.0,144.0,144.0,4678,147.6,159.6,170.1,181.92,174.96,155.28,32.827214979516874,-10.616476204319895,-6.719534211560276,-3.8969419927596185,200.0459472232294,170.1,140.15405277677058,9.999999999999824,9.470899470899312,TTNP
2020-08-26,144.0,144.0,138.0,144.0,144.0,3740,144.0,156.0,168.3,180.72,175.08,155.52,32.827214979516874,-11.005388535383531,-7.576705076324927,-3.428683459058604,199.92972897601908,168.3,136.67027102398094,16.66666666666649,11.587301587301425,TTNP
2020-08-27,144.0,144.0,144.0,144.0,144.0,2985,141.6,152.4,166.5,179.76,175.14,155.73,32.827214979516874,-11.184674395500252,-8.298298940159992,-2.8863754553402607,199.3359521728308,166.5,133.6640478271692,19.999999999999826,15.555555555555394,TTNP
2020-08-28,144.0,150.0,144.0,144.0,144.0,3871,142.8,150.0,165.0,178.8,175.26,155.94,32.82721497951687,-11.197679848349537,-8.8781751217979,-2.319504726551637,199.04702270531786,165.0,130.95297729468214,20.740740740740566,19.13580246913564,TTNP
2020-08-31,150.0,150.0,138.0,138.0,138.0,5228,142.8,147.0,162.9,177.84,175.32,156.12,29.850453411231587,-11.558892897181863,-9.414318676874693,-2.1445742203071703,198.14712406844592,162.9,127.65287593155409,17.7777777777776,19.50617283950601,TTNP
2020-09-01,138.0,138.0,126.0,126.0,126.0,8284,139.2,143.4,159.9,176.4,175.26,156.18,24.97297860398481,-12.667434255700869,-10.064941792639928,-2.6024924630609405,196.9399750957857,159.9,122.86002490421431,11.111111111110935,16.54320987654305,TTNP
2020-09-02,126.0,126.0,120.0,120.0,120.0,6345,134.4,139.2,156.9,174.84,175.14,156.3,22.953463879205636,-13.870223818578125,-10.825998197827568,-3.0442256207505576,196.56812013565087,156.9,117.23187986434914,3.703703703703527,10.864197530864034,TTNP
2020-09-03,120.0,126.0,120.0,120.0,120.0,3975,129.6,135.6,153.9,172.32,174.96,156.42,22.953463879205636,-14.654515085008143,-11.591701575263682,-3.06281350974446,195.16935612650653,153.9,112.63064387349348,-1.7645144604709154e-13,4.93827160493811,TTNP
2020-09-04,120.0,120.0,102.0,114.0,114.0,8250,123.6,133.2,150.6,170.4,174.66,156.54,20.98530012125857,-15.58061775716834,-12.389484811644614,-3.1911329455237265,193.51572852808678,150.6,107.6842714719132,6.060606060605884,3.254769921436426,TTNP
2020-09-08,114.0,126.0,114.0,120.0,120.0,4775,120.0,131.4,147.3,168.72,174.42,156.69,27.66484815878045,-15.650007397667991,-13.04158932884929,-2.608418068818702,188.95140760042108,147.3,105.64859239957894,15.151515151514973,7.070707070706908,TTNP
2020-09-09,126.0,126.0,120.0,120.0,120.0,3148,118.8,129.0,144.3,167.28,174.18,156.84,27.66484815878045,-15.526024837972074,-13.538476430673846,-1.9875484072982275,184.72325760124272,144.3,103.8767423987573,25.151515151514975,15.454545454545292,TTNP
2020-09-10,126.0,126.0,120.0,120.0,120.0,2580,118.8,126.6,141.3,165.96,173.94,156.99,27.664848158780448,-15.25195274888867,-13.88117169431681,-1.370781054571859,179.52616584352168,141.3,103.07383415647834,30.202020202020027,23.501683501683342,TTNP
2020-09-11,126.0,126.0,114.0,120.0,120.0,1889,118.8,124.2,138.3,164.76,173.76,157.14,27.664848158780448,-14.863412476827463,-14.077619850818941,-0.7857926260085222,173.17749639948977,138.3,103.42250360051025,33.61111111111094,29.654882154882,TTNP
2020-09-14,114.0,120.0,102.0,108.0,108.0,9772,117.6,120.6,135.3,163.32,173.46,157.23,22.539222908168384,-15.346881922057818,-14.331472265066717,-1.0154096569911015,169.76214960063314,135.3,100.83785039936689,27.777777777777604,30.530303030302875,TTNP
2020-09-15,120.0,138.0,114.0,132.0,132.0,17769,120.0,120.0,133.5,162.36,173.4,157.41,44.63351864267502,-13.636245368639337,-14.192426885781241,0.5561815171419049,164.53223735241198,133.5,102.46776264758803,37.49999999999983,32.96296296296281,TTNP
2020-09-16,132.0,132.0,120.0,126.0,126.0,9009,121.2,120.0,131.7,161.28,173.22,157.59,41.45040745313538,-12.619236725720143,-13.877788853769022,1.2585521280488798,159.96375337948692,131.7,103.43624662051307,41.666666666666494,35.64814814814799,TTNP
2020-09-17,126.0,126.0,120.0,120.0,120.0,3512,121.2,120.0,129.6,160.08,172.92,157.74,38.4939739491565,-12.157258595504587,-13.533682802116136,1.3764242066115493,154.59919508897113,129.6,104.60080491102885,49.99999999999983,43.0555555555554,TTNP
2020-09-18,120.0,132.0,120.0,126.0,126.0,7437,122.4,120.6,128.1,159.0,172.68,157.83,42.88132250028863,-11.178133181854193,-13.062572878063747,1.8844396962095544,149.98971802231472,128.1,106.21028197768526,45.833333333333165,45.83333333333318,TTNP
2020-09-21,126.0,126.0,120.0,120.0,120.0,4038,124.8,121.2,127.2,157.92,172.32,157.89,39.822216127643436,-10.762258476779323,-12.602509997806862,1.8402515210275396,148.86655845067312,127.2,105.53344154932688,45.833333333333165,47.22222222222208,TTNP
2020-09-22,120.0,120.0,120.0,120.0,120.0,3384,122.4,121.2,126.3,156.84,171.96,157.98,39.822216127643436,-10.313783896144827,-12.144764777474455,1.8309808813296282,147.5894282472883,126.3,105.01057175271168,49.99999999999983,47.22222222222208,TTNP
2020-09-23,120.0,120.0,108.0,114.0,114.0,4895,120.0,120.6,124.8,155.76,171.6,157.98,36.779240129163796,-10.323511402529249,-11.780514102485414,1.4570026999561652,145.09383539640638,124.8,104.50616460359362,44.44444444444428,46.75925925925912,TTNP
2020-09-24,102.0,102.0,96.0,96.0,96.0,12207,115.2,118.2,122.4,154.2,171.06,157.83,29.497109028126715,-11.649383250522405,-11.754287932092812,0.10490468157040667,144.3307946754427,122.4,100.46920532455734,27.77777777777761,40.7407407407406,TTNP
2020-09-25,102.0,102.0,102.0,102.0,102.0,7024,110.4,116.4,120.3,152.64,170.22,157.77,34.17560284656356,-12.076782752505395,-11.818786896175329,-0.2579958563300657,141.5894282472883,120.3,99.01057175271168,15.873015873015705,29.36507936507922,TTNP
2020-09-28,108.0,108.0,102.0,102.0,102.0,7324,106.8,115.8,118.2,151.2,169.5,157.77,34.17560284656356,-12.274012758303982,-11.909832068601059,-0.3641806897029234,137.95448696110427,118.2,98.44551303889575,9.523809523809355,17.72486772486758,TTNP
2020-09-29,102.0,102.0,96.0,102.0,102.0,6152,103.2,112.8,116.4,149.52,168.6,157.77,34.17560284656356,-12.288662902353536,-11.985598235351555,-0.30306466700198165,135.14459268953138,116.4,97.65540731046863,14.285714285714116,13.22751322751308,TTNP
2020-09-30,102.0,102.0,96.0,102.0,102.0,5507,100.8,110.4,115.2,147.24,167.76,157.8,34.17560284656356,-12.160099192963827,-12.02049842687401,-0.13960076608981709,134.39999362230185,115.2,96.00000637769814,14.285714285714116,12.698412698412552,TTNP
2020-10-01,102.0,102.0,96.0,96.0,96.0,6209,100.8,108.0,114.0,145.08,166.8,157.8,31.375177147568145,-12.399428489676012,-12.09628443943441,-0.3031440502416025,134.7846037993615,114.0,93.2153962006385,9.523809523809355,12.698412698412552,TTNP
2020-10-02,96.0,102.0,90.0,96.0,96.0,6282,99.6,105.0,112.8,143.16,165.66,157.8,31.375177147568145,-12.445633169553915,-12.16615418545831,-0.27947898409560423,134.79635776887702,112.8,90.80364223112298,8.92857142857126,10.912698412698267,TTNP
2020-10-05,96.0,96.0,96.0,96.0,96.0,8248,98.4,102.6,111.9,141.36,164.7,157.8,31.375177147568152,-12.340002839890701,-12.200923916344788,-0.1390789235459131,135.0680762062031,111.9,88.7319237937969,8.92857142857126,9.126984126983983,TTNP
2020-10-06,96.0,96.0,90.0,96.0,96.0,7949,97.2,100.2,110.7,139.44,163.62,157.8,31.375177147568145,-12.116617221608806,-12.184062577397592,0.06744535578878619,134.54197464759233,110.7,86.85802535240768,13.690476190476021,10.51587301587287,TTNP
2020-10-07,96.0,96.0,96.0,96.0,96.0,10727,96.0,98.4,109.5,137.64,162.9,157.8,31.375177147568138,-11.803518891369606,-12.107953840191994,0.3044349488223883,133.76107489573448,109.5,85.2389251042655,14.285714285714116,12.301587301587155,TTNP
2020-10-08,96.0,96.0,90.0,90.0,90.0,6391,94.8,97.8,108.0,135.84,162.18,157.77,28.046237685460117,-11.902333374613889,-12.066829747076373,0.16449637246248372,133.17140749136684,108.0,82.82859250863316,9.523809523809355,12.499999999999853,TTNP
2020-10-09,96.0,96.0,96.0,96.0,96.0,7176,94.8,97.2,106.8,134.16,161.58,157.77,35.42477567668369,-11.365480523883747,-11.926559902437848,0.5610793785541013,131.8567307344042,106.8,81.74326926559579,11.42857142857126,11.7460317460316,TTNP
2020-10-12,96.0,96.0,90.0,90.0,90.0,7554,93.6,96.0,105.9,132.48,160.86,157.74,31.901748591626188,-11.293980649107894,-11.800044051771858,0.5060634026639637,131.99137319300056,105.9,79.80862680699946,6.666666666666498,9.206349206349062,TTNP
2020-10-13,96.0,96.0,90.0,96.0,96.0,8336,93.6,95.4,104.1,130.8,160.26,157.68,38.48957688441998,-10.630623417883413,-11.56615992499417,0.935536507110756,127.57679183995198,104.1,80.62320816004801,17.77777777777761,11.957671957671813,TTNP
2020-10-14,96.0,96.0,90.0,90.0,90.0,6049,92.4,94.2,102.3,128.88,159.48,157.47,34.858013506882166,-10.468384864441063,-11.346604912883548,0.8782200484424845,124.25540377894336,102.3,80.34459622105663,11.111111111110944,11.851851851851707,TTNP
2020-10-15,90.0,96.0,84.0,84.0,84.0,25588,91.2,93.0,100.5,126.96,158.58,157.32,31.642798233238935,-10.700609532092315,-11.217405836725302,0.5167963046329866,122.25775160940196,100.5,78.74224839059804,11.111111111110944,13.333333333333192,TTNP
2020-10-16,84.0,90.0,84.0,84.0,84.0,6882,88.8,91.8,98.4,125.04,157.62,157.08,31.642798233238935,-10.760607667350783,-11.126046202850398,0.36543853549961547,117.89768589080327,98.4,78.90231410919674,-1.6816178079655705e-13,7.407407407407265,TTNP
2020-10-19,84.0,84.0,84.0,84.0,84.0,9347,87.6,90.6,96.6,123.12,156.72,156.72,31.642798233238928,-10.684986745774367,-11.037834311435192,0.3528475656608254,114.3583714089001,96.6,78.84162859109989,-1.6816178079655705e-13,3.7037037037035607,TTNP
2020-10-20,84.0,84.0,66.0,72.0,72.0,18384,82.8,88.2,94.2,120.84,155.76,156.18,25.7173890848615,-11.461238311539006,-11.122515111455956,-0.33872320008305046,111.63099983065887,94.2,76.76900016934114,5.5555555555553875,1.8518518518517089,TTNP
2020-10-21,78.0,78.0,72.0,72.0,72.0,8772,79.2,85.8,92.1,118.68,154.8,155.82,25.7173890848615,-11.938800212790056,-11.285772131722776,-0.6530280810672799,109.60313557898793,92.1,74.59686442101206,11.111111111110944,5.555555555555412,TTNP
2020-10-22,78.0,84.0,72.0,78.0,78.0,15002,78.0,84.6,91.2,116.64,153.9,155.55,32.99350688722881,-11.698271215618774,-11.368271948501976,-0.32999926711679883,109.63474315244008,91.2,72.76525684755993,24.444444444444276,13.70370370370356,TTNP
2020-10-23,84.0,84.0,78.0,84.0,84.0,19601,78.0,83.4,90.3,114.72,153.12,155.07,39.38733057347154,-10.897876460392055,-11.274192850879992,0.3763163904879363,108.28999041401734,90.3,72.31000958598266,38.88888888888872,24.81481481481467,TTNP
2020-10-26,102.0,102.0,90.0,90.0,90.0,62732,79.2,83.4,89.7,113.16,151.86,154.71,45.03553557462865,-9.667961749483453,-10.952946630600684,1.2849848811172304,106.87089849415099,89.7,72.52910150584901,55.555555555555394,39.629629629629484,TTNP
2020-10-27,84.0,84.0,72.0,78.0,78.0,26095,80.4,81.6,88.5,111.36,150.54,154.26,37.507526358380275,-9.551442112737604,-10.672645727028067,1.1212036142904633,105.41743937764923,88.5,71.58256062235077,53.33333333333317,49.259259259259125,TTNP
2020-10-28,102.0,150.0,84.0,102.0,102.0,438237,86.4,82.8,88.5,110.16,149.34,153.96,54.050687695937846,-7.436773541352807,-10.025471289893016,2.588697748540209,105.41743937764923,88.5,71.58256062235077,47.61904761904746,52.169312169312036,TTNP
2020-10-29,90.0,96.0,84.0,84.0,84.0,57391,87.6,82.8,87.9,108.6,147.66,153.6,44.52961869465142,-7.1311298054661165,-9.446602993007636,2.315473187541519,104.56012470230743,87.9,71.23987529769258,32.53968253968238,44.497354497354365,TTNP
2020-10-30,84.0,84.0,84.0,84.0,84.0,25667,87.6,82.8,87.3,107.16,146.22,153.27,44.529618694651425,-6.810398903498296,-8.919362175105768,2.1089632716074718,103.61072515544421,87.3,70.98927484455578,28.57142857142841,36.24338624338611,TTNP
2020-11-02,66.0,78.0,66.0,66.0,66.0,230813,82.8,81.0,85.8,105.72,144.96,152.61,36.97572955190666,-7.917400061175954,-8.718969752319804,0.8015696911438503,104.03841427033719,85.8,67.56158572966281,14.285714285714121,25.132275132274998,TTNP
2020-11-03,66.0,66.0,60.0,66.0,66.0,63895,80.4,80.4,84.3,104.28,143.64,151.83,36.97572955190666,-8.694481879172102,-8.714072177690264,0.019590298518162186,103.82536184290672,84.3,64.77463815709328,9.365079365079199,17.40740740740727,TTNP
2020-11-04,66.0,66.0,60.0,60.0,60.0,41619,72.0,79.2,82.5,102.6,142.26,151.14,34.70010538877293,-9.682856729406453,-8.907829088033502,-0.7750276413729509,103.92427957006808,82.5,61.07572042993193,2.222222222222056,8.624338624338485,TTNP
2020-11-05,60.0,66.0,60.0,60.0,60.0,50740,67.2,77.4,81.0,100.92,140.82,150.48,34.70010538877293,-10.346878543927303,-9.195638979212262,-1.1512395647150413,104.23789480775821,81.0,57.76210519224178,2.222222222222056,4.603174603174463,TTNP
2020-11-06,60.0,60.0,54.0,60.0,60.0,55793,62.4,75.0,79.2,99.24,139.5,149.82,34.700105388772926,-10.7492104095043,-9.50635326527067,-1.2428571442336303,103.07969336269699,79.2,55.32030663730302,2.083333333333167,2.1759259259257857,TTNP
2020-11-09,60.0,72.0,60.0,66.0,66.0,75814,62.4,72.6,78.0,97.68,138.24,149.22,39.361205132847196,-10.463297080147186,-9.697742028245973,-0.7655550519012131,101.99999489784187,78.0,54.00000510215812,6.249999999999834,3.5185185185183783,TTNP
2020-11-10,60.0,90.0,60.0,84.0,84.0,170871,66.0,73.2,77.4,96.6,137.22,148.77,50.72468323010606,-8.684153621760316,-9.495024346948842,0.8108707251885257,100.13674900016342,77.4,54.66325099983659,16.6666666666665,8.333333333333194,TTNP
2020-11-11,78.0,84.0,72.0,72.0,72.0,87438,68.4,70.2,76.5,95.52,135.96,148.29,44.70943781255634,-8.148538050411517,-9.225727087641378,1.0771890372298607,98.5861892388985,76.5,54.41381076110151,20.83333333333317,14.583333333333195,TTNP
2020-11-12,78.0,78.0,66.0,72.0,72.0,53582,70.8,69.0,75.9,94.56,134.7,147.84,44.70943781255634,-7.636035388523851,-8.907788747817872,1.2717533592940207,97.78971802231425,75.9,54.010281977685764,22.9166666666665,20.13888888888875,TTNP
2020-11-13,66.0,72.0,66.0,72.0,72.0,37726,73.2,67.8,75.3,93.6,132.96,147.42,44.709437812556345,-7.14748161766002,-8.555727321786302,1.4082457041262817,96.92497988661351,75.3,53.67502011338648,18.749999999999833,20.833333333333197,TTNP
2020-11-16,72.0,78.0,66.0,72.0,72.0,40194,74.4,68.4,74.7,92.76,131.58,147.06,44.70943781255634,-6.683258787294804,-8.181233614888002,1.4979748275931986,95.98942824728823,74.7,53.41057175271177,18.749999999999833,20.138888888888747,TTNP
2020-11-17,72.0,78.0,66.0,72.0,72.0,70149,72.0,69.0,74.7,91.8,130.26,146.73,44.70943781255633,-6.243388948264567,-7.793664681563316,1.550275733298749,95.98942824728823,74.7,53.41057175271177,26.78571428571412,21.42857142857129,TTNP
2020-11-18,78.0,84.0,78.0,78.0,78.0,99070,73.2,70.8,75.0,90.96,129.12,146.37,49.08258204108941,-5.348979371266353,-7.3047276195039235,1.9557482482375708,96.29788146967756,75.0,53.70211853032244,42.75793650793634,29.431216931216795,TTNP
2020-11-19,84.0,114.0,78.0,102.0,102.0,406826,79.2,75.0,76.2,90.6,128.28,146.13,62.022107081285284,-2.672744182777535,-6.378330932158645,3.7055867493811103,100.52775688583789,76.2,51.87224311416212,63.174603174603014,44.23941798941786,TTNP
2020-11-20,156.0,180.0,120.0,120.0,120.0,888674,88.8,81.0,78.0,90.6,127.68,146.01,68.48979601868321,0.8903773373521915,-4.924589278256478,5.81496661560867,108.82855421677174,78.0,47.171445783228265,66.34920634920618,57.42724867724854,TTNP
2020-11-23,114.0,120.0,108.0,108.0,108.0,142211,96.0,85.2,78.9,90.6,126.96,145.86,61.02803907019524,2.714585054407081,-3.3967544117237667,6.111339466130848,112.04151105632381,78.9,45.7584889436762,58.412698412698255,62.64550264550252,TTNP
2020-11-24,102.0,102.0,96.0,102.0,102.0,72618,102.0,87.0,80.1,90.0,126.18,145.68,57.64629076099986,3.6342397039012866,-1.990555588598756,5.624795292500043,114.72888613710293,80.1,45.47111386289706,44.44444444444429,56.40211640211627,TTNP
2020-11-25,96.0,126.0,96.0,114.0,114.0,197355,109.2,91.2,80.7,89.76,125.52,145.38,62.16226704741151,5.270615971124371,-0.5383212766541305,5.808937247778502,117.19163952327207,80.7,44.20836047672793,42.8571428571427,48.57142857142844,TTNP
2020-11-27,114.0,114.0,108.0,108.0,108.0,58994,110.4,94.8,81.9,89.52,124.8,145.14,58.787087842944764,6.013980670844745,0.7721391128456447,5.2418415579991,120.27655215227699,81.9,43.52344784772303,41.90476190476175,43.06878306878294,TTNP
2020-11-30,108.0,132.0,90.0,102.0,102.0,279384,106.8,97.8,82.8,89.04,124.02,144.9,55.53953013907519,6.049221040473583,1.8275554983712323,4.22166554210235,122.16292360961566,82.8,43.43707639038433,40.87301587301571,41.878306878306745,TTNP
2020-12-01,85.80000305175781,86.0,72.5999984741211,75.19999694824219,75.19999694824219,176470,100.23999938964843,98.11999969482422,83.2599998474121,88.14399993896484,123.03199996948243,144.55599998474122,43.87938962908681,3.8700020434274762,2.236044807382481,1.6339572360449952,122.03753670749782,83.2599998474121,44.48246298732639,27.690057587205157,36.82261178832757,TTNP
2020-12-02,74.4000015258789,74.4000015258789,68.0,70.19999694824219,70.19999694824219,85015,93.87999877929687,97.93999938964843,83.46999969482422,87.14799987792969,121.99399993896485,144.18699996948243,42.103407182597316,1.7196737461015914,2.132770595126303,-0.4130968490247118,121.91544391634909,83.46999969482422,45.02455547329936,15.584793536983574,28.04928899906817,TTNP
2020-12-03,71.80000305175781,75.80000305175781,70.0,72.80000305175781,72.80000305175781,60710,85.63999938964844,97.41999969482421,84.10999984741211,86.32399993896485,121.04199996948242,143.8309999847412,43.386583981085636,0.22275407131358804,1.75076729036376,-1.528013219050172,121.37949634450388,84.10999984741211,46.840503350320354,5.906431856211004,16.393760993466604,TTNP
2020-12-04,72.4000015258789,72.4000015258789,68.80000305175781,70.0,70.0,48885,78.03999938964844,94.21999969482422,84.60999984741211,85.80399993896485,120.00199996948243,143.46099998474122,42.29931829805938,-1.1759468184333457,1.165424468604339,-2.341371287037685,120.82567835489121,84.60999984741211,48.394321339933015,4.3859649122805395,8.625730101825065,TTNP
2020-12-07,69.4000015258789,71.80000305175781,66.19999694824219,71.19999694824219,71.19999694824219,82150,71.87999877929687,89.33999938964844,85.16999969482421,85.18799987792968,118.91399993896485,143.12699996948243,42.959058919983484,-2.162667738250704,0.49980602723333023,-2.6624737654840342,120.1722308736206,85.16999969482421,50.16776851602781,4.678362573099253,4.990253113863625,TTNP
2020-12-08,69.0,72.4000015258789,67.4000015258789,70.4000015258789,70.4000015258789,54520,70.91999969482421,85.57999954223632,85.38999977111817,84.55599990844726,117.87799995422364,142.81899997711182,42.60928408335822,-2.974911196435727,-0.1951374175004812,-2.7797737789352457,119.96015133112496,85.38999977111817,50.81984821111137,3.9202873660586466,4.328204950479506,TTNP
2020-12-09,70.0,70.5999984741211,66.0,68.19999694824219,68.19999694824219,51255,70.51999969482422,82.19999923706055,84.59999961853028,83.87999984741211,116.69999992370606,142.55999996185304,41.606030200250714,-3.7528810949797844,-0.9066861529963419,-2.8461949419834425,119.97388543073419,84.59999961853028,49.226113806326374,3.3939706842581168,3.9975402078053652,TTNP
2020-12-10,67.4000015258789,68.5999984741211,66.0,66.19999694824219,66.19999694824219,33950,69.19999847412109,77.41999893188476,84.30999946594238,83.16399978637695,115.20199989318847,142.26099994659424,40.66856204626128,-4.4791779545800665,-1.6211845133130869,-2.85799344126698,120.18388159036219,84.30999946594238,48.436117341522575,1.9319823801645495,3.0820801434937977,TTNP
2020-12-11,66.4000015258789,70.0,65.4000015258789,67.4000015258789,67.4000015258789,46745,68.67999877929688,73.35999908447266,84.07999954223632,82.59199981689453,113.83599990844726,141.81799995422364,41.519984913296376,-4.901442331782135,-2.2772360770068967,-2.6242062547752387,120.3237053063196,84.07999954223632,47.83629377815305,1.7027536252460889,2.342902229889612,TTNP
2020-12-14,67.0,67.19999694824219,64.19999694824219,65.5999984741211,65.5999984741211,35930,67.55999908447265,69.71999893188476,83.75999946594239,81.98399978637696,112.57199989318848,140.91599994659424,40.57930882691739,-5.320009339909362,-2.8857907295873897,-2.434218610321972,120.5338137558083,83.75999946594239,46.986185176076475,1.7477793013642884,1.7941717689250023,TTNP
2020-12-15,65.19999694824219,70.0,63.0,69.4000015258789,69.4000015258789,42695,67.35999908447266,69.13999938964844,83.62999954223633,81.45199981689453,111.40599990844727,140.30299995422362,43.49004769184639,-5.284185420895497,-3.3654696678490112,-1.9187157530464858,120.58711263545322,83.62999954223633,46.67288644901945,4.781088838280486,2.7438739216303145,TTNP
2020-12-16,68.5999984741211,69.0,64.4000015258789,65.19999694824219,65.19999694824219,29620,66.75999908447265,68.63999938964844,83.28999938964844,80.83599975585938,110.13799987792969,139.72899993896485,41.09400518326593,-5.530942710814102,-3.7985642764420295,-1.7323784343720727,120.78996510992914,83.28999938964844,45.79003366936775,4.84288827243347,3.790585470692775,TTNP
2020-12-17,66.0,67.80000305175781,64.4000015258789,65.80000305175781,65.80000305175781,29010,66.68000030517578,67.93999938964843,82.67999954223633,80.23199981689453,108.93599990844727,139.03799995422364,41.58910083756335,-5.613376650944943,-4.161526751342612,-1.4518498996023306,120.89442359177875,82.67999954223633,44.46557549269391,5.507247113951,5.0437414082216785,TTNP
2020-12-18,65.80000305175781,66.0,63.20000076293945,63.20000076293945,63.20000076293945,20145,65.84000015258789,67.25999946594239,80.7399995803833,79.69599983215332,107.76799991607666,138.42399995803834,40.01944852369006,-5.821399132480892,-4.493501227570269,-1.327897904910623,118.77326650528701,80.7399995803833,42.70673265547959,2.7053151153710258,4.351816833918526,TTNP
2020-12-21,64.19999694824219,67.0,63.400001525878906,65.5999984741211,65.5999984741211,29345,65.84000015258789,66.69999961853027,78.01999950408936,79.08799980163575,106.62399990081786,137.97199995040893,42.18845231127312,-5.726586169459182,-4.740118215948051,-0.9864679535111307,111.99808349113424,78.01999950408936,44.04191551704447,8.41334240268223,5.541968210668112,TTNP
2020-12-22,65.19999694824219,65.5999984741211,63.599998474121094,63.79999923706055,63.79999923706055,26785,64.71999969482422,66.03999938964844,75.80999946594238,78.56399978637695,105.52199989318848,137.57099994659424,40.99119737241156,-5.730631950453159,-4.938220962849073,-0.7924109876040859,107.36400691869135,75.80999946594238,44.25599201319342,9.144014773379235,6.754224097144191,TTNP
2020-12-23,63.599998474121094,67.80000305175781,63.0,65.4000015258789,65.4000015258789,39310,64.76000061035157,65.7599998474121,73.97999954223633,77.95199981689453,104.37599990844727,137.17799995422362,42.55183534058885,-5.540859864654351,-5.058748743210129,-0.4821111214442224,103.42062068501656,73.97999954223633,44.539378399456105,17.364800922484903,11.640719366182148,TTNP
2020-12-24,65.80000305175781,66.0,64.0,65.19999694824219,65.19999694824219,11210,64.63999938964844,65.65999984741211,71.53999938964844,77.45599975585938,103.16799987792969,136.90399993896483,42.40087453815888,-5.344989110012008,-5.1159968165705045,-0.22899229344150385,94.73554577416866,71.53999938964844,48.34445300512824,18.395379528582655,14.968065074815621,TTNP
2020-12-28,66.80000305175781,68.5999984741211,61.400001525878906,62.0,62.0,41840,64.39999923706054,65.11999969482422,69.23999938964843,77.01599975585937,101.98799987792968,136.58399993896484,39.95830324274583,-5.38588797207494,-5.169975047671391,-0.2159129244035487,85.64760009316281,69.23999938964843,52.832398686134056,18.13022587308194,17.963468774716524,TTNP
2020-12-29,63.0,65.5999984741211,61.20000076293945,63.79999923706055,63.79999923706055,36265,64.03999938964844,64.93999977111817,67.32999935150147,76.61199974060058,100.8259998703003,136.24299993515015,41.98288808472305,-5.212963916637079,-5.178572821464529,-0.034391095172550123,74.10437405305572,67.32999935150147,60.55562464994723,18.83943853586803,18.455014645844233,TTNP
2020-12-30,65.4000015258789,69.4000015258789,63.20000076293945,65.0,65.0,86185,64.27999954223633,64.49999961853027,66.81999950408935,76.23199974060059,99.67599987030029,135.90799993515014,43.35422581602258,-4.922348554032325,-5.127327967978088,0.2049794139457628,72.61224951429115,66.81999950408935,61.027749493887555,25.431969936309077,20.800544781753043,TTNP
2020-12-31,63.599998474121094,66.19999694824219,63.400001525878906,65.80000305175781,65.80000305175781,28615,64.35999984741211,64.56000022888183,66.59999980926514,76.10799980163574,98.47399990081787,135.60699995040895,44.299466657442835,-4.57474540764585,-5.016811455911641,0.442066048265791,72.19283117860219,66.59999980926514,61.007168439928094,41.03804534665369,28.43648460627696,TTNP
2021-01-04,64.4000015258789,65.5999984741211,63.0,64.5999984741211,64.5999984741211,21655,64.2400001525879,64.43999977111817,66.1899995803833,75.95999977111816,97.31999988555908,135.29999994277955,43.13668630720979,-4.345999770286781,-4.882649118786668,0.5366493484998873,71.06025162743852,66.1899995803833,61.31974753332808,44.69697068217037,37.05566198837774,TTNP
2021-01-05,64.4000015258789,65.80000305175781,63.599998474121094,64.80000305175781,64.80000305175781,20775,64.80000076293945,64.6,65.9299997329712,75.69599983215332,96.16799991607667,134.99399995803833,43.4033302852173,-4.101301258808945,-4.726379546791124,0.6250782879821788,70.50516669709904,65.9299997329712,61.35483276884335,43.93940641860424,43.22480748247613,TTNP
2021-01-06,64.80000305175781,64.80000305175781,62.400001525878906,62.400001525878906,62.400001525878906,30015,64.52000122070312,64.28000030517578,65.48999996185303,75.2639998626709,94.99199993133544,134.61599996566773,40.92346397635293,-4.054300538105153,-4.5919637450539295,0.5376632069487766,69.62465313883573,65.48999996185303,61.35534678487034,31.393205241960263,40.00986078091165,TTNP
2021-01-07,63.20000076293945,64.80000305175781,63.0,64.5999984741211,64.5999984741211,21710,64.44000091552735,64.36000022888183,65.19999980926514,74.75599983215332,93.95799991607666,134.24899995803833,44.077640161011175,-3.7957754244391992,-4.432726080930983,0.6369506564917842,68.67789486199679,65.19999980926514,61.72210475653348,32.33555253768413,35.88938806608291,TTNP
2021-01-08,64.80000305175781,65.4000015258789,63.400001525878906,64.80000305175781,64.80000305175781,22575,64.24000091552735,64.30000038146973,65.03000011444092,74.49199989318848,92.92599994659423,133.79299997329713,44.36844036197623,-3.534015777345971,-4.252984020213981,0.7189682428680104,68.22564673559314,65.03000011444092,61.8343534932887,33.33333333333317,32.35403037099255,TTNP
2021-01-11,64.80000305175781,70.4000015258789,63.79999923706055,69.5999984741211,69.5999984741211,69385,65.24000091552735,64.74000053405761,65.20000019073487,73.8439998626709,92.00199993133545,133.36099996566773,50.95942550385138,-2.905754130946562,-3.9835380423604976,1.0777839114139356,68.94162493231414,65.20000019073487,61.4583754491556,58.89005369730082,41.51964652277274,TTNP
2021-01-12,69.5999984741211,73.5999984741211,67.4000015258789,68.4000015258789,68.4000015258789,57615,65.96000061035156,65.3800006866455,65.25000019073487,73.53199989318847,91.06599994659423,132.95299997329712,49.384205670103306,-2.476138590397156,-3.682058151967829,1.2059195615706733,69.13197858336623,65.25000019073487,61.3680217981035,64.42377040914364,52.21571914659258,TTNP
2021-01-13,68.19999694824219,70.4000015258789,66.4000015258789,68.80000305175781,68.80000305175781,35255,67.24000091552735,65.88000106811523,65.4100004196167,73.22799995422363,90.19399997711182,132.4869999885559,49.93969576913451,-2.0794181609462186,-3.361530153763507,1.2821119928172884,69.58891897001574,65.4100004196167,61.23108186921765,70.21973357577646,64.51118589407368,TTNP
2021-01-14,69.4000015258789,71.5999984741211,67.5999984741211,70.0,70.0,33260,68.32000122070312,66.38000106811523,65.44000034332275,73.30799995422363,89.51399997711182,132.1469999885559,51.653870747651496,-1.6491739863206476,-3.019058920274935,1.3698849339542876,69.7399256604844,65.44000034332275,61.1400750261611,63.44087807784327,66.0281273542545,TTNP
2021-01-15,68.19999694824219,68.80000305175781,63.0,63.400001525878906,63.400001525878906,136225,68.04000091552734,66.14000091552734,65.35000057220459,73.25599998474121,88.7679999923706,131.8039999961853,42.943986198714285,-1.819789693751062,-2.7792050749701604,0.9594153812190984,69.74064478542267,65.35000057220459,60.95935635898652,50.0000153818465,61.22020901182213,TTNP
2021-01-19,64.19999694824219,64.19999694824219,61.599998474121094,63.20000076293945,63.20000076293945,65400,66.76000137329102,66.00000114440918,65.22000045776367,73.32,87.96,131.46,42.70896820899883,-1.948679101530729,-2.6130998802822742,0.6644207787515453,69.70265099931763,65.22000045776367,60.737349916209716,34.94624300959145,49.462378823093786,TTNP
2021-01-20,63.20000076293945,63.400001525878906,60.20000076293945,61.599998474121094,61.599998474121094,79340,65.40000076293946,65.68000068664551,65.14000034332275,73.35199996948242,87.1359999847412,131.1079999923706,40.78595180404624,-2.1550891722435495,-2.521497738674529,0.36640856643097974,69.81689663502614,65.14000034332275,60.46310405161937,14.772908681499189,33.23972235764575,TTNP
2021-01-21,65.0,68.0,62.79999923706055,65.0,65.0,222370,64.64000015258789,65.94000053405762,65.1100004196167,73.45199996948242,86.34599998474121,130.7429999923706,46.31742070732158,-2.021021850398654,-2.421402561019354,0.40038071062070024,69.78240443733846,65.1100004196167,60.43759640189494,20.799225693441727,23.506125794844166,TTNP
2021-01-22,64.4000015258789,65.4000015258789,63.20000076293945,63.79999923706055,63.79999923706055,46165,63.4,65.86000061035156,65.1100004196167,73.40799995422363,85.54399997711181,130.4019999885559,44.729259709345236,-1.988678318926759,-2.334857712600835,0.34617939367407624,69.78240443733846,65.1100004196167,60.43759640189494,24.378102229538943,19.983412201493334,TTNP
2021-01-25,66.4000015258789,67.80000305175781,63.79999923706055,65.80000305175781,65.80000305175781,111415,63.880000305175784,65.96000061035156,65.13000049591065,73.04400001525879,84.8220000076294,130.0710000038147,47.933621302799644,-1.781130480630452,-2.2241122662067587,0.44298178557630674,69.81061582840212,65.13000049591065,60.44938516341919,34.825876595281365,26.667734839420728,TTNP
2021-01-26,66.4000015258789,70.0,66.0,68.5999984741211,68.5999984741211,113635,64.9599998474121,65.86000061035156,65.3000005722046,72.97599998474121,84.24799999237061,129.7539999961853,52.11887477060267,-1.374862533963281,-2.054262319758063,0.6793997857947822,70.21932543239475,65.3000005722046,60.38067571201443,43.78109820977729,34.32835901153258,TTNP
2021-01-27,65.0,67.0,62.79999923706055,64.0,64.0,69675,65.44000015258788,65.42000045776368,65.40000057220459,72.81599998474121,83.6879999923706,129.4139999961853,45.62960078677724,-1.4078449322711606,-1.9249788422606826,0.517133909989522,70.12437953904504,65.40000057220459,60.67562160536415,44.278612630426686,40.96186247849516,TTNP
2021-01-28,63.599998474121094,67.0,63.0,64.4000015258789,64.4000015258789,60540,65.32000045776367,64.98000030517578,65.43000068664551,72.6640000152588,83.1320000076294,129.0460000038147,46.25624028904911,-1.385733072102994,-1.8171296882291448,0.4313966161261509,70.12085938830053,65.43000068664551,60.739141984990496,40.79602117517921,42.95191067179445,TTNP
2021-01-29,65.5999984741211,65.5999984741211,62.0,63.20000076293945,63.20000076293945,53140,65.20000076293945,64.30000038146973,65.34000072479247,72.48800003051758,82.62400001525879,128.6420000076294,44.5956875685331,-1.4483436918398809,-1.743372488951292,0.29502879711141117,70.12846135428558,65.34000072479247,60.55154009529937,27.36318875343532,37.479274186347126,TTNP
2021-02-01,69.19999694824219,81.5999984741211,65.0,69.4000015258789,69.4000015258789,840915,65.92000045776368,64.90000038146972,65.52000064849854,72.43600006103516,82.11800003051758,128.2690000152588,53.819949837893574,-0.9863052995264212,-1.591959051066318,0.6056537515398968,70.6243278502822,65.52000064849854,60.41567344671488,32.24067350788131,33.466627812165335,TTNP
2021-02-02,69.0,69.19999694824219,64.0,65.19999694824219,65.19999694824219,126995,65.2400001525879,65.1,65.5500005722046,72.18,81.57,127.875,47.99099690405637,-0.9481125618897437,-1.4631897532310032,0.5150771913412595,70.63937733902371,65.5500005722046,60.46062380538548,29.58106551628615,29.728309259200984,TTNP
2021-02-03,67.5999984741211,69.0,66.0,68.0,68.0,82845,66.0400001525879,65.7400001525879,65.7100004196167,71.5,81.05,127.495,51.743303144553884,-0.6840227084798727,-1.3073563442807772,0.6233336358009045,70.89530236386808,65.7100004196167,60.524698475365334,34.26791049578397,32.029883173317195,TTNP
2021-02-04,68.4000015258789,73.19999694824219,67.0,70.19999694824219,70.19999694824219,126750,67.19999923706055,66.2599998474121,66.10000019073486,70.50399993896484,80.55199996948242,127.15599998474121,54.519758927518424,-0.2938212410370937,-1.1046493236320405,0.8108280825949468,71.40280625896695,66.10000019073486,60.79719412250277,35.51400941778724,33.120995143285846,TTNP
2021-02-05,70.4000015258789,75.4000015258789,68.4000015258789,73.0,73.0,102290,69.15999908447266,67.17999992370605,66.5200002670288,69.80399993896485,80.20199996948242,126.83099998474121,57.84415016235367,0.23860261639917724,-0.8359989356257969,1.074601552024974,72.5603769427449,66.5200002670288,60.479623591312716,47.6635481810278,39.1484893648664,TTNP
2021-02-08,75.0,79.0,74.19999694824219,77.80000305175781,77.80000305175781,95820,70.83999938964844,68.37999992370605,67.17000026702881,69.32,79.66,126.53,62.85648487054234,1.035930923460711,-0.46161296380849526,1.4975438872692064,74.89348166243086,67.17000026702881,59.44651887162677,62.928352074966604,48.7019698912606,TTNP
2021-02-09,78.19999694824219,85.4000015258789,75.4000015258789,84.5999984741211,84.5999984741211,156255,74.71999969482422,69.97999992370606,67.92000026702881,68.73199996948242,79.24599998474122,126.23299999237061,68.55971037193281,2.19126264019647,0.06896215699249786,2.122300483203972,78.73582913529751,67.92000026702881,57.104171398760116,79.5457602841828,63.37922018005912,TTNP
2021-02-10,85.80000305175781,85.80000305175781,73.5999984741211,80.4000015258789,80.4000015258789,120380,77.2,71.62000007629395,68.5200002670288,68.18,78.85,125.885,62.20643216560446,2.7364229165234377,0.6024543088986858,2.1339686076247517,80.62975501888724,68.5200002670288,56.410245515170374,85.37837159202725,75.9508279837256,TTNP
2021-02-11,80.19999694824219,82.19999694824219,75.4000015258789,76.5999984741211,76.5999984741211,56505,78.48000030517578,72.83999977111816,68.91000003814698,67.67199996948243,78.35599998474122,125.5179999923706,57.05484467096614,2.8292243378186157,1.0478083146826718,1.781416023135944,81.52266647937572,68.91000003814698,56.297333596918236,78.41220938939837,81.11211375520286,TTNP
2021-02-12,76.5999984741211,81.0,75.5999984741211,79.19999694824219,79.19999694824219,44965,79.71999969482422,74.43999938964843,69.36999988555908,67.75199996948243,77.94799995422363,125.13399997711181,59.52469024057238,3.077097416964733,1.453666135139084,1.623431281825649,82.75551977153319,69.36999988555908,55.98447999958498,70.30810995986324,78.03289698042967,TTNP
2021-02-16,79.5999984741211,80.19999694824219,73.5999984741211,76.19999694824219,76.19999694824219,48070,79.39999847412109,75.11999893188477,70.00999965667725,67.87199996948242,77.50999992370606,124.73499996185302,55.5545307819971,2.9969170953046813,1.7623163271722035,1.2346007681324778,83.41654058571687,70.00999965667725,56.60345872763763,64.425751361697,71.04869023698626,TTNP
2021-02-17,76.0,76.0,70.4000015258789,71.0,71.0,62595,76.67999877929688,75.69999923706055,70.39999961853027,67.83599990844726,77.07999992370605,124.33999996185302,49.40366196025619,2.4851302822319923,1.9068791181841613,0.578251164047831,83.44023515898161,70.39999961853027,57.359764078078946,56.582617249567136,63.772159523709185,TTNP
2021-02-18,84.0,92.19999694824219,78.5999984741211,81.19999694824219,81.19999694824219,755850,76.83999786376953,77.01999893188477,71.37999954223633,68.05999984741212,76.93199989318848,123.99599994659424,58.99421672490308,2.8695121051005543,2.09940571556744,0.7701063895331144,84.57265386138786,71.37999954223633,58.1873452230848,53.68504051152819,58.23113637426417,TTNP
2021-02-19,83.4000015258789,84.0,76.0,78.5999984741211,78.5999984741211,95320,77.23999786376953,77.85999908447266,72.05999946594238,68.2079998779297,76.69799987792969,123.45899993896484,56.076371297586,2.930557676590766,2.2656361077721052,0.6649215688186607,85.26913745761952,72.05999946594238,58.85086147426525,51.05477543284937,53.77414439798162,TTNP
2021-02-22,77.5999984741211,80.19999694824219,74.80000305175781,75.19999694824219,75.19999694824219,71280,76.43999786376953,78.07999877929687,72.62999935150147,68.30399978637695,76.4299998474121,122.96499992370606,52.424795740111904,2.673763541915065,2.347261594600697,0.32650194731436777,85.33858397318778,72.62999935150147,59.92141472981516,51.68850354330374,52.142773162560495,TTNP
2021-02-23,71.0,71.19999694824219,63.0,67.0,67.0,69065,74.5999984741211,76.9999984741211,72.68999919891357,68.27999984741211,76.07999984741211,122.33999992370606,44.84087583711497,1.7879705055781585,2.2354033767961896,-0.4474328712180311,85.2798098332514,72.68999919891357,60.10018856457573,35.06266231295407,45.935313763035786,TTNP
2021-02-24,67.5999984741211,71.5999984741211,67.19999694824219,70.19999694824219,70.19999694824219,31075,74.43999786376953,75.5599983215332,72.76999912261962,68.35999984741211,75.76199981689453,121.76099990844726,48.00215529967022,1.328867792004985,2.054096259837949,-0.7252284678329639,85.27488348486881,72.76999912261962,60.265114760370444,26.02415449131973,37.59177344919257,TTNP
2021-02-25,69.5999984741211,75.4000015258789,65.5999984741211,66.80000305175781,66.80000305175781,71265,71.55999908447265,74.19999847412109,72.90999927520753,68.34799987792968,75.46999984741211,121.13499992370606,45.04799376433418,0.6828035569559745,1.779837719261554,-1.0970341623055795,85.07714053506757,72.90999927520753,60.74285801534747,17.12328946082629,26.070035421700087,TTNP
2021-02-26,66.80000305175781,68.4000015258789,62.0,66.19999694824219,66.19999694824219,58345,69.07999877929687,73.15999832153321,72.99999904632568,68.35999984741211,75.17199981689453,120.41599990844726,44.52720553973714,0.1209829023555784,1.4480667558803588,-1.3270838535247804,84.93849729815992,72.99999904632568,61.061500794491444,17.192837627407858,20.113427193184688,TTNP
2021-03-01,68.0,69.4000015258789,65.4000015258789,66.0,66.0,28010,67.23999938964843,71.83999862670899,73.1399990081787,68.29199981689453,74.87199981689453,119.78599990844727,44.34318556159564,-0.3365228702236607,1.091148830659555,-1.4276717008832156,84.67435397976745,73.1399990081787,61.60564403658996,13.388673653624815,15.90160024728638,TTNP
2021-03-02,66.4000015258789,69.80000305175781,65.4000015258789,67.19999694824219,67.19999694824219,43115,67.27999877929688,70.93999862670898,73.02999877929688,68.33199981689454,74.58399978637695,119.10199989318848,45.790803515015384,-0.5954062930943564,0.7538378059087727,-1.3492440990031291,84.7454651835884,73.02999877929688,61.314532375005356,14.79028173352645,15.1239310048531,TTNP
2021-03-03,67.80000305175781,69.5999984741211,62.599998474121094,63.79999923706055,63.79999923706055,51985,65.99999923706055,70.21999855041504,72.95999889373779,68.29199974060059,74.26199977874757,118.58099988937379,42.4239093305958,-1.0626748173967826,0.3905352812476616,-1.4532100986444443,84.87676631234777,72.95999889373779,61.04323147512781,12.14127736961339,13.440077585588277,TTNP
2021-03-04,63.0,63.79999923706055,57.0,57.599998474121094,57.599998474121094,56040,64.15999832153321,67.85999870300293,72.43999881744385,68.17999969482422,73.93799976348878,118.05899988174438,37.07107088014067,-1.91124509168705,-0.0698207933392807,-1.8414242983477693,85.97489261698308,72.43999881744385,58.905105017904624,8.294446308422543,11.742001803854187,TTNP
2021-03-05,59.79999923706055,59.79999923706055,51.20000076293945,56.0,56.0,52190,62.119998931884766,65.59999885559083,71.72999897003174,67.9879997253418,73.53799976348877,117.55899988174438,35.81517667278088,-2.6819339872382386,-0.5922434321190724,-2.0896905551191662,87.03451273493816,71.72999897003174,56.42548520512533,6.457373515238667,8.964365731091593,TTNP
2021-03-08,56.79999923706055,57.599998474121094,54.599998474121094,56.79999923706055,56.79999923706055,25965,60.279998779296875,63.75999908447265,70.91999893188476,67.8479997253418,73.20599975585938,117.03299987792968,36.965060468289735,-3.191369120257974,-1.1120685697468526,-2.0793005505111215,87.5290970174251,70.91999893188476,54.310900846344424,9.023463901189466,7.925094574950286,TTNP
2021-03-09,58.599998474121094,62.0,57.20000076293945,61.400001525878906,61.400001525878906,49520,59.119999694824216,63.199999237060545,70.09999885559083,67.7679997253418,72.85999977111817,116.55999988555908,43.25964161453126,-3.1871785818320006,-1.5270905721638823,-1.6600880096681183,86.88784319305077,70.09999885559083,53.31215451813088,16.747967797376997,10.74293507126844,TTNP
2021-03-10,63.400001525878906,63.400001525878906,59.400001525878906,61.400001525878906,61.400001525878906,32805,58.64000015258789,62.31999969482422,68.93999900817872,67.69199981689454,72.57399978637696,116.02699989318847,43.25964161453127,-3.1475742730158345,-1.8511873123342728,-1.2963869606815617,84.73674904844735,68.93999900817872,53.14324896791008,23.211383705169336,16.32760513457866,TTNP
2021-03-11,61.599998474121094,71.5999984741211,61.599998474121094,67.5999984741211,67.5999984741211,256595,60.64000015258789,62.39999923706055,68.29999885559081,67.80399978637695,72.40999977111817,115.49499988555908,50.92066762947765,-2.586088812710173,-1.998167612409453,-0.5879212003007201,83.19938474221703,68.29999885559081,53.400612968964595,37.50911355510976,25.822821685885426,TTNP
2021-03-12,65.5999984741211,66.80000305175781,63.20000076293945,65.4000015258789,65.4000015258789,34560,62.52000045776367,62.31999969482422,67.73999900817871,67.83599983215332,72.22399978637695,114.92199989318847,48.422304275959384,-2.292205786259686,-2.0569752471794995,-0.23523053908018632,82.18442002984432,67.73999900817871,53.295577986513116,48.77565832082757,36.498718527035614,TTNP
2021-03-15,64.80000305175781,67.5999984741211,64.0,65.80000305175781,65.80000305175781,20785,64.32000122070312,62.3,67.06999931335449,67.85199989318848,72.04199981689453,114.38099990844727,48.91309389352197,-2.003924594967586,-2.0463651167371166,0.042440521769530726,80.53596034819391,67.06999931335449,53.60403827851507,58.519999001938004,48.26825695929184,TTNP
2021-03-16,65.4000015258789,66.4000015258789,60.79999923706055,62.20000076293945,62.20000076293945,32325,64.48000106811523,61.80000038146973,66.36999950408935,67.77999984741211,71.94399982452393,113.85199991226196,44.78289114707893,-2.0424061850009565,-2.0455733303898844,0.0031671453889279277,79.31001934462778,66.36999950408935,53.42997966355093,54.82093911433331,54.038865479033014,TTNP
2021-03-17,61.0,64.5999984741211,60.0,63.599998474121094,63.599998474121094,19535,64.92000045776368,61.78000030517578,65.99999942779542,67.7599998474121,71.85999980926513,113.32999990463257,46.66886763539415,-1.9375995656450868,-2.023978577440925,0.08637901179583807,78.81185774228159,65.99999942779542,53.18814111330925,55.52314647181672,56.288028196029394,TTNP
2021-03-18,63.0,64.80000305175781,61.400001525878906,61.79999923706055,61.79999923706055,19015,63.76000061035156,62.20000038146973,65.02999954223633,67.69999977111816,71.69799980163575,112.79899990081788,44.561445396110074,-1.9769948934292643,-2.0145818406385927,0.037586947209328425,75.87896860637565,65.02999954223633,54.181030478097,52.73321200363458,54.35909919659492,TTNP
2021-03-19,62.599998474121094,64.0,61.0,63.0,63.0,13450,63.28000030517578,62.900000381469724,64.24999961853027,67.71199974060059,71.48799980163574,112.30399990081787,46.30234412146862,-1.8896037658071307,-1.9895862256723003,0.09998245986516952,73.15290564166415,64.24999961853027,55.347093595396395,56.86274399806857,55.039700824506674,TTNP
2021-03-22,64.0,64.0,61.400001525878906,62.0,62.0,13885,62.51999969482422,63.42000045776367,63.589999771118165,67.65999977111817,71.20799980163574,111.53399990081788,45.03323798376505,-1.8793730673475437,-1.967543594007349,0.08817052665980518,70.97588819533293,63.589999771118165,56.2041113469034,54.24836711304224,54.61477437158185,TTNP
2021-03-23,62.0,62.20000076293945,58.599998474121094,58.599998474121094,58.599998474121094,24845,61.79999923706055,63.14000015258789,63.16999969482422,67.53599967956544,71.01399978637696,110.77699989318847,40.92592957731298,-2.1211653989111596,-1.998267954988111,-0.12289744392304858,70.68665785089424,63.16999969482422,55.6533415387542,49.01960710982345,53.37690607364481,TTNP
2021-03-24,59.599998474121094,60.79999923706055,55.20000076293945,56.0,56.0,23980,60.279999542236325,62.6,62.45999984741211,67.26399971008301,70.55399978637695,109.94699989318848,38.06670608973008,-2.4938382959474694,-2.097382023179983,-0.3964562727674865,69.86819514384275,62.45999984741211,55.05180455098146,37.581697329792505,46.949890517552795,TTNP
2021-03-25,56.0,57.400001525878906,53.599998474121094,57.0,57.0,28935,59.31999969482422,61.54000015258789,61.96999969482422,67.03599967956544,70.28399978637695,108.97199989318848,39.80849820266991,-2.6776265965206676,-2.21343093784812,-0.46419565867254775,69.46107111725212,61.96999969482422,54.478928272396324,26.2309368949474,37.610747111521185,TTNP
2021-03-26,57.20000076293945,57.599998474121094,54.0,56.0,56.0,14105,57.91999969482422,60.6,61.45999984741211,66.77999961853027,70.00399978637695,108.11199989318848,38.63825970320436,-2.8708780958698057,-2.344920369452457,-0.5259577264173485,69.11671948423627,61.45999984741211,53.80328021058794,18.583883280389085,27.46550583504306,TTNP
2021-03-29,55.79999923706055,55.79999923706055,52.400001525878906,53.20000076293945,53.20000076293945,19470,56.15999984741211,59.339999771118165,60.819999885559085,66.44399963378906,69.87599979400635,107.41799989700317,35.492152459458566,-3.2129311687337037,-2.5185225293087066,-0.6944086394249971,68.97537556606814,60.819999885559085,52.66462420505004,12.129634177242954,18.98148478419321,TTNP
2021-03-30,53.20000076293945,57.400001525878906,52.400001525878906,57.0,57.0,22460,55.84000015258789,58.81999969482422,60.310000038146974,66.31599960327148,69.78599979400634,106.71299989700317,42.35250855297451,-3.141173025499924,-2.64305262854695,-0.49812039695297416,68.07191735501934,60.310000038146974,52.54808272127462,13.819444786618723,14.844320748083652,TTNP
2021-03-31,57.599998474121094,60.0,56.79999923706055,59.599998474121094,59.599998474121094,13605,56.55999984741211,58.41999969482422,60.1,66.24399955749512,69.78199977874756,106.02099988937378,46.54164016412021,-2.84174812872876,-2.682791728583312,-0.1589564001454482,67.6984052229646,60.1,52.50159477703541,25.164467678339605,17.037848880733822,TTNP
2021-04-01,60.20000076293945,60.20000076293945,57.599998474121094,57.79999923706055,57.79999923706055,10885,56.71999969482422,58.01999969482422,60.11000003814697,66.1679995727539,69.75999977111816,105.28999988555908,44.149674147325634,-2.7183610618077054,-2.6899055952281907,-0.0284554665795147,67.69573408999392,60.11000003814697,52.524265986300016,35.61768251464087,24.867198326533128,TTNP
2021-04-05,57.20000076293945,58.400001525878906,56.0,56.599998474121094,56.599998474121094,13985,56.83999938964844,57.37999954223633,60.13999996185303,65.99999954223632,69.72599975585938,104.61299987792968,42.578593367635385,-2.686438365829879,-2.6892121493485286,0.002773783518649431,67.66498257026075,60.13999996185303,52.61501735344531,37.63156551717709,32.80457190338591,TTNP
2021-04-06,56.400001525878906,57.79999923706055,56.0,56.599998474121094,56.599998474121094,8095,57.519998931884764,56.83999938964844,60.12999992370605,65.85599952697754,69.63199974060059,103.9359998703003,42.5785933676354,-2.630813024356314,-2.6775323243500857,0.04671929999377156,67.67321968665176,60.12999992370605,52.58678016076035,33.13240834297856,35.460552124932235,TTNP
2021-04-07,56.400001525878906,59.79999923706055,56.20000076293945,58.0,58.0,11905,57.71999893188477,56.779999542236325,59.95999984741211,65.69999946594238,69.37199974060059,103.29599987030029,45.216370901309105,-2.4455701077544205,-2.6311398810309528,0.18556977327653223,67.53425647162462,59.95999984741211,52.3857432231996,36.344063208177126,35.70267902277765,TTNP
2021-04-08,58.20000076293945,59.400001525878906,56.20000076293945,57.599998474121094,57.599998474121094,17585,57.31999893188477,56.939999389648435,59.76999969482422,65.47999946594238,69.2279997253418,102.5939998626709,44.58616526676436,-2.304475977350066,-2.5658071002947755,0.2613311229447097,67.38079226242735,59.76999969482422,52.159207127221094,41.28659240603888,36.92102131906491,TTNP
2021-04-09,58.0,58.20000076293945,54.400001525878906,54.400001525878906,54.400001525878906,13360,56.63999938964844,56.67999954223633,59.10999984741211,65.28799949645996,69.05199974060059,101.87599987030029,39.80634583512742,-2.422940720313548,-2.53723382429853,0.11429310398498194,66.15892630488662,59.10999984741211,52.06107338993761,35.74340661113651,37.79135407511756,TTNP
2021-04-12,54.79999923706055,55.0,51.0,52.400001525878906,52.400001525878906,25885,55.8,56.31999969482422,58.45999984741211,65.04799949645997,68.85599975585937,100.90799987792968,37.12735921935412,-2.6476872771047297,-2.55932451485977,-0.08836276224495965,65.46637947421354,58.45999984741211,51.453620220610674,24.856320048678683,33.962106355284746,TTNP
2021-04-13,52.400001525878906,52.79999923706055,48.599998474121094,48.79999923706055,48.79999923706055,21810,54.24000015258789,55.87999954223633,57.609999656677246,64.75999946594239,68.62399974822998,100.101999874115,32.842715150883365,-3.0807773571505095,-2.663615083317918,-0.4171622738325915,64.96440970292144,57.609999656677246,50.25558961043305,10.460248254699867,23.686658304838407,TTNP
2021-04-14,49.0,50.79999923706055,48.400001525878906,48.79999923706055,48.79999923706055,18130,52.4,55.05999946594238,56.9399995803833,64.34799942016602,68.39199974060058,99.3259998703003,32.842715150883365,-3.3849843730593108,-2.8078889412661967,-0.5770954317931141,64.9150447944867,56.9399995803833,48.9649543662799,5.843058172227118,13.719875491868612,TTNP
2021-04-15,48.79999923706055,50.0,45.20000076293945,45.79999923706055,45.79999923706055,29795,50.04000015258789,53.67999954223633,56.04999961853027,63.95999946594238,68.0699997329712,98.5949998664856,29.547189390440458,-3.824064122012821,-3.0111239774155214,-0.8129401445972997,64.78966499630812,56.04999961853027,47.310334240752425,3.0097171905774345,6.437674539168195,TTNP
2021-04-16,46.0,46.79999923706055,43.0,45.79999923706055,45.79999923706055,22300,48.31999969482422,52.47999954223633,55.249999618530275,63.515999450683594,67.50799972534179,97.8939998626709,29.547189390440465,-4.124493394018991,-3.2337978607362152,-0.8906955332827757,64.64264319512439,55.249999618530275,45.857356041936164,7.8896219226704645,5.580799095158394,TTNP
2021-04-19,45.79999923706055,45.79999923706055,43.599998474121094,45.599998474121094,45.599998474121094,12095,46.959999084472656,51.37999954223633,54.37999954223633,63.02399948120117,66.76399971008301,97.2219998550415,29.319718816954747,-4.328824156377749,-3.452803119864522,-0.8760210365132268,63.96155244668731,54.37999954223633,44.79844663778535,11.79844132166608,7.565926811638048,TTNP
2021-04-20,45.0,48.0,43.599998474121094,47.0,47.0,14015,46.599999237060544,50.41999969482422,53.62999954223633,62.50399948120117,66.15399971008301,96.55699985504151,33.19665621105595,-4.327899997684128,-3.6278224954284433,-0.7000775022556844,63.05529281694193,53.62999954223633,44.204706267530725,18.217049019818614,12.635037421385107,TTNP
2021-04-21,46.20000076293945,49.20000076293945,45.20000076293945,48.599998474121094,48.599998474121094,17535,46.55999908447266,49.47999954223633,53.12999954223633,61.91999938964844,65.61999969482422,95.8999998474121,37.421324630192046,-4.1502199381203795,-3.7323019839668303,-0.41791795415354915,62.50849396227369,53.12999954223633,43.751505122198964,23.643403889704548,17.886298077063135,TTNP
2021-04-22,49.20000076293945,49.79999923706055,47.400001525878906,47.79999923706055,47.79999923706055,11015,46.959999084472656,48.499999618530275,52.71999950408936,61.183999404907226,64.95799968719483,95.23899984359741,36.18899844006494,-4.027533563491275,-3.791348299871719,-0.23618526361955583,62.27605295657011,52.71999950408936,43.163946051608605,28.128455822961655,23.329636244161662,TTNP
2021-04-23,47.599998474121094,50.599998474121094,47.599998474121094,50.400001525878906,50.400001525878906,9865,47.87999954223633,48.099999618530276,52.389999580383304,60.583999404907225,64.38199970245361,94.59099985122681,42.78369981202512,-3.678106351628358,-3.768699910223047,0.09059355859468887,61.786560390747184,52.389999580383304,42.993438770019424,35.05906155917426,28.943640423946874,TTNP
2021-04-26,50.0,52.400001525878906,49.400001525878906,51.0,51.0,12200,48.95999984741211,47.95999946594238,52.139999580383304,60.07199943542481,63.871999702453614,93.9459998512268,44.216438249216445,-3.3145597250066885,-3.6778718731797753,0.36331214817308677,61.40419702126475,52.139999580383304,42.87580213950186,40.07936841326057,34.42229526513221,TTNP
2021-04-27,51.0,51.20000076293945,48.400001525878906,49.79999923706055,49.79999923706055,10610,49.51999969482422,48.05999946594238,51.96999950408936,59.483999481201174,63.6179997253418,93.32499984741212,41.953704198840384,-3.087683543073126,-3.5598342071584455,0.47215066408531925,61.274845227679826,51.96999950408936,42.66515378049889,44.376695345468924,39.83837510596797,TTNP
2021-04-28,49.79999923706055,52.0,49.20000076293945,51.20000076293945,51.20000076293945,8030,50.04000015258789,48.29999961853027,51.67999954223633,58.98399955749512,63.42799976348877,92.7109998512268,45.46036420295208,-2.7630632384331477,-3.400480013413386,0.6374167749802382,60.696770174942024,51.67999954223633,42.66322890953064,47.67660887947579,44.044224212735145,TTNP
2021-04-29,51.599998474121094,51.599998474121094,49.0,50.0,50.0,4015,50.48000030517578,48.71999969482422,51.19999961853027,58.563999557495116,63.19999973297119,92.12099985122681,43.0591950647227,-2.572969747357874,-3.2349779602022837,0.6620082128444098,59.470414119144145,51.19999961853027,42.929585117916396,51.24803673006207,47.76711365166898,TTNP
2021-04-30,49.20000076293945,51.599998474121094,49.20000076293945,50.400001525878906,50.400001525878906,6025,50.48000030517578,49.179999923706056,50.82999973297119,57.94799964904785,63.00399974822998,91.5029998588562,44.11874349904531,-2.362805554310178,-3.0605434790238624,0.6977379247136843,58.52858120928481,50.82999973297119,43.13141825665757,62.596976532097464,53.84054071387849,TTNP
2021-05-03,50.400001525878906,50.79999923706055,48.599998474121094,49.20000076293945,49.20000076293945,7595,50.12000045776367,49.54000015258789,50.45999984741211,57.35999969482422,62.78399978637695,90.8489998626709,41.61683828452904,-2.2669469960678654,-2.901824182432663,0.6348771863647977,57.71212776410467,50.45999984741211,43.20787193071954,66.60033436062677,60.14844920759549,TTNP
2021-05-04,48.20000076293945,48.599998474121094,46.20000076293945,47.0,47.0,10455,49.560000610351565,49.54000015258789,49.97999992370605,56.79599975585938,62.549999771118166,90.2139998626709,37.42646667881942,-2.3415086196046104,-2.7897610698670525,0.4482524502624421,56.80100885015238,49.97999992370605,43.15899099725973,61.34028477678493,63.512531889836445,TTNP
2021-05-05,47.599998474121094,48.20000076293945,45.79999923706055,46.0,46.0,7905,48.52000045776367,49.28000030517578,49.37999992370605,56.375999755859375,62.32799980163574,89.5139998626709,35.66842471775002,-2.4530140668814937,-2.722411669269941,0.26939760238844723,55.32896306096368,49.37999992370605,43.43103678644842,46.80850574544706,58.24970829428631,TTNP
2021-05-06,46.0,46.400001525878906,44.400001525878906,44.79999923706055,44.79999923706055,16795,47.48000030517578,48.98000030517578,48.73999996185303,55.86799980163574,62.11399982452392,88.6579998588562,33.62712687748072,-2.608147864875569,-2.6995589083910665,0.09141104351549734,53.683012062579635,48.73999996185303,43.796987861126425,29.36814686510949,45.83897912911388,TTNP
2021-05-07,45.599998474121094,48.0,45.599998474121094,47.0,47.0,7590,46.8,48.64000015258789,48.36999988555908,55.47199974060059,61.90999980926514,87.8729998588562,40.36537406689631,-2.524470319652103,-2.664541190643274,0.14007087099117088,52.62254792580458,48.36999988555908,44.11745184531358,28.062541196895307,34.74639793581734,TTNP
2021-05-10,46.20000076293945,47.400001525878906,44.400001525878906,46.79999923706055,46.79999923706055,6310,46.31999969482422,48.22000007629394,48.089999771118165,55.08399978637695,61.72199981689453,87.1469998550415,39.96812435269655,-2.4460965736328504,-2.6208522672411894,0.17475569360833898,51.96496587952582,48.089999771118165,44.21503366271051,27.42423551470019,28.284974525568387,TTNP
2021-05-11,44.0,47.400001525878906,44.0,46.599998474121094,46.599998474121094,9135,46.23999938964844,47.9,47.979999732971194,54.695999755859376,61.49399978637695,86.44999984741212,39.548969529874675,-2.372771373953306,-2.5712360885836127,0.1984647146303069,51.89282010099494,47.979999732971194,44.06717936494745,33.19623204384196,29.561002918479208,TTNP
2021-05-12,46.0,50.599998474121094,46.0,47.599998474121094,47.599998474121094,10235,46.55999908447266,47.53999977111816,47.91999969482422,54.303999786376956,61.31799980163574,85.72799983978271,42.780144580236964,-2.2085106462960766,-2.4986910001261053,0.2901803538300287,51.81745573282069,47.91999969482422,44.02254365682775,34.60314848706223,31.741205348534848,TTNP
2021-05-13,48.0,48.0,44.400001525878906,44.79999923706055,44.79999923706055,6155,46.55999908447266,47.01999969482422,47.869999694824216,53.92399978637695,61.10799976348877,85.02199983596802,36.84209649121763,-2.278009894007681,-2.4545547789024207,0.17654488489473952,51.898419205156074,47.869999694824216,43.84158018449236,27.777757594197897,31.85904604170075,TTNP
2021-05-14,44.20000076293945,47.599998474121094,44.0,46.400001525878906,46.400001525878906,7120,46.439999389648435,46.619999694824216,47.89999980926514,53.69999984741211,60.93999977111817,84.3539998435974,41.81236174573266,-2.1788651346280474,-2.399416850047546,0.2205517154194987,51.87489128804353,47.89999980926514,43.92510833048675,27.46031156382983,29.947072548363376,TTNP
2021-05-17,45.79999923706055,49.0,45.79999923706055,48.599998474121094,48.599998474121094,4895,46.79999923706055,46.55999946594238,48.04999980926514,53.55199981689453,60.769999771118165,83.69699983596801,47.8852924340754,-1.9008589126374602,-2.2997052625655288,0.39884634992806856,51.89054152442648,48.04999980926514,44.209458094103795,32.34126623705904,29.19311179836231,TTNP
2021-05-18,48.400001525878906,49.20000076293945,46.20000076293945,49.20000076293945,49.20000076293945,5085,47.31999969482422,46.779999542236325,48.15999984741211,53.39999984741211,60.623999786376956,83.07299983978271,49.435288652783164,-1.613522129774573,-2.1624686360073375,0.5489465062327645,51.99996874717218,48.15999984741211,44.320030947652036,51.973692135799105,37.25842331222938,TTNP
2021-05-19,48.0,49.0,47.20000076293945,48.20000076293945,48.20000076293945,4690,47.44000015258789,46.999999618530275,48.13999996185303,53.13599983215332,60.451999778747556,82.41399984359741,46.930027968915525,-1.4497850818931113,-2.0199319251844923,0.570146843291381,51.97475698489661,48.13999996185303,44.30524293880945,60.39474545423632,48.23656794236488,TTNP
2021-05-20,47.20000076293945,48.599998474121094,46.400001525878906,47.400001525878906,47.400001525878906,4245,47.960000610351564,47.25999984741211,48.12000007629395,52.85599983215332,60.273999824523926,81.72099985122681,44.96675081698268,-1.3687969056615472,-1.8897049212799033,0.5209080156183561,51.96579789762682,48.12000007629395,44.274202254961075,57.89476116181434,56.754399583949976,TTNP
2021-05-21,47.0,49.0,46.20000076293945,48.599998474121094,48.599998474121094,4790,48.4,47.41999969482422,48.02999992370606,52.47599983215332,60.139999809265134,81.06399984359741,48.45037699202535,-1.194019553419075,-1.7505678477077375,0.5565482942886626,51.74000789446106,48.02999992370606,44.31999195295106,58.32005658971382,58.86985440192155,TTNP
2021-05-24,48.400001525878906,48.400001525878906,46.400001525878906,46.400001525878906,46.400001525878906,6105,47.960000610351564,47.37999992370605,47.8,52.09599983215332,59.96599983215332,80.3959998512268,43.06785015223897,-1.2189770020527675,-1.6442496785767435,0.42527267652397605,51.30995130282406,47.8,44.29004869717593,52.02021954347028,56.07834576499954,TTNP
2021-05-25,47.400001525878906,47.400001525878906,45.79999923706055,46.79999923706055,46.79999923706055,3880,47.48000030517578,47.4,47.65,51.71599975585937,59.783999824523924,79.7299998474121,44.27990153105589,-1.1927304335427067,-1.5539458295699362,0.3612153960272295,51.06024325579896,47.65,44.23975674420104,49.49495708464571,53.27841107261,TTNP
2021-05-26,47.400001525878906,50.400001525878906,46.599998474121094,49.0,49.0,8750,47.64000015258789,47.54000015258789,47.53999996185303,51.451999740600584,59.61599979400635,79.04499984741211,50.51938379029494,-0.9830758767428733,-1.4397718390045235,0.4566959622616502,50.61007454511295,47.53999996185303,44.4699253785931,51.515167278366874,51.01011463549435,TTNP
2021-05-27,49.20000076293945,50.0,47.79999923706055,48.20000076293945,48.20000076293945,4965,47.8,47.880000305175784,47.45,51.14399978637695,59.45199981689453,78.38599985122681,48.39708134048994,-0.8714310676567436,-1.3261036847349676,0.45467261707822404,50.3257187185459,47.45,44.574281281454105,60.606074617807586,53.872066326940114,TTNP
2021-05-28,48.20000076293945,50.0,48.20000076293945,48.79999923706055,48.79999923706055,4235,47.84000015258789,48.12000007629395,47.36999988555908,50.883999786376954,59.29199977874756,77.7299998474121,50.09055040549858,-0.7261660988684184,-1.2061161675616578,0.4799500686932394,49.99071655517991,47.36999988555908,44.749283215938256,70.70708705410887,60.94277631676116,TTNP
2021-06-01,49.0,50.0,48.400001525878906,48.599998474121094,48.599998474121094,5525,48.279999542236325,48.12000007629395,47.339999771118165,50.595999755859374,59.15399974822998,77.07299983978271,49.5073220550539,-0.6200335933129821,-1.0888996527119228,0.46886605939894066,49.88899064954267,47.339999771118165,44.79100889269366,68.68687686038771,66.6666795107681,TTNP
2021-06-02,47.79999923706055,49.0,47.400001525878906,48.599998474121094,48.599998474121094,9220,48.63999938964844,48.05999984741211,47.41999969482422,50.3279997253418,58.99399974822998,76.47599983215332,49.50732205505391,-0.5298154354753777,-0.9770828092646138,0.4472673737892361,50.02118287264194,47.41999969482422,44.8188165170065,71.4330665648634,70.27567682645338,TTNP
2021-06-03,48.599998474121094,52.0,48.0,51.79999923706055,51.79999923706055,13920,49.199999237060545,48.41999969482422,47.70999965667725,50.191999740600586,58.86399971008301,75.89499982833863,58.47840117824818,-0.19782319470743914,-0.8212308863531789,0.6234076916457397,50.850597272482304,47.70999965667725,44.56940204087219,79.69063739205637,73.27019360576922,TTNP
2021-06-04,51.400001525878906,52.0,50.20000076293945,52.0,52.0,6265,49.959999084472656,48.87999954223633,48.06999969482422,50.11199974060059,58.6879997253418,75.34499982833863,58.9690760671159,0.08049355843306216,-0.6408859973959307,0.7213795558289928,51.43632608649303,48.06999969482422,44.703673303155405,89.79164982835766,80.30511792842587,TTNP
2021-06-07,52.0,54.0,51.0,54.0,54.0,9950,50.99999923706055,49.41999969482422,48.41999969482422,50.051999740600586,58.54399971008301,74.80499982833862,63.601291656727845,0.4571748486892062,-0.42127382817890324,0.8784486768681095,52.6207322773313,48.41999969482422,44.21926711231714,99.16666348775216,89.54965023605546,TTNP
2021-06-08,54.0,54.0,50.400001525878906,50.599998474121094,50.599998474121094,10480,51.39999923706055,49.83999938964844,48.609999656677246,49.943999710083006,58.36199966430664,74.27799982070923,52.70740397676844,0.4758603549600764,-0.2418469915511073,0.7177073465111837,52.84407014813549,48.609999656677246,44.375929165219,86.17885687179644,91.71239006263546,TTNP
2021-06-09,51.20000076293945,52.20000076293945,50.20000076293945,50.79999923706055,50.79999923706055,6330,51.83999938964844,50.23999938964844,48.81999969482422,49.89599967956543,58.16999965667725,73.84199981689453,53.21504926297123,0.5010315634129299,-0.09327128055829986,0.5943028439712297,53.05109311664687,48.81999969482422,44.58890627300157,73.1707248994105,86.17208175298641,TTNP
2021-06-10,51.79999923706055,52.599998474121094,50.79999923706055,51.400001525878906,51.400001525878906,5645,51.75999984741211,50.47999954223633,49.00999984741211,49.78399971008301,58.049999656677244,73.40899982452393,54.783148209558995,0.5629062647171992,0.03796422849679995,0.5249420362203993,53.34489922412226,49.00999984741211,44.67510047070196,62.60162639447706,73.98373605522805,TTNP
2021-06-11,51.599998474121094,52.79999923706055,51.0,51.400001525878906,51.400001525878906,5020,51.64000015258789,50.79999961853027,49.339999961853025,49.61999977111817,57.93199966430664,72.94599983215332,54.78314820955899,0.6049687085912865,0.15136512451569728,0.4536035840755892,53.33416481584494,49.339999961853025,45.345835107861106,65.85367101774706,67.20867410387825,TTNP
2021-06-14,52.20000076293945,52.599998474121094,51.0,51.599998474121094,51.599998474121094,4590,51.15999984741211,51.07999954223633,49.599999809265135,49.49599975585937,57.83199966430664,72.48399982452392,55.36153237214187,0.646983556972458,0.25048881100704945,0.39649474596540857,53.469851704703764,49.599999809265135,45.73014791382651,69.10570013411903,65.85366584878109,TTNP
2021-06-15,51.20000076293945,51.20000076293945,49.400001525878906,50.0,50.0,3725,51.04000015258789,51.21999969482422,49.66999988555908,49.36399978637695,57.68199966430664,72.01399982452392,49.8660944149368,0.5448929353244267,0.3093696358705249,0.23552329945390182,53.51553666816386,49.66999988555908,45.8244631029543,61.656784336346355,65.53871849607087,TTNP
2021-06-16,48.400001525878906,50.400001525878906,47.79999923706055,50.0,50.0,9660,50.880000305175784,51.35999984741211,49.70999984741211,49.23199981689453,57.543999671936035,71.54399982452392,49.86609441493681,0.4586977994426462,0.3392352685849492,0.11946253085769704,53.55179022933382,49.70999984741211,45.868209465490395,52.02385796867723,60.92878081304759,TTNP
2021-06-17,49.400001525878906,50.599998474121094,49.0,49.400001525878906,49.400001525878906,4635,50.48000030517578,51.12000007629395,49.76999988555908,49.05999984741211,57.37999965667725,71.10099983215332,47.80240699906197,0.33807554633537507,0.33900332413503437,-0.0009277777996593017,53.552611901767506,49.76999988555908,45.987387869350655,38.54763992765914,50.74276074422763,TTNP
2021-06-18,50.400001525878906,50.400001525878906,48.79999923706055,50.0,50.0,2750,50.2,50.920000076293945,49.89999980926514,48.90799987792969,57.193999671936034,70.72099983215332,50.029493059281506,0.28758134543950575,0.32871892839592864,-0.04113758295642289,53.52322424477269,49.89999980926514,46.27677537375759,36.363629357762704,42.31170908469974,TTNP
2021-06-21,49.79999923706055,49.79999923706055,48.400001525878906,49.400001525878906,49.400001525878906,3505,49.76000061035156,50.46000022888184,49.939999961853026,48.80799987792969,57.047999687194825,70.36799983978271,47.83169891034576,0.196879955401009,0.3023511337969447,-0.10547117839593573,53.522367087600465,49.939999961853026,46.35763283610559,33.33333333333322,36.081534206251746,TTNP
2021-06-22,49.0,49.400001525878906,47.20000076293945,49.0,49.0,8415,49.560000610351565,50.30000038146973,50.069999885559085,48.73999984741211,56.89399967193604,70.01299983978271,46.3692288975072,0.0916650129314931,0.2602139096238544,-0.16854889669236128,53.300503948905224,50.069999885559085,46.839495822212946,32.0558475588704,33.9176034166555,TTNP
2021-06-23,50.0,53.400001525878906,50.0,53.0,53.0,15900,50.16000061035156,50.52000045776367,50.37999992370605,48.823999862670895,56.791999664306644,69.70799983978272,59.65401376600855,0.3272753570031597,0.2736261990997154,0.05364915790344427,53.48324913938043,50.37999992370605,47.27675070803167,47.35591109717399,37.5816973297926,TTNP
2021-06-24,52.400001525878906,53.400001525878906,52.0,52.400001525878906,52.400001525878906,4950,50.76000061035156,50.62000045776367,50.55,48.895999908447266,56.62199966430664,69.3699998474121,57.35883943544493,0.46027759608095664,0.31095647849596364,0.149321117584993,53.70432352929968,50.55,47.395676470700316,62.745101339127075,47.385619998390546,TTNP
2021-06-25,52.400001525878906,62.0,52.400001525878906,55.400001525878906,55.400001525878906,50855,51.84000091552734,51.02000045776367,50.910000038146975,49.08799995422363,56.52399971008301,69.0469998550415,64.67682478534134,0.7985525401324338,0.4084756908232577,0.39007684930917613,54.51989761217801,50.910000038146975,47.30010246411594,72.3900458161382,60.83035275081314,TTNP
2021-06-28,55.599998474121094,55.599998474121094,53.599998474121094,54.20000076293945,54.20000076293945,7265,52.800000762939455,51.28000068664551,51.180000114440915,49.25599998474121,56.3859997177124,68.7179998588562,60.22455884415664,0.958755896517971,0.5185317319622004,0.4402241645557706,54.92354931378559,51.180000114440915,47.43645091509624,59.724440395594286,64.95319585028658,TTNP
2021-06-29,53.79999923706055,53.79999923706055,52.400001525878906,52.79999923706055,52.79999923706055,4700,53.560000610351565,51.560000610351565,51.39000015258789,49.4,56.21199974060059,68.3819998550415,55.430403349587266,0.9616643201514208,0.6071582496000445,0.3545060705513763,54.99989742016668,51.39000015258789,47.78010288500909,46.846847543467895,59.65377791840018,TTNP
2021-06-30,54.79999923706055,54.79999923706055,51.20000076293945,52.0,52.0,4635,53.36000061035156,51.76000061035156,51.56000022888183,49.5,56.00199974060059,68.1019998550415,52.841820854111134,0.8891662591283378,0.6635598515057032,0.22560640762263462,54.94132486108047,51.56000022888183,48.1786755966832,39.189186054393865,48.5868246644854,TTNP
2021-07-01,51.599998474121094,52.20000076293945,51.0,51.400001525878906,51.400001525878906,2595,53.16000061035156,51.960000610351564,51.54000034332275,49.55600006103516,55.737999725341794,67.6989998626709,50.9211308867738,0.7743697090051072,0.6857218230055839,0.08864788599952322,54.92014180468655,51.54000034332275,48.159858881958954,32.88288114132987,39.63963824639726,TTNP
2021-07-02,51.0,51.79999923706055,49.79999923706055,49.79999923706055,49.79999923706055,4505,52.04000015258789,51.94000053405762,51.43000030517578,49.596000061035156,55.38999973297119,67.3179998588562,46.10816811088906,0.5479691557093176,0.6581712895463306,-0.11020213383701305,54.88545354583612,51.43000030517578,47.97454706451544,26.126124036262535,32.73273041066214,TTNP
2021-07-06,50.0,50.0,48.400001525878906,48.79999923706055,48.79999923706055,3475,50.95999984741211,51.880000305175784,51.17000026702881,49.56400001525879,55.07399971008301,66.9619998550415,43.35031697825228,0.2845730623213427,0.5834516441013331,-0.2988785817799904,54.59522412196465,51.17000026702881,47.744776412092975,18.91891473919185,25.975973305594806,TTNP
2021-07-07,49.0,49.20000076293945,47.0,48.599998474121094,48.599998474121094,6415,50.119999694824216,51.84000015258789,51.07000026702881,49.515999984741214,54.79399971008301,66.57499984741212,42.7989479326111,0.05901112701284461,0.4785635406836354,-0.41955241367079077,54.66835543164911,51.07000026702881,47.47164510240851,13.015005238478935,19.353348004644495,TTNP
2021-07-08,48.0,49.20000076293945,46.79999923706055,48.20000076293945,48.20000076293945,4260,49.35999984741211,51.36000022888184,50.94000034332275,49.484000015258786,54.483999748229984,66.21599985122681,41.6577615764468,-0.15029232777625623,0.35279236699165706,-0.5030846947679133,54.74964065305708,50.94000034332275,47.130360033588424,10.229331148137796,14.054417041936247,TTNP
2021-07-09,48.20000076293945,49.400001525878906,47.79999923706055,49.20000076293945,49.20000076293945,2300,48.91999969482422,51.04000015258789,50.83000030517578,49.44400001525879,54.21399978637695,65.8619998550415,45.56549502350456,-0.23279170314918218,0.2356755529634892,-0.46846725611267137,54.70661722542204,50.83000030517578,46.953383384929516,11.888891772219578,11.711076052945488,TTNP
2021-07-12,49.20000076293945,49.79999923706055,47.0,47.599998474121094,47.599998474121094,2905,48.47999954223633,50.25999984741211,50.64000015258789,49.39599998474121,53.979999771118166,65.52999984741211,40.85085749506696,-0.42241057922289116,0.10405832652621311,-0.5264689057491043,54.751613048011,50.64000015258789,46.52838725716477,10.087723811246999,10.73531557720151,TTNP
2021-07-13,48.0,48.0,46.400001525878906,47.20000076293945,47.20000076293945,4520,48.15999984741211,49.55999984741211,50.42000026702881,49.331999969482425,53.639999809265134,65.2859998512268,39.743718122136876,-0.598067230266949,-0.03636678483241931,-0.5617004454345297,54.76674164510845,50.42000026702881,46.07325888894917,8.726945426917837,10.234520336794857,TTNP
2021-07-14,47.0,47.20000076293945,45.20000076293945,45.400001525878906,45.400001525878906,3875,47.52000045776367,48.820000076293944,50.19000034332275,49.25599998474121,53.30799983978272,65.0029998588562,35.1297397998826,-0.8724640643232036,-0.20358624073057618,-0.6688778235926274,55.05696635673014,50.19000034332275,45.32303432991536,3.8606113787464675,7.558426872303819,TTNP
2021-07-15,45.400001525878906,46.20000076293945,45.0,45.79999923706055,45.79999923706055,3335,47.04000015258789,48.2,49.98000030517578,49.23199996948242,53.0139998626709,64.7219998550415,36.88330207656196,-1.0455960791240315,-0.3719882084092673,-0.6736078707147642,55.21050315175559,49.98000030517578,44.74949745859597,3.6748531300261846,5.420803311896882,TTNP
2021-07-16,46.400001525878906,46.599998474121094,45.400001525878906,45.79999923706055,45.79999923706055,1585,46.35999984741211,47.63999977111816,49.80000019073486,49.227999954223634,52.8019998550415,64.4409998512268,36.88330207656195,-1.1693251952315293,-0.5314556057737196,-0.6378695894578097,55.336764763332646,49.80000019073486,44.26323561813708,4.48117411703561,4.005546208602806,TTNP
2021-07-19,45.20000076293945,45.79999923706055,44.0,44.599998474121094,44.599998474121094,4250,45.75999984741211,47.119999694824216,49.53000011444092,49.223999938964845,52.54599987030029,64.15399984359742,33.71256164532743,-1.348664874749872,-0.6948974595689501,-0.6537674151809219,55.51031493503334,49.53000011444092,43.54968529384849,5.936194461588585,4.697407236216845,TTNP
2021-07-20,45.0,46.79999923706055,44.599998474121094,46.0,46.0,3980,45.51999969482422,46.839999771118165,49.36000003814697,49.20399993896484,52.33799983978272,63.90399984359741,40.174313230389025,-1.3621227369833093,-0.828342515051822,-0.5337802219314873,55.53554580225731,49.36000003814697,43.18445427403663,10.540408448805849,6.9859256758100665,TTNP
2021-07-21,46.0,47.20000076293945,46.0,47.0,47.0,2645,45.83999938964844,46.679999923706056,49.26000003814697,49.20799995422363,52.145999870300294,63.658999843597414,44.34742896008836,-1.2773718001350503,-0.9181483720684677,-0.3592234280665826,55.51982156237104,49.26000003814697,43.0001785139229,20.21980803197452,12.232136980789704,TTNP
2021-07-22,46.400001525878906,47.0,45.599998474121094,46.400001525878906,46.400001525878906,2095,45.95999984741211,46.5,48.930000114440915,49.20400001525879,51.94999988555908,63.410999851226805,42.43480422424601,-1.2442776760369867,-0.9833742328621715,-0.2609034431748152,55.0609188116394,48.930000114440915,42.799081417242434,28.624378539274982,19.79486500668517,TTNP
2021-07-23,46.0,46.20000076293945,44.599998474121094,45.599998474121094,45.599998474121094,3680,45.91999969482422,46.13999977111816,48.589999961853025,49.164000015258786,51.73399990081787,63.158999843597414,39.960149530362536,-1.2679873359176241,-1.040296853473262,-0.22769048244436219,54.66744711361409,48.589999961853025,42.51255281009196,31.34041900882089,26.728201860023518,TTNP
2021-07-26,45.599998474121094,46.599998474121094,45.0,46.599998474121094,46.599998474121094,2370,46.31999969482422,46.03999977111816,48.14999980926514,49.2,51.56199989318848,62.91199983596802,44.33037403140314,-1.1923412023663573,-1.070705723251881,-0.12163547911447625,53.41096552566792,48.14999980926514,42.88903409286236,34.08782012402417,31.350872557373396,TTNP
2021-07-27,46.79999923706055,47.400001525878906,45.599998474121094,46.400001525878906,46.400001525878906,1430,46.4,45.95999984741211,47.75999984741211,49.2,51.44999992370605,62.69399984359741,43.64611926270944,-1.1354405271946177,-1.0836526840404284,-0.051787843154189384,52.27235587045177,47.75999984741211,43.24764382437245,37.62451637561426,34.35091850281982,TTNP
2021-07-28,46.599998474121094,46.599998474121094,46.0,46.599998474121094,46.599998474121094,2910,46.31999969482422,46.07999954223633,47.44999980926514,49.16,51.35599990844727,62.446999835968015,44.5675552154088,-1.0619665604373765,-1.079315459319818,0.01734889888244151,51.344323711014425,47.44999980926514,43.55567590751585,43.67815789560213,38.46349813174691,TTNP
2021-07-29,45.599998474121094,47.0,45.599998474121094,46.599998474121094,46.599998474121094,1875,46.359999084472655,46.159999465942384,47.17999973297119,49.10799995422363,51.253999900817874,62.22999982833862,44.5675552154088,-0.9922993037422501,-1.0619122282043043,0.06961292446205425,50.47820509251963,47.17999973297119,43.88179437342275,43.67815789560213,41.66027738893956,TTNP
2021-07-30,47.0,47.0,44.599998474121094,44.79999923706055,44.79999923706055,5090,46.199999237060545,46.05999946594238,46.849999618530276,49.039999923706056,51.08799987792969,61.97399982452393,38.07009531153377,-1.0699981237751999,-1.0635294073184833,-0.006468716456716539,49.680857392652015,46.849999618530276,44.01914184440854,36.551704172381214,41.302673321195215,TTNP
2021-08-02,45.599998474121094,46.20000076293945,45.0,45.20000076293945,45.20000076293945,1210,45.91999969482422,46.119999694824216,46.619999694824216,48.99599990844727,50.925999870300295,61.74999982833862,40.15797323088413,-1.08677060323204,-1.0681776465011947,-0.018592956730845156,49.19024395802444,46.619999694824216,44.04975543162399,33.373890322902206,37.86791746362857,TTNP
2021-08-03,45.20000076293945,46.400001525878906,44.400001525878906,46.20000076293945,46.20000076293945,2930,45.87999954223633,46.13999977111816,46.489999771118164,48.94799995422363,50.71199989318848,61.56099983215332,45.137660279918364,-1.007754504763959,-1.0560930181537476,0.04833851338978867,48.86136137820909,46.489999771118164,44.11863816402724,39.99999364217111,36.6418627124849,TTNP
2021-08-04,45.0,46.20000076293945,44.20000076293945,44.79999923706055,44.79999923706055,3490,45.51999969482422,45.91999969482422,46.29999980926514,48.91599990844727,50.50599987030029,61.364999828338625,40.105928077637174,-1.0460439566922517,-1.0540832058614484,0.008039249169196738,48.57150974436468,46.29999980926514,44.028489874165594,41.17645958853635,38.183447851203276,TTNP
2021-08-05,44.400001525878906,45.79999923706055,44.0,45.20000076293945,45.20000076293945,5325,45.24000015258789,45.79999961853027,46.14999980926514,48.88399993896484,50.29999984741211,61.17099983215332,42.092176388064004,-1.032213132558077,-1.049709191200774,0.0174960586426971,48.29237144855799,46.14999980926514,44.00762816997229,41.17645958853635,40.78430427308132,TTNP
2021-08-06,45.0,45.20000076293945,44.400001525878906,44.400001525878906,44.400001525878906,3035,45.16000061035156,45.679999923706056,45.90999984741211,48.79199996948242,50.1219998550415,61.03299983978272,39.28608952154765,-1.0734315071180873,-1.0544536543842367,-0.018977852733850664,47.67390289151003,45.90999984741211,44.14609680331419,23.5294161645853,35.29411178055271,TTNP
2021-08-09,44.599998474121094,45.0,44.20000076293945,44.400001525878906,44.400001525878906,1995,45.00000076293945,45.46000022888184,45.75,48.71599998474121,49.929999885559084,60.89499984741211,39.28608952154765,-1.093492267732131,-1.0622613770538156,-0.031230890678315415,47.45110377662308,45.75,44.04889622337692,19.607871736471743,28.10458249653117,TTNP
2021-08-10,44.599998474121094,44.599998474121094,43.0,44.0,44.0,2410,44.560000610351565,45.22000007629394,45.589999961853025,48.62,49.751999893188476,60.72499984741211,37.82388764727037,-1.1286568911581867,-1.07554047987469,-0.053116411283496756,47.317238673643594,45.589999961853025,43.862761250062455,15.41891860273555,19.518735501264235,TTNP
2021-08-11,44.20000076293945,44.79999923706055,43.599998474121094,44.599998474121094,44.599998474121094,2075,44.52000045776367,45.02000007629395,45.54999980926514,48.54,49.56799987792969,60.527999839782716,41.35010405198849,-1.0954822091130012,-1.079528825722352,-0.015953383390649112,47.32925645929839,45.54999980926514,43.770743159231884,23.61853313365172,19.54844115761971,TTNP
2021-08-12,44.599998474121094,44.599998474121094,43.79999923706055,44.20000076293945,44.20000076293945,1940,44.32000045776367,44.78000030517578,45.46999988555908,48.452000045776366,49.389999885559085,60.298999843597414,39.73231707822211,-1.0889151706919407,-1.0814060947162698,-0.007509075975670854,47.33873042197983,45.46999988555908,43.601269349138335,28.787863024672294,22.60843825368656,TTNP
2021-08-13,44.0,44.0,43.0,43.599998474121094,43.599998474121094,2160,44.15999984741211,44.660000228881835,45.35999984741211,48.28800003051758,49.23999988555908,60.126999835968014,37.37046183372827,-1.119224195872441,-1.088969714947504,-0.03025448092493699,47.3901118949452,45.35999984741211,43.329887799879025,25.75754948556502,26.05464854796305,TTNP
2021-08-16,43.400001525878906,43.400001525878906,42.0,42.79999923706055,42.79999923706055,4340,43.83999938964844,44.420000076293945,45.26999988555908,48.10400001525879,49.107999877929686,59.83099983215332,34.4315453284921,-1.1940334943876607,-1.1099824708355353,-0.08405102355212546,47.56872891711656,45.26999988555908,42.9712708540016,18.969681374629584,24.50503129495567,TTNP
2021-08-17,42.20000076293945,43.0,42.0,42.79999923706055,42.79999923706055,3720,43.599999237060544,44.079999923706055,45.10999984741211,47.88,48.965999870300294,59.62499982833862,34.4315453284921,-1.2390375488438892,-1.1357934864372061,-0.10324406240668305,47.61905459352583,45.10999984741211,42.60094510129839,15.212097903589742,19.97977625459482,TTNP
2021-08-18,42.400001525878906,43.20000076293945,42.0,42.20000076293945,42.20000076293945,2330,43.119999694824216,43.820000076293944,44.86999988555908,47.712000045776364,48.827999877929685,59.41599983215332,32.227049559208545,-1.3080401757825726,-1.1702428243062795,-0.13779735147629313,47.52408251637689,44.86999988555908,42.21591725474127,11.999994913736863,15.393924730652104,TTNP
2021-08-19,41.79999923706055,42.79999923706055,41.79999923706055,42.0,42.0,3380,42.67999954223633,43.5,44.64999980926514,47.53600006103515,48.715999870300294,59.29599983215332,31.502995820646106,-1.3631500990512677,-1.208824279255277,-0.1543258197959907,47.483681750075725,44.64999980926514,41.816317868454554,8.115946836414965,11.7760132179139,TTNP
2021-08-20,41.79999923706055,42.79999923706055,41.400001525878906,42.20000076293945,42.20000076293945,4135,42.4,43.27999992370606,44.47999992370605,47.352000045776364,48.56799987792969,59.17699983596802,33.12116394841581,-1.3748384384825556,-1.2420271111007328,-0.13281132738182277,47.46900528838362,44.47999992370605,41.490994559028486,8.115946836414965,9.410629528855639,TTNP
2021-08-23,42.20000076293945,42.79999923706055,42.0,42.400001525878906,42.400001525878906,2990,42.32000045776367,43.079999923706055,44.27000007629395,47.172000045776365,48.395999908447266,59.08899984359741,34.78042497875251,-1.3523738180477096,-1.2640964524901281,-0.08827736555758148,47.22366783395696,44.27000007629395,41.316332318630934,13.727053965052951,9.986315879294336,TTNP
2021-08-24,42.79999923706055,44.599998474121094,42.400001525878906,43.79999923706055,43.79999923706055,6045,42.52000045776367,43.05999984741211,44.13999996185303,47.01600006103516,48.255999908447265,59.00799983978271,45.056408686795365,-1.2076809354127818,-1.252813349074659,0.04513241366187715,46.93165753870028,44.13999996185303,41.34834238500578,30.459584095512696,17.434194965660247,TTNP
2021-08-25,43.599998474121094,44.20000076293945,43.20000076293945,43.20000076293945,43.20000076293945,1805,42.720000457763675,42.920000076293945,43.97000007629394,46.880000076293946,48.12199993133545,58.923999843597414,42.002027729528706,-1.1284179462650172,-1.2279342685127306,0.09951632224771334,46.54762560082785,43.97000007629394,41.392374551760035,40.91572601030939,28.367454690291723,TTNP
2021-08-26,43.400001525878906,44.20000076293945,42.599998474121094,43.400001525878906,43.400001525878906,3875,43.00000076293945,42.84000015258789,43.81000022888183,46.748000106811524,47.98999996185303,58.8109998512268,43.379882942589035,-1.0375033731510541,-1.1898480894403953,0.1523447162893412,46.095466241541324,43.81000022888183,41.52453421622234,52.489806829768234,41.28837231186349,TTNP
2021-08-27,43.20000076293945,44.0,42.599998474121094,42.599998474121094,42.599998474121094,3810,43.08000030517578,42.74000015258789,43.70000019073486,46.61200004577637,47.835999946594235,58.603999843597414,39.35262744970026,-1.0182685137501295,-1.1555321743023421,0.13726366055221262,45.99603070088011,43.70000019073486,41.40396968058961,46.072680412490676,46.49273775085615,TTNP
2021-08-30,43.0,43.599998474121094,42.400001525878906,42.599998474121094,42.599998474121094,3115,43.119999694824216,42.72000007629394,43.570000076293944,46.46400001525879,47.68599994659424,58.45699983596802,39.35262744970026,-0.9915942676240448,-1.1227445929666826,0.13115032534263782,45.8052084326865,43.570000076293944,41.33479171990139,42.047894133554266,46.87012712527112,TTNP
2021-08-31,42.599998474121094,47.599998474121094,42.400001525878906,44.79999923706055,44.79999923706055,31470,43.31999969482422,42.920000076293945,43.5,46.371999969482424,47.58999992370605,58.32099983215332,53.207378780503504,-0.783896785807876,-1.0549750315349213,0.2710782457270453,45.47376675889211,43.5,41.52623324110789,41.80893435040918,43.30983629881809,TTNP
2021-09-01,44.599998474121094,45.599998474121094,43.599998474121094,43.79999923706055,43.79999923706055,4240,43.439999389648435,43.079999923706055,43.45,46.26799995422363,47.503999900817874,58.17999982833862,47.85578609729882,-0.692009621583729,-0.9823819495446828,0.2903723279609538,45.338320821175,43.45,41.561679178825,42.94747031966514,42.26809960120958,TTNP
2021-09-02,43.599998474121094,45.20000076293945,43.0,44.20000076293945,44.20000076293945,10165,43.599999237060544,43.3,43.4,46.09199996948242,47.45799991607666,58.04099983215332,50.021211575065735,-0.5802231504367583,-0.9019501897230979,0.3217270392863396,45.14807185736406,43.4,41.65192814263594,46.23655318551979,43.66431928519808,TTNP
2021-09-03,44.0,44.0,42.400001525878906,42.599998474121094,42.599998474121094,4450,43.599999237060544,43.339999771118165,43.30999984741211,45.895999908447266,47.395999908447266,57.893999824523924,42.43084963998982,-0.6136644379574179,-0.8442930393699619,0.23062860141254404,45.02795065770182,43.30999984741211,41.59204903712239,34.40858627249738,41.19753659256082,TTNP
2021-09-07,43.0,43.599998474121094,41.599998474121094,42.20000076293945,42.20000076293945,9090,43.51999969482422,43.31999969482422,43.19999980926514,45.63199989318848,47.359999923706056,57.71499982833862,40.765436595142695,-0.6647801992948459,-0.8083904713549387,0.1436102720600928,44.90638599495066,43.19999980926514,41.49361362357961,25.80643970437301,35.48385972079678,TTNP
2021-09-08,42.20000076293945,42.400001525878906,41.400001525878906,42.0,42.0,2835,42.95999984741211,43.13999977111816,43.099999809265135,45.38799987792969,47.32199993133545,57.41499982833862,39.921697709287166,-0.7132067945453215,-0.7893537359930153,0.07614694144769374,44.84119298123413,43.099999809265135,41.35880663729614,13.978472791350612,24.73116625607372,TTNP
2021-09-09,41.400001525878906,42.79999923706055,41.400001525878906,42.79999923706055,42.79999923706055,2700,42.75999984741211,43.099999618530276,43.00999984741211,45.187999877929684,47.293999938964845,57.02899982452393,44.839663234077534,-0.6792025434855091,-0.7673234974915141,0.08812095400600495,44.61229649888686,43.00999984741211,41.40770319593736,15.053746239649954,18.279552911791246,TTNP
2021-09-10,42.20000076293945,43.0,42.20000076293945,42.79999923706055,42.79999923706055,2360,42.47999954223633,43.039999389648436,42.93999977111817,45.003999862670895,47.25199993133545,56.70299982070923,44.83966323407753,-0.6448208363191483,-0.742822965257041,0.09800212893789262,44.44776438539998,42.93999977111817,41.432235156836356,18.2795460754128,15.770588368804509,TTNP
2021-09-13,41.79999923706055,42.79999923706055,41.599998474121094,42.20000076293945,42.20000076293945,2995,42.4,42.999999618530275,42.86999988555908,44.819999847412106,47.187999954223635,56.40399982452393,41.85916845914154,-0.658398341901389,-0.7259380405859106,0.06753969868452159,44.37869277842899,42.86999988555908,41.36130699268917,19.35481952371214,17.562703946258353,TTNP
2021-09-14,42.0,42.599998474121094,41.599998474121094,41.79999923706055,41.79999923706055,2825,42.31999969482422,42.91999969482422,42.819999885559085,44.65999984741211,47.12799995422363,56.04299982070923,39.952537771248956,-0.6934418273490266,-0.7194387979385338,0.02599697058950723,44.39928912581684,42.819999885559085,41.24071064530133,13.978472791350617,17.204279463491908,TTNP
2021-09-15,41.79999923706055,42.20000076293945,40.400001525878906,41.20000076293945,41.20000076293945,3380,42.15999984741211,42.55999984741211,42.73999996185303,44.507999877929684,47.03599994659424,55.70899982452393,37.21437129082044,-0.7608582047396126,-0.7277226792987496,-0.03313552544086307,44.470131164823485,42.73999996185303,41.009868758882575,10.155301412935623,14.496197909332848,TTNP
2021-09-16,41.20000076293945,41.599998474121094,39.400001525878906,40.79999923706055,40.79999923706055,6315,41.75999984741211,42.25999984741211,42.66999988555908,44.35199989318848,46.933999938964845,55.402999820709226,35.46910425754136,-0.8369155086941973,-0.7495612451778391,-0.08735426351635822,44.58524260444433,42.66999988555908,40.754757166673826,11.545277853315731,11.893017352534045,TTNP
2021-09-17,40.599998474121094,41.400001525878906,40.0,40.20000076293945,40.20000076293945,4310,41.24000015258789,41.85999984741211,42.579999923706055,44.19199989318847,46.83799995422363,55.22799983978271,32.97128904179088,-0.9348301919652116,-0.7866150345353136,-0.148215157429898,44.76315220046702,42.579999923706055,40.39684764694509,12.646782095091426,11.44912045378098,TTNP
2021-09-20,39.400001525878906,40.0,38.599998474121094,39.400001525878906,39.400001525878906,2460,40.68000030517578,41.54000015258789,42.439999961853026,43.99599990844727,46.71999996185303,55.073999862670895,29.943429430253715,-1.0647082425901786,-0.8422336761462865,-0.22247456644389207,45.02483109673426,42.439999961853026,39.85516882697179,11.906054619451064,12.032704855952794,TTNP
2021-09-21,39.20000076293945,39.20000076293945,38.20000076293945,38.599998474121094,38.599998474121094,3135,40.04000015258789,41.179999923706056,42.249999809265134,43.81599990844727,46.60599994659424,54.902999839782716,27.24860296648514,-1.2181490300566296,-0.9174167469283552,-0.3007322831282744,45.32989494937926,42.249999809265134,39.17010466915101,8.016796944111844,10.856544552884833,TTNP
2021-09-22,39.20000076293945,39.599998474121094,38.0,38.599998474121094,38.599998474121094,3765,39.51999969482422,40.839999771118165,41.989999771118164,43.643999862670896,46.48799991607666,54.74599983215332,27.24860296648514,-1.3244841310054767,-0.9988302237437795,-0.3256539072616972,45.3662930490829,41.989999771118164,38.61370649315343,7.54253673405308,9.155129432538716,TTNP
2021-09-23,38.599998474121094,39.400001525878906,38.400001525878906,39.20000076293945,39.20000076293945,3005,39.2,40.47999992370605,41.78999977111816,43.51999984741211,46.38799991607666,54.58599985122681,32.530245730728794,-1.3448378408345363,-1.068031747161931,-0.27680609367260534,45.326008073132805,41.78999977111816,38.25399146910352,11.246233373502589,8.935189017222559,TTNP
2021-09-24,39.400001525878906,39.599998474121094,38.79999923706055,39.20000076293945,39.20000076293945,1970,39.0,40.12000007629395,41.57999973297119,43.38799987792969,46.30999992370605,54.42999984741211,32.530245730728794,-1.3454586922295562,-1.123517136175456,-0.22194155605410026,45.20631363144122,41.57999973297119,37.95368583450116,16.58730495483881,11.792025020798215,TTNP
2021-09-27,39.20000076293945,40.0,39.0,39.20000076293945,39.20000076293945,2815,38.95999984741211,39.820000076293944,41.40999984741211,43.255999908447265,46.24199993133545,54.2849998664856,32.530245730728794,-1.3306122516731804,-1.1649361592750007,-0.1656760923981797,45.14622149219654,41.40999984741211,37.67377820262768,21.80953962192139,16.547692650087654,TTNP
2021-09-28,39.400001525878906,40.0,37.79999923706055,37.79999923706055,37.79999923706055,3930,38.8,39.420000076293945,41.16999988555908,43.119999923706054,46.17199993133545,54.14299987792969,26.849627503970865,-1.4154977860461528,-1.215048484629231,-0.20044930141692174,45.17651380506975,41.16999988555908,37.163485966048405,15.142868716702209,17.84657109782086,TTNP
2021-09-29,38.0,38.599998474121094,37.20000076293945,37.400001525878906,37.400001525878906,3990,38.560000610351565,39.04000015258789,40.8,42.94799995422363,46.07599994659424,53.99299987792969,25.48054191260613,-1.4977811670189993,-1.2715950211071847,-0.22618614591181463,44.76380531736811,40.8,36.836194682631884,9.149434909526212,15.36728108271666,TTNP
2021-09-30,37.599998474121094,38.400001525878906,36.599998474121094,37.400001525878906,37.400001525878906,3000,38.20000076293945,38.70000038146973,40.48000011444092,42.75599998474121,45.98199996948242,53.85199989318848,25.480541912606135,-1.545179472145655,-1.3263119113148787,-0.2188675608307764,44.456701225575024,40.48000011444092,36.503299003306815,5.450520970110763,9.914274865446451,TTNP
2021-10-01,37.0,38.0,36.599998474121094,36.79999923706055,36.79999923706055,2920,37.720000457763675,38.36000022888184,40.11000003814697,42.56399993896484,45.88399997711181,53.68899988174439,23.40441063290221,-1.6125694439637854,-1.38356341784466,-0.22900602611912535,44.009660514137785,40.11000003814697,36.21033956215616,6.561636319774393,7.053864066470513,TTNP
2021-10-04,37.400001525878906,37.79999923706055,36.0,36.20000076293945,36.20000076293945,5855,37.12000045776367,38.04000015258789,39.79000015258789,42.37599998474121,45.77,53.54399990081787,21.516426987694622,-1.6948541213128436,-1.4458215585382967,-0.24903256277454688,43.86619354166618,39.79000015258789,35.71380676350961,6.487479283222988,6.166545524369437,TTNP
2021-10-05,37.0,37.400001525878906,35.599998474121094,35.79999923706055,35.79999923706055,7210,36.720000457763675,37.760000228881836,39.47000007629394,42.16,45.68,53.393999881744385,20.3385070457912,-1.7719165501172611,-1.5110405568540897,-0.26087599326317146,43.73944421138436,39.47000007629394,35.200555941203525,3.297503486039042,5.448873029678864,TTNP
2021-10-06,35.20000076293945,35.79999923706055,33.599998474121094,33.79999923706055,33.79999923706055,6455,36.0,37.28000030517578,39.060000038146974,41.907999954223634,45.553999977111815,53.24699987411499,15.708074157376728,-1.9716444752475866,-1.6031613405327891,-0.36848313471479743,43.82501368745855,39.060000038146974,34.2949863888354,3.041091917097571,4.275358228786589,TTNP
2021-10-07,33.599998474121094,35.599998474121094,33.400001525878906,34.79999923706055,34.79999923706055,2710,35.47999954223633,36.84000015258789,38.660000038146975,41.67199996948242,45.41599998474121,53.092999877929685,24.913031540554844,-2.0258855051901747,-1.6877061734642662,-0.3381793317259085,43.445118390037756,38.660000038146975,33.874881686256195,9.03651627610522,5.125037226414,TTNP
2021-10-08,34.79999923706055,35.0,33.79999923706055,34.20000076293945,34.20000076293945,2465,34.95999984741211,36.34000015258789,38.23000011444092,41.42400001525879,45.265999984741214,52.944999885559085,23.270985215101234,-2.0931581504575334,-1.7687965688629197,-0.3243615815946137,42.99530786291034,38.23000011444092,33.4646923659715,11.965802047731652,8.014470080311536,TTNP
2021-10-11,33.400001525878906,34.0,31.399999618530273,32.400001525878906,32.400001525878906,9450,34.2,35.660000228881835,37.74000015258789,41.176000061035154,45.10799999237061,52.77999988555908,19.185537500523047,-2.265600667507073,-1.8681573885917504,-0.3974432789153224,42.77918200740028,37.74000015258789,32.7008182977755,14.987074480155252,11.99646426799743,TTNP
2021-10-12,32.400001525878906,40.599998474121094,32.400001525878906,35.79999923706055,35.79999923706055,122025,34.2,35.46000022888184,37.44000015258789,40.988000030517576,44.99199996948242,52.632999897003174,40.45155975583691,-2.1036615039900113,-1.9152582116714025,-0.18840329231860875,42.18229453011608,37.44000015258789,32.6977057750597,23.858406920872028,16.9370944829197,TTNP
2021-10-13,35.20000076293945,35.599998474121094,34.20000076293945,35.599998474121094,35.599998474121094,9625,34.55999984741211,35.27999992370606,37.160000038146975,40.77599998474121,44.86199996948242,52.50099988937378,39.78829005038494,-1.9687672173209307,-1.9259600128013081,-0.04280720451962261,41.63496998488089,37.160000038146975,32.68503009141306,35.035394850445776,24.626958750491074,TTNP
2021-10-14,35.400001525878906,35.400001525878906,33.599998474121094,34.0,34.0,8270,34.4,34.93999977111817,36.820000076293944,40.56,44.73799995422363,52.35199989318848,34.86339315853537,-1.9682799226545669,-1.93442399477196,-0.03385592788260694,41.16858114861299,36.820000076293944,32.4714190039749,40.57971104632103,33.15783760587967,TTNP
2021-10-15,33.79999923706055,36.0,33.20000076293945,35.599998474121094,35.599998474121094,10315,34.67999954223633,34.81999969482422,36.589999961853025,40.367999954223635,44.62599994659424,52.20499988555908,42.52477691031162,-1.8178323927421545,-1.9111056743659989,0.0932732816238444,40.67795262614311,36.589999961853025,32.50204729756294,39.855070510748526,38.49005880250517,TTNP
2021-10-18,35.0,35.599998474121094,34.20000076293945,34.400001525878906,34.400001525878906,3585,35.07999954223633,34.63999977111816,36.339999961853025,40.16799995422363,44.479999961853025,52.04799987792969,38.835383716563065,-1.7749706099897296,-1.883878661490745,0.10890805150101546,40.32011979138392,36.339999961853025,32.35988013232213,35.507254940050736,38.64734549904015,TTNP
2021-10-19,34.79999923706055,37.20000076293945,34.400001525878906,35.79999923706055,35.79999923706055,21610,35.07999954223633,34.63999977111816,36.2,39.99599990844727,44.35599994659424,51.90399988174438,44.84728276914017,-1.6094811267704685,-1.8289991545466897,0.2195180277762212,40.047045022041196,36.2,32.35295497795881,42.02899211746604,39.13043918942182,TTNP
2021-10-20,36.400001525878906,36.79999923706055,35.20000076293945,36.20000076293945,36.20000076293945,3915,35.2,34.87999992370605,36.08000011444092,39.83999992370605,44.229999961853025,51.760999870300296,46.4663225063543,-1.429573505354547,-1.7491140247082613,0.3195405193537142,39.76648312353226,36.08000011444092,32.39351710534958,44.20291372418356,40.57972026056683,TTNP
2021-10-21,36.20000076293945,36.79999923706055,35.20000076293945,35.79999923706055,35.79999923706055,3365,35.55999984741211,34.97999992370605,35.910000038146975,39.66399993896484,44.10199996948242,51.6279998588562,45.04236679943288,-1.304237758385348,-1.6601387714436786,0.35590101305833066,39.30755153319455,35.910000038146975,32.5124485430994,49.275369830453855,45.1690918907012,TTNP
2021-10-22,35.400001525878906,36.20000076293945,34.400001525878906,35.0,35.0,5570,35.44000015258789,35.05999984741211,35.7,39.47999992370605,43.96599998474121,51.4799998664856,42.25346564530207,-1.254994730429864,-1.5791099632409158,0.3241152328110517,38.760678871994095,35.7,32.63932112800591,46.376821509532455,46.618368354723344,TTNP
2021-10-25,38.400001525878906,39.20000076293945,36.0,38.599998474121094,38.599998474121094,137090,36.279999542236325,35.67999954223633,35.66999988555908,39.37999992370605,43.833999977111816,51.34899984359741,55.58166834115363,-0.9149327108148526,-1.446274512755703,0.5313418019408505,38.60191944309683,35.66999988555908,32.738080328021326,55.07246647229666,50.24155260409438,TTNP
2021-10-26,38.400001525878906,38.599998474121094,36.0,37.599998474121094,37.599998474121094,21910,36.63999938964844,35.85999946594238,35.65999984741211,39.27599990844727,43.689999961853026,51.188999843597415,51.99192090828723,-0.7178478497396767,-1.3005891801524978,0.5827413304128211,38.564023220546474,35.65999984741211,32.755976474277745,61.594203649711964,54.34783054384709,TTNP
2021-10-27,37.0,37.599998474121094,36.20000076293945,36.20000076293945,36.20000076293945,3795,36.63999938964844,35.91999969482422,35.599999809265135,39.143999938964846,43.511999969482424,51.027999839782716,47.37847530060652,-0.6669367606184622,-1.1738586962456907,0.5069219356272285,38.405663859528765,35.599999809265135,32.794335759001505,65.94203304177837,60.8695677212624,TTNP
2021-10-28,36.400001525878906,37.20000076293945,36.0,36.599998474121094,36.599998474121094,6185,36.79999923706055,36.17999954223633,35.55999965667725,39.03199989318848,43.371999969482424,50.866999816894534,48.77699772698891,-0.5875400869321581,-1.056594974382984,0.469054887450826,38.28348069095906,35.55999965667725,32.83651862239544,58.695655328790565,62.0772973400937,TTNP
2021-10-29,36.400001525878906,37.0,33.599998474121094,34.400001525878906,34.400001525878906,7920,36.67999954223633,36.05999984741211,35.43999977111817,38.87999992370605,43.2079999923706,50.688999824523925,42.14292882760039,-0.6941374343376268,-0.9841034663739127,0.2899660320362859,38.145798801862426,35.43999977111817,32.73420074037391,44.36197289148956,56.333220420686224,TTNP
2021-11-01,34.0,35.599998474121094,34.0,34.599998474121094,34.599998474121094,5610,35.87999954223633,36.07999954223633,35.359999656677246,38.72799987792969,43.03999996185303,50.544999809265136,42.90318986138274,-0.7537893039911054,-0.9380406338973513,0.18425132990624582,38.06579869870028,35.359999656677246,32.654200614654215,34.74842729602846,45.935351838769584,TTNP
2021-11-02,34.79999923706055,35.400001525878906,34.20000076293945,34.79999923706055,34.79999923706055,5190,35.31999969482422,35.97999954223633,35.30999965667725,38.57599983215332,42.87399993896484,50.402999801635744,43.699914608848076,-0.775980430989506,-0.9056285933157822,0.12964816232627618,38.018384530298114,35.30999965667725,32.601614783056384,24.796729800454596,34.63570999599093,TTNP
2021-11-03,34.400001525878906,35.599998474121094,34.400001525878906,34.400001525878906,34.400001525878906,3460,34.95999984741211,35.79999961853027,35.339999771118165,38.38799987792969,42.70199996948242,50.26699981689453,42.42486390203689,-0.8164322090911753,-0.8877893164708608,0.07135710737968548,37.99355355093031,35.339999771118165,32.68644599130602,23.333316379123165,27.62615782520213,TTNP
2021-11-04,34.599998474121094,35.0,34.0,34.20000076293945,34.20000076293945,5460,34.48000030517578,35.63999977111816,35.30999984741211,38.20799987792969,42.54399997711182,50.11299982070923,41.76863406833239,-0.8547756036891769,-0.881186573914524,0.026410970225347108,38.0006033323277,35.30999984741211,32.619396362496516,19.12699205263976,22.419012744072564,TTNP
2021-11-05,34.400001525878906,34.400001525878906,33.400001525878906,33.79999923706055,33.79999923706055,4165,34.35999984741211,35.51999969482422,35.28999977111816,38.01599983215332,42.38199996948242,49.96299982070923,40.42194480852801,-0.9069846459236643,-0.8863461883163521,-0.0206384576073122,38.01898270913373,35.28999977111816,32.56101683310259,12.536949363832115,18.332419265198403,TTNP
2021-11-08,33.400001525878906,35.0,33.0,34.0,34.0,8730,34.24000015258789,35.05999984741211,35.369999694824216,37.8439998626709,42.227999954223634,49.80399980545044,41.4386220417307,-0.9215986820162101,-0.8933966870563237,-0.0282019949598864,37.83660664267958,35.369999694824216,32.903392746968855,11.246621883049835,14.303521099840628,TTNP
2021-11-09,34.0,34.400001525878906,33.400001525878906,34.20000076293945,34.20000076293945,5395,34.12000045776367,34.72000007629394,35.28999977111816,37.67599990844727,42.06999996185303,49.631999816894535,42.49540071625431,-0.9065913994950705,-0.896035629544073,-0.010555769950997496,37.79905327052659,35.28999977111816,32.78094627170973,14.126797358561817,12.636789535147978,TTNP
2021-11-10,33.599998474121094,34.0,32.400001525878906,32.400001525878906,32.400001525878906,4765,33.720000457763675,34.34000015258789,35.12999992370605,37.42799995422363,41.89999996185303,49.47399982452393,36.16927387204801,-1.0280917138722856,-0.9224468464097155,-0.10564486746257007,37.930740502647765,35.12999992370605,32.32925934476434,11.827959635585607,12.400459625732475,TTNP
2021-11-11,32.400001525878906,33.20000076293945,31.600000381469727,32.20000076293945,32.20000076293945,5355,33.32000045776367,33.900000381469724,35.03999996185303,37.19599998474121,41.73199996948242,49.31299982070923,35.536262186955945,-1.1275225997997822,-0.9634619970877288,-0.16406060271205336,38.08521700976578,35.03999996185303,31.994782913940277,9.083196699542025,11.679317897896539,TTNP
2021-11-12,32.20000076293945,33.0,31.799999237060547,32.599998474121094,32.599998474121094,3145,33.08000030517578,33.72000007629394,34.88999996185303,36.96399993896485,41.52799995422363,49.15999980926514,37.87794614085813,-1.1606663813319074,-1.0029028739365646,-0.15776350739534273,38.10112883721385,34.88999996185303,31.678871086492205,7.393477465199406,9.434877933442403,TTNP
2021-11-15,32.79999923706055,32.79999923706055,32.0,32.400001525878906,32.400001525878906,3425,32.76000061035156,33.500000381469725,34.78999996185303,36.76,41.327999954223635,48.974999809265135,37.151276391171635,-1.1893609367358593,-1.0401944864964237,-0.14916645023943564,38.17575650994624,34.78999996185303,31.404243413759815,11.837929680325935,9.438201281689178,TTNP
2021-11-16,32.0,32.20000076293945,30.200000762939453,31.399999618530273,31.399999618530273,7725,32.20000038146973,33.1600004196167,34.56999998092651,36.54399997711182,41.087999935150144,48.80599982261658,33.67277841766103,-1.2780606871486953,-1.087767726626878,-0.19029296052181732,38.22570076119955,34.56999998092651,30.91429920065347,14.9206294566508,11.384012200725437,TTNP
2021-11-17,32.20000076293945,32.20000076293945,30.600000381469727,31.200000762939453,31.200000762939453,3995,31.960000228881835,32.84000034332276,34.31999998092651,36.32799999237061,40.85799993515015,48.62199982643128,33.007141657447036,-1.3489443241044725,-1.140003046122397,-0.20894127798207562,38.17410774159726,34.31999998092651,30.465892220255764,15.060693814143596,13.939750983706832,TTNP
2021-11-18,31.0,31.799999237060547,29.600000381469727,29.799999237060547,29.799999237060547,7415,31.479999923706053,32.400000190734865,34.019999980926514,36.0679999923706,40.62799993515014,48.419999837875366,28.726346710841778,-1.5007883856173834,-1.2121601140213942,-0.28862827159598914,38.27936007560507,34.019999980926514,29.760639886247958,11.727346705510202,13.902889992101587,TTNP
2021-11-19,29.600000381469727,29.799999237060547,28.600000381469727,29.0,29.0,5875,30.760000228881836,31.920000267028808,33.71999998092652,35.7920000076294,40.397999935150146,48.19999983787537,26.603126973623898,-1.6664691320882525,-1.303021917634766,-0.3634472144534866,38.47711553243069,33.71999998092652,28.96288442942235,7.917827048037487,11.568622522563816,TTNP
2021-11-22,28.600000381469727,28.799999237060547,27.799999237060547,28.200000762939453,28.200000762939453,4560,29.920000076293945,31.340000343322753,33.20000009536743,35.512000007629396,40.16599992752075,47.951999826431276,24.641709409535526,-1.8411024864723906,-1.4106380314022908,-0.4304644550700998,37.983278266354056,33.20000009536743,28.416721924380802,4.725274111192184,8.123482621580012,TTNP
2021-11-23,27.399999618530273,28.200000762939453,26.799999237060547,27.600000381469727,27.600000381469727,5830,29.160000228881835,30.68000030517578,32.70000019073486,35.22800003051758,39.94399993896484,47.66699983596802,23.256762072303427,-2.004805543996323,-1.5294715339210971,-0.4753340100752257,37.627449090016434,32.70000019073486,27.77255129145329,6.866205874520034,6.50310234458329,TTNP
2021-11-24,27.799999237060547,29.0,27.0,29.0,29.0,3310,28.720000076293946,30.34000015258789,32.34000015258789,34.984000015258786,39.74599994659424,47.40999982833862,32.75385897070586,-1.9985352571708184,-1.6232842785710413,-0.3752509785997771,37.244014021488354,32.34000015258789,27.43598628368743,13.904536967471017,8.4986723177278,TTNP
2021-11-26,27.799999237060547,29.600000381469727,27.799999237060547,29.600000381469727,29.600000381469727,1535,28.68000030517578,30.080000114440917,31.990000247955322,34.76000003814697,39.55599996566772,47.17499983787537,36.38717935766614,-1.9229840304276564,-1.6832242289423642,-0.2397598014852922,36.619401386617774,31.990000247955322,27.36059910929287,23.577245984217285,14.7826629420695,TTNP
2021-11-29,30.0,30.0,28.399999618530273,28.799999237060547,28.799999237060547,2960,28.64000015258789,29.700000190734862,31.710000133514406,34.53200000762939,39.361999950408936,46.92299984931946,33.76743918343818,-1.9056948810469656,-1.7277183593632846,-0.17797652168368105,36.39949421116124,31.710000133514406,27.02050605586757,29.097136297201388,22.192973082963288,TTNP
2021-11-30,28.399999618530273,29.399999618530273,28.200000762939453,28.799999237060547,28.799999237060547,2630,28.75999984741211,29.339999961853028,31.42000017166138,34.31999996185303,39.157999935150144,46.68599986076355,33.76743918343818,-1.870431930608568,-1.7562610736123412,-0.11417085699622675,36.07598103013966,31.42000017166138,26.764019313183095,29.41330287511788,27.362561718845573,TTNP
2021-12-01,28.200000762939453,29.399999618530273,25.799999237060547,26.399999618530273,26.399999618530273,7010,28.519999694824218,28.839999961853028,31.000000190734863,34.07599998474121,38.94599994659424,46.4629998588562,27.00324935954535,-2.012941760311854,-1.8075972109522438,-0.20534454935961022,35.87111507265577,31.000000190734863,26.12888530881396,20.733889324655603,26.41477616565835,TTNP
2021-12-02,27.0,27.0,25.200000762939453,25.200000762939453,25.200000762939453,7065,27.75999984741211,28.239999961853027,30.54000015258789,33.808000030517576,38.725999946594236,46.18299987792969,24.37418014628559,-2.197381657986213,-1.8855541003590377,-0.3118275576271754,35.76468740726444,30.54000015258789,25.31531289791134,11.961962141850512,20.703051447208058,TTNP
2021-12-03,25.600000381469727,26.0,25.0,25.600000381469727,25.600000381469727,5305,26.95999984741211,27.820000076293944,30.110000133514404,33.53600002288818,38.52799993515015,45.91799988746643,26.928057708904383,-2.2849356634268254,-1.9654304129725952,-0.31950525045423017,35.47277511459846,30.110000133514404,24.747225152430346,5.266808308854743,12.654219925120344,TTNP
2021-12-06,24.600000381469727,25.799999237060547,23.799999237060547,24.200000762939453,24.200000762939453,4690,26.04000015258789,27.34000015258789,29.63000020980835,33.236000022888184,38.31199995040893,45.662999906539916,23.8874972067107,-2.439173834826569,-2.06017909734339,-0.378994737483179,35.29570013355253,29.63000020980835,23.964300286064173,4.151411799155734,7.126727416620388,TTNP
2021-12-07,24.399999618530273,27.399999618530273,23.200000762939453,26.200000762939453,26.200000762939453,9360,25.520000457763672,27.14000015258789,29.240000247955322,32.976000022888186,38.115999965667726,45.45899991035461,35.15244068481146,-2.372674694643159,-2.122678216803344,-0.24999647783981516,34.71953995059302,29.240000247955322,23.76046054531763,15.262522910266846,8.226914339425832,TTNP
2021-12-08,26.399999618530273,27.0,26.0,26.200000762939453,26.200000762939453,3390,25.480000686645507,27.000000190734863,28.840000247955324,32.74400005340576,37.93199998855591,45.238999929428104,35.15244068481145,-2.293535200828316,-2.156849613608338,-0.13668558721997792,33.96965459350663,28.840000247955324,23.71034590240402,24.326327505007935,14.580087404810229,TTNP
2021-12-09,25.799999237060547,26.799999237060547,25.600000381469727,25.600000381469727,25.600000381469727,3240,25.560000610351562,26.660000228881835,28.500000190734863,32.50800003051758,37.727999992370606,45.03299991607666,33.43092002051619,-2.2532574489159423,-2.176131180669859,-0.07712626824608337,33.54140391949892,28.500000190734863,23.458596461970807,34.50372548333697,24.697525299537308,TTNP
2021-12-10,25.600000381469727,26.200000762939453,25.200000762939453,25.600000381469727,25.600000381469727,1825,25.560000610351562,26.260000228881836,28.17000017166138,32.272000007629394,37.513999996185305,44.829999933242796,33.4309200205162,-2.1960226581137583,-2.1801094761586386,-0.015913181955119704,33.061232167582865,28.17000017166138,23.27876817573989,35.15731970459354,31.32912423097954,TTNP
2021-12-13,25.399999618530273,25.799999237060547,24.0,24.0,24.0,3250,25.520000457763672,25.780000305175783,27.740000247955322,32.016000022888186,37.28999998092652,44.619999933242795,29.033534061691462,-2.2537900443761423,-2.1948455898021395,-0.05894445457400277,32.50837040921056,27.740000247955322,22.97163008670008,27.45097599227475,32.37067372673514,TTNP
2021-12-14,24.0,24.799999237060547,23.0,23.0,23.0,5010,24.88000030517578,25.200000381469728,27.270000171661376,31.752000007629395,37.0639999961853,44.39899994850159,26.67213875493564,-2.353137255329564,-2.2265039229076242,-0.12663333242193975,31.96085849354214,27.270000171661376,22.579141849780612,15.68627065990706,26.09818878559184,TTNP
2021-12-15,23.0,23.399999618530273,22.0,22.600000381469727,22.600000381469727,5385,24.160000228881835,24.820000457763673,26.83000020980835,31.48800003051758,36.82400001525879,44.19299995422363,25.769288989934058,-2.436065811767513,-2.268416300679602,-0.16764951108791104,31.53958113087613,26.83000020980835,22.12041928874057,6.4215669169965635,16.519604523059513,TTNP
2021-12-16,22.600000381469727,23.0,22.0,22.399999618530273,22.399999618530273,3735,23.520000076293947,24.540000343322752,26.39000015258789,31.260000038146973,36.583999996185305,44.01699995994568,25.30800089403394,-2.4892313705585956,-2.312579314655401,-0.17665205590319477,31.028033392177846,26.39000015258789,21.751966912997936,4.166666666666555,8.758168081190115,TTNP
2021-12-17,22.399999618530273,22.799999237060547,22.0,22.600000381469727,22.600000381469727,4685,22.920000076293945,24.240000343322755,26.03000020980835,31.016000061035157,36.344000015258786,43.84999996185303,26.72065575745912,-2.4865635125044925,-2.347376154225219,-0.13918735827927353,30.67113729010778,26.03000020980835,21.38886312950892,6.86937122702568,5.8192016035629885,TTNP
2021-12-20,22.0,22.399999618530273,20.600000381469727,21.399999618530273,21.399999618530273,7890,22.4,23.960000228881835,25.650000190734865,30.760000038146973,36.092000026702884,43.672999963760375,23.810805584926513,-2.5518629607877052,-2.3882735155377164,-0.16358944524998886,30.49621053330626,25.650000190734865,20.80378984816347,7.3996700406693146,6.145235978120572,TTNP
2021-12-21,23.600000381469727,29.200000762939453,22.0,26.200000762939453,26.200000762939453,446990,23.04000015258789,23.960000228881835,25.550000190734863,30.636000022888183,35.90600004196167,43.496999959945676,48.13896289477748,-2.191036363611854,-2.348826085152544,0.15778972154069004,30.262298380226113,25.550000190734863,20.837702001243613,27.438431835827398,13.90249103450752,TTNP
2021-12-22,24.600000381469727,27.0,23.0,25.0,25.0,51685,23.520000076293947,23.84000015258789,25.42000017166138,30.420000038146974,35.704000034332275,43.314999952316285,44.32812835301007,-1.979094943909569,-2.274879856903949,0.2957849129943799,30.041488470078363,25.42000017166138,20.798511873244394,41.78998860631999,25.542696827605624,TTNP
2021-12-23,24.0,24.200000762939453,22.0,22.799999237060547,22.799999237060547,34420,23.6,23.560000038146974,25.110000133514404,30.16400005340576,35.47000001907349,43.09099995613098,38.33629776480114,-1.9659888218826111,-2.2131016498996816,0.24711282801707046,29.557848514819888,25.110000133514404,20.66215175220892,47.2868151722331,38.83841187146022,TTNP
2021-12-27,23.0,23.200000762939453,21.399999618530273,22.200000762939453,22.200000762939453,19070,23.520000076293947,23.220000076293946,24.74000015258789,29.928000068664552,35.244000034332274,42.87499995231629,36.87245580185715,-1.9811791877813185,-2.166717157476009,0.18553796969469039,28.850639287997456,24.74000015258789,20.629361017178322,31.78293989094539,40.286581223166216,TTNP
2021-12-28,21.600000381469727,21.799999237060547,19.600000381469727,20.600000381469727,20.600000381469727,27200,23.360000228881837,22.880000114440918,24.33000020980835,29.628000106811523,34.99800003051758,42.64899993896484,33.22867932966893,-2.0981382890695564,-2.1530013837947184,0.05486309472516204,28.374274606660236,24.33000020980835,20.285725812956464,18.200900644342195,32.42355190250695,TTNP
2021-12-29,20.399999618530273,21.0,20.200000762939453,20.799999237060547,20.799999237060547,8545,22.279999923706054,22.660000038146972,23.930000209808348,29.356000061035157,34.762000007629396,42.44199993133545,34.105261255644066,-2.149908180070824,-2.1523827430499396,0.0024745629791156354,27.699901867653715,23.930000209808348,20.16009855196298,13.840436202783641,21.27475891269047,TTNP
2021-12-30,20.399999618530273,22.0,20.200000762939453,21.200000762939453,21.200000762939453,15840,21.520000076293947,22.520000076293947,23.670000267028808,29.064000091552735,34.53,42.22999994277954,35.917278448435056,-2.1340593042316662,-2.148718055286285,0.01465875105461878,27.439901938028598,23.670000267028808,19.900098596029018,13.19444127104902,15.078592706058346,TTNP
2021-12-31,23.0,23.200000762939453,20.399999618530273,20.399999618530273,20.399999618530273,17115,21.04000015258789,22.320000076293944,23.430000209808348,28.748000068664552,34.293999996185306,42.02299994468689,33.90892896153825,-2.1611400847751483,-2.1512024611840577,-0.009937623591090627,27.386281170999354,23.430000209808348,19.473719248617343,12.4999942051041,13.178290559645648,TTNP
2022-01-03,20.200000762939453,22.600000381469727,20.200000762939453,22.399999618530273,22.399999618530273,12335,21.079999923706055,22.3,23.270000171661376,28.480000076293944,34.07200000762939,41.81999994277954,42.55661584808015,-1.9981846839499546,-2.120598905737237,0.12241422178728234,27.119696145327246,23.270000171661376,19.420304197995506,18.05555086444933,14.583328780200878,TTNP
2022-01-04,22.799999237060547,24.799999237060547,22.399999618530273,23.600000381469727,23.600000381469727,57370,21.679999923706056,22.520000076293947,23.24000015258789,28.25200008392334,33.8660000038147,41.62799994468689,47.03462928801263,-1.752015181599436,-2.046882160909677,0.29486697931024075,27.069537839152765,23.24000015258789,19.410462466023013,26.388882542098155,18.981475870550586,TTNP
2022-01-05,23.200000762939453,23.799999237060547,21.399999618530273,21.799999237060547,21.799999237060547,15680,21.879999923706055,22.079999923706055,23.020000076293947,27.916000099182128,33.64800001144409,41.443999948501585,41.77411100791002,-1.6827711877836684,-1.974059966284475,0.2912887785008067,26.644108044226243,23.020000076293947,19.39589210836165,31.249992135498463,25.23147518068204,TTNP
2022-01-06,21.200000762939453,21.799999237060547,20.0,20.799999237060547,20.799999237060547,9030,21.799999618530272,21.65999984741211,22.75,27.580000114440917,33.42800001144409,41.26799994468689,39.154117864967475,-1.6891153956170868,-1.9170710521509975,0.2279556565339107,26.185950853877536,22.75,19.314049146122464,25.69443547615323,27.777770051250005,TTNP
2022-01-07,20.399999618530273,21.399999618530273,20.399999618530273,20.799999237060547,20.799999237060547,5240,21.879999542236327,21.45999984741211,22.50999994277954,27.27200008392334,33.20800001144409,41.08699994087219,39.15411786496747,-1.6748367505222745,-1.8686241918252529,0.1937874413029783,25.782821099001833,22.50999994277954,19.237178786557248,15.972209666614567,24.30554575942214,TTNP
2022-01-10,20.600000381469727,20.600000381469727,19.799999237060547,20.0,20.0,9720,21.399999618530273,21.239999771118164,22.229999923706053,26.940000114440917,32.986000003814695,40.90699994087219,37.00101154899651,-1.7083809221306296,-1.8365755378863282,0.12819461575569857,25.352203901382897,22.229999923706053,19.10779594602921,9.722212564062461,17.12961923561014,TTNP
2022-01-11,20.0,22.0,20.0,21.799999237060547,21.799999237060547,13320,21.039999389648436,21.359999656677246,22.119999885559082,26.68800006866455,32.7839999961853,40.7499999332428,44.408392720883576,-1.5716035570767275,-1.783581141724408,0.21197758464768057,25.13830366562142,22.119999885559082,19.101696105496742,15.46545530237593,13.719959177684373,TTNP
2022-01-12,21.0,21.600000381469727,20.399999618530273,20.600000381469727,20.600000381469727,6700,20.799999618530272,21.339999771118165,21.999999904632567,26.408000106811524,32.5679999923706,40.56799993515015,40.95143963960872,-1.5422581962175066,-1.7353165526230279,0.19305835640552127,25.059371961975764,21.999999904632567,18.94062784728937,17.709050595938084,14.298906154125547,TTNP
2022-01-13,21.0,21.200000762939453,19.799999237060547,19.799999237060547,19.799999237060547,7840,20.599999618530273,21.199999618530274,21.85999984741211,26.108000106811524,32.34199996948242,40.36899993896484,38.78386540050238,-1.5655089797568245,-1.7013550380497873,0.1358460582929628,25.05019698774499,21.85999984741211,18.669802707079228,17.602207315031904,16.92557107111536,TTNP
2022-01-14,19.799999237060547,21.0,19.399999618530273,20.200000762939453,20.200000762939453,6615,20.479999923706053,21.17999973297119,21.749999904632567,25.824000091552733,32.10599998474121,40.18099994659424,40.48023977421105,-1.5339758938014825,-1.6678792092001262,0.13390331539864375,25.00910365966565,21.749999904632567,18.490896149599482,12.6305810673081,15.980612992759418,TTNP
2022-01-18,19.600000381469727,20.200000762939453,19.600000381469727,19.799999237060547,19.799999237060547,3925,20.439999771118163,20.91999969482422,21.60999984741211,25.536000061035157,31.87199996948242,39.996999950408934,39.307200383451715,-1.5236982314416103,-1.639043013648423,0.11534478220681277,24.95056231211248,21.60999984741211,18.269437382711736,8.689456868434169,12.974081750258113,TTNP
2022-01-19,19.600000381469727,20.200000762939453,19.0,19.200000762939453,19.200000762939453,6640,19.920000076293945,20.47999973297119,21.499999904632567,25.244000091552735,31.629999961853027,39.80999996185303,37.54949222126614,-1.5461449756030312,-1.6204634060393448,0.07431843043631359,25.001964600217732,21.499999904632567,17.9980352090474,8.556842463451853,9.958960133064762,TTNP
2022-01-20,19.600000381469727,21.0,19.399999618530273,19.799999237060547,19.799999237060547,5465,19.75999984741211,20.27999973297119,21.179999828338623,24.960000076293944,31.40199996948242,39.61899995803833,40.418746109325774,-1.4982484441688086,-1.5960204136652376,0.09777196949642897,24.010928187401095,21.179999828338623,18.34907146927615,8.216260814909608,8.487520048931932,TTNP
2022-01-21,20.0,20.0,18.200000762939453,18.600000381469727,18.600000381469727,7835,19.520000076293947,20.059999847412108,20.85999984741211,24.64800006866455,31.16199998855591,39.42399996757507,36.77917386740148,-1.5393750197684035,-1.5846913348858709,0.045316315117467365,23.31302952310758,20.85999984741211,18.406970171716637,7.767327753411027,8.18014367725755,TTNP
2022-01-24,18.200000762939453,19.200000762939453,17.0,18.799999237060547,18.799999237060547,14340,19.239999771118164,19.85999984741211,20.65999984741211,24.376000022888185,30.901999988555907,39.24599995613098,37.78470616879741,-1.5380996358774404,-1.5753729950841848,0.03727335920674446,23.09994975804654,20.65999984741211,18.220049936777677,14.310203114435936,10.097930560918911,TTNP
2022-01-25,18.799999237060547,19.600000381469727,17.399999618530273,19.600000381469727,19.600000381469727,5170,19.2,19.81999988555908,20.529999828338624,24.12400001525879,30.66,39.081999950408935,41.77403929816765,-1.4557544473960071,-1.5514492855465494,0.09569483815054225,22.904058537840776,20.529999828338624,18.155941118836473,22.457607084060317,14.845045983969149,TTNP
2022-01-26,19.799999237060547,20.799999237060547,19.799999237060547,20.200000762939453,20.200000762939453,6980,19.4,19.660000038146972,20.50999984741211,23.876000061035157,30.42,38.93899995803833,44.641095685623746,-1.3267859137688554,-1.5065166111910107,0.1797306974221553,22.88809879833067,20.50999984741211,18.13190089649355,41.77074494301164,26.179518380502685,TTNP
2022-01-27,20.0,20.600000381469727,20.0,20.600000381469727,20.600000381469727,9045,19.560000228881837,19.660000038146972,20.499999904632567,23.640000038146972,30.200000019073485,38.797999963760375,46.531313370285524,-1.1787133219700259,-1.4409559533468137,0.2622426313767878,22.874816679662697,20.499999904632567,18.125183129602437,58.07844230185495,40.76893144297569,TTNP
2022-01-28,20.0,20.799999237060547,19.600000381469727,20.200000762939453,20.200000762939453,1745,19.88000030517578,19.700000190734862,20.44999990463257,23.416000061035156,29.980000019073486,38.66999997138977,44.88098121066045,-1.0811782031275428,-1.3690004033029595,0.2878222001754167,22.805791570217938,20.44999990463257,18.0942082390472,66.66667938232412,55.50528887573029,TTNP
2022-01-31,20.0,21.399999618530273,20.0,21.0,21.0,2350,20.320000457763673,19.780000114440917,20.479999923706053,23.212000045776367,29.770000019073485,38.54599997520447,48.79274169068925,-0.9286230773956703,-1.2809249381215015,0.35230186072583125,22.847731830473204,20.479999923706053,18.112268016938902,72.00000762939443,65.58170977119123,TTNP
2022-02-01,20.600000381469727,24.799999237060547,20.600000381469727,22.799999237060547,22.799999237060547,10230,20.960000228881835,20.080000114440917,20.499999904632567,23.072000045776367,29.570000019073486,38.43199997901917,56.306467845581054,-0.6549275488385646,-1.155725460264914,0.5007979114263494,22.93798144323019,20.499999904632567,18.062018366034945,72.78632903658121,70.48433868276665,TTNP
2022-02-02,22.200000762939453,23.399999618530273,20.200000762939453,23.399999618530273,23.399999618530273,9610,21.6,20.5,20.489999866485597,22.960000038146973,29.376000022888185,38.31399997711182,58.492776200237884,-0.3851668900644647,-1.0016137462248242,0.6164468561603595,22.878169260882434,20.489999866485597,18.10183047208876,78.80341901242032,74.52991855946537,TTNP
2022-02-03,22.799999237060547,24.0,22.200000762939453,23.600000381469727,23.600000381469727,6285,22.2,20.880000114440918,20.579999923706055,22.868000030517578,29.190000019073487,38.18899998664856,59.22518088327239,-0.15347210349625584,-0.8319854176791106,0.6785133141828548,23.274838320640885,20.579999923706055,17.885161526771224,80.34188493991597,77.31054432963923,TTNP
2022-02-04,23.399999618530273,24.399999618530273,23.399999618530273,24.200000762939453,24.200000762939453,3475,23.0,21.440000152587892,20.75,22.800000038146973,29.014000034332277,38.070999994277955,61.4242858444611,0.0776673990718173,-0.6500548543289251,0.7277222534007424,23.87374057140943,20.75,17.62625942859057,86.32479802887717,81.82336732707121,TTNP
2022-02-07,23.799999237060547,25.200000762939453,23.799999237060547,25.200000762939453,25.200000762939453,2810,23.84000015258789,22.08000030517578,20.970000076293946,22.72400005340576,28.854000034332277,37.94499999046326,64.8289366165775,0.33764658314570184,-0.4525145668339997,0.7901611499797015,24.647520490442968,20.970000076293946,17.292479662144924,92.30770296677503,86.32479531185612,TTNP
2022-02-08,25.799999237060547,25.799999237060547,24.200000762939453,25.200000762939453,25.200000762939453,2000,24.320000457763673,22.640000343322754,21.23000011444092,22.636000061035155,28.698000049591066,37.81599999427795,64.82893661657748,0.5374861537660323,-0.25451442271399327,0.7920005764800255,25.309725282799622,21.23000011444092,17.150274946082217,95.16318201602347,91.26522767055862,TTNP
2022-02-09,25.0,25.600000381469727,24.399999618530273,24.399999618530273,24.399999618530273,2780,24.520000457763672,23.060000228881837,21.360000133514404,22.54800006866455,28.54000003814697,37.6889999961853,59.92205823818807,0.6241126644841799,-0.07878900527435861,0.7029016697585385,25.663644751827015,21.360000133514404,17.056355515201794,92.42424899224784,93.29837799168217,TTNP
2022-02-10,24.600000381469727,25.200000762939453,23.600000381469727,23.799999237060547,23.799999237060547,4440,24.560000228881837,23.380000114440918,21.520000076293947,22.44800006866455,28.38400001525879,37.551999988555906,56.469837663014424,0.637006764508115,0.06437014868213611,0.5726366158259789,25.935218788250637,21.520000076293947,17.104781364337256,84.84849075968971,90.81197392265373,TTNP
2022-02-11,23.399999618530273,24.399999618530273,22.799999237060547,23.399999618530273,23.399999618530273,1580,24.4,23.7,21.700000095367432,22.38800006866455,28.23200002670288,37.41899998664856,54.22688947390451,0.607940841800712,0.1730842873058513,0.43485655449486066,26.11358767525254,21.700000095367432,17.286412515482326,77.59740400706623,84.95671458633466,TTNP
2022-02-14,23.200000762939453,24.0,22.799999237060547,23.200000762939453,23.200000762939453,2830,24.0,23.920000076293945,21.85000009536743,22.34800006866455,28.078000049591065,37.282999982833864,53.09140925533886,0.5622859698113061,0.25092462380694225,0.3113613460043638,26.253380175079236,21.85000009536743,17.446620015655625,68.92194432471061,77.1226130304889,TTNP
2022-02-15,23.200000762939453,24.399999618530273,22.799999237060547,23.600000381469727,23.600000381469727,10000,23.679999923706056,24.000000190734863,22.04000015258789,22.30800006866455,27.922000045776368,37.15499998092651,55.11571425483107,0.55201746736833,0.3111431925192198,0.24087427484911023,26.400889458209786,22.04000015258789,17.679110846965994,64.66974953753024,70.39636595643574,TTNP
2022-02-16,23.200000762939453,23.399999618530273,22.0,22.200000762939453,22.200000762939453,7560,23.24000015258789,23.88000030517578,22.190000152587892,22.268000068664552,27.752000045776366,37.030999984741214,47.404906434267616,0.42600066577249507,0.33411468716987486,0.09188597860262021,26.35165322177913,22.190000152587892,18.028347083396653,54.83872390149251,62.81013925457784,TTNP
2022-02-17,21.799999237060547,22.600000381469727,21.0,21.399999618530273,21.399999618530273,6315,22.760000228881836,23.660000228881835,22.270000171661376,22.172000045776368,27.574000034332276,36.907999982833864,43.64715734857744,0.25859708985966634,0.31901116770783317,-0.060414077848166825,26.304371938073114,22.270000171661376,18.23562840524964,43.529855445861784,54.3461096282949,TTNP
2022-02-18,21.200000762939453,21.600000381469727,20.600000381469727,21.200000762939453,21.200000762939453,3245,22.320000457763673,23.360000228881837,22.400000190734865,22.072000045776367,27.408000049591063,36.78999999046326,42.73512334282848,0.10853914201918258,0.27691676257010306,-0.16837762055092048,26.107257341879766,22.400000190734865,18.692743039589963,27.976857706543438,42.11514568463263,TTNP
2022-02-22,21.0,21.0,20.200000762939453,20.600000381469727,20.600000381469727,1285,21.800000381469726,22.900000190734865,22.490000247955322,21.97200004577637,27.240000038146974,36.657999992370605,40.032552724568134,-0.058127817825152306,0.20990784649105199,-0.2680356643162043,25.920357960045457,22.490000247955322,19.059642535865187,16.37930921085075,29.295340787752043,TTNP
2022-02-23,20.200000762939453,20.799999237060547,19.799999237060547,20.0,20.0,890,21.08000030517578,22.380000114440918,22.510000228881836,21.86000003814697,27.066000022888183,36.5239999961853,37.47999101268158,-0.23590819778824113,0.12074463763519336,-0.3566528354234345,25.876802040283003,22.510000228881836,19.14319841748067,9.44444868299687,17.93353853346374,TTNP
2022-02-24,19.0,20.200000762939453,19.0,19.799999237060547,19.799999237060547,3045,20.6,21.920000076293945,22.49000015258789,21.776000022888184,26.896000022888185,36.39,36.641306305776325,-0.38846088457171746,0.01890353319381119,-0.4073644177655287,25.915690738973495,22.49000015258789,19.064309566202283,7.41363143625986,11.079129776702546,TTNP
2022-02-25,20.0,20.600000381469727,19.0,20.0,20.0,3060,20.320000076293944,21.54000015258789,22.460000133514406,21.716000022888185,26.73400001525879,36.25200000762939,38.13220645024646,-0.4876008388875732,-0.0823973412224657,-0.40520349766510755,25.961050877803178,22.460000133514406,18.958949389225634,9.934642011501992,8.930907376919627,TTNP
2022-02-28,20.0,20.799999237060547,19.600000381469727,20.399999618530273,20.399999618530273,2460,20.15999984741211,21.24000015258789,22.470000076293946,21.672000007629393,26.580000019073488,36.130000009536744,41.116545954535724,-0.5278090860740754,-0.17147969019278764,-0.35632939588128776,25.94622753030352,22.470000076293946,18.99377262228437,15.68627065990708,11.011514702556363,TTNP
2022-03-01,20.399999618530273,20.799999237060547,19.399999618530273,19.399999618530273,19.399999618530273,4770,19.91999969482422,20.86000003814697,22.39000005722046,21.612000007629394,26.436000022888184,35.995,36.39051166451338,-0.6330684354529694,-0.263797439244824,-0.3692709962081454,26.06577994958018,22.39000005722046,18.714220164860738,13.784905309190426,13.135272660199886,TTNP
2022-03-02,19.399999618530273,19.799999237060547,18.600000381469727,19.799999237060547,19.799999237060547,7775,19.879999542236327,20.479999923706053,22.24000005722046,21.55599998474121,26.286000022888185,35.8510000038147,39.39145873956451,-0.6764133300926716,-0.3463206174143935,-0.33009271267827806,26.077884735173647,22.24000005722046,18.402115379267272,14.943543905359926,14.804906624819196,TTNP
2022-03-03,20.799999237060547,20.799999237060547,18.799999237060547,19.799999237060547,19.799999237060547,2740,19.879999542236327,20.239999771118164,22.060000038146974,21.523999977111817,26.142000007629395,35.7039999961853,39.391458739564506,-0.7026645913620371,-0.4175894122039222,-0.28507517915811487,25.999715735736103,22.060000038146974,18.120284340557845,14.977345961545419,14.568598392031975,TTNP
2022-03-04,19.200000762939453,19.600000381469727,18.399999618530273,18.799999237060547,18.799999237060547,2535,19.639999389648438,19.97999973297119,21.819999980926514,21.375999946594238,26.005999984741212,35.55699998855591,34.65156047009973,-0.7949963249336278,-0.4930707947498633,-0.3019255301837645,25.936085560830932,21.819999980926514,17.703914401022097,15.179366087668557,15.033418651524684,TTNP
2022-03-07,17.600000381469727,18.600000381469727,17.200000762939453,17.799999237060547,17.799999237060547,8505,19.11999931335449,19.6399995803833,21.499999904632567,21.231999931335448,25.825999984741213,35.40899997711182,30.6763889212189,-0.9380482948266575,-0.5820662947652222,-0.3559820000614353,25.816452239298748,21.499999904632567,17.183547569966386,11.896537312238499,14.017749787150876,TTNP
2022-03-08,18.0,18.600000381469727,17.200000762939453,18.0,18.0,4975,18.839999389648437,19.379999542236327,21.139999866485596,21.13599994659424,25.65,35.25599998474121,32.34798051842354,-1.0234815631428162,-0.670349348440741,-0.35313221470207523,25.362008777391956,21.139999866485596,16.917990955579235,9.30106321887748,12.125655539594897,TTNP
2022-03-09,18.0,21.0,17.200000762939453,19.399999618530273,19.399999618530273,13590,18.759999465942382,19.319999504089356,20.849999809265135,21.079999923706055,25.503999996185303,35.12099997520447,42.75380662108749,-0.9670719711642519,-0.7296938729854432,-0.23737809817880873,24.69678519810048,20.849999809265135,17.003214420429792,20.6590839246003,13.952228151905478,TTNP
2022-03-10,19.399999618530273,21.399999618530273,18.200000762939453,20.799999237060547,20.799999237060547,7535,18.95999946594238,19.419999504089354,20.66999979019165,21.083999900817872,25.356000003814696,34.99099997520447,50.888861453288506,-0.800174777438869,-0.7437900538761284,-0.0563847235627406,24.155420580079024,20.66999979019165,17.184579000304275,45.15403084708146,25.038059330186467,TTNP
2022-03-11,20.799999237060547,21.399999618530273,20.0,20.799999237060547,20.799999237060547,6775,19.359999465942384,19.49999942779541,20.51999979019165,21.083999900817872,25.219999980926513,34.84999997138977,50.888861453288506,-0.6602960669424718,-0.7270912564893971,0.06679518954692532,23.698389122280474,20.51999979019165,17.341610458102828,69.42438313256207,45.07916596808133,TTNP
2022-03-14,20.200000762939453,21.0,19.399999618530273,19.399999618530273,19.399999618530273,3490,19.679999542236327,19.39999942779541,20.319999790191652,21.047999877929687,25.05599998474121,34.70599996566772,43.68855588626826,-0.6548606243913824,-0.7126451300697941,0.05778450567841176,23.24132808755813,20.319999790191652,17.398671492825173,73.30445545915597,62.62762314626656,TTNP
2022-03-15,20.200000762939453,20.600000381469727,19.200000762939453,19.399999618530273,19.399999618530273,4050,19.95999946594238,19.39999942779541,20.129999732971193,21.027999877929688,24.88799997329712,34.558999967575076,43.68855588626826,-0.6431392876417696,-0.6987439615841893,0.055604673942419636,22.75681489140634,20.129999732971193,17.503184574536046,63.4920505168991,68.74029636953911,TTNP
2022-03-16,19.799999237060547,20.600000381469727,19.399999618530273,20.0,20.0,1890,20.07999954223633,19.419999504089354,19.949999713897704,20.97999988555908,24.729999980926515,34.41599997520447,47.388553240531046,-0.5787634032034141,-0.6747478499080343,0.09598444670462014,22.039439096870517,19.949999713897704,17.86056033092489,57.14284849274751,64.64645148960092,TTNP
2022-03-17,20.399999618530273,21.399999618530273,20.0,20.0,20.0,2305,19.91999969482422,19.4399995803833,19.839999675750732,20.907999877929687,24.579999980926512,34.27299998283386,47.38855324053104,-0.5217308623676224,-0.6441444523999519,0.12241359003232943,21.658063470872502,19.839999675750732,18.021935880628963,61.90475757970705,60.84655219645128,TTNP
2022-03-18,20.399999618530273,20.600000381469727,18.799999237060547,18.799999237060547,18.799999237060547,18730,19.519999694824218,19.4399995803833,19.709999656677248,20.847999877929688,24.381999988555908,34.10799998283386,41.12137884991508,-0.5668281534872577,-0.6286811926174131,0.061853039130155385,21.43260122450905,19.709999656677248,17.987398088845445,57.142848492747525,58.730151521734086,TTNP
2022-03-21,19.799999237060547,22.200000762939453,19.0,20.0,20.0,22430,19.639999771118163,19.659999656677247,19.649999618530273,20.831999893188478,24.206000003814697,33.94799998283386,48.461671013349964,-0.4999746522953643,-0.6029398845530033,0.10296523225763898,21.23926219081945,19.649999618530273,18.060737046241098,53.58728785092895,57.544964641127905,TTNP
2022-03-22,20.600000381469727,21.0,19.600000381469727,20.200000762939453,20.200000762939453,4745,19.8,19.879999732971193,19.62999963760376,20.819999923706053,24.046000003814697,33.77899998664856,49.58967345496653,-0.4259443594199901,-0.5675407795264007,0.1415964201064106,21.180533574215318,19.62999963760376,18.079465700992202,51.36506562870672,54.031733990794464,TTNP
2022-03-23,20.0,20.600000381469727,20.0,20.399999618530273,20.399999618530273,4425,19.879999923706055,19.97999973297119,19.649999618530273,20.82799991607666,23.88400001525879,33.627999992370604,50.75048627195095,-0.3471350262719817,-0.5234596288755169,0.17632460260353522,21.22916250820524,19.649999618530273,18.07083672885531,59.99998728434236,54.98411358799274,TTNP
2022-03-24,20.799999237060547,20.799999237060547,19.399999618530273,20.399999618530273,20.399999618530273,8230,19.95999984741211,19.939999771118163,19.67999963760376,20.799999923706054,23.743999996185302,33.475999994277956,50.75048627195095,-0.2814338675232939,-0.4750544766050723,0.19362060908177836,21.29187911524374,19.67999963760376,18.06812015996378,62.66665140787752,58.01056810697559,TTNP
2022-03-25,20.399999618530273,20.399999618530273,19.200000762939453,20.200000762939453,20.200000762939453,4265,20.24000015258789,19.879999923706055,19.689999675750734,20.79199993133545,23.600000019073487,33.31999999046326,49.43038856961115,-0.24270570179839623,-0.42858472164373707,0.18587901984534083,21.312145056124677,19.689999675750734,18.06785429537679,62.66665140787752,61.77776336669918,TTNP
2022-03-28,19.600000381469727,20.0,19.200000762939453,19.399999618530273,19.399999618530273,3370,20.120000076293945,19.879999923706055,19.639999675750733,20.783999938964843,23.446000022888185,33.159999980926514,44.44977120682571,-0.273414999980492,-0.39755077731108807,0.12413577733059605,21.232907600885397,19.639999675750733,18.04709175061607,55.99998474121085,60.444429185655345,TTNP
2022-03-29,19.0,19.799999237060547,18.799999237060547,18.799999237060547,18.799999237060547,7345,19.839999771118165,19.81999988555908,19.609999656677246,20.755999908447265,23.29,32.99599998474121,41.10455133808121,-0.3422224292719669,-0.38648510770326383,0.04426267843129694,21.24197876049137,19.609999656677246,17.97802055286312,39.6666463216145,52.77776082356768,TTNP
2022-03-30,19.799999237060547,19.799999237060547,18.799999237060547,19.200000762939453,19.200000762939453,4445,19.6,19.739999961853027,19.579999732971192,20.743999938964844,23.14,32.841999988555905,44.12365439214288,-0.36032245950973874,-0.3812525780645588,0.020930118554820076,21.21894929414158,19.579999732971192,17.941050171800804,23.588228148704072,39.75161973717653,TTNP
2022-03-31,19.200000762939453,19.600000381469727,18.200000762939453,19.200000762939453,19.200000762939453,8775,19.360000228881837,19.660000038146972,19.549999809265138,20.743999938964844,22.994000015258788,32.68799999237061,44.12365439214288,-0.37039715602639944,-0.37908149365692695,0.008684337630527506,21.193701597746266,19.549999809265138,17.90629802078401,17.254902444765268,26.836592305028006,TTNP
2022-04-01,19.200000762939453,19.399999618530273,18.799999237060547,18.799999237060547,18.799999237060547,1515,19.079999923706055,19.660000038146972,19.549999809265138,20.723999938964845,22.842000007629395,32.534999980926514,41.647624923239455,-0.4059783401933075,-0.38446086296420307,-0.02151747722910441,21.193701597746266,19.549999809265138,17.90629802078401,17.254902444765268,19.36601101274493,TTNP
2022-04-04,18.600000381469727,19.0,17.399999618530273,18.0,18.0,11490,18.8,19.460000038146973,19.559999847412108,20.71199993133545,22.68,32.37499998092651,37.156715828207425,-0.49304640550049683,-0.40617797147146184,-0.08686843402903499,21.16292063385353,19.559999847412108,17.957079060970685,17.499988940026544,17.33659794318575,TTNP
2022-04-05,18.0,18.600000381469727,17.600000381469727,17.600000381469727,17.600000381469727,7935,18.560000228881837,19.2,19.539999866485594,20.68799995422363,22.53199998855591,32.21599997520447,35.11768145299825,-0.5875521652051177,-0.442452810218193,-0.14509935498692467,21.228003043962293,19.539999866485594,17.851996689008896,10.555549462634644,15.103480282475545,TTNP
2022-04-06,18.399999618530273,18.399999618530273,17.600000381469727,18.0,18.0,6430,18.320000076293944,18.960000038146973,19.469999885559083,20.65599994659424,22.389999980926515,32.06099997520447,38.73812826355652,-0.6229905866840433,-0.47856036551136305,-0.14443022117268023,21.286632661251936,19.469999885559083,17.65336710986623,9.722230500643045,12.592589634434804,TTNP
2022-04-07,18.0,18.399999618530273,17.600000381469727,18.0,18.0,3920,18.079999923706055,18.720000076293946,19.329999923706055,20.61199993133545,22.243999996185302,31.885999975204466,38.73812826355652,-0.6436561238919296,-0.5115795171874764,-0.1320766067044532,21.146632787593607,19.329999923706055,17.513367059818503,9.722230500643045,10.000003487973638,TTNP
2022-04-08,18.0,18.399999618530273,17.0,17.399999618530273,17.399999618530273,11570,17.8,18.439999961853026,19.159999942779542,20.54799991607666,22.093999977111817,31.710999965667725,35.31044763621235,-0.7003752376177239,-0.5493386612735259,-0.15103657634419798,21.030121764330065,19.159999942779542,17.28987812122902,11.666666799120556,10.370375933468942,TTNP
2022-04-11,18.0,19.600000381469727,17.200000762939453,17.600000381469727,17.600000381469727,56110,17.720000076293946,18.260000038146973,19.069999980926514,20.495999908447267,21.95599998474121,31.521999959945678,37.30194881782488,-0.7208773286770338,-0.5836463947542275,-0.13723093392280628,21.054982452458834,19.069999980926514,17.085017509394195,12.763160774435947,11.384019358066576,TTNP
2022-04-12,17.799999237060547,19.0,17.200000762939453,18.200000762939453,18.200000762939453,20025,17.84000015258789,18.200000190734862,19.010000038146973,20.439999923706054,21.825999984741213,31.341999959945678,42.97380695557448,-0.680861815986006,-0.6030894790005832,-0.07777233698542285,21.02379129233699,19.010000038146973,16.996208783956956,19.122817047417584,14.517548206991423,TTNP
2022-04-13,17.799999237060547,18.0,16.799999237060547,17.200000762939453,17.200000762939453,14050,17.68000030517578,18.000000190734863,18.870000076293945,20.327999954223632,21.7,31.163999967575073,36.97086568384619,-0.7215236015872115,-0.6267763035179088,-0.09474729806930271,20.976218191431467,18.870000076293945,16.763781961156422,19.49320433275071,17.126394051534806,TTNP
2022-04-14,17.600000381469727,17.799999237060547,16.799999237060547,17.600000381469727,17.600000381469727,11940,17.600000381469727,17.84000015258789,18.750000095367433,20.21199996948242,21.586000003814696,30.99199996948242,40.54827774370211,-0.7132498332542632,-0.6440710094651797,-0.06917882378908347,20.858495920902616,18.750000095367433,16.64150426983225,22.5633853025229,20.393135560897125,TTNP
2022-04-18,18.0,18.0,16.0,16.399999618530273,16.399999618530273,17700,17.400000381469727,17.600000190734864,18.630000114440918,20.067999954223634,21.467999992370604,30.81699995994568,34.26501550930073,-0.7943658894871035,-0.6741299854695645,-0.12023590401753903,20.97353486562407,18.630000114440918,16.286465363257765,15.545829995257337,19.200806543510378,TTNP
2022-04-19,16.0,16.799999237060547,16.0,16.200000762939453,16.200000762939453,5560,17.120000457763673,17.420000267028808,18.440000152587892,19.907999954223634,21.3539999961853,30.648999967575072,33.33780063516255,-0.864820077129913,-0.7122680038016342,-0.1525520733282788,20.920595770652096,18.440000152587892,15.959404534523689,13.596505565104584,17.235240287628336,TTNP
2022-04-20,16.200000762939453,16.799999237060547,15.0,15.800000190734863,15.800000190734863,6845,16.640000343322754,17.240000247955322,18.220000123977663,19.71999994277954,21.221999998092652,30.483999972343444,31.50176091010114,-0.9420726050928216,-0.7582289240598717,-0.1838436810329499,20.815024998624267,18.220000123977663,15.624975249331058,11.060264648334936,13.40086673623235,TTNP
2022-04-21,15.800000190734863,16.0,15.0,15.600000381469727,15.600000381469727,6650,16.32000026702881,17.000000286102296,17.980000162124632,19.527999935150145,21.081999998092652,30.31899998188019,30.594479830276033,-1.007816620559641,-0.8081464633598257,-0.1996701571998154,20.611758955056754,17.980000162124632,15.348241369192513,11.89932385094032,12.185364688126677,TTNP
2022-04-22,15.800000190734863,15.800000190734863,14.800000190734863,15.199999809265137,15.199999809265137,3530,15.84000015258789,16.72000026702881,17.720000171661376,19.343999938964842,20.946000003814696,30.153999977111816,28.807466456747775,-1.079749252448142,-0.862467021177489,-0.21728223127065305,20.371444171181462,17.720000171661376,15.06855617214129,12.922705859644594,11.960764786306681,TTNP
2022-04-25,15.800000190734863,18.200000762939453,14.399999618530273,14.800000190734863,14.800000190734863,54960,15.52000026702881,16.46000032424927,17.45000014305115,19.163999958038332,20.80600001335144,29.981999974250794,27.102640750027522,-1.1557106942669257,-0.9211157557953763,-0.23459493847154944,20.135843513757415,17.45000014305115,14.764156772344881,9.68970936485315,11.503913025146085,TTNP
2022-04-26,14.800000190734863,16.0,13.800000190734863,14.0,14.0,12245,15.080000114440917,16.100000286102294,17.180000162124635,18.975999965667725,20.68200001716614,29.813999981880187,24.03857026806969,-1.2658718312004709,-0.9900669708763952,-0.2758048603240757,20.102696735445658,17.180000162124635,14.257303588803614,6.491305027560607,9.701240084019515,TTNP
2022-04-27,14.199999809265137,15.399999618530273,13.600000381469727,14.600000381469727,14.600000381469727,5465,14.84000015258789,15.740000247955322,16.970000219345092,18.80399995803833,20.57600001335144,29.650999979972838,30.394469587302332,-1.2898912461599323,-1.0500318259331025,-0.23985942022682982,19.998556926575482,16.970000219345092,13.941443512114702,9.26908556481257,8.48336665240884,TTNP
2022-04-28,13.600000381469727,14.199999809265137,13.199999809265137,14.0,14.0,4395,14.520000076293945,15.420000171661377,16.71000018119812,18.611999950408936,20.460000009536742,29.493999972343445,27.882044198319868,-1.3418735390669525,-1.1084001685598726,-0.23347337050707995,19.819880472344444,16.71000018119812,13.600119890051795,10.871646996483562,8.87734586295231,TTNP
2022-04-29,13.800000190734863,14.399999618530273,13.399999618530273,14.0,14.0,1825,14.280000114440918,15.060000133514404,16.45000014305115,18.447999935150147,20.35800000190735,29.33499997615814,27.882044198319868,-1.3673084005859355,-1.160181814965085,-0.2071265856208504,19.55318479158863,16.45000014305115,13.346815494513667,13.888890130652127,11.343207563982817,TTNP
2022-05-02,13.600000381469727,14.399999618530273,13.199999809265137,14.0,14.0,13905,14.120000076293945,14.820000171661377,16.21000018119812,18.29999994277954,20.235999994277954,29.17599997997284,27.88204419831986,-1.3716541365271784,-1.2024762792775037,-0.1691778572496747,19.29145373885274,16.21000018119812,13.128546623543496,12.931036669502324,12.563857932212736,TTNP
2022-05-03,14.0,14.399999618530273,13.399999618530273,14.199999809265137,14.199999809265137,6015,14.160000038146972,14.620000076293945,16.020000171661376,18.159999923706053,20.11599998474121,29.02399998664856,30.281318353280646,-1.3434731284881742,-1.2306756491196378,-0.11279747936853646,19.105151131056797,16.020000171661376,12.934849212265956,15.431034777055151,14.083653859069933,TTNP
2022-05-04,13.800000190734863,14.800000190734863,13.800000190734863,14.199999809265137,14.199999809265137,5160,14.079999923706055,14.460000038146973,15.850000143051147,18.031999912261963,20.001999979019164,28.864999985694887,30.28131835328064,-1.3060837560531926,-1.2457572705063487,-0.060326485546843944,18.94285586787473,15.850000143051147,12.757144418227565,17.931032884607976,15.431034777055217,TTNP
2022-05-05,13.800000190734863,14.399999618530273,13.399999618530273,14.199999809265137,14.199999809265137,2775,14.119999885559082,14.319999980926514,15.660000133514405,17.915999908447265,19.88799997329712,28.700999984741213,30.28131835328064,-1.2619059428228976,-1.2489870049696585,-0.012918937853239054,18.66688504374971,15.660000133514405,12.6531152232791,19.999996185303377,17.78735461565557,TTNP
2022-05-06,14.399999618530273,14.399999618530273,13.0,13.399999618530273,13.399999618530273,9635,13.999999809265137,14.139999961853027,15.430000114440919,17.78799991607666,19.78199996948242,28.53599997520447,25.96563157176559,-1.2767306805179217,-1.2545357400793111,-0.02219494043861059,18.389080616695082,15.430000114440919,12.470919612186755,15.897430532783558,17.94281986756504,TTNP
2022-05-09,12.600000381469727,12.800000190734863,10.600000381469727,11.0,11.0,10215,13.399999809265136,13.75999994277954,15.110000133514404,17.60799991607666,19.661999969482423,28.362999982833863,17.779219575903014,-1.465248827135893,-1.2966783574906275,-0.16857046964526545,18.50048063946276,15.110000133514404,11.719519627566047,10.985149341423366,15.627525353170165,TTNP
2022-05-10,11.199999809265137,11.199999809265137,9.800000190734863,10.600000381469727,10.600000381469727,14260,12.679999923706054,13.419999980926514,14.760000133514405,17.411999931335448,19.541999969482422,28.182999992370604,16.827005428592727,-1.628159038902977,-1.3629744937730974,-0.26518454512987955,18.479322298498346,14.760000133514405,11.040677968530462,7.493087661557048,11.458555845254722,TTNP
2022-05-11,10.399999618530273,11.600000381469727,10.0,10.399999618530273,10.399999618530273,8500,11.919999885559083,12.999999904632569,14.370000076293945,17.231999931335448,19.42199996948242,28.002999982833863,16.355335538689218,-1.7531952025572242,-1.4410186355299228,-0.31217656702730134,18.19885855114734,14.370000076293945,10.54114160144055,7.30993786708562,8.596058290022075,TTNP
2022-05-12,10.600000381469727,10.800000190734863,9.800000190734863,10.0,10.0,11135,11.079999923706055,12.599999904632568,14.010000038146973,17.035999946594238,19.295999965667725,27.819999990463256,15.424131915290015,-1.8630873778094657,-1.5254323839858315,-0.3376549938236342,18.05467016890821,14.010000038146973,9.965329907385737,6.349203646047958,7.050743058230272,TTNP
2022-05-13,10.600000381469727,12.0,10.0,11.399999618530273,11.399999618530273,21860,10.679999923706054,12.339999866485595,13.7,16.867999954223635,19.195999965667724,27.643999996185304,30.36754861600083,-1.8162725896735132,-1.5836004251233677,-0.2326721645501455,17.541842828270866,13.7,9.858157171729133,11.776747656712553,8.478629723282106,TTNP
2022-05-16,11.199999809265137,12.0,9.800000190734863,10.0,10.0,29140,10.479999923706055,11.939999866485596,13.380000019073487,16.69199996948242,19.03399995803833,27.47,25.51299248079205,-1.8705769549805407,-1.6409957310948022,-0.22958122388573843,17.333499327022267,13.380000019073487,9.426500711124708,10.586272885394303,9.570741396051668,TTNP
2022-05-17,10.199999809265137,10.399999618530273,9.600000381469727,9.800000190734863,9.800000190734863,21330,10.319999885559081,11.499999904632569,13.059999990463258,16.53199998855591,18.881999959945677,27.292999997138978,24.900591602478947,-1.907760394578645,-1.6943486637915708,-0.2134117307870742,17.084096860545944,13.059999990463258,9.03590312038057,11.074673009108219,11.14589785040509,TTNP
2022-05-18,10.399999618530273,10.399999618530273,8.0,8.0,8.0,65635,9.839999961853028,10.879999923706055,12.669999980926514,16.331999988555907,18.733999967575073,27.10199999332428,20.20087001515799,-2.0587416186576757,-1.7672272547647918,-0.2915143638928839,17.052254577735628,12.669999980926514,8.2877453841174,2.4725252832087876,8.044490392570502,TTNP
2022-05-19,7.199999809265137,9.0,7.0,7.800000190734863,7.800000190734863,182995,9.4,10.239999961853027,12.27999997138977,16.1,18.589999961853028,26.916999998092653,19.75472588129422,-2.16952470927456,-1.8476867456667454,-0.3218379636078146,16.929962814613,12.27999997138977,7.630037128166544,4.700854256726148,6.08268418301445,TTNP
2022-05-20,8.0,8.0,7.199999809265137,7.800000190734863,7.800000190734863,22405,8.680000114440919,9.680000019073486,11.909999990463257,15.840000019073486,18.46199995994568,26.72999999523163,19.75472588129422,-2.2315966496806716,-1.9244687264695306,-0.307127923211141,16.745633795468486,11.909999990463257,7.074366185458027,6.837608300617942,4.670329280184358,TTNP
2022-05-23,8.0,9.0,7.800000190734863,8.399999618530273,8.399999618530273,23690,8.360000038146973,9.419999980926514,11.589999961853028,15.59200002670288,18.337999963760375,26.549999985694885,25.480885132548277,-2.2069340087538514,-1.9809617829263948,-0.22597222582745657,16.46517734463071,11.589999961853028,6.714822579075347,12.82051250701034,8.119658354784876,TTNP
2022-05-24,8.399999618530273,8.399999618530273,7.599999904632568,7.599999904632568,7.599999904632568,18250,7.919999980926514,9.119999933242799,11.269999957084655,15.356000032424927,18.201999955177307,26.365999977588654,23.112686803908396,-2.2262788227118158,-2.030025190883479,-0.19625363182833677,16.30787198363418,11.269999957084655,6.232127930535131,12.104410769145213,10.58751052559123,TTNP
2022-05-25,7.599999904632568,8.0,7.400000095367432,7.599999904632568,7.599999904632568,10470,7.839999961853027,8.839999961853028,10.919999933242797,15.120000038146973,18.07399995803833,26.183999977111817,23.112686803908396,-2.216064317149401,-2.0672330161366634,-0.14883130101273778,15.95648223747575,10.919999933242797,5.8835176290098445,11.388309031280087,12.10441076914528,TTNP
2022-05-26,7.400000095367432,8.399999618530273,7.199999809265137,8.0,8.0,21305,7.8799999237060545,8.639999961853027,10.619999933242799,14.880000038146973,17.929999961853028,26.00099998474121,27.04457175127582,-2.1508983656720524,-2.0839660860437412,-0.06693227962831116,15.601380649533649,10.619999933242799,5.638619216951949,11.152531072673206,11.548416957699567,TTNP
2022-05-27,7.800000190734863,8.399999618530273,7.599999904632568,8.399999618530273,8.399999618530273,4485,7.9999998092651365,8.339999961853028,10.339999914169312,14.648000030517577,17.77799995422363,25.821999979019164,30.85264966084654,-2.0434219570173315,-2.0758572602384593,0.032435303221127754,15.156778296773057,10.339999914169312,5.523221531565566,17.783159450431143,13.441333184794878,TTNP
2022-05-31,7.800000190734863,8.800000190734863,7.199999809265137,8.399999618530273,8.399999618530273,29205,7.9999998092651365,8.179999923706054,10.059999895095824,14.440000038146973,17.64399995803833,25.64599998474121,30.85264966084654,-1.9359299336323819,-2.047871794917244,0.11194186128486194,14.638357029282062,10.059999895095824,5.481642760909587,24.413787828189083,17.78315945043121,TTNP
2022-06-01,8.399999618530273,8.800000190734863,8.0,8.399999618530273,8.399999618530273,4090,8.159999752044678,8.039999866485596,9.769999885559082,14.208000030517578,17.519999961853028,25.47399998664856,30.85264966084654,-1.8296506568079067,-2.004227567295376,0.17457691048746948,13.982855728310394,9.769999885559082,5.557144042807771,27.999992370605387,23.39897988307527,TTNP
2022-06-02,8.399999618530273,8.600000381469727,8.199999809265137,8.199999809265137,8.199999809265137,2965,8.279999732971191,8.05999984741211,9.469999885559082,13.968000011444092,17.393999967575073,25.30099998950958,29.87870552634232,-1.7414870981340087,-1.9516794734631027,0.21019237532909396,13.20579358100177,9.469999885559082,5.734206190116394,26.66666030883781,26.36014683587749,TTNP
2022-06-03,8.399999618530273,8.399999618530273,8.0,8.399999618530273,8.399999618530273,6255,8.359999656677246,8.11999979019165,9.17999987602234,13.728000011444092,17.277999963760376,25.131999983787537,32.18416440037101,-1.6366126773725203,-1.888666114244986,0.25205343687246584,12.241724026141114,9.17999987602234,6.1182757259035645,26.66666030883781,27.111104329427064,TTNP
2022-06-06,8.199999809265137,8.399999618530273,7.800000190734863,8.199999809265137,8.199999809265137,25255,8.319999694824219,8.159999752044678,8.919999885559083,13.48400001525879,17.141999969482423,24.962999982833864,31.083580447043808,-1.551749652416751,-1.821282821879339,0.2695331694625882,11.314609509709198,8.919999885559083,6.525390261408967,29.09803485100368,27.477118489559828,TTNP
2022-06-07,8.0,9.600000381469727,8.0,9.199999809265137,9.199999809265137,45745,8.47999973297119,8.239999771118164,8.829999876022338,13.263999996185303,17.027999963760376,24.79799997806549,41.80019415084321,-1.3878056909566272,-1.7345873956947968,0.3467817047381696,11.032760675892867,8.829999876022338,6.6272390761518105,42.66666412353508,32.81045309445892,TTNP
2022-06-08,9.399999618530273,11.600000381469727,9.399999618530273,11.199999809265137,11.199999809265137,32360,9.039999771118165,8.59999976158142,8.859999847412109,13.1,16.94199996948242,24.641999969482423,56.40224044202372,-1.0839999582917823,-1.604469908214194,0.5204699499224117,11.172002167300674,8.859999847412109,6.547997527523544,63.768112035990754,45.17760367017657,TTNP
2022-06-09,11.600000381469727,13.600000381469727,11.0,12.0,12.0,57430,9.799999809265136,9.039999771118165,8.939999866485596,12.964000015258788,16.859999961853028,24.48299997329712,60.65460838569717,-0.7698045689568094,-1.4375368403627171,0.6677322714059077,11.55100638650897,8.939999866485596,6.328993346462223,77.00340546185974,61.146060540461924,TTNP
2022-06-10,12.199999809265137,12.399999618530273,10.399999618530273,10.600000381469727,10.600000381469727,22135,10.239999961853027,9.299999809265136,8.969999885559082,12.792000007629394,16.76799997329712,24.31999997138977,51.23640941575523,-0.626548269742857,-1.275339126238745,0.648790856495888,11.642106793668562,8.969999885559082,6.297892977449601,73.14311219121119,71.30487656302063,TTNP
2022-06-13,9.600000381469727,10.600000381469727,9.399999618530273,10.0,10.0,5625,10.6,9.45999984741211,8.899999904632569,12.607999992370605,16.675999965667724,24.152999963760376,47.81006007708825,-0.5550335555501054,-1.131278012101017,0.5762444565509117,11.380273205248677,8.899999904632569,6.419726604016462,57.29166651144619,69.14606138817244,TTNP
2022-06-14,10.0,10.600000381469727,9.800000190734863,10.199999809265137,10.199999809265137,3885,10.8,9.639999866485596,8.909999895095826,12.436000003814698,16.57999997138977,23.990999970436096,49.03354911638992,-0.47672393935457436,-1.0003671975517285,0.5236432581971542,11.409470950131134,8.909999895095826,6.410528840060518,47.91666635622577,59.450481686294445,TTNP
2022-06-15,10.199999809265137,11.800000190734863,10.199999809265137,11.600000381469727,11.600000381469727,7895,10.880000114440918,9.959999942779541,8.999999904632569,12.308000011444092,16.50999997138977,23.83599997997284,56.68786218792354,-0.298256542679594,-0.8599450665773016,0.5616885238977076,11.739298348793717,8.999999904632569,6.26070146047142,53.12499922389785,52.77777736385667,TTNP
2022-06-16,11.399999618530273,11.399999618530273,9.600000381469727,10.800000190734863,10.800000190734863,5015,10.640000152587891,10.219999980926513,9.139999914169312,12.172000007629395,16.429999980926514,23.665999984741212,51.89197872372091,-0.2188504033184504,-0.7317261339255314,0.512875730607081,11.94595005621446,9.139999914169312,6.334049772124165,57.29166651144618,52.77777736385667,TTNP
2022-06-17,11.399999618530273,11.600000381469727,10.0,11.399999618530273,11.399999618530273,6095,10.8,10.519999980926514,9.319999885559081,12.04,16.34799997329712,23.50399998664856,54.96903358181626,-0.10628039216215512,-0.6066369855728562,0.500356593410701,12.219337072197343,9.319999885559081,6.42066269892082,63.541664959242034,57.98611023152876,TTNP
2022-06-21,11.800000190734863,11.800000190734863,10.800000190734863,11.600000381469727,11.600000381469727,5235,11.120000076293945,10.860000038146973,9.509999895095826,11.912000007629395,16.26199996948242,23.34099998474121,55.97976462468187,-0.0009188650996634351,-0.48549336147821764,0.4845744963785542,12.483105467581424,9.509999895095826,6.536894322610226,62.46407819901517,61.09913655656788,TTNP
2022-06-22,11.800000190734863,12.600000381469727,11.0,12.0,12.0,7820,11.480000114440918,11.140000057220458,9.689999914169311,11.804000015258788,16.175999965667724,23.187999992370607,58.00971654397837,0.11354861273917294,-0.36568496663473954,0.4792335793739125,12.805021053643106,9.689999914169311,6.574978774695517,67.85200703309617,64.61925006378453,TTNP
2022-06-23,11.600000381469727,12.0,11.399999618530273,11.600000381469727,11.600000381469727,5160,11.480000114440918,11.180000114440919,9.889999938011169,11.684000015258789,16.089999961853028,23.034999990463255,55.265176113835516,0.17002830685847847,-0.25854231193609595,0.4285706187945744,12.955837019505633,9.889999938011169,6.824162856516704,67.81609082004636,66.04405868405264,TTNP
2022-06-24,12.0,13.199999809265137,11.399999618530273,11.800000190734863,11.800000190734863,26880,11.680000114440919,11.160000133514405,10.099999952316285,11.556000003814697,15.997999963760376,22.883999991416932,56.3765085720023,0.22829553567556893,-0.16117474241376295,0.3894702780893319,13.083916363467901,10.099999952316285,7.116083541164668,68.96551497342612,68.21120427552296,TTNP
2022-06-27,11.800000190734863,14.600000381469727,11.800000190734863,14.0,14.0,68805,12.200000190734864,11.500000095367431,10.399999952316284,11.491999988555909,15.909999971389771,22.739999995231628,66.29543622309899,0.4468434001810433,-0.039571113894801696,0.486414514075845,13.671659663102375,10.399999952316284,7.128340241530193,75.13061438046671,70.63740672464647,TTNP
2022-06-28,14.399999618530273,15.600000381469727,13.399999618530273,15.199999809265137,15.199999809265137,110980,12.920000076293945,12.020000076293945,10.739999961853027,11.443999977111817,15.82799997329712,22.60199999809265,70.26671529812192,0.708704607581911,0.11008403040054085,0.5986205771813702,14.488247111595687,10.739999961853027,6.991752812110367,84.47432642989459,76.19015192792921,TTNP
2022-06-29,15.800000190734863,15.800000190734863,11.800000190734863,12.399999618530273,12.399999618530273,35700,13.0,12.24000005722046,10.939999961853028,11.363999977111817,15.715999965667725,22.452999992370607,54.21496355596762,0.6824282778506721,0.2245528798905671,0.45787539796010496,14.59312959905966,10.939999961853028,7.2868703246463955,77.11082004176879,78.90525361737676,TTNP
2022-06-30,12.199999809265137,12.600000381469727,10.399999618530273,11.199999809265137,11.199999809265137,19135,12.919999885559083,12.2,11.079999971389771,11.26399995803833,15.585999956130982,22.29999999523163,49.044053982107165,0.5583379688850947,0.29130989768947263,0.26702807119562205,14.542680402915504,11.079999971389771,7.617319539864038,56.18279164542679,72.58931270569678,TTNP
2022-07-01,10.399999618530273,11.199999809265137,10.199999809265137,10.600000381469727,10.600000381469727,7655,12.679999923706054,12.180000019073486,11.2,11.159999961853027,15.439999952316285,22.14699999332428,46.648322466073864,0.40689018877299965,0.31442595590617806,0.0924642328668216,14.412437622414274,11.2,7.987562377585725,31.250002173085743,54.8478712867605,TTNP
2022-07-05,10.800000190734863,12.399999618530273,10.800000190734863,12.199999809265137,12.199999809265137,170410,12.319999885559081,12.260000038146973,11.390000009536744,11.091999950408935,15.309999942779541,22.003999996185303,53.21190329279467,0.41123287735520186,0.33378734019598283,0.07744553715921904,14.357718823687883,11.390000009536744,8.422281195385604,29.60349554738659,39.01209645529977,TTNP
2022-07-06,11.800000190734863,21.600000381469727,11.800000190734863,18.0,18.0,684525,12.879999923706055,12.9,11.880000019073487,11.147999954223632,15.245999946594239,21.892999992370605,68.39219127721685,0.8726269320311602,0.4415552585630183,0.43107167346814185,15.694466514105386,11.880000019073487,8.065533524041587,43.56182766586138,34.8051084621113,TTNP
2022-07-07,15.399999618530273,23.0,15.399999618530273,23.0,23.0,223305,15.0,14.0,12.57000002861023,11.311999950408936,15.237999954223632,21.810999984741212,75.70893531154535,1.6230339329079797,0.6778509934320106,0.9451829394759691,18.565010810862802,12.57000002861023,6.574989246357657,70.64515758434557,47.93682693253124,TTNP
2022-07-08,24.399999618530273,28.799999237060547,23.399999618530273,27.799999237060547,27.799999237060547,157895,18.31999988555908,15.619999885559082,13.4,11.587999935150146,15.281999950408936,21.756999988555908,80.39968599041987,2.575369454694844,1.0573546856845772,1.5180147690102666,22.29942411209708,13.4,4.500575887902922,88.22694922301802,67.47797815774173,TTNP
2022-07-11,26.799999237060547,28.799999237060547,25.0,25.799999237060547,25.799999237060547,48885,21.359999656677246,17.01999979019165,14.089999961853028,11.811999912261962,15.307999935150146,21.692999992370606,73.98856579342252,3.1326081745598255,1.472405383459627,1.6602027911001986,24.465709381134523,14.089999961853028,3.7142905425715345,92.85060603123846,83.90757094620075,TTNP
2022-07-12,25.799999237060547,26.399999618530273,23.0,23.399999618530273,23.399999618530273,14465,23.599999618530273,17.959999752044677,14.729999923706055,11.999999904632569,15.305999927520752,21.613999986648558,67.07638518916245,3.342039017710203,1.846332110309742,1.4957069074004608,25.726187692925443,14.729999923706055,3.7338121544866674,83.17318706232416,88.08358077219361,TTNP
2022-07-13,22.399999618530273,24.200000762939453,21.600000381469727,23.600000381469727,23.600000381469727,9190,24.719999694824217,18.799999809265138,15.40999994277954,12.191999912261963,15.319999923706055,21.53599998474121,67.35012449446704,3.4839915737153824,2.1738640029908702,1.3101275707245121,26.826100289249176,15.40999994277954,3.9938995963099035,75.6272421281232,83.88367840722867,TTNP
2022-07-14,26.0,26.0,23.399999618530273,24.799999237060547,24.799999237060547,9060,25.07999954223633,20.039999771118165,16.139999914169312,12.407999897003174,15.353999919891358,21.463999977111815,69.01475717146322,3.6512307605048555,2.469337354493667,1.1818934060111883,27.989107237458406,16.139999914169312,4.290892590880217,73.83512737765064,77.5451855226994,TTNP
2022-07-15,25.200000762939453,25.399999618530273,24.0,24.399999618530273,24.399999618530273,12250,24.399999618530273,21.35999975204468,16.779999876022337,12.611999893188477,15.385999908447266,21.396999979019164,67.77434605278438,3.7087403445682128,2.7172179525085762,0.9915223920596365,28.957279721125758,16.779999876022337,4.602720030918917,75.6272421281232,75.0298705446324,TTNP
2022-07-18,25.0,26.600000381469727,24.600000381469727,26.600000381469727,26.600000381469727,6285,24.559999847412108,22.959999752044677,17.56999988555908,12.859999904632568,15.445999908447266,21.34299997329712,70.87489843143389,3.887031500127911,2.951180662032443,0.935850838095468,30.136787347113433,17.56999988555908,5.003212424004728,81.00358637954088,76.82198529510497,TTNP
2022-07-19,26.799999237060547,27.200000762939453,25.0,25.399999618530273,25.399999618530273,9625,24.95999984741211,24.27999973297119,18.26999988555908,13.08399990081787,15.499999904632569,21.282999963760375,67.08352483339547,3.886695091056975,3.138283547837349,0.7484115432196257,30.943284606124557,18.26999988555908,5.596715164993602,82.07885591346194,79.56989480704208,TTNP
2022-07-20,25.399999618530273,27.399999618530273,25.0,27.0,27.0,6550,25.639999771118163,25.17999973297119,19.039999866485594,13.355999908447266,15.571999912261964,21.233999967575073,69.43154020878254,3.9697740592120105,3.3045816501122816,0.665192409099729,31.869081963375002,19.039999866485594,6.210917769596188,86.73835494832811,83.2735990804437,TTNP
2022-07-21,27.200000762939453,27.799999237060547,26.0,27.399999618530273,27.399999618530273,5120,26.15999984741211,25.61999969482422,19.809999847412108,13.683999900817872,15.645999908447266,21.189999961853026,70.00754201717906,4.021533629937462,3.4479720460773176,0.5735615838601444,32.70493478765259,19.809999847412108,6.915064907171622,88.17204538143112,85.66308541440712,TTNP
2022-07-22,26.799999237060547,28.0,26.200000762939453,28.0,28.0,6345,26.879999923706055,25.639999771118163,20.629999828338622,14.031999893188477,15.721999912261962,21.150999965667726,70.89350748815423,4.064119835381625,3.571201603938179,0.49291823144344615,33.417655965875326,20.629999828338622,7.842343690801922,92.78375470227802,89.23138501067915,TTNP
2022-07-25,28.0,28.0,25.200000762939453,25.399999618530273,25.399999618530273,3280,26.639999771118163,25.599999809265135,21.309999799728395,14.331999893188476,15.781999912261963,21.108999967575073,62.30471309587662,3.8437629022604476,3.6257138636026327,0.2180490386578149,33.58319622638061,21.309999799728395,9.036803373076179,89.34289359317684,90.09956455896206,TTNP
2022-07-26,24.799999237060547,27.799999237060547,23.600000381469727,26.200000762939453,26.200000762939453,11450,26.8,25.879999923706055,21.919999837875366,14.655999908447265,15.845999927520753,21.065999975204466,63.75957220633216,3.6911327707108477,3.6387976450242756,0.05233512568657206,33.88821410779328,21.919999837875366,9.95178556795745,85.38419548025671,89.17028125857058,TTNP
2022-07-27,26.600000381469727,26.600000381469727,24.0,25.200000762939453,25.200000762939453,5625,26.440000152587892,26.039999961853027,22.419999885559083,14.931999931335449,15.89999994277954,21.020999975204468,60.61054681753129,3.4497144879217245,3.600981013603765,-0.1512665256820407,34.054352199148006,22.419999885559083,10.785647571970157,70.1990133758719,81.64203414976855,TTNP
2022-07-28,24.799999237060547,25.399999618530273,24.200000762939453,25.399999618530273,25.399999618530273,3755,26.04000015258789,26.1,23.06999988555908,15.239999923706055,15.965999946594238,20.985999965667723,61.025145071638946,3.2372104487133093,3.528226900625674,-0.2910164519123648,33.81077045233697,23.06999988555908,12.329229318781193,61.124938191947955,72.23604901602559,TTNP
2022-07-29,24.600000381469727,26.399999618530273,24.0,26.399999618530273,26.399999618530273,2130,25.720000076293946,26.3,23.829999876022338,15.571999912261964,16.051999950408934,20.93899996757507,63.115630086574235,3.1135994727099856,3.4453014150425365,-0.3317019423325509,33.16231747178708,23.829999876022338,14.497682280257598,59.2592604550318,63.52773734095063,TTNP
2022-08-01,26.799999237060547,26.799999237060547,24.799999237060547,25.200000762939453,25.200000762939453,1240,25.68000030517578,26.160000038146972,24.559999895095824,15.915999927520751,16.12399995803833,20.886999979019166,59.024349402892874,2.88554424693136,3.333349981420301,-0.447805734488941,31.654318379466897,24.559999895095824,17.465681410724752,61.342592477614325,60.57559704153144,TTNP
2022-08-02,26.399999618530273,26.399999618530273,24.0,25.799999237060547,25.799999237060547,3570,25.6,26.2,25.239999866485597,16.275999908447265,16.18799995422363,20.845999975204467,60.40633050468319,2.7218479312576953,3.21104957138778,-0.4892016401300845,29.510053046786258,25.239999866485597,20.969946686184937,61.14130076220513,60.58105123161716,TTNP
2022-08-03,27.0,27.799999237060547,25.399999618530273,26.799999237060547,26.799999237060547,10870,25.91999969482422,26.179999923706056,25.679999828338623,16.655999889373778,16.247999954223634,20.801999979019165,62.66634533862392,2.642349701812428,3.0973095974727096,-0.4549598956602816,28.411694227566013,25.679999828338623,22.948305429111233,60.38372092015087,60.955871386656845,TTNP
2022-08-04,26.799999237060547,29.200000762939453,26.0,29.0,29.0,5380,26.639999771118163,26.339999961853028,25.979999828338624,17.067999897003173,16.329999961853026,20.77499997138977,67.1137568378562,2.7254511532586,3.0229379086298875,-0.29748675537128744,28.785379428812977,25.979999828338624,23.17462022786427,73.77657049838804,65.10053072691476,TTNP
2022-08-05,30.0,30.0,28.600000381469727,29.200000762939453,29.200000762939453,7565,27.2,26.460000038146973,26.049999904632568,17.49999991416931,16.42799997329712,20.741999979019166,67.49287869657827,2.7754543324522416,2.9734411933943585,-0.19798686094211693,29.093313278941828,26.049999904632568,23.006686530323307,85.55194074902177,73.2374107225203,TTNP
2022-08-08,28.799999237060547,30.0,27.0,27.200000762939453,27.200000762939453,3610,27.6,26.64000015258789,26.119999980926515,17.891999931335448,16.505999984741212,20.696999979019164,60.03901958545178,2.6234573437013644,2.9034444234557597,-0.2799870797543953,29.201258908635843,26.119999980926515,23.038741053217187,80.0595261790118,79.79601247547394,TTNP
2022-08-09,27.200000762939453,27.600000381469727,26.200000762939453,26.799999237060547,26.799999237060547,3670,27.8,26.7,26.289999961853027,18.26799991607666,16.573999977111818,20.651999979019166,58.64405382763604,2.4425654804366737,2.8112686348519427,-0.368703154415269,29.11689861743131,26.289999961853027,23.463101306274744,64.5833351959785,76.73160070800411,TTNP
2022-08-10,26.799999237060547,27.799999237060547,25.200000762939453,26.0,26.0,4515,27.64000015258789,26.779999923706054,26.409999942779542,18.619999923706054,16.633999977111817,20.606999979019164,55.849197419330835,2.2091879791340183,2.6908525037083577,-0.4816645245743394,28.960167873387842,26.409999942779542,23.859832012171243,47.91666356225781,64.18650831241612,TTNP
2022-08-11,26.200000762939453,27.399999618530273,26.200000762939453,26.399999618530273,26.399999618530273,1100,27.120000076293945,26.879999923706055,26.489999961853027,18.979999923706053,16.709999980926515,20.54599998474121,56.95384704201345,2.0330752285473572,2.5592970486761577,-0.5262218201288005,28.93117918692237,26.489999961853027,24.048820736783682,43.74999068677361,52.083329815003395,TTNP
2022-08-12,26.799999237060547,29.0,26.799999237060547,27.799999237060547,27.799999237060547,6530,26.839999771118165,27.01999988555908,26.659999942779542,19.36799991607666,16.78799997329712,20.49699998855591,60.663510945232225,1.9836070860782016,2.4441590561565665,-0.4605519700783649,28.96507160501499,26.659999942779542,24.354928280544094,48.95832433054782,46.87499285985984,TTNP
2022-08-15,27.200000762939453,30.799999237060547,27.200000762939453,30.399999618530273,30.399999618530273,11115,27.479999542236328,27.539999771118165,26.84999990463257,19.811999912261964,16.88999996185303,20.467999982833863,66.44668009347409,2.1296522232799724,2.381257689581248,-0.25160546630127545,29.67236681052484,26.84999990463257,24.027632998740298,67.83087624187492,53.513063753065545,TTNP
2022-08-16,31.799999237060547,31.799999237060547,29.0,30.799999237060547,30.799999237060547,7545,28.27999954223633,28.039999771118165,27.119999885559082,20.25999990463257,16.99399995803833,20.43899998664856,67.24453678978982,2.2517143120441183,2.355349014073822,-0.1036347020297037,30.34089320449586,27.119999885559082,23.899106566622304,82.30737465477615,66.36552507573306,TTNP
2022-08-17,30.799999237060547,31.799999237060547,30.0,31.600000381469727,31.600000381469727,4965,29.399999618530273,28.51999988555908,27.34999990463257,20.72799991607666,17.105999965667724,20.424999980926515,68.84040462213397,2.3855041958202428,2.361380050423106,0.024124145397136587,31.114804631446624,27.34999990463257,23.585195177818512,92.91101659705915,81.01642249790352,TTNP
2022-08-18,30.600000381469727,31.799999237060547,30.200000762939453,30.399999618530273,30.399999618530273,4125,30.199999618530274,28.65999984741211,27.499999904632567,21.151999912261964,17.207999954223634,20.40399998664856,63.817782745683125,2.367413540244314,2.362586748387348,0.004826791856966217,31.492963000845634,27.499999904632567,23.5070368084195,88.88889432293104,88.03576185825555,TTNP
2022-08-19,30.399999618530273,30.799999237060547,29.0,29.600000381469727,29.600000381469727,4660,30.559999847412108,28.699999809265137,27.579999923706055,21.519999923706056,17.309999961853027,20.377999992370604,60.64128744865715,2.2624432750532826,2.342558053720535,-0.08011477866725247,31.672695203956163,27.579999923706055,23.487304643455946,83.76069358376002,88.52020150125018,TTNP
2022-08-22,29.200000762939453,30.399999618530273,28.200000762939453,29.200000762939453,29.200000762939453,4795,30.320000076293944,28.899999809265136,27.769999980926514,21.863999938964845,17.413999977111818,20.351999988555907,59.05842543364218,2.122509983467541,2.2985484396699363,-0.1760384562023951,31.792456301101602,27.769999980926514,23.747543660751425,71.48408117069275,81.37788969246138,TTNP
2022-08-23,30.0,30.0,28.399999618530273,29.399999618530273,29.399999618530273,1620,30.04000015258789,29.15999984741211,27.929999923706056,22.239999923706055,17.515999965667724,20.327999982833862,59.625879014660796,2.0046418149108263,2.239767114718114,-0.2351252998072879,31.944493064288068,27.929999923706056,23.915506783124044,65.34577311164429,73.53018262203247,TTNP
2022-08-24,29.399999618530273,30.200000762939453,28.799999237060547,30.0,30.0,5655,29.720000076293946,29.559999847412108,28.169999885559083,22.639999923706053,17.62399995803833,20.30899998664856,61.35630544531156,1.9373133165302363,2.1792763550805385,-0.2419630385503022,32.07540079054144,28.169999885559083,24.26459898057673,65.65657120288213,67.49547516173985,TTNP
2022-08-25,29.799999237060547,31.399999618530273,29.799999237060547,30.200000762939453,30.200000762939453,4925,29.68000030517578,29.939999961853026,28.409999942779542,23.03999994277954,17.737999973297118,20.289999990463258,61.94185344702916,1.8784399006941186,2.1191090642032546,-0.24066916350913603,32.19303530282289,28.409999942779542,24.626964582736196,70.70707742103276,67.23647391185318,TTNP
2022-08-26,30.200000762939453,30.799999237060547,29.0,29.399999618530273,29.399999618530273,5230,29.64000015258789,30.1,28.55999994277954,23.39599992752075,17.85199996948242,20.26599998474121,58.14650940241094,1.7470895274714202,2.044705156856888,-0.2976156293854677,32.24908602828086,28.55999994277954,24.87091385727823,70.70707742103276,69.023575348316,TTNP
2022-08-29,29.399999618530273,29.799999237060547,28.399999618530273,29.399999618530273,29.399999618530273,2185,29.679999923706056,30.0,28.76999988555908,23.76799991607666,17.969999961853027,20.25099997520447,58.14650940241093,1.6242698387360157,1.9606180932327135,-0.3363482544966978,32.133949533772785,28.76999988555908,25.406050237345372,67.67677176352716,69.69697553519768,TTNP
2022-08-30,28.799999237060547,29.399999618530273,25.200000762939453,26.0,26.0,7505,29.0,29.520000076293947,28.779999923706054,24.059999923706055,18.04999996185303,20.219999971389772,44.658956716898665,1.2383083484909214,1.816156144284355,-0.5778477957934336,32.10958793657616,28.779999923706054,25.450411910835946,46.464641794064,61.61616365954143,TTNP
2022-08-31,25.399999618530273,27.0,25.399999618530273,26.399999618530273,26.399999618530273,3965,28.279999923706054,29.0,28.75999994277954,24.355999908447266,18.13399995803833,20.188999977111816,46.23890546710858,0.9537138929566851,1.643667694018821,-0.689953801062136,32.14132454790158,28.75999994277954,25.378675337657498,31.313123139612077,48.48484556573453,TTNP
2022-09-01,26.600000381469727,26.799999237060547,25.0,26.600000381469727,26.600000381469727,3145,27.559999847412108,28.620000076293945,28.63999996185303,24.64799991607666,18.225999965667725,20.15999997138977,47.05285035786015,0.7358269713571488,1.4620995494864866,-0.7262725781293378,32.146758539085425,28.63999996185303,25.13324138462063,17.944142808053268,31.90730258057657,TTNP
2022-09-02,25.799999237060547,27.399999618530273,25.799999237060547,26.600000381469727,26.600000381469727,1255,27.0,28.320000076293944,28.50999994277954,24.94799991607666,18.315999965667725,20.135999975204466,47.05285035786015,0.5567323521967467,1.2810261100285385,-0.7242937578317918,32.11546179631591,28.50999994277954,24.90453808924317,21.746881691591415,23.66804921308571,TTNP
2022-09-06,25.799999237060547,27.399999618530273,25.799999237060547,26.399999618530273,26.399999618530273,1820,26.4,28.039999961853027,28.469999885559083,25.23999990463257,18.397999954223632,20.111999969482422,46.24091273835838,0.39411705008790676,1.1036442980404122,-0.7095272479525054,32.149694962929665,28.469999885559083,24.7903048081885,22.54902400772504,20.74668283579003,TTNP
2022-09-07,25.799999237060547,27.200000762939453,25.799999237060547,26.0,26.0,1935,26.4,27.7,28.429999923706056,25.479999904632567,18.485999946594237,20.09299997329712,44.58389432050549,0.23031173499066782,0.9289777854304633,-0.6986660504397955,32.19777849049674,28.429999923706056,24.662221356915374,19.60784533719581,21.30125034550421,TTNP
2022-09-08,26.200000762939453,26.799999237060547,26.0,26.200000762939453,26.200000762939453,380,26.360000228881837,27.320000076293944,28.439999961853026,25.699999923706056,18.571999950408937,20.078999977111817,45.63293797429407,0.11530407906645834,0.7662430441576623,-0.650938965091204,32.18290720768184,28.439999961853026,24.69709271602421,18.014709678539873,20.057193007820363,TTNP
2022-09-09,26.200000762939453,28.799999237060547,26.200000762939453,28.799999237060547,28.799999237060547,3990,26.8,27.179999923706056,28.55999994277954,26.02799991607666,18.695999946594238,20.08199996948242,57.02286916912114,0.23129164482135067,0.6592527642904,-0.42796111946904936,32.185652199224805,28.55999994277954,24.93434768633428,30.943629553169938,22.855394856302,TTNP
2022-09-12,30.0,30.0,27.399999618530273,29.200000762939453,29.200000762939453,2745,27.320000076293944,27.160000038146972,28.630000019073485,26.387999935150148,18.825999946594237,20.08999997138977,58.464576533652924,0.35143824518579336,0.5976898604694787,-0.24625161528368533,32.24830822006533,28.630000019073485,25.011691818081637,47.91667349636587,32.291670909358686,TTNP
2022-09-13,29.200000762939453,29.799999237060547,28.399999618530273,29.0,29.0,1130,27.84000015258789,27.120000076293945,28.560000038146974,26.75599992752075,18.95799994468689,20.08999997138977,57.42725722794456,0.42561072597546,0.563274033570675,-0.13766330759521495,32.091763695132926,28.560000038146974,25.028236381161022,62.50000372529043,47.120102258275544,TTNP
2022-09-14,30.0,30.0,28.399999618530273,28.799999237060547,28.799999237060547,3320,28.4,27.4,28.460000038146973,27.08799991607666,19.089999933242797,20.085999965667725,56.350538161167385,0.4629183269753234,0.5432028922516047,-0.08028456527628125,31.84250726942921,28.460000038146973,25.077492806864736,62.50000372529043,57.63889364898237,TTNP
2022-09-15,28.399999618530273,29.0,25.799999237060547,26.200000762939453,26.200000762939453,5100,28.4,27.380000114440918,28.19000005722046,27.251999931335448,19.19999994277954,20.07299997329712,44.63449252481333,0.27946522068378954,0.4904553579380416,-0.21099013725425209,31.38364282441432,28.19000005722046,24.996357290026598,47.52155546382493,57.5071876381354,TTNP
2022-09-16,25.799999237060547,26.0,25.200000762939453,25.600000381469727,25.600000381469727,4050,27.760000228881836,27.280000114440917,27.950000095367432,27.303999938964843,19.30799994468689,20.056999979019164,42.44150155186749,0.08468608736738048,0.4093015038239094,-0.3246154164565289,31.164615818836022,27.950000095367432,24.735384371898842,30.688223431859598,46.903260873658446,TTNP
2022-09-19,27.399999618530273,27.399999618530273,25.0,25.200000762939453,25.200000762939453,2565,26.960000228881835,27.14000015258789,27.73000011444092,27.251999969482423,19.419999952316285,20.05099998474121,40.99541507575729,-0.10079253180735037,0.30728269669765745,-0.4080752285050078,31.062889755575778,27.73000011444092,24.39711047330606,12.229897978757174,30.146558958147363,TTNP
2022-09-20,25.200000762939453,28.200000762939453,23.200000762939453,24.0,24.0,3390,25.960000228881835,26.900000190734865,27.470000076293946,27.21599998474121,19.51399994850159,20.044999980926512,36.93013014153476,-0.34068846202993086,0.1776884649521398,-0.5183769269820706,31.101549755159304,27.470000076293946,23.838450397428588,9.254906290267252,17.391009233628136,TTNP
2022-09-21,22.0,24.600000381469727,21.799999237060547,22.600000381469727,22.600000381469727,2335,24.72000045776367,26.560000228881837,27.130000114440918,27.2,19.599999952316285,20.029999980926515,32.83872013022498,-0.6364395055682124,0.014862870848069365,-0.6513023764162817,31.219517559413855,27.130000114440918,23.04048266946798,8.506940616956728,9.997248295327177,TTNP
2022-09-22,25.0,25.0,21.200000762939453,22.600000381469727,22.600000381469727,1485,24.000000381469725,26.200000190734862,26.760000133514403,27.18,19.68599995613098,20.021999979019164,32.838720130224985,-0.8609004142598238,-0.16028978617350928,-0.7006106280863145,31.07663686095835,26.760000133514403,22.443363406070457,12.476631515189851,10.079492807471404,TTNP
2022-09-23,21.799999237060547,23.200000762939453,20.200000762939453,21.200000762939453,21.200000762939453,4715,23.120000457763673,25.440000343322755,26.310000133514404,27.108000030517577,19.757999963760376,19.996999979019165,29.099759197763923,-1.138630150875212,-0.3559578591138498,-0.7826722917613621,30.96181164848228,26.310000133514404,21.65818861854653,11.956426996667277,10.979999709604746,TTNP
2022-09-26,20.600000381469727,22.600000381469727,20.600000381469727,21.399999618530273,21.399999618530273,1675,22.360000228881837,24.660000228881835,25.910000133514405,27.048000030517578,19.829999961853026,19.97299997329712,30.320308151973446,-1.3272945070267461,-0.5502251886964291,-0.777069318330317,30.799923652214527,25.910000133514405,21.020076614814283,12.786019205118047,12.406359238991852,TTNP
2022-09-27,21.200000762939453,22.200000762939453,20.200000762939453,21.200000762939453,21.200000762939453,1845,21.800000381469726,23.88000030517578,25.500000190734863,26.940000038146973,19.89999997138977,19.950999975204468,29.768423880234018,-1.4759369226110977,-0.7353675354793628,-0.7405693871317348,30.52391815777022,25.500000190734863,20.476082223699507,10.884350696305475,11.875598966030394,TTNP
2022-09-28,20.799999237060547,23.0,20.799999237060547,22.600000381469727,22.600000381469727,1125,21.800000381469726,23.2600004196167,25.33000020980835,26.88400005340576,19.983999977111818,19.935999975204467,38.242445827977775,-1.4638939803786322,-0.8810728244592168,-0.5828211559194154,30.502635087927523,25.33000020980835,20.157365331689178,15.646254531412966,13.10554147761229,TTNP
2022-09-29,21.799999237060547,22.799999237060547,20.799999237060547,21.200000762939453,21.200000762939453,1030,21.520000457763672,22.7600004196167,25.07000026702881,26.768000068664552,20.061999988555907,19.921999979019166,33.84467852243787,-1.549456955545029,-1.0147496506763791,-0.5347073048686499,30.516848074765676,25.07000026702881,19.623152459291944,14.965986262158118,13.832197163292314,TTNP
2022-09-30,21.399999618530273,22.399999618530273,21.0,21.600000381469727,21.600000381469727,1205,21.600000381469727,22.3600004196167,24.82000026702881,26.65200008392334,20.167999992370607,19.914999980926513,36.10550067858803,-1.566927043948823,-1.125185129330868,-0.4417419146179551,30.419835158502515,24.82000026702881,19.220165375555105,16.326529288248704,15.646256693940055,TTNP
2022-10-03,23.0,23.0,21.399999618530273,22.799999237060547,22.799999237060547,1080,21.88000030517578,22.120000267028807,24.63000020980835,26.54800006866455,20.289999980926513,19.915999975204468,42.45863074517955,-1.467031312264222,-1.1935543659175387,-0.2734769463466833,30.2332270904124,24.63000020980835,19.026773329204303,17.00679755750355,16.09977103597025,TTNP
2022-10-04,23.200000762939453,23.399999618530273,22.600000381469727,22.799999237060547,22.799999237060547,845,22.2,22.000000190734863,24.450000190734862,26.496000061035158,20.413999977111818,19.917999973297118,42.45863074517955,-1.3720471200638755,-1.229252916746806,-0.1427942033170695,30.04551201528986,24.450000190734862,18.854488366179865,23.453916670967363,18.92908117224,TTNP
2022-10-05,23.600000381469727,23.600000381469727,22.0,22.0,22.0,330,22.079999923706055,21.940000152587892,24.250000190734863,26.412000045776367,20.533999977111815,19.914999971389772,39.42751974334213,-1.345811044002179,-1.2525645421978806,-0.0932465018042985,29.895330374515986,24.250000190734863,18.60467000695374,26.192009656945487,22.21757462847226,TTNP
2022-10-06,24.799999237060547,24.799999237060547,22.200000762939453,22.799999237060547,22.799999237060547,1305,22.399999618530273,21.960000038146973,24.080000114440917,26.36400001525879,20.647999973297118,19.92199996948242,43.75194180306,-1.2461012328036851,-1.2512718803190415,0.005170647515356341,29.684833108113633,24.080000114440917,18.4751671207682,28.181803719070796,25.94257668232801,TTNP
2022-10-07,23.0,23.200000762939453,21.0,21.0,21.0,1610,22.27999954223633,21.939999961853026,23.690000152587892,26.276000022888184,20.757999973297117,19.895999965667723,37.29951187341288,-1.297370109233583,-1.2604915261019498,-0.03687858313163317,29.00482421397185,23.690000152587892,18.375176091203933,21.66665395100902,25.3468224423419,TTNP
2022-10-10,20.799999237060547,21.399999618530273,20.200000762939453,20.799999237060547,20.799999237060547,725,21.879999542236327,21.879999923706055,23.270000076293947,26.16400001525879,20.867999963760376,19.874999961853028,36.65270297434605,-1.3387076646284335,-1.2761347538072465,-0.06257291082118699,28.080421498607482,23.270000076293947,18.45957865398041,18.33331386248103,22.727257177520414,TTNP
2022-10-11,20.200000762939453,20.799999237060547,20.0,20.0,20.0,1365,21.31999969482422,21.75999984741211,22.820000076293944,26.06,20.987999963760377,19.860999965667723,34.10508350515005,-1.4196563133827524,-1.3048390657223476,-0.1148172476604048,27.05109385153829,22.820000076293944,18.588906301049597,7.499986886976475,15.833318233488972,TTNP
2022-10-12,20.0,21.0,19.799999237060547,20.399999618530273,20.399999618530273,1205,20.999999618530275,21.539999771118165,22.40000009536743,25.952000007629394,21.11399995803833,19.85199995994568,36.4823489015123,-1.4349903983829186,-1.3308693322544618,-0.10412106612845684,25.748993533635065,22.40000009536743,19.051006657099798,8.16665927568904,11.33332000838231,TTNP
2022-10-13,19.600000381469727,20.600000381469727,19.600000381469727,19.600000381469727,19.600000381469727,775,20.35999984741211,21.379999732971193,22.070000076293944,25.80800003051758,21.23199995994568,19.846999959945677,33.851935881848576,-1.4944687186655656,-1.3635892095366826,-0.13087950912888302,25.145736681411755,22.070000076293944,18.994263471176133,4.000002543131415,6.555549568599106,TTNP
2022-10-14,20.600000381469727,21.0,19.600000381469727,20.200000762939453,20.200000762939453,470,20.2,21.239999771118164,21.80000009536743,25.632000045776365,21.34999997138977,19.843999967575073,37.49211373722589,-1.4761742814060597,-1.386106223910558,-0.09006805749550173,24.515834177328497,21.80000009536743,19.084166013406364,7.84615968106124,6.670940499960694,TTNP
2022-10-17,20.0,20.600000381469727,19.600000381469727,19.600000381469727,19.600000381469727,1545,19.960000228881835,20.919999885559083,21.520000076293947,25.440000038146973,21.469999976158142,19.835999965667725,35.394498125318734,-1.4928818122014,-1.4074613415687263,-0.08542047063267377,23.91126617573758,21.520000076293947,19.128733976850313,3.8461571379297297,5.230773120707591,TTNP
2022-10-18,20.399999618530273,20.399999618530273,19.600000381469727,19.799999237060547,19.799999237060547,495,19.920000076293945,20.619999885559082,21.310000038146974,25.292000007629394,21.591999969482423,19.832999963760376,36.66647813878688,-1.4730045351739633,-1.4205699802897738,-0.05243455488418958,23.5243518953137,21.310000038146974,19.09564818098025,5.128201366175344,5.606839395055567,TTNP
2022-10-19,20.200000762939453,20.200000762939453,19.399999618530273,19.600000381469727,19.600000381469727,650,19.760000228881836,20.379999923706055,21.160000038146972,25.14800003051758,21.70799997329712,19.818999967575074,35.90518376546825,-1.4565991181748252,-1.4277758078667842,-0.028823310308041084,23.410634112213824,21.160000038146972,18.90936596408012,2.516616926196238,3.8303251434338996,TTNP
2022-10-20,19.600000381469727,20.0,19.600000381469727,19.600000381469727,19.600000381469727,555,19.760000228881836,20.060000038146974,21.010000038146973,25.02000003814697,21.819999980926514,19.798999967575075,35.90518376546826,-1.427146451088035,-1.4276499365110342,0.0005034854229992725,23.25663158857158,21.010000038146973,18.763368487722367,3.7511896241469564,3.7986693055063085,TTNP
2022-10-21,19.600000381469727,20.0,19.0,19.600000381469727,19.600000381469727,1305,19.64000015258789,19.920000076293945,20.930000019073486,24.88400005340576,21.93199998855591,19.78799997329712,35.90518376546825,-1.3878072224463835,-1.419681393698104,0.03187417125172054,23.256403479876912,20.930000019073486,18.60359655827006,5.917423903916045,4.061743484753209,TTNP
2022-10-24,20.0,20.0,19.0,19.200000762939453,19.200000762939453,1410,19.560000228881837,19.760000228881836,20.820000076293944,24.71200008392334,22.04,19.779999980926515,34.13480200217904,-1.373079224020767,-1.4103609597626368,0.03728173574186977,23.252725435503063,20.820000076293944,18.387274717084825,5.832281029228624,5.166964852430671,TTNP
2022-10-25,20.0,20.0,19.0,19.399999618530273,19.399999618530273,1025,19.480000305175782,19.700000190734862,20.730000019073486,24.49200008392334,22.151999998092652,19.772999982833863,35.838287104605506,-1.3299382427681437,-1.3942764163637382,0.06433817359559457,23.23202975266576,20.730000019073486,18.227970285481213,6.896557016029308,6.215420649724789,TTNP
2022-10-26,19.200000762939453,20.0,19.200000762939453,19.600000381469727,19.600000381469727,835,19.480000305175782,19.620000267028807,20.580000019073488,24.268000106811524,22.264000005722046,19.77099998474121,37.576952967348575,-1.2650278604950707,-1.3684267051900048,0.1033988446949341,22.972938036010856,20.580000019073488,18.18706200213612,8.21018543244577,6.97967449256803,TTNP
2022-10-27,20.0,21.0,19.799999237060547,20.399999618530273,20.399999618530273,830,19.64000015258789,19.700000190734862,20.539999961853027,24.044000091552736,22.386000003814697,19.76399998664856,44.10193817052554,-1.1359382730170928,-1.3219290187554225,0.18599074573832963,22.916836552566387,20.539999961853027,18.163163371139667,26.50519784604713,13.870646764840865,TTNP
2022-10-28,22.399999618530273,22.799999237060547,20.600000381469727,21.0,21.0,1365,19.920000076293945,19.780000114440917,20.50999994277954,23.85600009918213,22.504000005722045,19.76599998474121,48.45382550942643,-0.9739912635308663,-1.2523414677105111,0.27835020417964484,22.84738138436709,20.50999994277954,18.17261850119199,41.750212332762054,25.488531870418445,TTNP
2022-10-31,21.600000381469727,21.600000381469727,19.799999237060547,20.0,20.0,845,20.079999923706055,19.820000076293944,20.369999980926515,23.664000091552733,22.592000007629395,19.76699998855591,42.5131319366837,-0.9157821676253519,-1.1850296076934792,0.2692474400681273,22.464791779881192,20.369999980926515,18.275208181971838,45.76023699406405,38.00521572429121,TTNP
2022-11-01,19.799999237060547,20.799999237060547,19.799999237060547,19.799999237060547,19.799999237060547,575,20.15999984741211,19.820000076293944,20.219999980926513,23.476000061035155,22.67,19.764999980926515,41.41935503367353,-0.8756949634025268,-1.1231626788352886,0.2474677154327618,22.0038591607967,20.219999980926513,18.436140801056325,33.333333333333236,40.28126088671991,TTNP
2022-11-02,20.0,20.799999237060547,19.600000381469727,19.799999237060547,19.799999237060547,615,20.199999618530274,19.839999961853028,20.10999994277954,23.284000053405762,22.761999988555907,19.764999980926515,41.419355033673526,-0.8343081798843279,-1.0653917790450964,0.23108359916076848,21.702279331400437,20.10999994277954,18.517720554158647,22.80700873800075,33.966859688466144,TTNP
2022-11-03,20.0,20.200000762939453,19.0,19.200000762939453,19.200000762939453,970,19.95999984741211,19.8,19.930000019073486,23.06800006866455,22.8539999961853,19.764999980926515,38.01634040713884,-0.8402379778568303,-1.0203610188074432,0.18012304095061293,20.99026141236571,19.930000019073486,18.86973862578126,15.789470161866907,23.976604077733764,TTNP
2022-11-04,18.799999237060547,20.0,18.600000381469727,19.200000762939453,19.200000762939453,875,19.6,19.760000038146973,19.840000057220458,22.84800006866455,22.944000005722046,19.761999988555907,38.01634040713884,-0.8353084693981714,-0.9833505089255888,0.14804203952741746,20.824557846548473,19.840000057220458,18.855442267892442,13.533840672692591,17.376773190853548,TTNP
2022-11-07,19.399999618530273,20.0,18.799999237060547,19.600000381469727,19.600000381469727,1665,19.520000076293947,19.8,19.780000114440917,22.65200008392334,23.024000005722044,19.76699998855591,41.71861915948437,-0.7900183325817309,-0.9446840736568173,0.15466574107508635,20.664395021598196,19.780000114440917,18.895605207283637,14.452812195594069,14.59204101005132,TTNP
2022-11-08,18.600000381469727,19.600000381469727,18.600000381469727,19.0,19.0,455,19.360000228881837,19.760000038146973,19.73000011444092,22.444000091552734,23.106000003814696,19.767999992370605,38.04752946656615,-0.7933948275284664,-0.9144262244311471,0.12103139690268072,20.67029496052995,19.73000011444092,18.789705268351888,15.87302019807054,14.619891022119198,TTNP
2022-11-09,19.0,19.600000381469727,18.600000381469727,19.0,19.0,1695,19.200000381469728,19.7,19.660000133514405,22.304000091552734,23.182000007629394,19.764999990463256,38.04752946656615,-0.7869986930562085,-0.8889407181561594,0.10194202509995087,20.59880499853367,19.660000133514405,18.72119526849514,14.2857121231868,14.8705148389506,TTNP
2022-11-10,19.0,19.0,17.399999618530273,17.600000381469727,17.600000381469727,2285,18.88000030517578,19.420000076293945,19.560000133514404,22.128000106811523,23.242000007629393,19.75199998855591,30.729878773169283,-0.8846997117649025,-0.888092516877908,0.003392805113005548,20.8597517929554,19.560000133514404,18.260248474073407,7.5837747221021985,12.580835681119977,TTNP
2022-11-11,18.600000381469727,18.799999237060547,17.600000381469727,18.200000762939453,18.200000762939453,1185,18.68000030517578,19.14000015258789,19.460000133514406,21.960000114440916,23.30400001525879,19.739999990463257,36.37748415857393,-0.9033007676528761,-0.8911341670329016,-0.012166600619974544,20.85188873274902,19.460000133514406,18.06811153427979,9.347452728071458,10.405646524453616,TTNP
2022-11-14,17.799999237060547,18.799999237060547,17.600000381469727,18.799999237060547,18.799999237060547,1075,18.520000076293947,19.020000076293947,19.420000076293945,21.804000091552734,23.376000003814696,19.732999982833864,41.5127496700675,-0.8597170925052744,-0.8848507521273762,0.02513365962210179,20.839209038056588,19.420000076293945,18.000791114531303,14.814825280377226,10.582017576850426,TTNP
2022-11-15,18.600000381469727,19.399999618530273,17.799999237060547,19.200000762939453,19.200000762939453,1005,18.560000228881837,18.960000228881835,19.39000015258789,21.66000011444092,23.450000009536744,19.72399998664856,44.71639622194027,-0.7838640390573524,-0.8646534095133714,0.08078937045601908,20.801153639135787,19.39000015258789,17.978846666039995,24.691371542709504,16.284549850386195,TTNP
2022-11-16,19.799999237060547,19.799999237060547,18.399999618530273,19.200000762939453,19.200000762939453,955,18.600000381469727,18.900000381469727,19.370000171661378,21.524000129699708,23.50200001716614,19.705999994277953,44.71639622194027,-0.7155020850561868,-0.8348231446219345,0.11932105956574768,20.7800193559406,19.370000171661378,17.959980987382156,30.864211484947447,23.456802769344858,TTNP
2022-11-17,17.799999237060547,19.200000762939453,17.799999237060547,18.600000381469727,18.600000381469727,475,18.800000381469726,18.840000343322753,19.320000171661377,21.37200012207031,23.536000022888185,19.68199999809265,40.82611749984598,-0.7016515579639027,-0.8081888272903281,0.10653726932642549,20.764352627301008,19.320000171661377,17.875647716021746,31.746051769428217,29.100544932361853,TTNP
2022-11-18,18.200000762939453,18.399999618530273,17.600000381469727,18.0,18.0,480,18.760000228881836,18.72000026702881,19.24000015258789,21.1560001373291,23.59200002670288,19.653999996185302,37.32874423583436,-0.7306672545420163,-0.7926845127406658,0.06201725819864945,20.787047039739047,19.24000015258789,17.69295326543673,26.517290150203692,29.709184468193246,TTNP
2022-11-21,18.0,18.200000762939453,17.799999237060547,18.200000762939453,18.200000762939453,410,18.640000534057616,18.58000030517578,19.190000152587892,20.936000137329103,23.662000036239625,19.623999996185304,39.198492175442276,-0.729119180976511,-0.7799714463878348,0.050852265411323816,20.802251320025242,19.190000152587892,17.577748985150542,23.249320544498158,27.170887488043487,TTNP
2022-11-22,17.799999237060547,19.799999237060547,17.799999237060547,18.200000762939453,18.200000762939453,900,18.440000534057617,18.500000381469725,19.13000020980835,20.72000015258789,23.73800004005432,19.588999996185304,39.198492175442276,-0.7195972523314396,-0.7678966075765558,0.04829935524511619,20.794978785505485,19.13000020980835,17.465021634111217,23.24932595081195,24.33864554850473,TTNP
2022-11-23,18.0,19.600000381469727,16.799999237060547,18.0,18.0,2585,18.200000381469728,18.400000381469727,19.050000190734863,20.50400016784668,23.79600004196167,19.552999992370605,37.887558694605524,-0.719890990153619,-0.7582954840919685,0.03840449393834944,20.769812304857986,19.050000190734863,17.33018807661174,29.86697357680603,25.45520669070551,TTNP
2022-11-25,18.200000762939453,18.200000762939453,17.399999618530273,17.799999237060547,17.799999237060547,630,18.04000015258789,18.420000267028808,18.92000017166138,20.3360001373291,23.794000034332274,19.51999999046326,36.57043634444668,-0.7278717175119951,-0.7522107307759738,0.024339013263978693,20.604682478173693,18.92000017166138,17.235317865149064,32.44048840536896,28.518929310995777,TTNP
2022-11-28,17.200000762939453,18.200000762939453,17.200000762939453,17.799999237060547,17.799999237060547,850,18.0,18.380000114440918,18.760000133514403,20.18000011444092,23.742000026702883,19.489999990463257,36.570436344446684,-0.7258295897442046,-0.7469345025696199,0.021104912825415267,20.216487341344173,18.760000133514403,17.303512925684633,34.02778026130395,32.11174741449312,TTNP
2022-11-29,17.0,17.600000381469727,16.399999618530273,16.799999237060547,16.799999237060547,1315,17.719999694824217,18.18000011444092,18.60000009536743,20.01200008392334,23.63200002670288,19.456999988555907,30.435058045276676,-0.7957301495871683,-0.7566936319731296,-0.0390365176140387,20.17472410508678,18.60000009536743,17.02527608564808,25.449340621790885,30.63920309615473,TTNP
2022-11-30,16.399999618530273,16.799999237060547,16.200000762939453,16.200000762939453,16.200000762939453,1420,17.31999969482422,17.880000114440918,18.42000017166138,19.85600009918213,23.53600004196167,19.421999988555907,27.458447527364594,-0.8892905217633995,-0.7832130099311836,-0.10607751183221592,20.212806794743653,18.42000017166138,16.627193548579104,15.032676438650492,24.836599107248574,TTNP
2022-12-01,17.600000381469727,18.0,16.799999237060547,17.600000381469727,17.600000381469727,2465,17.239999771118164,17.720000076293946,18.310000228881837,19.756000099182128,23.478000049591063,19.39199998855591,41.7692163771894,-0.8407775614857975,-0.7947259202421064,-0.0460516412436911,20.01861255624111,18.310000228881837,16.601387901522564,16.884530252796008,19.122182437745924,TTNP
2022-12-02,17.600000381469727,19.0,17.0,18.799999237060547,18.799999237060547,1425,17.439999771118163,17.739999961853027,18.29000015258789,19.680000076293947,23.43000003814697,19.374999980926514,50.739611128845205,-0.6974609168167767,-0.7752729195570405,0.07781200274026379,19.965516696366564,18.29000015258789,16.614483608809216,37.03703507474327,22.984747255396723,TTNP
2022-12-05,17.799999237060547,19.399999618530273,17.600000381469727,18.0,18.0,1450,17.479999923706053,17.739999961853027,18.23000011444092,19.616000061035155,23.362000045776366,19.357999982833864,45.68669502830847,-0.641045126749674,-0.7484273609955672,0.10738223424589322,19.856086048731346,18.23000011444092,16.603914180150493,53.70370174140994,35.875089022983204,TTNP
2022-12-06,17.799999237060547,19.399999618530273,17.799999237060547,19.200000762939453,19.200000762939453,2075,17.960000228881835,17.839999961853028,18.210000133514406,19.57200008392334,23.31000005722046,19.347999982833862,53.21322351466837,-0.49381280726888477,-0.6975044502502307,0.2036916429813459,19.776957559239396,18.210000133514406,16.643042707789416,68.51852636769307,53.086421061282216,TTNP
2022-12-07,19.399999618530273,20.0,19.399999618530273,19.799999237060547,19.799999237060547,4080,18.679999923706056,17.999999809265137,18.250000095367433,19.54400005340576,23.24200004577637,19.343999977111817,56.46193337058423,-0.3249692278908718,-0.6229974057783589,0.29802817788748714,19.932187676550907,18.250000095367433,16.56781251418396,76.02339654194036,66.08187488368124,TTNP
2022-12-08,18.799999237060547,18.799999237060547,17.799999237060547,18.399999618530273,18.399999618530273,3690,18.839999771118165,18.039999771118165,18.220000076293946,19.460000038146973,23.172000045776368,19.33599997520447,48.07390883492258,-0.30066190047870833,-0.5585303047184288,0.25786840423972046,19.868682900159783,18.220000076293946,16.57131725242811,78.65496932520762,74.39896407828047,TTNP
2022-12-09,18.399999618530273,19.600000381469727,18.0,19.600000381469727,19.600000381469727,3145,19.0,18.219999885559083,18.320000076293944,19.428000030517577,23.098000049591064,19.334999980926515,54.33595943249166,-0.18246479505829427,-0.4833172027864019,0.3008524077281076,20.04689187888357,18.320000076293944,16.593108273704317,80.70174381893428,78.46003656202754,TTNP
2022-12-12,19.799999237060547,21.600000381469727,19.600000381469727,20.799999237060547,20.799999237060547,2005,19.559999847412108,18.51999988555908,18.45,19.412000007629395,23.032000045776368,19.338999977111815,59.58476026134672,0.007945550033980453,-0.38506465222232544,0.3930102022563059,20.48513011319577,18.45,16.41486988680423,77.51785781048854,78.95819031821026,TTNP
2022-12-13,19.799999237060547,21.600000381469727,19.799999237060547,20.600000381469727,20.600000381469727,1570,19.839999771118165,18.9,18.54000005722046,19.368000030517578,22.958000049591064,19.339999980926514,58.380324551687856,0.14108257209579733,-0.2798352073587009,0.4209177794544982,20.778158892359876,18.54000005722046,16.301841222081045,85.38011175164998,81.1999044603577,TTNP
2022-12-14,21.799999237060547,21.799999237060547,19.200000762939453,19.200000762939453,19.200000762939453,1085,19.720000076293946,19.2,18.54000005722046,19.296000061035155,22.896000061035156,19.33899998664856,50.66056850925167,0.13210354491565113,-0.19744745690383048,0.3295510018194816,20.778158892359876,18.54000005722046,16.301841222081045,73.41269542921304,78.77022166378396,TTNP
2022-12-15,19.399999618530273,20.0,17.600000381469727,17.799999237060547,17.799999237060547,10980,19.6,19.219999885559083,18.469999980926513,19.212000045776367,22.81200004577637,19.328999986648558,44.345578460736235,0.011882207654075216,-0.15558152399224934,0.16746373164632455,20.708784245889476,18.469999980926513,16.23121571596355,54.54144415015213,71.1114171103385,TTNP
2022-12-16,18.200000762939453,19.0,18.0,19.0,19.0,3155,19.479999923706053,19.239999961853027,18.489999961853027,19.136000061035155,22.750000038146972,19.324999990463258,50.08859543038254,0.013282848066481279,-0.12180864958050322,0.1350914976469845,20.740189947457118,18.489999961853027,16.239809976248935,44.04761742572341,57.3339190016963,TTNP
2022-12-19,19.799999237060547,19.799999237060547,17.0,17.399999618530273,17.399999618530273,5500,18.8,19.179999923706056,18.45999994277954,19.064000053405763,22.670000038146974,19.317999992370606,43.62467659936866,-0.11340651364293919,-0.12012822239299041,0.006721708750051222,20.75114706243398,18.45999994277954,16.1688528231251,33.33332198006446,43.97412785198011,TTNP
2022-12-20,16.799999237060547,18.0,16.600000381469727,17.0,17.0,530,18.079999923706055,18.95999984741211,18.39999990463257,18.98800006866455,22.57600004196167,19.313999996185302,42.159869379950536,-0.2432809801226128,-0.1447587739389149,-0.09852220618369789,20.776500516345017,18.39999990463257,16.02349929292012,26.37361962692481,34.58485301090433,TTNP
2022-12-21,16.600000381469727,16.799999237060547,15.399999618530273,15.399999618530273,15.399999618530273,1670,17.31999969482422,18.51999988555908,18.25999984741211,18.896000061035156,22.478000030517578,19.300999994277955,36.83237320897848,-0.4698974047453284,-0.20978650010019761,-0.26011090464513076,20.973181652114857,18.25999984741211,15.546818042709363,9.706952960258144,23.137964855749242,TTNP
2022-12-22,16.399999618530273,16.399999618530273,14.600000381469727,15.800000190734863,15.800000190734863,2580,16.919999885559083,18.25999994277954,18.149999856948853,18.804000072479248,22.37800004005432,19.282999997138976,38.91070190714883,-0.6101820518408729,-0.2898656104483327,-0.32031644139254023,21.067148326225315,18.149999856948853,15.232851387672389,8.11965623864317,14.73340960860881,TTNP
2022-12-23,15.800000190734863,15.800000190734863,14.600000381469727,15.800000190734863,15.800000190734863,1070,16.279999923706054,17.879999923706055,18.049999904632568,18.72800006866455,22.268000049591066,19.258000001907348,38.91070190714881,-0.7131380340172591,-0.374520095162118,-0.3386179388551411,21.140267664779874,18.049999904632568,14.95973214448526,11.111111111111006,9.645906770004208,TTNP
2022-12-27,15.800000190734863,15.800000190734863,14.600000381469727,15.800000190734863,15.800000190734863,4370,15.960000038146973,17.380000019073485,17.949999952316283,18.64000005722046,22.136000051498414,19.23300000667572,38.91070190714883,-0.7856746236538292,-0.4567510008604602,-0.328923622793369,21.191875110816902,17.949999952316283,14.708124793815664,16.66666666666656,11.965811338807015,TTNP
2022-12-28,15.800000190734863,16.0,14.399999618530273,15.800000190734863,15.800000190734863,3300,15.720000076293946,16.9,17.9,18.564000053405763,22.002000045776366,19.215000009536745,38.910701907148834,-0.8335517280852898,-0.5321111463054261,-0.30144058177986366,21.240621802646803,17.9,14.559378197353194,17.417420320005473,15.06506603259445,TTNP
2022-12-29,15.800000190734863,16.0,15.0,15.600000381469727,15.600000381469727,1635,15.760000228881836,16.539999961853027,17.869999980926515,18.480000076293944,21.88600004196167,19.19600001335144,38.068354049025565,-0.877517515736951,-0.6011924201917311,-0.2763250955452199,21.281180743006974,17.869999980926515,14.458819218846056,17.267273885168166,17.117120290613503,TTNP
2022-12-30,15.800000190734863,16.0,14.600000381469727,15.600000381469727,15.600000381469727,6690,15.720000267028809,16.320000076293944,17.769999980926514,18.400000076293946,21.77400005340576,19.174000015258787,38.06835404902557,-0.9019634460539301,-0.6613466253641709,-0.2406168206897592,21.321359420796494,17.769999980926514,14.218640541056534,17.11712745033086,17.267273885168265,TTNP
2023-01-03,15.199999809265137,16.399999618530273,14.600000381469727,16.0,16.0,1170,15.760000228881836,16.020000076293947,17.630000019073485,18.32800006866455,21.674000053405763,19.154000015258788,41.029479027425936,-0.8789286532736043,-0.7048630309460575,-0.17406562232754674,21.228354393901927,17.630000019073485,14.031645644245042,18.018027538507074,17.467476291335462,TTNP
2023-01-04,17.0,17.0,16.0,16.399999618530273,16.399999618530273,1070,15.880000114440918,15.920000076293945,17.55,18.264000053405763,21.57400005340576,19.142000017166136,43.917220614688766,-0.8189563685256509,-0.7276816984619762,-0.09127467006367473,21.18287137049056,17.55,13.91712862950944,21.621627891211944,18.918927626683388,TTNP
2023-01-05,16.799999237060547,17.399999618530273,16.399999618530273,16.600000381469727,16.600000381469727,1195,16.04000015258789,15.880000114440918,17.419999980926512,18.212000045776367,21.462000064849853,19.125000019073486,45.358029809576166,-0.7466822228216792,-0.7314818033339168,-0.015200419487762407,20.992975453301767,17.419999980926512,13.847024508551257,29.311460514995506,22.983705314904938,TTNP
2023-01-06,17.0,18.799999237060547,16.799999237060547,18.0,18.0,1555,16.520000076293947,16.14000015258789,17.330000019073488,18.18400005340576,21.338000068664552,19.11400001525879,54.22347779330682,-0.5698670995204616,-0.6991588625712257,0.12929176305076417,20.745868059007968,17.330000019073488,13.914131979139007,44.32647736473299,31.753188590313574,TTNP
2023-01-09,18.0,19.799999237060547,17.799999237060547,18.799999237060547,18.799999237060547,1590,17.15999984741211,16.44000005722046,17.35,18.16800003051758,21.21800006866455,19.10600001335144,58.37906592650934,-0.3610249173449276,-0.6315320735259661,0.2705071561810385,20.79525096051166,17.35,13.904749039488342,62.47796128240526,45.371966387378016,TTNP
2023-01-10,18.799999237060547,19.799999237060547,17.799999237060547,18.799999237060547,18.799999237060547,380,17.719999694824217,16.739999961853027,17.30999994277954,18.136000022888183,21.090000057220458,19.098000011444093,58.37906592650934,-0.19328788096985505,-0.5438832350147439,0.35059535404488884,20.667283573450135,17.30999994277954,13.952716312108947,76.54321292899884,61.11588385871246,TTNP
2023-01-11,19.799999237060547,20.0,16.399999618530273,18.0,18.0,1755,18.039999771118165,16.95999994277954,17.169999980926512,18.076000022888184,20.966000061035157,19.087000007629396,52.81819719883628,-0.1234848670401405,-0.4598035614198232,0.3363186943796827,20.145257015280016,17.169999980926512,14.194742946573006,75.74955902170959,71.59024441103799,TTNP
2023-01-12,17.0,18.399999618530273,17.0,18.200000762939453,18.200000762939453,2175,18.35999984741211,17.2,17.05,18.04000003814697,20.852000064849854,19.081000013351442,53.997945848456155,-0.05143418424487933,-0.37812968598483443,0.3266955017399551,19.6294871993139,17.05,14.470512800686102,71.20811852082052,74.50029682384307,TTNP
2023-01-13,18.0,18.799999237060547,17.399999618530273,18.399999618530273,18.399999618530273,3030,18.439999771118163,17.479999923706053,17.00999994277954,18.012000045776368,20.744000053405763,19.07900001525879,55.204183705344775,0.0215562501204154,-0.29819249876378445,0.31974874888419985,19.477256178153624,17.00999994277954,14.542743707405457,67.85714731735395,71.60494161996144,TTNP
2023-01-17,18.0,18.799999237060547,17.799999237060547,18.200000762939453,18.200000762939453,745,18.320000076293944,17.739999961853027,17.030000019073487,17.980000076293944,20.632000064849855,19.07400001525879,53.688116066746915,0.06254250793645966,-0.22604549742373564,0.2885880053601953,19.528830531971174,17.030000019073487,14.531169506175802,69.04762796804134,69.37096460207202,TTNP
2023-01-18,17.600000381469727,18.399999618530273,17.600000381469727,18.0,18.0,250,18.160000228881835,17.939999961853026,16.980000019073486,17.956000061035155,20.512000064849854,19.06800001144409,52.14586428630076,0.07798703644176186,-0.16523899065063613,0.243226027092398,19.356163721308214,16.980000019073486,14.603836316838759,67.85714731735395,68.2539742009165,TTNP
2023-01-19,18.200000762939453,18.200000762939453,17.399999618530273,17.600000381469727,17.600000381469727,640,18.08000030517578,18.060000038146974,16.99000005722046,17.924000053405763,20.386000061035155,19.062000017166138,49.107515110907535,0.057289907878640633,-0.12073321094478077,0.17802311882342142,19.37481747034282,16.99000005722046,14.6051826440981,62.56614495643894,66.49030674727815,TTNP
2023-01-20,17.399999618530273,18.200000762939453,17.200000762939453,18.200000762939453,18.200000762939453,625,18.08000030517578,18.220000076293946,17.05000009536743,17.896000061035156,20.274000072479247,19.063000020980834,53.485578721737326,0.08828461071276905,-0.0789296466132708,0.16721425732603984,19.49248948478519,17.05000009536743,14.607510705949672,62.16931821304079,64.19753682894465,TTNP
2023-01-23,17.600000381469727,18.399999618530273,17.200000762939453,17.600000381469727,17.600000381469727,665,17.92000045776367,18.18000011444092,17.160000133514405,17.86800006866455,20.156000080108644,19.063000020980834,48.95063956403789,0.06369883907568052,-0.05040394947548053,0.11410278855116106,19.490955759878545,17.160000133514405,14.829044507150263,59.25926580023571,61.33157632323857,TTNP
2023-01-24,17.799999237060547,20.0,17.799999237060547,19.600000381469727,19.600000381469727,4825,18.200000381469728,18.260000228881836,17.350000143051147,17.880000076293946,20.092000083923338,19.071000022888185,60.86273976817891,0.20325472922809595,0.0003277862652347682,0.20292694296286118,19.821791879972995,17.350000143051147,14.8782084061293,70.74074915243627,64.05644438857102,TTNP
2023-01-25,19.0,21.0,17.600000381469727,20.0,20.0,5505,18.600000381469727,18.38000030517578,17.560000133514404,17.928000068664552,20.028000087738036,19.081000022888183,62.735604362399776,0.34218589787154485,0.06869940858649679,0.27348648928504804,20.17865518614478,17.560000133514404,14.941345080884027,74.60548012829618,68.20183169365616,TTNP
2023-01-26,20.600000381469727,20.600000381469727,18.600000381469727,20.399999618530273,20.399999618530273,5370,19.160000228881835,18.620000267028807,17.790000104904173,17.97200004577637,19.966000080108643,19.096000022888184,64.56189996204411,0.4790443511601765,0.15076839710123274,0.3282759540589438,20.553938199827932,17.790000104904173,15.026062009980414,85.07246514424338,76.80623147499205,TTNP
2023-01-27,21.0,21.600000381469727,20.0,21.0,21.0,4220,19.720000076293946,18.900000190734865,18.05000009536743,18.016000061035157,19.910000076293944,19.113000020980834,67.16166862383756,0.6286737184846345,0.24634946137791308,0.3823242571067214,20.989005666309993,18.05000009536743,15.110994524424868,84.55963957149432,81.41252828134473,TTNP
2023-01-30,21.799999237060547,21.799999237060547,19.799999237060547,19.799999237060547,19.799999237060547,1770,20.15999984741211,19.04000015258789,18.260000038146973,18.02800003051758,19.844000072479247,19.12100001335144,57.99758827736029,0.6430137748321663,0.32568232406876374,0.3173314507634025,21.06594970300681,18.260000038146973,15.454050373287135,79.46033589768369,83.03081353780725,TTNP
2023-01-31,19.799999237060547,21.0,19.799999237060547,20.399999618530273,20.399999618530273,865,20.31999969482422,19.260000038146973,18.5,18.052000007629395,19.78800006866455,19.137000007629396,60.87237472566138,0.6947843477022353,0.39950272879545806,0.29528161890677723,21.17278012583771,18.5,15.827219874162287,75.16619082397443,79.7287220977176,TTNP
2023-02-01,19.799999237060547,21.399999618530273,19.799999237060547,19.799999237060547,19.799999237060547,1410,20.27999954223633,19.439999961853026,18.689999961853026,18.075999984741213,19.72400005340576,19.14800000190735,56.69358995870915,0.679564289204535,0.45551504087727346,0.22404924832726159,21.157256183312033,18.689999961853026,16.22274374039402,65.12345545467376,73.24999405877742,TTNP
2023-02-02,19.799999237060547,21.0,19.0,19.399999618530273,19.399999618530273,2730,20.07999954223633,19.619999885559082,18.839999961853028,18.103999977111815,19.63000005722046,19.16300000190735,54.03064234459912,0.6279866180862079,0.49000935631906034,0.13797726176714759,21.087076473754816,18.839999961853028,16.59292344995124,60.07782798667758,66.78915808844205,TTNP
2023-02-03,20.799999237060547,20.799999237060547,19.0,19.399999618530273,19.399999618530273,3335,19.759999465942382,19.739999771118164,18.979999923706053,18.127999954223633,19.532000045776368,19.178999996185304,54.03064234459911,0.5804202191406667,0.5080915288833816,0.07232869025728506,20.987524068551572,18.979999923706053,16.972475778860534,51.32849419858707,58.843259213312926,TTNP
2023-02-06,20.0,20.200000762939453,19.200000762939453,20.0,20.0,1375,19.799999618530272,19.97999973297119,19.079999923706055,18.163999938964842,19.442000045776368,19.19999999523163,57.50317593718387,0.5844019003217689,0.5233536031710591,0.06104829715070981,21.081537645851874,19.079999923706055,17.078462201560235,52.173908236044575,54.52674347376986,TTNP
2023-02-07,20.0,20.0,19.200000762939453,19.799999237060547,19.799999237060547,1580,19.679999542236327,19.999999618530275,19.129999923706055,18.199999923706056,19.352000045776368,19.220999989509583,55.98502583672295,0.5649071235730823,0.5316643072514637,0.03324281632161852,21.150928665278688,19.129999923706055,17.109071182133423,55.07245715789467,52.858286530842214,TTNP
2023-02-08,19.799999237060547,20.0,19.200000762939453,20.0,20.0,1875,19.719999694824217,19.999999618530275,19.189999961853026,18.243999938964844,19.29000003814697,19.244999990463256,57.201862901763924,0.5591502268839754,0.5371614911779661,0.021988735706009344,21.239232231781703,19.189999961853026,17.14076769192435,59.420287451355556,55.555550948431716,TTNP
2023-02-09,20.200000762939453,20.200000762939453,18.399999618530273,18.600000381469727,18.600000381469727,1905,19.559999847412108,19.81999969482422,19.219999980926513,18.259999961853026,19.220000038146974,19.26399999141693,47.3365750979959,0.436586874132157,0.5170465677688043,-0.08045969363664729,21.21553319555059,19.219999980926513,17.224466766302434,49.275359314194475,54.58936797448168,TTNP
2023-02-10,20.0,20.0,18.799999237060547,19.399999618530273,19.399999618530273,760,19.559999847412108,19.659999656677247,19.279999923706054,18.31199996948242,19.16200002670288,19.290999989509583,52.389561264344145,0.39940370927294566,0.4935179960696326,-0.09411428679668693,21.220657835627247,19.279999923706054,17.33934201178486,44.72049653467002,51.1387144334068,TTNP
2023-02-13,18.399999618530273,19.799999237060547,18.399999618530273,19.600000381469727,19.600000381469727,230,19.479999923706053,19.639999771118163,19.339999961853028,18.379999961853027,19.118000030517578,19.31599998950958,53.58848489151061,0.3816744676459649,0.47114929038489906,-0.08947482273893415,21.241933994348237,19.339999961853028,17.43806592935782,40.303660458418506,44.76650543576111,TTNP
2023-02-14,19.799999237060547,19.799999237060547,18.799999237060547,18.799999237060547,18.799999237060547,465,19.279999923706054,19.47999973297119,19.369999885559082,18.403999938964844,19.080000019073488,19.339999985694885,48.3442972125005,0.29961671447941285,0.4368427752038018,-0.13722606072438898,21.21720144579136,19.369999885559082,17.522798325326804,34.08029764879691,39.70148488062859,TTNP
2023-02-15,19.799999237060547,19.799999237060547,18.600000381469727,19.0,19.0,320,19.079999923706055,19.399999809265136,19.419999885559083,18.407999954223634,19.04400001525879,19.364999985694887,49.67033682799003,0.2478664933500241,0.3990475188330463,-0.1511810254830222,21.16761358712498,19.419999885559083,17.672386183993186,25.676942866668472,33.35363365796141,TTNP
2023-02-16,19.0,19.0,18.600000381469727,19.0,19.0,665,19.15999984741211,19.35999984741211,19.489999866485597,18.427999954223633,19.022000007629394,19.389999985694885,49.67033682799002,0.20449675892272623,0.3601373668509823,-0.15564060792825607,21.041564883614665,19.489999866485597,17.93843484935653,15.6862800096563,25.147840175040674,TTNP
2023-02-17,19.0,19.799999237060547,18.600000381469727,19.0,19.0,950,19.079999923706055,19.31999988555908,19.529999828338624,18.423999938964844,18.99800001144409,19.41399998664856,49.67033682799003,0.1681871748680308,0.321747328454392,-0.15356015358636121,20.984700639841414,19.529999828338624,18.075299016835835,18.431385587336006,19.931536154553708,TTNP
2023-02-21,20.0,20.0,18.799999237060547,19.600000381469727,19.600000381469727,635,19.079999923706055,19.279999923706054,19.629999828338622,18.419999961853026,18.982000007629395,19.44099998950958,54.086568990816716,0.18568611038552163,0.29453508484061797,-0.10884897445509634,20.784189974498297,19.629999828338622,18.475809682178948,25.882370056715903,20.000011884569517,TTNP
2023-02-22,19.399999618530273,19.799999237060547,18.799999237060547,19.0,19.0,1215,19.120000076293945,19.2,19.599999809265135,18.431999969482423,18.946000003814696,19.464999990463255,49.416880774375656,0.14941674327616283,0.2655114165277269,-0.11609467325156408,20.786488263609915,19.599999809265135,18.413511354920356,27.692324169993437,24.002026604681898,TTNP
2023-02-23,19.200000762939453,20.0,18.399999618530273,18.399999618530273,18.399999618530273,1835,19.0,19.039999961853027,19.51999979019165,18.407999954223634,18.917999992370607,19.489999990463257,45.213034809715616,0.07143453926097365,0.22669604107437627,-0.15526150181340262,20.799904044861194,19.51999979019165,18.24009553552211,21.025653264774252,24.86678249716131,TTNP
2023-02-24,18.799999237060547,19.0,18.200000762939453,18.200000762939453,18.200000762939453,765,18.84000015258789,19.0,19.40999984741211,18.35599998474121,18.883999996185302,19.525999994277953,43.87325930915817,-0.006431022612996884,0.18007062833690163,-0.1865016509498985,20.745422813475503,19.40999984741211,18.074576881348715,7.692311454335882,18.803429629701302,TTNP
2023-02-27,18.799999237060547,19.200000762939453,18.0,19.0,19.0,595,18.84000015258789,18.960000038146973,19.309999847412108,18.323999977111818,18.846000003814698,19.567999992370606,50.22673339489252,-0.003545913744602558,0.1433473199206008,-0.14689323366520335,20.437543361525645,19.309999847412108,18.18245633329857,15.151509897112904,14.623158205407792,TTNP
2023-02-28,18.799999237060547,18.799999237060547,18.600000381469727,18.600000381469727,18.600000381469727,435,18.64000015258789,18.86000003814697,19.249999904632567,18.31199996948242,18.80400001525879,19.608999996185304,47.34114185440104,-0.0331538930182802,0.10804707733282459,-0.1412009703511048,20.39444491058161,19.249999904632567,18.105554898683526,24.242421615223055,15.69541432222406,TTNP
2023-03-01,18.799999237060547,18.799999237060547,18.0,18.0,18.0,1320,18.440000152587892,18.780000114440917,19.129999923706055,18.31599998474121,18.764000015258787,19.648999996185303,43.32071495073488,-0.10383648392808098,0.06567036508064347,-0.16950684900872445,20.270243088068458,19.129999923706055,17.989756759343653,24.242421615223055,21.212117709186455,TTNP
2023-03-02,18.799999237060547,18.799999237060547,18.0,18.600000381469727,18.600000381469727,525,18.480000305175782,18.74000015258789,19.069999980926514,18.307999992370604,18.72200002670288,19.685,48.070082271661775,-0.11016798217119117,0.030502695630276543,-0.14067067780146772,20.188997116006053,19.069999980926514,17.951002845846975,19.090918075938806,22.525253768795086,TTNP
2023-03-03,18.600000381469727,18.799999237060547,17.799999237060547,18.799999237060547,18.799999237060547,820,18.6,18.720000076293946,19.039999961853027,18.33599998474121,18.700000019073485,19.7289999961853,49.58650020459714,-0.09791875747497514,0.004818405009226204,-0.10273716248420134,20.154160951976387,19.039999961853027,17.925838971729668,25.15151625494168,22.828285315367964,TTNP
2023-03-06,17.799999237060547,18.600000381469727,17.799999237060547,18.0,18.0,880,18.4,18.620000076293945,18.969999980926513,18.35599998474121,18.672000026702882,19.76999999523163,44.04593742506786,-0.15102350623946137,-0.026349977240511312,-0.12467352899895005,20.15834115927686,18.969999980926513,17.781658802576167,28.181829794048962,24.141421374976602,TTNP
2023-03-07,18.399999618530273,18.799999237060547,18.0,18.200000762939453,18.200000762939453,335,18.320000076293944,18.48000011444092,18.880000019073485,18.412000007629395,18.654000034332274,19.820999999046325,45.68003018574767,-0.17495424847014718,-0.05607083148643849,-0.11888341698370869,20.014087553133805,18.880000019073485,17.745912485013164,24.242450514434747,25.85859885447525,TTNP
2023-03-08,18.200000762939453,18.399999618530273,17.600000381469727,17.600000381469727,17.600000381469727,1115,18.24000015258789,18.34000015258789,18.770000076293947,18.44800001144409,18.62600004196167,19.87,41.74163662755077,-0.23957290317303048,-0.0927712458237569,-0.14680165734927358,19.95158997448122,18.770000076293947,17.588410178106674,9.09094061732172,20.505073641935265,TTNP
2023-03-09,18.0,18.0,17.0,17.200000762939453,17.200000762939453,530,17.960000228881835,18.22000026702881,18.630000114440918,18.476000022888183,18.602000045776368,19.917000002861023,39.30847130234562,-0.31937868023698357,-0.13809273270640224,-0.18128594753058133,19.858069467753808,18.630000114440918,17.40193076112803,8.282857777541698,13.872082969766176,TTNP
2023-03-10,17.0,17.600000381469727,16.399999618530273,17.200000762939453,17.200000762939453,555,17.640000534057616,18.120000267028807,18.560000133514404,18.504000034332275,18.572000045776367,19.96100000858307,39.30847130234562,-0.37826493086843627,-0.18612717233880904,-0.19213775852962722,19.93744486180337,18.560000133514404,17.182555405225436,9.629647918197666,9.001148771020482,TTNP
2023-03-13,16.600000381469727,17.200000762939453,15.0,16.799999237060547,16.799999237060547,2250,17.400000381469727,17.900000190734865,18.43000011444092,18.52400001525879,18.544000034332274,20.00700000524521,36.81933046418191,-0.45199912438634016,-0.23930156274831527,-0.2126975616380249,19.94926137037835,18.43000011444092,16.91073885850349,21.629642831934646,13.180716175891456,TTNP
2023-03-14,15.0,16.799999237060547,14.800000190734863,16.0,16.0,2345,16.960000228881835,17.64000015258789,18.250000095367433,18.532000007629396,18.50600004196167,20.049000005722046,32.40031826914311,-0.5684346952056387,-0.30512818923977997,-0.26330650596585875,20.00663173649028,18.250000095367433,16.493368454244585,27.09971888440783,19.4530032115135,TTNP
2023-03-15,16.0,16.0,15.199999809265137,15.399999618530273,15.399999618530273,1315,16.520000076293947,17.380000114440918,18.080000114440917,18.527999992370606,18.464000034332276,20.086000003814696,29.537043821401877,-0.7010445353071688,-0.38431145845325776,-0.31673307685391106,20.20935576368217,18.080000114440917,15.950644465199666,24.237751284988786,24.322371000443876,TTNP
2023-03-16,16.399999618530273,16.399999618530273,15.399999618530273,16.0,16.0,1845,16.279999923706054,17.120000076293945,17.93000011444092,18.527999992370606,18.428000030517577,20.124000005722046,35.660235460127936,-0.749088743869958,-0.4572669155365978,-0.29182182833336023,20.197191244073476,17.93000011444092,15.662808984808361,21.328662834959264,24.222044334785412,TTNP
2023-03-17,16.0,16.200000762939453,15.199999809265137,15.600000381469727,15.600000381469727,765,15.95999984741211,16.800000190734863,17.760000133514403,18.512000007629396,18.388000030517578,20.160000009536745,33.56607349486177,-0.8101023954315991,-0.5278340115155981,-0.28226838391600106,20.185150735917222,17.760000133514403,15.334849531111583,20.303025928740634,21.95648001622968,TTNP
2023-03-20,15.199999809265137,16.399999618530273,15.0,15.199999809265137,15.199999809265137,820,15.639999961853027,16.520000171661376,17.57000012397766,18.483999996185304,18.348000020980834,20.194000010490416,31.569525155603053,-0.8805820553160792,-0.5983836202756943,-0.282198435040385,20.166181132323054,17.57000012397766,14.973819115632269,19.090907258436122,20.240865340712123,TTNP
2023-03-21,16.200000762939453,16.200000762939453,15.399999618530273,15.399999618530273,15.399999618530273,320,15.519999885559082,16.24000005722046,17.360000085830688,18.43199998855591,18.308000020980835,20.23000000953674,33.693214153392645,-0.9098116381865751,-0.6606692238578704,-0.24914241432870465,19.944831994031166,17.360000085830688,14.77516817763021,14.999997218449122,18.131310135208746,TTNP
2023-03-22,15.0,15.399999618530273,15.0,15.0,15.0,725,15.439999961853028,15.980000019073486,17.16000008583069,18.356000003814696,18.262000017166137,20.263000011444092,31.58216684434413,-0.9542528862079074,-0.7193859563278778,-0.23486692988002955,19.824086445350623,17.16000008583069,14.495913726310752,9.999992847440796,14.696965774775464,TTNP
2023-03-23,15.0,15.800000190734863,15.0,15.0,15.0,885,15.239999961853027,15.75999994277954,16.990000104904176,18.280000019073487,18.208000020980833,20.297000012397767,31.58216684434413,-0.978196851054161,-0.7711481352731344,-0.20704871578102657,19.748143767380565,16.990000104904176,14.23185644242779,8.33332737286731,11.111105812919192,TTNP
2023-03-24,15.0,15.0,14.399999618530273,15.0,15.0,370,15.119999885559082,15.539999866485596,16.8300000667572,18.220000019073485,18.148000020980835,20.32600001335144,31.582166844344133,-0.9858088252094408,-0.8140802732603957,-0.17172855194904513,19.659161811699573,16.8300000667572,14.000838321814829,7.878788778604147,8.737369666304199,TTNP
2023-03-27,15.399999618530273,15.399999618530273,14.199999809265137,14.600000381469727,14.600000381469727,840,15.0,15.319999980926514,16.610000085830688,18.148000011444093,18.094000024795534,20.343000016212464,29.290084585292515,-1.0124471354963678,-0.85375364570759,-0.15869348978877773,19.414167696697813,16.610000085830688,13.805832474963562,9.386731164108769,8.532949105193524,TTNP
2023-03-28,14.199999809265137,15.0,14.199999809265137,14.600000381469727,14.600000381469727,935,14.84000015258789,15.180000019073486,16.41000008583069,18.07200002670288,18.042000036239624,20.35600001811981,29.290084585292508,-1.0217797474249135,-0.8873588660510547,-0.13442088137385877,19.188372904012894,16.41000008583069,13.631627267648485,11.228842462580966,9.498120801764742,TTNP
2023-03-29,14.800000190734863,15.800000190734863,14.600000381469727,14.800000190734863,14.800000190734863,885,14.800000190734863,15.120000076293945,16.250000095367433,18.00400001525879,17.99200004577637,20.37700001716614,32.1457334683038,-1.001493008482539,-0.9101856945373517,-0.09130731394518743,19.01220130383336,16.250000095367433,13.487798886901505,12.565740324225617,11.060437983638565,TTNP
2023-03-30,15.0,16.799999237060547,15.0,15.800000190734863,15.800000190734863,825,14.960000228881835,15.100000095367431,16.110000085830688,17.960000019073487,17.958000040054323,20.406000018119812,44.26571655315862,-0.8944137342857221,-0.9070313024870258,0.012617568201303664,18.657028789883228,16.110000085830688,13.562971381778148,27.168908829074894,16.987830538627275,TTNP
2023-03-31,16.0,16.799999237060547,15.800000190734863,16.600000381469727,16.600000381469727,495,15.280000305175781,15.200000095367432,16.000000143051146,17.940000019073487,17.932000036239625,20.438000020980834,51.69863000996669,-0.7365092878987038,-0.8729268995693614,0.13641761167065758,18.244940284979972,16.000000143051146,13.75506000112232,54.429376932871314,31.388008695390724,TTNP
2023-04-03,17.0,17.0,16.0,16.399999618530273,16.399999618530273,200,15.640000152587891,15.320000076293946,15.920000123977662,17.903999996185302,17.90000002861023,20.462000017166137,49.90669717005095,-0.6203561866288467,-0.8224127569812585,0.20205657035241176,17.98062048181984,15.920000123977662,13.859379766135485,74.73749337750809,52.111926379818215,TTNP
2023-04-04,15.600000381469727,17.0,15.600000381469727,16.0,16.0,880,15.920000076293945,15.380000114440918,15.810000085830689,17.87199998855591,17.870000028610228,20.488000016212464,46.439765217395376,-0.5541922599140907,-0.768768657567825,0.21457639765373426,17.58745771932966,15.810000085830689,14.032542452331716,78.38828925209963,69.18505318749312,TTNP
2023-04-05,16.200000762939453,16.399999618530273,15.800000190734863,16.0,16.0,330,16.160000038146972,15.480000114440918,15.730000066757203,17.799999980926515,17.84000002861023,20.511000018119812,46.439765217395376,-0.49603884428385037,-0.7142226949110301,0.2181838506271797,17.311188040552878,15.730000066757203,14.148812092961528,69.04761661477643,74.05779974812816,TTNP
2023-04-06,16.200000762939453,16.600000381469727,15.800000190734863,16.0,16.0,365,16.2,15.580000114440917,15.670000028610229,17.719999980926513,17.82400002479553,20.533000016212462,46.43976521739537,-0.44482418708883387,-0.6603429933465909,0.215518806257757,17.1081081516666,15.670000028610229,14.23189190555386,64.28571671855663,70.57387419514434,TTNP
2023-04-10,16.200000762939453,16.200000762939453,15.0,15.600000381469727,15.600000381469727,375,16.0,15.640000152587891,15.590000009536743,17.623999996185304,17.798000020980837,20.55100001811981,42.73214507643709,-0.43153832339043596,-0.6145820593553599,0.18304373596492396,16.845131278410243,15.590000009536743,14.334868740663241,59.52381682233682,64.28571671855673,TTNP
2023-04-11,16.200000762939453,17.0,15.800000190734863,15.800000190734863,15.800000190734863,250,15.880000114440918,15.760000133514405,15.540000057220459,17.52,17.768000030517577,20.572000017166136,45.09257432459288,-0.40025695452990817,-0.5717170383902695,0.17146008386036138,16.671969540146783,15.540000057220459,14.408030574294134,57.14286687422692,60.317466805040226,TTNP
2023-04-12,15.800000190734863,16.399999618530273,15.0,15.600000381469727,15.600000381469727,645,15.800000190734863,15.860000133514404,15.520000076293945,17.436000022888184,17.73200002670288,20.59100001811981,43.17607819622732,-0.38714182747765413,-0.5348019962077465,0.14766016873009236,16.6327241803012,15.520000076293945,14.40727597228669,52.380966978007116,56.349216891523724,TTNP
2023-04-13,15.399999618530273,16.399999618530273,15.399999618530273,16.200000762939453,16.200000762939453,1020,15.840000343322753,16.000000190734863,15.560000133514404,17.352000045776368,17.70200002670288,20.602000021934508,50.03666084117039,-0.3245912920633156,-0.4927598553788603,0.1681685633155447,16.70950223360954,15.560000133514404,14.410498033419266,59.52382817560172,56.34922067594536,TTNP
2023-04-14,15.800000190734863,16.399999618530273,15.800000190734863,15.800000190734863,15.800000190734863,1030,15.800000381469726,16.000000190734863,15.550000143051147,17.272000064849852,17.674000024795532,20.605000023841857,46.045402497566265,-0.3037942938141214,-0.4549667430659125,0.15117244925179113,16.68743370501326,15.550000143051147,14.412566581089036,59.52382817560172,57.1428744430703,TTNP
2023-04-17,16.200000762939453,16.200000762939453,15.600000381469727,16.0,16.0,375,15.88000030517578,15.94000015258789,15.57000012397766,17.204000072479246,17.654000024795533,20.623000025749207,48.267379943382785,-0.26808390534344184,-0.41759017552141836,0.14950627017797652,16.724190351111822,15.57000012397766,14.415809896843498,64.28572807182152,61.111128141008436,TTNP
2023-04-18,15.600000381469727,16.200000762939453,15.600000381469727,16.0,16.0,455,15.920000267028808,15.900000190734863,15.610000133514404,17.136000080108644,17.63200001716614,20.64700002670288,48.26737994338279,-0.23705059351776825,-0.38148225912068834,0.1444316656029201,16.76557575174913,15.610000133514404,14.45442451527968,59.920636767792466,61.243397671738684,TTNP
2023-04-19,15.199999809265137,16.0,15.199999809265137,15.800000190734863,15.800000190734863,460,15.960000228881835,15.88000020980835,15.630000162124634,17.05200008392334,17.60800001144409,20.673000025749207,46.06713148020248,-0.22598971469524187,-0.35038375023559903,0.12439403554035716,16.784190339682414,15.630000162124634,14.475809984566855,54.206350988631165,59.47090527608183,TTNP
2023-04-20,15.199999809265137,16.0,15.0,15.199999809265137,15.199999809265137,720,15.760000038146973,15.800000190734863,15.640000152587891,16.96000009536743,17.580000009536743,20.688000025749208,40.15357383061786,-0.2626116809236638,-0.332829336373212,0.07021765544954817,16.775497834914972,15.640000152587891,14.50450247026081,36.111108903531196,50.07936555331839,TTNP
2023-04-21,15.800000190734863,15.800000190734863,15.199999809265137,15.199999809265137,15.199999809265137,350,15.639999961853027,15.720000171661377,15.650000143051148,16.864000091552736,17.55400001525879,20.674000024795532,40.15357383061786,-0.28831137889837066,-0.3239257448782437,0.03561436597987305,16.76613409948088,15.650000143051148,14.533866186621418,19.99999682108548,36.77248557108273,TTNP
2023-04-24,16.0,16.0,15.0,15.199999809265137,15.199999809265137,175,15.479999923706055,15.680000114440919,15.660000133514405,16.79600008010864,17.528000020980834,20.635000023841858,40.153573830617866,-0.3051608701446682,-0.3201727699315286,0.015011899786860405,16.7560635588446,15.660000133514405,14.563936708184212,9.999990463256706,22.037032062624576,TTNP
2023-04-25,15.199999809265137,15.800000190734863,15.0,15.600000381469727,15.600000381469727,175,15.4,15.660000133514405,15.710000133514404,16.720000095367432,17.516000032424927,20.574000029563905,45.93261954036622,-0.2829755441914621,-0.3127333247835153,0.029757780592053196,16.693542268620394,15.710000133514404,14.726457998408415,16.666666666666536,15.555551317003022,TTNP
2023-04-26,15.600000381469727,15.800000190734863,15.0,15.800000190734863,15.800000190734863,540,15.4,15.680000114440919,15.770000123977661,16.644000091552734,17.512000026702882,20.524000034332275,48.604965745846336,-0.24641468529310906,-0.29946959688543406,0.053054911592325005,16.611519730557657,15.770000123977661,14.928480517397666,26.66667302449531,17.77777671813963,TTNP
2023-04-27,16.0,16.0,15.399999618530273,15.800000190734863,15.800000190734863,335,15.520000076293945,15.640000057220458,15.82000012397766,16.58400011062622,17.494000024795533,20.4860000371933,48.60496574584633,-0.21496199316143105,-0.28256807614063345,0.0676060829792024,16.534251672776513,15.82000012397766,15.105748575178806,36.666679382324084,26.666673024495424,TTNP
2023-04-28,15.0,15.800000190734863,15.0,15.600000381469727,15.600000381469727,450,15.600000190734864,15.620000076293945,15.810000133514404,16.516000118255615,17.462000036239623,20.446000037193297,45.96984914276048,-0.20382426196646364,-0.2668193133057995,0.06299505133933586,16.53066319875308,15.810000133514404,15.08933706827573,36.666679382324084,33.33334392971461,TTNP
2023-05-01,15.0,15.800000190734863,15.0,15.600000381469727,15.600000381469727,375,15.680000305175781,15.580000114440917,15.760000133514405,16.44800012588501,17.43800004005432,20.400000042915345,45.96984914276049,-0.19277533568019223,-0.25201051778067807,0.05923518210048584,16.38718045400995,15.760000133514405,15.132819813018859,37.61907013095495,36.98414296520115,TTNP
2023-05-02,15.399999618530273,16.0,15.0,15.600000381469727,15.600000381469727,285,15.680000305175781,15.54000015258789,15.720000171661377,16.380000133514404,17.402000036239624,20.356000046730042,45.96984914276048,-0.18192189957920668,-0.2379927941403838,0.056070894561177115,16.276916038369,15.720000171661377,15.163084304953758,38.57146087958582,37.619070130955066,TTNP
2023-05-03,15.199999809265137,16.0,15.199999809265137,15.199999809265137,15.199999809265137,750,15.560000228881837,15.480000114440918,15.680000162124633,16.292000122070313,17.35600004196167,20.299000043869018,40.486849023124485,-0.20325418874057632,-0.2310450730604223,0.02779088431984597,16.2649406498186,15.680000162124633,15.095059674430665,33.33335603987073,36.507962350137284,TTNP
2023-05-04,15.600000381469727,16.0,15.199999809265137,15.600000381469727,15.600000381469727,385,15.52000026702881,15.520000171661376,15.66000018119812,16.224000129699707,17.328000049591065,20.250000047683717,47.2610950904172,-0.18574235609865575,-0.22198452966806898,0.03624217356941323,16.226882347903214,15.66000018119812,15.093118014493026,35.71429544565881,35.87303745503857,TTNP
2023-05-05,15.399999618530273,15.800000190734863,15.199999809265137,15.399999618530273,15.399999618530273,620,15.480000114440918,15.54000015258789,15.630000162124634,16.16400012969971,17.28600004196167,20.192000045776368,44.531660829415785,-0.18586001410829134,-0.21475962655611344,0.028899612447822104,16.18511768978072,15.630000162124634,15.074882634468548,32.53966163526707,33.86243770693232,TTNP
2023-05-08,14.600000381469727,15.800000190734863,14.600000381469727,15.399999618530273,15.399999618530273,975,15.439999961853028,15.560000133514404,15.620000123977661,16.108000106811524,17.232000045776367,20.132000045776365,44.531660829415785,-0.18383413347073052,-0.20857452793903686,0.024740394468306337,16.184052886671207,15.620000123977661,15.055947361284117,46.82536618960813,38.35977442351145,TTNP
2023-05-09,15.399999618530273,15.399999618530273,15.0,15.399999618530273,15.399999618530273,865,15.399999809265136,15.540000057220459,15.600000095367431,16.03600009918213,17.18000003814697,20.069000043869018,44.531660829415785,-0.18015192917098055,-0.2028900081854256,0.02273807901444505,16.165469417433194,15.600000095367431,15.034530773301668,49.20630559539621,42.85711114009058,TTNP
2023-05-10,15.600000381469727,15.600000381469727,15.199999809265137,15.600000381469727,15.600000381469727,1030,15.479999923706055,15.520000076293945,15.600000095367431,15.976000099182128,17.144000034332276,20.020000047683716,48.26347623294042,-0.1592595210187877,-0.19416391075209802,0.03490438973331031,16.165469417433194,15.600000095367431,15.034530773301668,61.90474244201531,52.64547140900666,TTNP
2023-05-11,15.399999618530273,15.800000190734863,15.199999809265137,15.399999618530273,15.399999618530273,225,15.439999771118163,15.480000019073486,15.560000038146972,15.924000091552735,17.120000038146973,19.96600004196167,45.00285928410062,-0.15703037867228353,-0.1867372043361351,0.029706825663851577,16.05935503593572,15.560000038146972,15.060645040358223,61.90474244201531,57.67193015980905,TTNP
2023-05-12,14.800000190734863,15.800000190734863,14.800000190734863,15.800000190734863,15.800000190734863,445,15.519999885559082,15.5,15.560000038146972,15.868000087738038,17.08800004005432,19.91900003910065,51.98897540849645,-0.12158550208622465,-0.17370686388615303,0.05212136179992838,16.05935503593572,15.560000038146972,15.060645040358223,71.42856818478022,65.07935102293705,TTNP
2023-05-15,15.600000381469727,15.800000190734863,15.199999809265137,15.199999809265137,15.199999809265137,680,15.479999923706055,15.459999942779541,15.52000002861023,15.796000099182129,17.06600004196167,19.868000040054323,43.137320883522754,-0.1402929881592776,-0.16702408874077795,0.026731100581500356,15.999745221850938,15.52000002861023,15.040254835369522,61.904742442015326,65.07935102293706,TTNP
2023-05-16,15.600000381469727,15.600000381469727,15.0,15.600000381469727,15.600000381469727,495,15.520000076293945,15.459999942779541,15.500000047683717,15.748000106811524,17.052000045776367,19.81400004386902,49.33100759777743,-0.12144219242059862,-0.1579077094767421,0.03646551705614348,15.928667133280495,15.500000047683717,15.071332962086938,66.66666666666653,66.6666590978208,TTNP
2023-05-17,15.600000381469727,15.800000190734863,15.0,15.800000190734863,15.800000190734863,735,15.560000038146972,15.519999980926514,15.500000047683717,15.700000095367432,17.056000051498412,19.767000041007996,52.138153698564636,-0.08933469311221387,-0.14419310620383646,0.05485841309162259,15.928667133280495,15.500000047683717,15.071332962086938,66.66666666666653,65.0793585917829,TTNP
2023-05-18,15.800000190734863,15.800000190734863,15.600000381469727,15.800000190734863,15.800000190734863,190,15.640000152587891,15.539999961853027,15.530000066757202,15.664000091552735,17.056000051498412,19.717000045776366,52.13815369856465,-0.06316118575536223,-0.1279867221141416,0.06482553635877938,15.9544473005241,15.530000066757202,15.105552832990304,80.95239392754513,71.42857575362616,TTNP
2023-05-19,15.800000190734863,16.399999618530273,15.399999618530273,16.399999618530273,16.399999618530273,2385,15.760000038146973,15.639999961853027,15.59000005722046,15.648000068664551,17.06200004577637,19.665000047683716,59.872975714845886,0.00592811123730641,-0.101203755443852,0.10713186668115841,16.133466034865773,15.59000005722046,15.046534079575148,90.47619696377251,79.3650858526615,TTNP
2023-05-22,16.399999618530273,16.600000381469727,16.200000762939453,16.200000762939453,16.200000762939453,555,15.960000228881835,15.720000076293946,15.640000104904175,15.628000068664551,17.066000051498413,19.601000051498414,56.59004102178361,0.04403602084269487,-0.07215580018654262,0.11619182102923749,16.213895028473914,15.640000104904175,15.066105181334436,88.5714381730483,86.66667635478876,TTNP
2023-05-23,16.200000762939453,16.600000381469727,15.600000381469727,15.600000381469727,15.600000381469727,1515,15.960000228881835,15.740000152587891,15.640000104904175,15.604000091552734,17.064000053405763,19.533000049591063,48.073789877323314,0.025527531888162258,-0.05261913377160164,0.0781466656597639,16.213895028473914,15.640000104904175,15.066105181334436,76.66667302449532,85.23810272043882,TTNP
2023-05-24,15.199999809265137,15.800000190734863,15.199999809265137,15.399999618530273,15.399999618530273,400,15.880000114440918,15.720000076293946,15.620000076293945,15.59200008392334,17.06200004577637,19.47400004386902,45.60984032006997,-0.0052188098564354135,-0.043139068988568396,0.03792025913213298,16.19806185493037,15.620000076293945,15.04193829765752,56.66666030883778,73.96825716879391,TTNP
2023-05-25,15.199999809265137,15.199999809265137,15.0,15.0,15.0,880,15.720000076293946,15.680000114440919,15.580000066757203,15.584000091552735,17.05600004196167,19.415000047683716,41.07545481041553,-0.06115715190539994,-0.04674268557193471,-0.014414466333465235,16.210995651170798,15.580000066757203,14.949004482343607,36.66664759318022,56.66666030883788,TTNP
2023-05-26,15.399999618530273,15.399999618530273,15.0,15.0,15.0,1020,15.44000015258789,15.600000095367431,15.550000047683715,15.564000091552735,17.04600004196167,19.360000047683716,41.07545481041553,-0.10428654066848608,-0.058251456591244984,-0.0460350840772411,16.229525938244183,15.550000047683715,14.87047415712325,23.703680705632014,39.012329535883445,TTNP
2023-05-30,15.0,15.399999618530273,15.0,15.399999618530273,15.399999618530273,380,15.279999923706054,15.620000076293945,15.540000009536744,15.560000076293946,17.03600004196167,19.305000047683716,47.16708875314709,-0.1049801202363696,-0.06759718932026991,-0.03738293091609969,16.222169674622744,15.540000009536744,14.857830344450743,21.481459425311602,27.283929241374718,TTNP
2023-05-31,14.399999618530273,15.600000381469727,14.399999618530273,15.199999809265137,15.199999809265137,630,15.199999809265137,15.580000019073486,15.519999980926514,15.560000076293946,17.022000036239625,19.24200005054474,44.67992336116628,-0.12028156912425203,-0.07813406528106634,-0.04214750384318569,16.217248477301073,15.519999980926514,14.822751484551954,26.9360099240853,24.04038335167641,TTNP
2023-06-01,15.600000381469727,15.600000381469727,15.0,15.600000381469727,15.600000381469727,555,15.239999961853027,15.560000038146972,15.540000009536744,15.564000091552735,16.998000040054322,19.168000054359435,50.32207502708652,-0.09899027609274746,-0.08230530744340256,-0.016684968649344906,16.222169674622744,15.540000009536744,14.857830344450743,41.41413358118715,29.943867643528126,TTNP
2023-06-02,15.600000381469727,15.600000381469727,14.600000381469727,15.399999618530273,15.399999618530273,690,15.319999885559081,15.519999980926514,15.52999997138977,15.57200008392334,16.964000043869017,19.091000056266786,47.70233986900944,-0.09713544610491276,-0.0852713351757046,-0.011864110929208166,16.21421884125665,15.52999997138977,14.845781101522894,45.45454414094481,37.93489588207253,TTNP
2023-06-05,15.199999809265137,15.399999618530273,15.0,15.399999618530273,15.399999618530273,470,15.399999809265136,15.419999980926514,15.52999997138977,15.580000076293945,16.930000047683716,19.01000005245209,47.702339869009435,-0.09457527507621144,-0.08713212315580596,-0.007443151920405483,16.21421884125665,15.52999997138977,14.845781101522894,48.484843230446245,45.11784031752618,TTNP
2023-06-06,15.199999809265137,15.600000381469727,15.0,15.600000381469727,15.600000381469727,775,15.439999961853028,15.359999942779542,15.540000009536744,15.59200008392334,16.906000051498413,18.936000056266785,50.680104467344286,-0.07553718534543385,-0.08481313559373153,0.009275950248297679,16.222169674622744,15.540000009536744,14.857830344450743,48.484843230446245,47.47474353394588,TTNP
2023-06-07,15.600000381469727,15.600000381469727,15.199999809265137,15.600000381469727,15.600000381469727,385,15.520000076293945,15.359999942779542,15.550000047683715,15.61200008392334,16.880000047683716,18.866000056266785,50.680104467344286,-0.05976048045271298,-0.07980260456552782,0.020042124112814835,16.229525938244183,15.550000047683715,14.87047415712325,51.51515676955353,49.49494774348212,TTNP
2023-06-08,15.600000381469727,15.600000381469727,15.199999809265137,15.600000381469727,15.600000381469727,525,15.520000076293945,15.380000019073487,15.550000047683715,15.632000083923339,16.85200005531311,18.798000054359434,50.680104467344286,-0.04671878310995048,-0.07318584027441236,0.026467057164461877,16.229525938244183,15.550000047683715,14.87047415712325,54.54547030866081,51.51515676955364,TTNP
2023-06-09,15.0,15.600000381469727,15.0,15.199999809265137,15.199999809265137,825,15.480000114440918,15.4,15.540000057220459,15.640000076293946,16.822000045776367,18.72700005531311,44.36944035534341,-0.06787739883652932,-0.07212415198683575,0.004246753150306426,16.233797898334373,15.540000057220459,14.846202216106546,48.484857680052095,51.51516158608893,TTNP
2023-06-12,15.399999618530273,15.399999618530273,15.0,15.399999618530273,15.399999618530273,260,15.480000114440918,15.439999961853028,15.52000002861023,15.632000064849853,16.79600004196167,18.654000053405763,47.86502924536228,-0.06772672952040182,-0.07124466749354896,0.003517937973147145,16.205678853161263,15.52000002861023,14.834321204059197,45.45454414094481,49.49495737655269,TTNP
2023-06-13,15.199999809265137,15.399999618530273,14.399999618530273,15.0,15.0,450,15.360000038146973,15.4,15.510000038146973,15.60000005722046,16.77000003814697,18.578000049591065,42.15925564948758,-0.0987456706566725,-0.07674486812617368,-0.022000802530498825,16.219475498663634,15.510000038146973,14.800524577630313,41.55843823422765,45.16594668507497,TTNP
2023-06-14,15.199999809265137,15.399999618530273,14.800000190734863,15.0,15.0,580,15.239999961853027,15.380000019073487,15.480000019073486,15.572000064849853,16.73800003051758,18.506000051498415,42.15925564948758,-0.1219229530778918,-0.0857804851165173,-0.036142467961374505,16.221724644470406,15.480000019073486,14.738275393676567,46.103894093282726,44.37229215615184,TTNP
2023-06-15,14.600000381469727,15.399999618530273,14.600000381469727,15.0,15.0,345,15.119999885559082,15.319999980926514,15.440000009536742,15.552000064849853,16.71200002670288,18.43400005340576,42.15925564948758,-0.13869235721898399,-0.09636285953701064,-0.042329497681973347,16.19455643456932,15.440000009536742,14.685443584504164,47.61905086283637,45.09379439678236,TTNP
2023-06-16,15.199999809265137,16.0,15.0,15.0,15.0,2685,15.079999923706055,15.280000019073487,15.4,15.532000064849854,16.666000022888184,18.37900005340576,42.159255649487584,-0.15025023958344086,-0.10714033554629668,-0.04310990403714418,16.158785457881127,15.4,14.641214542118872,45.83333830038577,46.51876108550173,TTNP
2023-06-20,15.0,15.800000190734863,15.0,15.199999809265137,15.199999809265137,345,15.039999961853027,15.260000038146973,15.340000009536743,15.516000061035156,16.618000020980833,18.323000054359436,46.45212055018531,-0.14163890634261023,-0.1140400497055594,-0.027598856637050834,15.94774629172722,15.340000009536743,14.732253727346265,45.83333830038577,46.42857582120275,TTNP
2023-06-21,16.600000381469727,16.600000381469727,14.600000381469727,15.0,15.0,2245,15.039999961853027,15.2,15.27999997138977,15.504000053405761,16.564000024795533,18.265000052452088,43.01409704265105,-0.14923241743328042,-0.1210785232511036,-0.028153894182176814,15.759744973794241,15.27999997138977,14.8002549689853,38.257583351829254,43.30808665086705,TTNP
2023-06-22,15.600000381469727,15.600000381469727,14.600000381469727,15.0,15.0,655,15.039999961853027,15.139999961853027,15.249999952316283,15.488000049591065,16.50400002479553,18.20700005054474,43.014097042651045,-0.1534810951546497,-0.1275590376318128,-0.025922057522836883,15.720908868201207,15.249999952316283,14.77909103643136,34.84849010288686,39.64647058503408,TTNP
2023-06-23,15.0,15.199999809265137,12.600000381469727,13.0,13.0,2575,14.639999961853027,14.879999923706055,15.12999997138977,15.43600004196167,16.43600003242493,18.140000052452088,23.146178361653675,-0.3146049184958404,-0.16496821380461832,-0.14963670469122206,16.212661138367814,15.12999997138977,14.047338804411726,21.51515359063914,31.540409015118538,TTNP
2023-06-26,13.0,14.600000381469727,12.0,13.0,13.0,2610,14.239999961853027,14.65999994277954,15.02999997138977,15.372000026702882,16.362000036239625,18.075000052452086,23.146178361653675,-0.4372562909882749,-0.21942582924134962,-0.21783046174692527,16.456939065953396,15.02999997138977,13.603060876826145,19.670618083194242,25.34475392557353,TTNP
2023-06-27,12.800000190734863,13.399999618530273,12.399999618530273,13.0,13.0,880,13.8,14.419999980926514,14.92999997138977,15.316000022888183,16.29400004386902,18.00900004863739,23.146178361653675,-0.5283676934710844,-0.2812142020872966,-0.24715349138378778,16.609331730365888,14.92999997138977,13.250668212413652,17.826082575749346,19.67061808319436,TTNP
2023-06-28,13.600000381469727,13.600000381469727,12.600000381469727,13.399999618530273,13.399999618530273,1110,13.479999923706055,14.25999994277954,14.829999971389771,15.26400001525879,16.234000043869017,17.93200005054474,31.096200947151537,-0.5618211851806034,-0.337335598705958,-0.22448558647464545,16.620015457075112,14.829999971389771,13.03998448570443,24.637676351988606,20.71145900364418,TTNP
2023-06-29,13.199999809265137,13.199999809265137,12.800000190734863,13.0,13.0,1420,13.079999923706055,14.059999942779541,14.719999980926513,15.204000015258789,16.170000047683715,17.851000046730043,27.979290819495855,-0.6135374666570783,-0.392575972296182,-0.2209614943608963,16.668885675480624,14.719999980926513,12.771114286372402,24.637676351988606,22.3671450932423,TTNP
2023-06-30,13.0,13.399999618530273,12.600000381469727,13.0,13.0,2995,13.079999923706055,13.859999942779542,14.589999961853028,15.148000011444092,16.100000047683714,17.77100004673004,27.97929081949585,-0.647064040843409,-0.4434735860056274,-0.20359045483778154,16.6314100814731,14.589999961853028,12.548589842232959,24.637676351988606,24.63767635198872,TTNP
2023-07-03,13.600000381469727,13.600000381469727,13.0,13.199999809265137,13.199999809265137,1905,13.119999885559082,13.679999923706054,14.47999997138977,15.108000011444092,16.034000053405762,17.693000049591063,31.935480450729177,-0.6500029498988038,-0.4847794587842627,-0.1652234911145411,16.571448149316993,14.47999997138977,12.388551793462547,23.188402491992132,24.154585065323232,TTNP
2023-07-05,12.800000190734863,13.600000381469727,12.600000381469727,13.199999809265137,13.199999809265137,2480,13.15999984741211,13.479999923706055,14.369999980926513,15.068000011444092,15.966000051498414,17.62800004482269,31.93548045072918,-0.6448980729490543,-0.516803181617221,-0.12809489133183327,16.487582494598044,14.369999980926513,12.252417467254984,24.637676351988606,24.154585065323232,TTNP
2023-07-06,12.399999618530273,12.399999618530273,11.800000190734863,12.0,12.0,2395,12.879999923706055,13.179999923706054,14.189999961853028,15.00400001525879,15.900000047683715,17.560000042915345,23.10408336945226,-0.729275740203887,-0.5592976933345543,-0.1699780468693327,16.46494072143176,14.189999961853028,11.915059202274296,18.780187650475145,22.202088831485412,TTNP
2023-07-07,12.199999809265137,12.399999618530273,12.0,12.399999618530273,12.399999618530273,795,12.759999847412109,12.919999885559083,14.029999923706054,14.94,15.830000047683717,17.496000037193298,30.04821351540042,-0.7551639630398306,-0.5984709472756096,-0.156693015764221,16.335678873586097,14.029999923706054,11.72432097382601,14.251200107268803,19.223021369910967,TTNP
2023-07-10,11.800000190734863,13.199999809265137,11.800000190734863,13.0,13.0,2090,12.759999847412109,12.919999885559083,13.899999904632569,14.883999996185302,15.764000043869018,17.441000037193298,38.953573015687645,-0.7189776232864773,-0.6225722824777831,-0.09640534080869423,16.128846036866594,13.899999904632569,11.671153772398544,13.888881714255893,15.640089824000064,TTNP
2023-07-11,13.199999809265137,13.600000381469727,12.600000381469727,13.199999809265137,13.199999809265137,1995,12.759999847412109,12.939999866485596,13.799999904632568,14.831999988555909,15.708000049591064,17.394000034332276,41.621466963571706,-0.6664786244695495,-0.6313535508761363,-0.035125073593413214,15.965122339385093,13.799999904632568,11.634877469880042,22.222213391904717,16.78743173780992,TTNP
2023-07-12,13.0,13.199999809265137,12.600000381469727,13.0,13.0,1980,12.719999885559082,12.939999866485596,13.679999923706054,14.779999980926513,15.648000049591065,17.346000032424925,39.75062560075433,-0.6337061329792082,-0.6318240672967507,-0.0018820656824575233,15.74062005569717,13.679999923706054,11.61937979171494,28.581864452458863,21.564319852873272,TTNP
2023-07-13,13.0,13.0,12.399999618530273,13.0,13.0,740,12.919999885559083,12.899999904632569,13.579999923706055,14.72799997329712,15.588000049591065,17.30500002861023,39.75062560075433,-0.6008079572192067,-0.6256208452812418,0.024812888062035188,15.56749967649393,13.579999923706055,11.592500170918179,32.013238107177735,27.60577198384722,TTNP
2023-07-14,12.800000190734863,12.800000190734863,12.0,12.800000190734863,12.800000190734863,1310,13.0,12.879999923706055,13.469999933242798,14.671999969482421,15.526000051498412,17.262000031471253,37.78109174600417,-0.5841406196025307,-0.6173248001454996,0.0331841805429689,15.372670464121999,13.469999933242798,11.567329402363598,34.19578001419152,31.596960857942822,TTNP
2023-07-17,12.199999809265137,12.399999618530273,11.800000190734863,12.199999809265137,12.199999809265137,2430,12.839999961853028,12.799999904632568,13.329999923706055,14.611999969482422,15.452000045776368,17.21700002670288,32.567774094295245,-0.6122885693408655,-0.6163175539845728,0.004028984643707267,15.172865941766071,13.329999923706055,11.487133905646038,31.07686598441889,32.42862803526283,TTNP
2023-07-18,11.600000381469727,12.0,11.0,11.600000381469727,11.600000381469727,2110,12.520000076293945,12.639999961853027,13.15999994277954,14.531999969482422,15.378000049591064,17.16200002670288,28.354280747525625,-0.675227361018786,-0.6280995153914154,-0.0471278456273706,14.982458397374195,13.15999994277954,11.337541488184886,27.004472106387208,30.759039368332655,TTNP
2023-07-19,11.600000381469727,11.600000381469727,11.0,11.399999618530273,11.399999618530273,2720,12.2,12.459999942779541,12.969999933242798,14.451999969482422,15.308000049591065,17.113000020980834,27.095868847102167,-0.7327979582542792,-0.6490392039639882,-0.083758754290291,14.691672126619602,12.969999933242798,11.248327739865994,20.227910497735458,26.1030828628473,TTNP
2023-07-20,11.199999809265137,11.399999618530273,10.600000381469727,11.0,11.0,1810,11.8,12.359999942779542,12.769999933242797,14.363999977111817,15.23600004196167,17.060000019073485,24.731738412396982,-0.8014609546234848,-0.6795235540958875,-0.12193740052759727,14.430167103932368,12.769999933242797,11.109832762553227,17.264951145390473,21.499111249837828,TTNP
2023-07-21,10.600000381469727,11.0,10.600000381469727,10.800000190734863,10.800000190734863,2510,11.4,12.2,12.559999942779541,14.271999988555908,15.154000043869019,17.000000023841856,23.621953416692616,-0.8620776920663946,-0.7160343816899889,-0.14604331037640572,14.09666997509161,12.559999942779541,11.023329910467472,11.794859794000436,16.42924047904224,TTNP
2023-07-24,11.0,11.0,10.199999809265137,10.399999618530273,10.399999618530273,1250,11.039999961853027,11.939999961853028,12.429999923706054,14.16799997329712,15.072000036239624,16.938000025749208,21.540110986400354,-0.9316540682779717,-0.7591583190075855,-0.17249574927038624,14.215540468877233,12.429999923706054,10.644459378534876,8.62744242262288,12.562417787338044,TTNP
2023-07-25,10.199999809265137,10.600000381469727,10.199999809265137,10.399999618530273,10.399999618530273,1440,10.799999809265136,11.65999994277954,12.299999904632568,14.06799997329712,14.996000032424927,16.88000002384186,21.540110986400354,-0.9755483337625055,-0.8024363219585695,-0.17311201180393598,14.269709337270163,12.299999904632568,10.330290471994973,6.14378433051606,8.855362182379906,TTNP
2023-07-26,10.399999618530273,10.600000381469727,10.399999618530273,10.399999618530273,10.399999618530273,1285,10.599999809265137,11.399999904632569,12.169999885559083,13.959999961853027,14.914000024795532,16.818000025749207,21.540110986400354,-0.9988210678741769,-0.841713271141691,-0.15710779673248587,14.276218160078566,12.169999885559083,10.0637816110396,5.882346341355205,6.8845243648314955,TTNP
2023-07-27,11.800000190734863,14.0,11.0,11.800000190734863,11.800000190734863,176640,10.759999847412109,11.279999923706054,12.089999914169312,13.891999969482422,14.844000034332275,16.77200002670288,43.36088517736019,-0.8939911578670099,-0.8521688484867548,-0.04182230938025511,14.123557271226794,12.089999914169312,10.05644255711183,17.95665458862532,9.994261753498975,TTNP
2023-07-28,10.399999618530273,12.199999809265137,10.399999618530273,11.399999618530273,11.399999618530273,15965,10.879999732971191,11.139999866485596,12.009999895095826,13.807999954223632,14.778000030517578,16.72500002861023,39.942834994238886,-0.8335804061242449,-0.8484511600142528,0.014870753890007915,14.01981470312903,12.009999895095826,10.00018508706262,26.52218606284975,16.787062330943538,TTNP
2023-07-31,11.199999809265137,13.0,11.0,12.199999809265137,12.199999809265137,4145,11.239999771118164,11.139999866485596,11.969999885559082,13.735999946594239,14.718000020980835,16.686000027656554,48.65957197297812,-0.7129328742315568,-0.8213475028577136,0.1084146286261568,13.930651693370109,11.969999885559082,10.009348077748054,42.10526271760179,28.861367789692405,TTNP
2023-08-01,12.0,12.800000190734863,11.800000190734863,11.800000190734863,11.800000190734863,2070,11.519999885559082,11.15999984741211,11.899999904632569,13.655999946594239,14.660000019073486,16.643000030517577,45.13236174933741,-0.6421926649763794,-0.7855165352814468,0.14332387030506744,13.778231929420357,11.899999904632569,10.02176787984478,42.10526271760179,36.91090383268456,TTNP
2023-08-02,12.199999809265137,12.199999809265137,11.800000190734863,11.800000190734863,11.800000190734863,825,11.8,11.199999904632568,11.829999923706055,13.56399995803833,14.60600001335144,16.604000029563903,45.13236174933741,-0.5794509891784312,-0.7443034260608437,0.16485243688241247,13.611054551662932,11.829999923706055,10.048945295749178,45.61403949064748,43.2748549752838,TTNP
2023-08-03,12.0,12.0,11.399999618530273,11.600000381469727,11.600000381469727,1280,11.760000038146973,11.25999994277954,11.809999942779541,13.471999950408936,14.550000009536744,16.561000027656554,43.31178692354019,-0.5396453762390419,-0.7033718160964832,0.1637264398574414,13.591952676023652,11.809999942779541,10.02804720953543,40.350886879424586,42.69006302922474,TTNP
2023-08-04,11.0,12.0,11.0,11.600000381469727,11.600000381469727,520,11.800000190734863,11.339999961853028,11.769999980926514,13.391999950408936,14.498000020980834,16.521000027656555,43.31178692354019,-0.5023088375971962,-0.6631592203966259,0.16085038279942965,13.532996179276372,11.769999980926514,10.007003782576655,38.59650267568362,41.52047634858534,TTNP
2023-08-07,11.199999809265137,11.800000190734863,11.199999809265137,11.199999809265137,11.199999809265137,990,11.600000190734864,11.419999980926514,11.67999997138977,13.307999954223632,14.450000019073487,16.478000030517578,39.60598900447843,-0.4992411240497088,-0.6303756011272424,0.13113447707753367,13.364682617553193,11.67999997138977,9.995317325226349,33.33334169889697,37.42691041800184,TTNP
2023-08-08,11.0,11.600000381469727,11.0,11.0,11.0,870,11.44000015258789,11.480000019073486,11.569999980926514,13.227999954223632,14.406000022888184,16.43500002861023,37.861657955694064,-0.5071026879746832,-0.6057210184967305,0.09861833052204738,13.125684948221078,11.569999980926514,10.01431501363195,28.070180722110326,33.33334169889709,TTNP
2023-08-09,11.199999809265137,11.199999809265137,10.399999618530273,10.399999618530273,10.399999618530273,1020,11.160000038146972,11.480000019073486,11.439999961853028,13.135999946594238,14.350000019073486,16.389000024795532,33.14539628561638,-0.5553463632129212,-0.5956460874399687,0.04029972422704753,12.929078823539445,11.439999961853028,9.95092110016661,17.54385876853703,26.315793729848224,TTNP
2023-08-10,10.399999618530273,11.199999809265137,10.399999618530273,10.399999618530273,10.399999618530273,930,10.919999885559083,11.339999961853028,11.309999942779541,13.035999946594238,14.298000011444092,16.343000020980835,33.145396285616386,-0.586815380984044,-0.5938799461487838,0.0070645651647398555,12.68089598387951,11.309999942779541,9.939103901679571,10.526313588009419,18.713451026219037,TTNP
2023-08-11,11.0,11.0,10.399999618530273,10.399999618530273,10.399999618530273,750,10.679999732971192,11.239999961853027,11.189999914169311,12.939999942779542,14.250000009536743,16.299000015258787,33.145396285616386,-0.6047832395684374,-0.5960606048327145,-0.008722634735722878,12.432318672895548,11.189999914169311,9.947681155443075,5.263152611222771,11.111108322589851,TTNP
2023-08-14,10.600000381469727,10.800000190734863,10.399999618530273,10.399999618530273,10.399999618530273,270,10.519999694824218,11.059999942779541,11.099999904632568,12.835999927520753,14.200000009536744,16.25400001525879,33.14539628561638,-0.6119685049599894,-0.5992421848581695,-0.012726320101819955,12.296559985539448,11.099999904632568,9.903439823725689,3.5087684074818077,6.432744868904777,TTNP
2023-08-15,11.199999809265137,11.199999809265137,10.399999618530273,10.800000190734863,10.800000190734863,600,10.47999973297119,10.959999942779541,11.059999895095824,12.743999938964844,14.158000011444091,16.210000014305116,39.86263078892226,-0.5787151087808109,-0.5951367696426978,0.0164216608618869,12.240404865632806,11.059999895095824,9.879594924558843,5.458092813176108,4.7433379439603405,TTNP
2023-08-16,10.800000190734863,10.800000190734863,8.600000381469727,10.399999618530273,10.399999618530273,7130,10.47999973297119,10.819999885559081,11.009999895095826,12.643999938964845,14.112000007629394,16.160000014305115,35.97047635641778,-0.577975711736169,-0.591704558061392,0.013728846325222976,12.213060992918603,11.009999895095826,9.806938797273048,17.340067648194932,8.768976289617727,TTNP
2023-08-17,10.399999618530273,10.600000381469727,9.800000190734863,10.0,10.0,1375,10.399999809265136,10.65999984741211,10.959999895095825,12.531999931335449,14.062000007629395,16.105000014305116,32.54805985956203,-0.6027185957379544,-0.5939073655967044,-0.00881123014124996,12.241154047855352,10.959999895095825,9.678845742336298,27.946126283853886,16.91476224840842,TTNP
2023-08-18,10.0,10.600000381469727,9.199999809265137,10.0,10.0,3835,10.319999885559081,10.499999809265137,10.919999885559083,12.419999923706055,14.016000003814698,16.055000014305115,32.54805985956203,-0.6152354581810862,-0.5981729841135808,-0.017062474067505384,12.266905947138259,10.919999885559083,9.573093823979907,35.35352626258169,26.879906731543613,TTNP
2023-08-21,10.600000381469727,10.600000381469727,9.800000190734863,10.399999618530273,10.399999618530273,1215,10.319999885559081,10.41999979019165,10.919999885559083,12.315999908447266,13.973999996185302,16.008000016212463,39.25141466558033,-0.5861220850195181,-0.5957628042947682,0.00964071927525012,12.266905947138259,10.919999885559083,9.573093823979907,38.383829475329,33.89449400725497,TTNP
2023-08-22,10.0,10.399999618530273,9.600000381469727,10.399999618530273,10.399999618530273,1255,10.239999771118164,10.359999752044677,10.919999885559083,12.219999904632568,13.929999990463257,15.961000018119812,39.25141466558032,-0.5566330082117972,-0.587936845078174,0.03130383686637683,12.266905947138259,10.919999885559083,9.573093823979907,45.424824163346955,39.72072663375266,TTNP
2023-08-23,10.199999809265137,10.399999618530273,9.600000381469727,9.800000190734863,9.800000190734863,440,10.119999885559082,10.299999809265136,10.889999914169312,12.10799991607666,13.869999990463256,15.91400001525879,33.46568536192043,-0.575048836768211,-0.5853592434161814,0.01031040664797045,12.306811741238974,10.889999914169312,9.47318808709965,46.07842090755157,43.29569151540929,TTNP
2023-08-24,9.800000190734863,10.199999809265137,9.600000381469727,10.199999809265137,10.199999809265137,505,10.15999984741211,10.279999828338623,10.809999895095824,12.011999912261963,13.805999984741211,15.869000010490417,39.83297703275475,-0.5510151278995306,-0.5784904203128513,0.027475292413320695,12.192517768181487,10.809999895095824,9.427482022010162,46.07842035565712,45.860555142185326,TTNP
2023-08-25,10.600000381469727,11.199999809265137,10.399999618530273,11.0,11.0,645,10.359999847412109,10.339999866485595,10.78999991416931,11.931999912261963,13.751999988555909,15.826000008583069,50.1153074069328,-0.4620882453039137,-0.5552099853110637,0.09312174000715001,12.149174570236445,10.78999991416931,9.430825258102177,55.09802946009436,49.0849569077678,TTNP
2023-08-28,10.199999809265137,11.0,9.600000381469727,9.800000190734863,9.800000190734863,1215,10.239999961853027,10.279999923706054,10.669999933242797,11.82799991607666,13.689999990463257,15.780000009536742,39.273368557456685,-0.48287670389198745,-0.5407433290272484,0.057866625135260974,11.930220435239056,10.669999933242797,9.40977943124654,58.71794045284948,53.29813008953377,TTNP
2023-08-29,10.0,10.0,9.600000381469727,9.600000381469727,9.600000381469727,375,10.080000114440917,10.15999994277954,10.559999942779541,11.719999923706055,13.625999994277954,15.733000011444092,37.80537811291512,-0.5096154900902103,-0.5345177612398408,0.024902271149630506,11.790185056417524,10.559999942779541,9.329814829141558,54.87179439527193,56.22925476940537,TTNP
2023-08-30,9.600000381469727,10.0,9.600000381469727,10.0,10.0,870,10.120000076293945,10.119999980926513,10.469999933242798,11.615999927520752,13.565999994277954,15.695000009536743,42.4394689897701,-0.492848296145203,-0.5261838682209132,0.03333557207571025,11.58182513135028,10.469999933242798,9.358174735135316,46.1538489753683,53.24786127449669,TTNP
2023-08-31,9.800000190734863,11.0,9.600000381469727,10.199999809265137,10.199999809265137,1460,10.120000076293945,10.139999961853027,10.399999904632569,11.519999923706054,13.511999988555909,15.655000004768372,44.659747907947065,-0.45814070019397235,-0.512575234615525,0.05443453442155266,11.387803056032666,10.399999904632569,9.412196753232472,51.28205034154374,50.76923123739477,TTNP
2023-09-01,10.399999618530273,10.399999618530273,9.600000381469727,9.600000381469727,9.600000381469727,900,9.84000015258789,10.1,10.299999904632568,11.41199993133545,13.449999990463256,15.609000010490417,39.710957707698554,-0.47359036484043315,-0.5047782606605067,0.03118789582007353,11.180769275379747,10.299999904632568,9.419230533885388,51.28205034154374,49.57264988615204,TTNP
2023-09-05,10.0,10.0,9.0,9.399999618530273,9.399999618530273,1595,9.760000038146973,10.0,10.209999895095825,11.339999923706054,13.387999982833863,15.560000004768371,38.19174771698783,-0.4962522385746766,-0.5030730562433406,0.006820817668664048,11.072180163316471,10.209999895095825,9.347819626875179,43.589736065684086,48.71794558292397,TTNP
2023-09-06,9.0,10.0,9.0,9.600000381469727,9.600000381469727,465,9.760000038146973,9.920000076293945,10.139999914169312,11.271999931335449,13.321999979019164,15.512000002861022,40.637455892777034,-0.49239749487186657,-0.5009379439690458,0.008540449097179215,10.960581825842471,10.139999914169312,9.319418002496153,32.16783403330043,42.34654014684287,TTNP
2023-09-07,9.0,10.399999618530273,9.0,10.199999809265137,10.199999809265137,845,9.8,9.960000038146973,10.129999923706055,11.215999927520752,13.265999975204467,15.47,47.36610043966225,-0.4359028268489826,-0.4879309205450332,0.05202809369605055,10.942498971555844,10.129999923706055,9.317500875856267,37.52913525948242,37.7622351194891,TTNP
2023-09-08,9.199999809265137,10.0,9.199999809265137,9.800000190734863,9.800000190734863,330,9.720000076293946,9.920000076293945,10.099999952316285,11.143999938964845,13.203999977111817,15.429000000953675,43.80160145898983,-0.41858187045342454,-0.47406111052671146,0.05547924007328692,10.914711378119604,10.099999952316285,9.285288526512966,39.393948589146966,36.36363929397672,TTNP
2023-09-11,9.800000190734863,9.800000190734863,9.0,9.399999618530273,9.399999618530273,2620,9.679999923706054,9.760000038146973,10.049999952316284,11.07199993133545,13.13799997329712,15.38499999523163,40.51790108814348,-0.43215003435979504,-0.4656788952933282,0.03352886093353313,10.90659486290645,10.049999952316284,9.193405041726118,36.36363373643403,37.762239195021245,TTNP
2023-09-12,9.199999809265137,9.600000381469727,9.199999809265137,9.600000381469727,9.600000381469727,810,9.720000076293946,9.74000005722046,10.009999990463257,11.003999938964844,13.075999975204468,15.34199999332428,42.82586420759051,-0.421901098674633,-0.4569233359695891,0.03502223729495613,10.87218026310839,10.009999990463257,9.147819717818123,27.27273252713154,34.34343828423762,TTNP
2023-09-13,9.199999809265137,10.0,9.199999809265137,9.199999809265137,9.199999809265137,375,9.639999961853027,9.7,9.92999997138977,10.923999938964844,13.015999975204467,15.297999992370606,39.522891862191884,-0.4409721935852051,-0.45373310749271234,0.012760913907507221,10.780972829801692,9.92999997138977,9.07902711297785,18.18181686821695,27.272727710594282,TTNP
2023-09-14,9.199999809265137,10.0,9.199999809265137,9.600000381469727,9.600000381469727,1575,9.520000076293945,9.660000038146972,9.890000009536744,10.851999950408935,12.959999980926513,15.25699999809265,44.16080523058506,-0.41897973291380275,-0.4467824325769304,0.02780269966312765,10.723879395400063,9.890000009536744,9.056120623673424,21.212131720929886,22.222227038759566,TTNP
2023-09-15,10.0,10.0,9.199999809265137,10.0,10.0,2790,9.560000038146972,9.640000057220458,9.890000009536744,10.811999950408936,12.907999982833863,15.218000001907349,48.42062603867416,-0.3650656732695339,-0.4304390807154511,0.06537340744591724,10.723879395400063,9.890000009536744,9.056120623673424,28.787882728681954,22.727277105943035,TTNP
2023-09-18,9.199999809265137,10.399999618530273,9.199999809265137,10.399999618530273,10.399999618530273,905,9.760000038146973,9.719999980926513,9.909999990463257,10.771999950408935,12.855999975204467,15.186000003814698,52.336450776419106,-0.28675621909830973,-0.4017025083920228,0.11494628929371309,10.772180223288077,9.909999990463257,9.047819757638438,49.09090930108568,33.03030791689928,TTNP
2023-09-19,9.399999618530273,10.399999618530273,9.199999809265137,9.600000381469727,9.600000381469727,385,9.760000038146973,9.74000005722046,9.87000002861023,10.703999958038331,12.793999977111817,15.15300000190735,44.98126679972783,-0.28595238395362266,-0.3785524835043428,0.09260009955072013,10.7115193632039,9.87000002861023,9.02848069401656,49.999999999999865,42.62626400992261,TTNP
2023-09-20,9.600000381469727,10.199999809265137,9.199999809265137,9.399999618530273,9.399999618530273,580,9.8,9.719999980926513,9.82000002861023,10.627999954223633,12.72999997138977,15.111999998092651,43.341362168397524,-0.29801835877328564,-0.3624456585581314,0.06442729978484574,10.648344736160784,9.82000002861023,8.991655321059675,39.99999364217109,46.36363431441899,TTNP
2023-09-21,9.199999809265137,10.199999809265137,9.199999809265137,9.199999809265137,9.199999809265137,1520,9.719999885559082,9.619999980926513,9.790000009536744,10.551999950408936,12.665999965667725,15.064000000953675,41.70399099280892,-0.3200299379748195,-0.353962514441469,0.03393257646664949,10.66140979008998,9.790000009536744,8.918590228983508,21.42856818478022,37.14285394231717,TTNP
2023-09-22,9.0,9.800000190734863,9.0,9.600000381469727,9.600000381469727,305,9.639999961853027,9.6,9.760000038146973,10.48399995803833,12.605999965667724,15.022000002861024,46.09056143212329,-0.3017195348602719,-0.34351391852522956,0.041794383664957635,10.614022881569785,9.760000038146973,8.905977194724162,25.714289087830036,29.047616971593893,TTNP
2023-09-25,9.199999809265137,10.0,9.0,9.199999809265137,9.199999809265137,2345,9.4,9.580000019073486,9.670000028610229,10.411999950408935,12.541999959945679,14.97199999809265,42.635598949358325,-0.31584425573145936,-0.3379799859664755,0.022135730235016138,10.342424805378656,9.670000028610229,8.997575251841802,23.809530297105834,23.65079585657214,TTNP
2023-09-26,9.0,10.0,9.0,10.0,10.0,970,9.479999923706055,9.619999980926513,9.680000019073486,10.367999954223633,12.489999961853027,14.923000001907349,50.60978580940896,-0.2594935887117291,-0.3222827065155262,0.06278911780379709,10.365678565455084,9.680000019073486,8.994321472691887,42.85715907609811,30.79365948701144,TTNP
2023-09-27,9.199999809265137,9.600000381469727,9.0,9.0,9.0,1100,9.4,9.6,9.65,10.31599994659424,12.42399995803833,14.876000003814697,42.63212575635005,-0.2921590935969913,-0.31625798393181925,0.024098890334827927,10.396830021607922,9.65,8.903169978392079,28.571431815219523,31.746040396141268,TTNP
2023-09-28,10.0,10.0,9.399999618530273,9.399999618530273,9.399999618530273,125,9.439999961853028,9.579999923706055,9.619999980926513,10.275999946594238,12.36399995803833,14.825,46.27985396659127,-0.28251347579132613,-0.30950908230372065,0.02699560651239452,10.356311813470494,9.619999980926513,8.883688148382532,33.33333333333321,34.92064140821706,TTNP
2023-09-29,9.0,9.600000381469727,9.0,9.399999618530273,9.399999618530273,135,9.399999809265136,9.519999885559082,9.579999971389771,10.243999938964844,12.30399995803833,14.768000001907348,46.279853966591276,-0.2717368410342793,-0.30195463404983236,0.03021779301555305,10.27148763101128,9.579999971389771,8.888512311768263,19.047606072454617,26.9841237403359,TTNP
2023-10-02,9.199999809265137,9.399999618530273,8.800000190734863,9.199999809265137,9.199999809265137,1170,9.399999809265136,9.399999904632569,9.559999942779541,10.211999931335448,12.241999959945678,14.710999999046326,44.6341184304164,-0.27615129327672605,-0.2967939658952111,0.02064267261848507,10.270883337010615,9.559999942779541,8.849116548548468,27.380934438732442,26.587291281506868,TTNP
2023-10-03,8.800000190734863,9.399999618530273,8.600000381469727,9.0,9.0,1295,9.199999809265137,9.339999866485595,9.539999961853027,10.183999938964844,12.175999956130982,14.659999995231628,42.98785794005473,-0.2924172871598891,-0.29591863014814673,0.0035013429882576053,10.289236352904538,9.539999961853027,8.790763570801516,25.26453488532515,23.897691798837517,TTNP
2023-10-04,9.399999618530273,9.399999618530273,8.800000190734863,9.399999618530273,9.399999618530273,660,9.279999732971191,9.339999866485595,9.529999923706054,10.163999938964844,12.115999956130981,14.617999997138977,47.18365627573128,-0.269920107246449,-0.2907189255678072,0.020798818321358215,10.281102563682397,9.529999923706054,8.77889728372971,30.55553881473794,27.733669379598627,TTNP
2023-10-05,9.199999809265137,9.800000190734863,9.0,9.0,9.0,515,9.199999809265137,9.319999885559081,9.469999933242798,10.135999946594238,12.047999954223632,14.567999997138976,43.71868956210025,-0.28112690044777544,-0.28880052054380084,0.007673620096025402,10.188439349514514,9.469999933242798,8.751560516971082,29.629613931280193,28.483229210447877,TTNP
2023-10-06,9.600000381469727,9.600000381469727,8.600000381469727,8.600000381469727,8.600000381469727,275,9.039999961853027,9.219999885559082,9.40999994277954,10.071999950408935,11.981999959945679,14.524000000953674,40.514606378102464,-0.3186122276484067,-0.294762861964722,-0.023849365683684676,10.204578453348896,9.40999994277954,8.615421432210185,22.222210448460118,27.4691210648262,TTNP
2023-10-09,9.199999809265137,9.399999618530273,8.600000381469727,8.600000381469727,8.600000381469727,550,8.920000076293945,9.15999994277954,9.369999980926513,10.015999965667724,11.911999959945678,14.482000002861023,40.514606378102464,-0.3443501651685761,-0.3046803226054928,-0.03966984256308326,10.239571644582258,9.369999980926513,8.500428317270769,7.407403482819959,19.753075954186873,TTNP
2023-10-10,8.600000381469727,9.199999809265137,7.599999904632568,9.0,9.0,2075,8.920000076293945,9.059999942779541,9.339999961853028,9.951999969482422,11.84399995803833,14.450000004768372,45.174624726256305,-0.32868219604756455,-0.30948069729390715,-0.019201498753657398,10.217128706098993,9.339999961853028,8.462871217607063,17.94871982973233,15.859444587004253,TTNP
2023-10-11,8.800000190734863,9.199999809265137,8.600000381469727,8.800000190734863,8.800000190734863,535,8.800000190734863,9.039999961853027,9.319999980926514,9.891999969482422,11.77399995803833,14.415000004768372,43.34617608711478,-0.3286154563522814,-0.313307649105582,-0.01530780724669939,10.226727491841913,9.319999980926514,8.413272470011115,34.61538980776802,19.99050437344022,TTNP
2023-10-12,9.0,9.399999618530273,8.800000190734863,8.800000190734863,8.800000190734863,110,8.760000228881836,8.980000019073486,9.27999997138977,9.831999969482421,11.697999963760376,14.380000004768371,43.34617608711477,-0.32481826193173546,-0.3156097716708127,-0.009208490260922741,10.204204866149652,9.27999997138977,8.355795076629889,51.28205978580371,34.61538980776814,TTNP
2023-10-13,8.800000190734863,9.800000190734863,8.600000381469727,9.199999809265137,9.199999809265137,1070,8.880000114440918,8.960000038146973,9.239999961853027,9.78399995803833,11.627999954223633,14.347000002861023,48.20852228208871,-0.2862328179652813,-0.30973438092970645,0.023501562964425127,10.10333922390164,9.239999961853027,8.376660699804413,55.555559970714135,47.15100318809541,TTNP
2023-10-16,9.600000381469727,10.0,8.800000190734863,8.800000190734863,8.800000190734863,1120,8.920000076293945,8.920000076293945,9.159999990463257,9.727999954223632,11.559999952316284,14.312000002861023,44.12972128722058,-0.2846489460456567,-0.3047172939528965,0.02006834790723977,9.859538994896644,9.159999990463257,8.46046098602987,55.555559970714135,54.13105990907744,TTNP
2023-10-17,8.0,10.199999809265137,8.0,9.399999618530273,9.399999618530273,1920,9.0,8.960000038146973,9.149999952316284,9.691999950408935,11.499999952316283,14.280999999046326,50.847562021537165,-0.23230095590220756,-0.2902340263427587,0.05793307044055113,9.82952530956886,9.149999952316284,8.470474595063708,61.96581024807978,57.692310063169465,TTNP
2023-10-18,9.199999809265137,9.800000190734863,9.0,9.600000381469727,9.600000381469727,795,9.160000038146972,8.980000114440918,9.159999990463257,9.66399995803833,11.445999956130981,14.250999999046325,52.88135685999039,-0.17268579215473778,-0.2667243795051545,0.0940385873504167,9.859538994896644,9.159999990463257,8.46046098602987,65.38462292826692,60.96866438235372,TTNP
2023-10-19,10.0,10.0,8.399999618530273,8.399999618530273,8.399999618530273,610,9.079999923706055,8.920000076293945,9.119999980926513,9.62399995803833,11.379999952316284,14.212999997138978,41.7255963459763,-0.21973738236308904,-0.2573269800767414,0.037589597713652334,9.893404746646741,9.119999980926513,8.346595215206285,58.974359914866106,62.10826436373771,TTNP
2023-10-20,9.0,9.199999809265137,7.199999809265137,7.599999904632568,7.599999904632568,2430,8.75999994277954,8.82000002861023,9.019999957084655,9.567999963760377,11.301999955177306,14.168999998569488,36.23721369922583,-0.3179146751465094,-0.269444519090695,-0.048470156055814395,10.006992805107217,9.019999957084655,8.033007109062094,40.34188516354735,54.90028933556024,TTNP
2023-10-23,7.400000095367432,7.800000190734863,6.199999809265137,6.800000190734863,6.800000190734863,5880,8.359999942779542,8.640000009536744,8.899999976158142,9.495999975204468,11.217999958992005,14.119999997615814,31.740998421402587,-0.45502888826328913,-0.30656139292521384,-0.1484674953380753,10.276864059326774,8.899999976158142,7.52313589298951,19.700855647631723,39.67236690868184,TTNP
2023-10-24,6.800000190734863,11.399999618530273,6.199999809265137,7.400000095367432,7.400000095367432,37200,7.960000038146973,8.480000019073486,8.769999980926514,9.43599998474121,11.13599995613098,14.066999998092651,37.95856139311048,-0.5094057991588716,-0.3471302741719454,-0.1622755249869262,10.196938881672764,8.769999980926514,7.343061080180263,17.136758491445843,25.72649976754175,TTNP
2023-10-25,7.0,10.199999809265137,7.0,8.399999618530273,8.399999618530273,10755,7.719999885559082,8.439999961853028,8.739999961853027,9.38799997329712,11.065999956130982,14.015,46.676472344201805,-0.4664315559995842,-0.37099053053747316,-0.09544102546211103,10.171556692746101,8.739999961853027,7.308443230959953,26.79487638454694,21.21083017454161,TTNP
2023-10-26,8.800000190734863,9.800000190734863,8.199999809265137,8.800000190734863,8.800000190734863,1215,7.8,8.439999961853028,8.709999990463256,9.35599998474121,10.999999961853028,13.965000004768372,49.71996093798044,-0.39553794028867095,-0.3759000124877127,-0.019637927800958244,10.109769534624757,8.709999990463256,7.3102304463017544,38.46154292894778,27.464392601646963,TTNP
2023-10-27,8.600000381469727,10.0,8.199999809265137,8.399999618530273,8.399999618530273,1325,7.959999942779541,8.359999942779542,8.659999990463257,9.323999977111816,10.927999954223633,13.917000002861023,46.8408259105942,-0.3673958318558288,-0.37419917636133593,0.006803344505507125,10.028705556147578,8.659999990463257,7.291294424778936,44.87179651768244,36.70940527705916,TTNP
2023-10-30,8.399999618530273,9.0,8.199999809265137,8.600000381469727,8.600000381469727,1235,8.319999980926514,8.339999961853028,8.630000019073487,9.295999984741211,10.857999954223633,13.869000000953674,48.448249704379236,-0.3252058475003885,-0.36440051058914646,0.039194663088757964,9.97616307091986,8.630000019073487,7.2838369672271135,46.15385273739679,43.16239739467577,TTNP
2023-10-31,8.0,9.0,7.400000095367432,8.0,8.0,1420,8.439999961853028,8.2,8.580000019073486,9.247999992370605,10.781999950408936,13.817000002861024,44.13649028700211,-0.336308245202396,-0.35878205751179637,0.022473812309400376,9.941673610572463,8.580000019073486,7.2183264275745085,41.025646198430785,44.01709848450344,TTNP
2023-11-01,7.599999904632568,9.399999618530273,7.199999809265137,8.600000381469727,8.600000381469727,1035,8.480000114440918,8.1,8.540000057220459,9.212000007629394,10.71599995613098,13.769000000953675,49.02234928474821,-0.293310854051656,-0.3456878168197683,0.05237696276811227,9.84895197240685,8.540000057220459,7.2310481420340675,42.30770241814513,43.162400451324345,TTNP
2023-11-02,8.600000381469727,9.0,8.600000381469727,8.600000381469727,8.600000381469727,150,8.44000015258789,8.120000076293945,8.520000076293945,9.188000011444093,10.647999963760377,13.722000002861023,49.02234928474821,-0.2562808654970681,-0.32780642655522824,0.07152556105816016,9.812344897784106,8.520000076293945,7.227655254803785,42.30770241814513,41.88035034490713,TTNP
2023-11-03,8.800000190734863,9.600000381469727,8.199999809265137,8.399999618530273,8.399999618530273,345,8.44000015258789,8.200000047683716,8.510000038146973,9.152000007629395,10.581999959945678,13.675999999046326,47.41904837613401,-0.24030266335406303,-0.3103056739149952,0.07000301056093217,9.802809052188753,8.510000038146973,7.217191024105195,44.87180263097957,43.162402489090056,TTNP
2023-11-06,9.800000190734863,9.800000190734863,8.600000381469727,8.600000381469727,8.600000381469727,430,8.44000015258789,8.380000066757201,8.510000038146973,9.104000015258789,10.517999963760376,13.627999997138977,49.20800922919912,-0.20909116020577834,-0.2900627711731518,0.08097161096737349,9.802809052188753,8.510000038146973,7.217191024105195,44.87180263097957,44.017102560034864,TTNP
2023-11-07,8.600000381469727,9.399999618530273,8.199999809265137,8.199999809265137,8.199999809265137,565,8.480000114440918,8.460000038146973,8.47000002861023,9.072000007629395,10.449999961853027,13.580999994277954,45.84824533676373,-0.21416377563349265,-0.27488297206522,0.06071919643172735,9.749122845072387,8.47000002861023,7.190877212148071,42.30769630484801,44.01710052226915,TTNP
2023-11-08,8.600000381469727,8.600000381469727,7.599999904632568,7.599999904632568,7.599999904632568,1355,8.280000019073487,8.380000066757201,8.410000014305115,9.031999998092651,10.375999960899353,13.520999991893769,41.293822941423265,-0.2635606744078487,-0.27261851253374575,0.009057838125897055,9.733387786075502,8.410000014305115,7.08661224253473,37.17949282253057,41.452997252786155,TTNP
2023-11-09,7.599999904632568,8.800000190734863,7.599999904632568,8.199999809265137,8.199999809265137,1045,8.199999904632568,8.32000002861023,8.379999995231628,8.995999994277954,10.305999960899353,13.461999990940093,46.9671785167744,-0.2513951676716797,-0.26837384356133254,0.01697867588965285,9.693832244643293,8.379999995231628,7.066167745819963,34.615386496399005,38.03419187459263,TTNP
2023-11-10,8.199999809265137,8.399999618530273,7.400000095367432,8.399999618530273,8.399999618530273,230,8.199999904632568,8.32000002861023,8.339999985694885,8.959999990463256,10.239999957084656,13.401999990940094,48.74526657884354,-0.22304448481539296,-0.2593079718121446,0.03626348699675164,9.59910889064543,8.339999985694885,7.080891080744339,35.89743660281622,35.89743864058203,TTNP
2023-11-13,8.0,8.399999618530273,7.400000095367432,7.800000190734863,7.800000190734863,680,8.039999866485596,8.240000009536743,8.289999985694886,8.92399998664856,10.167999958992004,13.335999991893768,43.98116314774929,-0.2461537960790121,-0.2566771366655181,0.010523340586506003,9.551489245462792,8.289999985694886,7.028510725926981,35.25641250481034,35.25641186800862,TTNP
2023-11-14,7.400000095367432,8.0,7.400000095367432,8.0,8.0,1160,7.999999904632569,8.240000009536743,8.220000004768371,8.895999994277954,10.117999958992005,13.276999995708465,45.87992522173902,-0.2454998096224763,-0.25444167125690975,0.008941861634433446,9.378514279411831,8.220000004768371,7.061485730124911,31.959710359748403,34.37118648912509,TTNP
2023-11-15,8.0,8.0,7.400000095367432,7.599999904632568,7.599999904632568,505,7.999999904632569,8.139999961853027,8.119999980926513,8.85599998474121,10.06399995803833,13.212999997138978,42.75835809665738,-0.2740985479593725,-0.2583730465974023,-0.015725501361970207,9.119077116273752,8.119999980926513,7.120922845579274,22.619052535416994,29.945058466658676,TTNP
2023-11-16,7.400000095367432,7.800000190734863,6.800000190734863,7.400000095367432,7.400000095367432,3385,7.839999961853027,8.019999933242797,8.07000000476837,8.799999990463256,10.007999958992004,13.15100000143051,41.24723787206552,-0.3093357374472152,-0.26856558476736486,-0.04077015267985035,9.10737898062038,8.07000000476837,7.0326210289163615,20.952382325585187,25.177048406916956,TTNP
2023-11-17,7.0,7.400000095367432,6.800000190734863,6.800000190734863,6.800000190734863,285,7.520000076293945,7.8599999904632565,8.030000019073487,8.739999990463257,9.94199996471405,13.088000004291535,37.02031440926421,-0.381281268755135,-0.2911087215649189,-0.09017254719021611,9.19110080316624,8.030000019073487,6.868899234980734,11.428571179880677,18.33333534696105,TTNP
2023-11-20,7.0,7.599999904632568,6.199999809265137,7.199999809265137,7.199999809265137,6040,7.4,7.719999933242798,8.05,8.695999994277955,9.883999962806701,13.027000005245208,41.33641161135345,-0.40139496310217115,-0.31316596987236933,-0.08822899322980182,9.137085639674432,8.05,6.962914360325569,15.925923885141371,16.102292463535843,TTNP
2023-11-21,7.0,7.599999904632568,6.599999904632568,7.199999809265137,7.199999809265137,435,7.2399999618530275,7.619999933242798,8.039999985694886,8.647999982833863,9.825999960899352,12.963000004291535,41.33641161135344,-0.412579253965494,-0.3330486266909943,-0.07953062727449972,9.154161229181346,8.039999985694886,6.925838742208424,18.51851655622578,15.291003873749373,TTNP
2023-11-22,7.599999904632568,7.599999904632568,6.599999904632568,7.400000095367432,7.400000095367432,455,7.2,7.599999952316284,7.990000009536743,8.611999988555908,9.767999963760376,12.901000008583068,43.57861437078417,-0.4006856783549164,-0.3465760370237787,-0.054109641331137714,9.124616821865748,7.990000009536743,6.855383197207737,29.629629139056362,21.358023193474605,TTNP
2023-11-24,7.0,7.599999904632568,7.0,7.400000095367432,7.400000095367432,645,7.2,7.519999980926514,7.920000004768371,8.567999982833863,9.7099999666214,12.838000009059906,43.57861437078417,-0.3868011313283404,-0.35462105588469106,-0.032180075443649314,9.018250991194106,7.920000004768371,6.821749018342636,31.481483443773993,26.54320971301881,TTNP
2023-11-27,7.0,7.400000095367432,6.800000190734863,6.800000190734863,6.800000190734863,740,7.2,7.360000038146973,7.840000033378601,8.503999986648559,9.657999968528747,12.779000008106232,38.463607687628745,-0.41937817512346864,-0.36757247973244656,-0.05180569539102209,9.017011179604642,7.840000033378601,6.662988887152561,28.47222951183332,29.86111403155466,TTNP
2023-11-28,6.800000190734863,7.0,6.800000190734863,6.800000190734863,6.800000190734863,515,7.1200000762939455,7.2600000381469725,7.750000023841858,8.431999998092651,9.601999974250793,12.716000010967255,38.463607687628745,-0.44012226157123635,-0.38208243610020454,-0.058039825471031814,8.95571767743823,7.750000023841858,6.544282370245486,25.05342838333874,28.335713779648785,TTNP
2023-11-29,6.800000190734863,7.199999809265137,6.599999904632568,6.599999904632568,6.599999904632568,1745,7.000000095367431,7.12000002861023,7.6800000190734865,8.371999988555908,9.537999973297119,12.651000008583068,36.79405825562203,-0.4673135514222775,-0.39912865916461915,-0.06818489225765834,8.978520374995608,7.6800000190734865,6.3814796631513655,19.07052139896683,24.19872643137973,TTNP
2023-11-30,6.800000190734863,7.0,6.800000190734863,6.800000190734863,6.800000190734863,185,6.880000114440918,7.040000057220459,7.590000009536743,8.32,9.473999977111816,12.59100001335144,39.61666915931547,-0.46733731920712884,-0.4127703911731211,-0.054566928034007756,8.870372968518248,7.590000009536743,6.309627050555236,21.91143271170915,22.011794164671674,TTNP
2023-12-01,7.0,7.0,6.599999904632568,6.800000190734863,6.800000190734863,815,6.760000133514405,6.980000066757202,7.5,8.272000007629394,9.411999979019164,12.530000014305115,39.61666915931547,-0.46203015927552116,-0.4226223447936011,-0.039407814481920045,8.736023745607266,7.5,6.263976254392735,23.310036916287743,21.430663675654674,TTNP
2023-12-04,6.400000095367432,7.0,6.199999809265137,6.800000190734863,6.800000190734863,2025,6.760000133514405,6.980000066757202,7.42000002861023,8.216000003814697,9.349999980926514,12.46900001525879,39.61666915931547,-0.45260682702966815,-0.4286192412408145,-0.023987585788853627,8.619230949633732,7.42000002861023,6.220769107586727,29.292948315818062,24.838139314605087,TTNP
2023-12-05,6.800000190734863,7.0,6.599999904632568,6.599999904632568,6.599999904632568,620,6.720000076293945,6.920000076293945,7.320000004768372,8.164000005722047,9.287999978065491,12.407000014781952,37.52374571572912,-0.4560204006340447,-0.43409947311946057,-0.021920927514584132,8.439890471278533,7.320000004768372,6.200109538258211,27.609441045457185,26.73747542585443,TTNP
2023-12-06,6.599999904632568,6.599999904632568,6.199999809265137,6.400000095367432,6.400000095367432,1855,6.680000114440918,6.840000104904175,7.230000019073486,8.092000007629395,9.229999980926515,12.34100001335144,35.50382564693926,-0.4694524399448463,-0.4411700664845377,-0.028282373460308596,8.341824961569706,7.230000019073486,6.118175076577267,22.6851970202618,26.52919546051245,TTNP
2023-12-07,6.199999809265137,6.599999904632568,5.800000190734863,6.0,6.0,2065,6.520000076293945,6.7000000953674315,7.150000023841858,8.032000007629394,9.173999977111816,12.27600001335144,31.815098980433664,-0.506535071628547,-0.4542430675133396,-0.05229200411520746,8.368915415544617,7.150000023841858,5.931084632139099,15.277780782536803,21.857472949418696,TTNP
2023-12-08,6.0,6.199999809265137,5.400000095367432,5.599999904632568,5.599999904632568,3480,6.280000019073486,6.520000076293945,7.020000028610229,7.95600001335144,9.11599997997284,12.212000014781951,28.61356591938864,-0.5617247756080106,-0.4757394091322738,-0.08598536647573679,8.315436210411928,7.020000028610229,5.724563846808532,10.900672797083914,16.287883533294274,TTNP
2023-12-11,5.400000095367432,6.0,5.400000095367432,5.599999904632568,5.599999904632568,1805,6.039999961853027,6.400000047683716,6.880000042915344,7.880000019073487,9.061999979019165,12.149000010490418,28.61356591938864,-0.5985631502288662,-0.5003041573515923,-0.09825899287727391,8.153638615637647,6.880000042915344,5.606361470193041,9.764301566465528,11.980918382028849,TTNP
2023-12-12,5.800000190734863,5.800000190734863,5.199999809265137,5.199999809265137,5.199999809265137,1230,5.759999942779541,6.240000009536743,6.750000023841858,7.800000019073487,9.005999975204467,12.080000009536743,25.623180817806663,-0.6525127316821653,-0.5307458722177069,-0.12176685946445842,8.14633640763519,6.750000023841858,5.353663640048528,6.060600806201542,8.908525056583763,TTNP
2023-12-13,5.400000095367432,5.800000190734863,5.400000095367432,5.599999904632568,5.599999904632568,1750,5.599999904632568,6.1400000095367435,6.630000019073487,7.732000017166138,8.95799997806549,12.015000007152558,33.14734835293239,-0.6554360402366965,-0.5556839058215048,-0.0997521344151917,7.987996837510331,6.630000019073487,5.272003200636642,8.585857062445942,8.13691981170444,TTNP
2023-12-14,5.599999904632568,5.599999904632568,5.199999809265137,5.199999809265137,5.199999809265137,2820,5.4399998664855955,5.979999971389771,6.510000014305115,7.6480000209808345,8.90599997997284,11.951000006198884,29.890897727115345,-0.682165864629396,-0.5809802975830831,-0.10118556704631287,7.926811758581831,6.510000014305115,5.093188270028399,5.555556659345114,6.734004842664301,TTNP
2023-12-15,5.599999904632568,6.0,5.199999809265137,5.400000095367432,5.400000095367432,3780,5.399999904632568,5.839999961853027,6.410000014305115,7.576000022888183,8.85599998474121,11.885000004768372,33.413295764493235,-0.6793796259929588,-0.6006601632650582,-0.07871946272790054,7.843651106402,6.410000014305115,4.9763489222082296,8.888894761050029,7.676769494280463,TTNP
2023-12-18,5.599999904632568,5.599999904632568,5.199999809265137,5.400000095367432,5.400000095367432,1180,5.359999942779541,5.6999999523162845,6.340000009536743,7.512000017166137,8.791999983787537,11.818000009059906,33.41329576449323,-0.6694544575342913,-0.6144190221189049,-0.05503543541538647,7.826390062964205,6.340000009536743,4.85360995610928,6.666676203409715,7.037042541268387,TTNP
2023-12-19,5.199999809265137,5.599999904632568,5.199999809265137,5.400000095367432,5.400000095367432,1370,5.4,5.57999997138977,6.250000023841858,7.448000011444091,8.731999988555907,11.755000009536744,33.413295764493235,-0.6540492177728359,-0.622345061249691,-0.031704156523144844,7.735178611705556,6.250000023841858,4.764821435978161,10.37038481284498,8.641985259101675,TTNP
2023-12-20,5.599999904632568,5.599999904632568,5.199999809265137,5.199999809265137,5.199999809265137,2260,5.3199999809265135,5.459999942779541,6.150000023841858,7.372000007629395,8.661999988555909,11.690000004768372,31.44039146496273,-0.650480471919197,-0.6279721433835922,-0.022508328535604805,7.635178669497069,6.150000023841858,4.664821378186646,7.037046711140064,8.024702575798354,TTNP
2023-12-21,5.599999904632568,5.599999904632568,5.0,5.199999809265137,5.199999809265137,2645,5.3199999809265135,5.3799999237060545,6.040000009536743,7.3,8.59599998474121,11.628000001907349,31.44039146496273,-0.6402715630946174,-0.6304320273257973,-0.009839535768820129,7.4631499112330175,6.040000009536743,4.6168501078404685,7.0370387638540945,8.148156762613148,TTNP
2023-12-22,5.199999809265137,5.599999904632568,5.199999809265137,5.599999904632568,5.599999904632568,1625,5.359999942779541,5.3799999237060545,5.95,7.235999994277954,8.533999981880187,11.569999997615815,39.699053231089145,-0.5930677487087879,-0.6229591716023954,0.029891422893607578,7.239091000512709,5.95,4.660908999487291,13.333328564961635,9.135804679985366,TTNP
2023-12-26,5.400000095367432,5.800000190734863,5.199999809265137,5.400000095367432,5.400000095367432,4100,5.359999942779541,5.359999942779541,5.879999995231628,7.16,8.471999979019165,11.510999994277954,37.28090997896934,-0.5652804971660128,-0.6114234367151189,0.04614293954910609,7.128260993221186,5.879999995231628,4.631738997242071,21.666664381821985,14.012343903546006,TTNP
2023-12-27,5.400000095367432,6.599999904632568,5.400000095367432,6.599999904632568,6.599999904632568,4355,5.599999904632568,5.499999952316284,5.869999980926513,7.115999994277954,8.421999974250793,11.459999997615814,54.99441678295219,-0.4413414349940723,-0.5774070363709096,0.13606560137683732,7.091538117834151,5.869999980926513,4.648461844018875,51.66666756073638,28.8888868358401,TTNP
2023-12-28,7.0,7.0,6.400000095367432,6.599999904632568,6.599999904632568,3680,5.8799999237060545,5.599999952316284,5.869999980926513,7.06,8.375999975204468,11.412999997138977,54.99441678295219,-0.33920864913293247,-0.5297673589233142,0.1905587097903817,7.091538117834151,5.869999980926513,4.648461844018875,68.33333422740304,47.22222205665391,TTNP
2023-12-29,7.199999809265137,8.399999618530273,7.199999809265137,8.199999809265137,8.199999809265137,12940,6.479999923706055,5.899999952316284,5.939999961853028,7.031999988555908,8.347999973297119,11.376999998092652,68.67498714782306,-0.12768913905299772,-0.44935171494925086,0.32166257589625313,7.484459476558348,5.939999961853028,4.395540447147708,91.37254908010628,70.45751695608202,TTNP
2024-01-02,8.600000381469727,8.800000190734863,8.0,8.199999809265137,8.199999809265137,4725,6.999999904632569,6.179999923706054,6.009999942779541,7.027999992370606,8.325999975204468,11.337999997138978,68.67498714782305,0.039486421711087516,-0.3515840876171832,0.3910705093282707,7.809820763464238,6.009999942779541,4.210179122094845,86.10938810331963,81.93842380360975,TTNP
2024-01-03,8.800000190734863,8.800000190734863,7.599999904632568,8.399999618530273,8.399999618530273,2810,7.599999809265137,6.4799998760223385,6.0899999141693115,7.04399998664856,8.305999975204468,11.30199999332428,69.997133558665,0.1859688381860245,-0.24407350245654164,0.43004234064256613,8.147025586479822,6.0899999141693115,4.032974241858801,89.2672795863978,88.91640558994135,TTNP
2024-01-04,8.600000381469727,8.800000190734863,7.599999904632568,8.399999618530273,8.399999618530273,4635,7.959999752044678,6.779999828338623,6.179999899864197,7.075999975204468,8.285999975204469,11.267999992370605,69.997133558665,0.2986149611998812,-0.13553580972525706,0.4341507709251382,8.46345218875031,6.179999899864197,3.8965476109780837,87.71928547712186,87.6986510556132,TTNP
2024-01-05,7.800000190734863,9.399999618530273,7.800000190734863,8.399999618530273,8.399999618530273,10065,8.319999694824219,7.099999809265137,6.279999876022339,7.095999965667724,8.265999975204467,11.232999992370605,69.997133558665,0.38346745118281866,-0.03173515754364191,0.4152026087264606,8.75995030045907,6.279999876022339,3.800049451585608,85.4066882213504,87.46441776162345,TTNP
2024-01-08,8.600000381469727,9.399999618530273,8.399999618530273,8.800000190734863,8.800000190734863,13125,8.439999771118163,7.459999847412109,6.419999885559082,7.103999977111816,8.245999975204468,11.20199999332428,72.85870110359352,0.4774862003631748,0.07010911403772142,0.4073770863254534,9.126686869326974,6.419999885559082,3.713312901791189,84.37001438974484,85.83199602940579,TTNP
2024-01-09,8.4399995803833,8.4399995803833,7.019999980926514,7.150000095367432,7.150000095367432,28600,8.229999828338624,7.614999866485595,6.497499895095825,7.070999975204468,8.21349997997284,11.162749993801118,51.17592118358508,0.41408223612630035,0.13890373845543721,0.2751784976708631,9.194577849050038,6.497499895095825,3.8004219411416122,70.83333875193777,80.2033471210111,TTNP
2024-01-10,7.019999980926514,7.340000152587891,6.539999961853027,6.599999904632568,6.599999904632568,23000,7.869999885559082,7.7349998474121096,6.547499895095825,7.034999980926513,8.179499979019164,11.12074999332428,46.236438520815604,0.3158132205986037,0.1742856348840705,0.14152758571453322,9.21306353033708,6.547499895095825,3.8819362598545712,57.196976100774954,70.80010974748595,TTNP
2024-01-11,6.519999980926514,6.940000057220459,6.269999980926514,6.510000228881836,6.510000228881836,25100,7.492000007629395,7.725999879837036,6.61299991607666,6.993199977874756,8.144599981307984,11.08029999256134,45.463156049496014,0.22804335429224576,0.18503717876570555,0.04300617552654021,9.206298670801441,6.61299991607666,4.019701161351879,39.84849003720909,55.95960162997403,TTNP
2024-01-12,6.389999866485596,6.78000020980835,6.389999866485596,6.420000076293945,6.420000076293945,10900,7.096000099182129,7.707999897003174,6.653999924659729,6.961599979400635,8.10479998588562,11.039399991035461,44.65880092276241,0.14949950550626756,0.17792964411381795,-0.028430138607550393,9.207564181034716,6.653999924659729,4.100435668284742,33.24315135625835,43.42953916474755,TTNP
2024-01-16,6.300000190734863,6.53000020980835,6.269999980926514,6.420000076293945,6.420000076293945,6200,6.6200000762939455,7.529999923706055,6.71499993801117,6.917999973297119,8.064999990463257,10.997499990463258,44.65880092276241,0.08625860397302265,0.1595954360856589,-0.07333683211263625,9.18358947935132,6.71499993801117,4.246410396671019,30.804481148175793,34.632040847214505,TTNP
2024-01-17,6.25,6.5,6.25,6.25,6.25,1700,6.440000057220459,7.334999942779541,6.757499933242798,6.870999965667725,8.029499988555909,10.949749989509582,42.9924898221755,0.02216662541528791,0.1321096739515847,-0.1099430485362968,9.162517479223428,6.757499933242798,4.352482387262168,26.44841786606344,30.165350123499284,TTNP
2024-01-18,6.150000095367432,6.46999979019165,6.150000095367432,6.159999847412109,6.159999847412109,3900,6.352000045776367,7.110999965667725,6.795499920845032,6.826199970245361,7.989099988937378,10.897549986839294,42.09696298030291,-0.035479998167330606,0.09859173952780165,-0.13407173769513225,9.136690538627107,6.795499920845032,4.454309303062956,16.868437199013936,24.70711207108448,TTNP
2024-01-19,6.170000076293945,6.170000076293945,6.150000095367432,6.150000095367432,6.150000095367432,2300,6.280000019073486,6.88600001335144,6.832999920845031,6.777199964523316,7.940599989891052,10.84629998922348,41.99230162395147,-0.08103810229782038,0.06266577116267724,-0.14370387346049762,9.106631060926372,6.832999920845031,4.559368780763691,7.1858949574840985,16.83425000752058,TTNP
2024-01-22,6.96999979019165,6.96999979019165,6.179999828338623,6.550000190734863,6.550000190734863,11200,6.30600004196167,6.701000070571899,6.900499939918518,6.74419997215271,7.908099989891053,10.799049990177155,47.6039411012979,-0.08389942297134034,0.03335273233587373,-0.11725215530721407,9.05313865726343,6.900499939918518,4.747861222573606,4.205127257096678,9.41981980453166,TTNP
2024-01-23,6.110000133514404,6.110000133514404,5.809999942779541,5.809999942779541,5.809999942779541,20700,6.184000015258789,6.402000045776367,6.9309999465942385,6.708399972915649,7.870199985504151,10.748099989891053,39.911582386174956,-0.1442164384587521,-0.002161101823051438,-0.14205533663570066,9.002142229409468,6.9309999465942385,4.8598576637790085,4.1025656826163415,5.164529299065794,TTNP
2024-01-24,5.800000190734863,5.980000019073486,5.579999923706055,5.579999923706055,5.579999923706055,5600,6.05,6.24500002861023,6.929999947547913,6.655999975204468,7.825999984741211,10.695999989509582,37.86363133490623,-0.208177447117615,-0.043364370881964154,-0.16481307623565083,9.003729521456012,6.929999947547913,4.856270373639814,4.1025656826163415,4.136752874109875,TTNP
2024-01-25,5.980000019073486,5.980000019073486,5.420000076293945,5.420000076293945,5.420000076293945,3300,5.902000045776367,6.127000045776367,6.9309999465942385,6.596399984359741,7.778199987411499,10.645099987983704,36.4619885193238,-0.26868047652005256,-0.08842759200958183,-0.18025288451047072,9.001794566640282,6.9309999465942385,4.860205326548194,-1.1487107561454954e-13,2.735043788410944,TTNP
2024-01-26,5.550000190734863,5.849999904632568,5.329999923706055,5.329999923706055,5.329999923706055,4300,5.738000011444091,6.009000015258789,6.867499947547913,6.546999979019165,7.735499982833862,10.59274998664856,35.66227849443692,-0.3202007484632192,-0.1347822233003093,-0.1854185251629099,9.049881529214598,6.867499947547913,4.685118365881228,-1.1487107561454954e-13,1.3675218942054588,TTNP
2024-01-29,5.25,5.789999961853027,5.25,5.679999828338623,5.679999828338623,4200,5.563999938964844,5.934999990463257,6.821499943733215,6.500599975585938,7.698299984931946,10.543149983882904,41.0748340624336,-0.328996402197709,-0.17362505907978926,-0.15537134311791972,9.06249200499239,6.821499943733215,4.58050788247404,4.4932067387810815,1.4977355795937053,TTNP
2024-01-30,5.639999866485596,5.670000076293945,5.559999942779541,5.610000133514404,5.610000133514404,1700,5.523999977111816,5.853999996185303,6.6919999599456785,6.460799980163574,7.6583999824523925,10.49019998073578,40.34381854254365,-0.33772235838936737,-0.20644451894170487,-0.1312778394476625,8.898458302539193,6.6919999599456785,4.485541617352164,10.23483524326776,4.909347327349663,TTNP
2024-01-31,5.579999923706055,6.010000228881836,5.579999923706055,5.760000228881836,5.760000228881836,4500,5.560000038146972,5.8050000190734865,6.5699999809265135,6.427999982833862,7.61399998664856,10.439999980926514,42.69727478747824,-0.3287444263348389,-0.23090450042033167,-0.09783992591450724,8.69787084841564,6.5699999809265135,4.442129113437387,20.118561814827583,11.615534598958897,TTNP
2024-02-01,5.869999885559082,8.390000343322754,5.800000190734863,6.289999961853027,6.289999961853027,150600,5.734000015258789,5.818000030517578,6.464499998092651,6.417799978256226,7.578899984359741,10.391449980735779,50.17645654749007,-0.2756848777777785,-0.23986057589182103,-0.03582430188595748,8.421337679303685,6.464499998092651,4.507662316881617,26.6656931667157,19.006363408270435,TTNP
2024-02-02,6.090000152587891,6.78000020980835,5.949999809265137,6.449999809265137,6.449999809265137,16200,5.957999992370605,5.848000001907349,6.367000007629395,6.402799978256225,7.5493999862670895,10.343699979782105,52.204576896277864,-0.21820877780102155,-0.23553021627366114,0.01732143847263959,8.111132747130144,6.367000007629395,4.622867268128646,33.66291474778129,26.815723243108277,TTNP
2024-02-05,6.230000019073486,6.28000020980835,5.739999771118164,5.789999961853027,5.789999961853027,8200,5.980000019073486,5.771999979019165,6.236500024795532,6.374599981307983,7.5112999820709225,10.293649978637696,44.21010769064426,-0.22334049609938855,-0.23309227223880663,0.009751776139418078,7.724400007287777,6.236500024795532,4.748600042303288,29.511671220916494,29.946759711804578,TTNP
2024-02-06,5.489999771118164,6.139999866485596,5.489999771118164,5.900000095367432,5.900000095367432,10200,6.038000011444092,5.780999994277954,6.09150002002716,6.344599981307983,7.478299984931946,10.247149980068206,45.70253995267582,-0.21604094284938835,-0.22968200636092298,0.013641063511534629,7.006970485261265,6.09150002002716,5.176029554793056,25.37154570240676,29.515377223701602,TTNP
2024-02-07,5.909999847412109,6.489999771118164,5.849999904632568,6.269999980926514,6.269999980926514,22100,6.139999961853027,5.85,6.047500014305115,6.321999979019165,7.4449999809265135,10.202499980926513,50.49925481862104,-0.1783442542146254,-0.21941445593166348,0.04107020171703807,6.830206942861979,6.047500014305115,5.26479308574825,23.460719708163428,26.11464554382898,TTNP
2024-02-08,6.699999809265137,7.489999771118164,6.28000020980835,7.260000228881836,7.260000228881836,27500,6.334000015258789,6.034000015258789,6.0805000305175785,6.331199979782104,7.417599983215332,10.162799983024597,60.54320576125771,-0.06780301964434798,-0.18909216867420037,0.12128914902985238,6.99769916922093,6.0805000305175785,5.163300891814227,39.065816378028245,29.299360596199563,TTNP
2024-02-09,7.21999979019165,7.21999979019165,6.769999980926514,7.190000057220459,7.190000057220459,2800,6.482000064849854,6.2200000286102295,6.114500021934509,6.338999977111817,7.385499987602234,10.120749981403351,59.62201832796167,0.013991985423700726,-0.14847533785462014,0.16246732327832086,7.137209286654709,6.114500021934509,5.091790757214309,52.7600819916847,38.42887269262554,TTNP
2024-02-12,7.199999809265137,7.329999923706055,7.0,7.059999942779541,7.059999942779541,5700,6.736000061035156,6.358000040054321,6.146500015258789,6.3481999778747555,7.360099983215332,10.077049980163574,57.86125984210171,0.06754655877889437,-0.10527095852791724,0.1728175173068116,7.242842208770626,6.146500015258789,5.050157821746953,61.14649255936687,50.99079697636002,TTNP
2024-02-13,6.639999866485596,6.869999885559082,6.519999980926514,6.519999980926514,6.519999980926514,6100,6.860000038146973,6.449000024795533,6.151500010490418,6.342599973678589,7.331299986839294,10.030649979114532,51.10932916105716,0.06565858870960017,-0.07108504908041374,0.13674363779001392,7.253682478895084,6.151500010490418,5.049317542085752,53.29086445910311,55.732479670051646,TTNP
2024-02-14,6.840000152587891,7.449999809265137,6.679999828338623,6.800000190734863,6.800000190734863,7100,6.966000080108643,6.553000020980835,6.179000020027161,6.342599973678589,7.307299990653991,9.986649978160859,54.100216391258336,0.08576736292823117,-0.03971456667868476,0.12548192960691593,7.316519795120885,6.179000020027161,5.041480244933436,49.15073894059338,54.52936531968788,TTNP
2024-02-15,6.289999961853027,7.079999923706055,6.289999961853027,6.800000190734863,6.800000190734863,5600,6.874000072479248,6.604000043869019,6.2110000371932985,6.342599973678589,7.279299988746643,9.942649977207184,54.10021639125833,0.1005446947185753,-0.011662714399232749,0.11220740911780805,7.380149845997391,6.2110000371932985,5.041850228389206,46.390656948908564,49.61075344953511,TTNP
2024-02-16,6.869999885559082,7.25,6.809999942779541,7.119999885559082,7.119999885559082,6200,6.860000038146973,6.671000051498413,6.259500026702881,6.352999973297119,7.258499989509582,9.90024997472763,57.5428107730586,0.136503609016434,0.0179705502839006,0.11853305873253339,7.493199433277345,6.259500026702881,5.025800620128416,51.644335137170145,49.06191034222412,TTNP
2024-02-20,6.949999809265137,8.0,6.949999809265137,8.0,8.0,10900,7.048000049591065,6.89200005531311,6.332000017166138,6.384999971389771,7.238499989509583,9.864249975681306,65.2594726641109,0.23332039021355921,0.061040518269832325,0.1722798719437269,7.777676050606005,6.332000017166138,4.88632398372627,64.04055412077133,54.0251820689501,TTNP
2024-02-21,7.760000228881836,7.96999979019165,7.03000020980835,7.599999904632568,7.599999904632568,2200,7.264000034332275,7.062000036239624,6.421500015258789,6.416999969482422,7.224499988555908,9.82424997329712,59.927742069773714,0.2746062323732952,0.1037536610905249,0.17085257128277026,7.946297091075487,6.421500015258789,4.896702939442091,71.83907176595118,62.50798700796431,TTNP
2024-02-22,7.96999979019165,7.96999979019165,7.909999847412109,7.909999847412109,7.909999847412109,800,7.485999965667725,7.226000022888184,6.538000011444092,6.463199968338013,7.209599990844726,9.786799974441529,62.48577878765745,0.3285526143170596,0.14871345173583184,0.17983916258122778,8.141813901900798,6.538000011444092,4.934186120987387,85.24155425581104,73.70706004751128,TTNP
2024-02-23,7.570000171661377,7.78000020980835,7.570000171661377,7.78000020980835,7.78000020980835,1200,7.681999969482422,7.278000020980835,6.656000018119812,6.506799974441528,7.193399996757507,9.74869997739792,60.73485920368916,0.356703767377919,0.19031151486424927,0.1663922525136697,8.260696598931343,6.656000018119812,5.051303437308282,86.80267224460722,81.29443275545657,TTNP
2024-02-26,7.690000057220459,8.0,7.650000095367432,8.0,8.0,4600,7.857999992370606,7.359000015258789,6.78950002193451,6.562799978256225,7.181399998664856,9.711699979305267,62.64262966186915,0.392244354692993,0.230698082829998,0.161546271862995,8.374862457649398,6.78950002193451,5.2041375862196215,95.88313526545443,89.30912058862431,TTNP
2024-02-27,8.3100004196167,8.4399995803833,8.15999984741211,8.4399995803833,8.4399995803833,6500,7.9459999084472654,7.496999979019165,6.927500009536743,6.61959997177124,7.175799994468689,9.675899975299835,66.18167209739184,0.4507192046747761,0.2747023071989536,0.1760168974758225,8.581534377025237,6.927500009536743,5.273465642048249,97.07835630637021,93.25472127214404,TTNP
2024-02-28,7.75,8.09000015258789,7.659999847412109,7.690000057220459,7.690000057220459,2500,7.963999938964844,7.61399998664856,7.031500005722046,6.669399976730347,7.158699998855591,9.637349977493287,56.3775429161927,0.43156741059423886,0.3060753278780107,0.1254920827162282,8.600476032271413,7.031500005722046,5.462523979172681,88.4259299118343,93.79580716121974,TTNP
2024-02-29,7.5,7.5,7.5,7.5,7.5,1100,7.881999969482422,7.683999967575073,7.118499994277954,6.711399974822998,7.143699998855591,9.595849976539611,54.18752323225833,0.3964875968714541,0.32415778167669934,0.07232981519475473,8.585458034672598,7.118499994277954,5.651541953883309,73.85229042089834,86.45219221303438,TTNP
2024-03-01,7.5,7.5,7.5,7.5,7.5,900,7.825999927520752,7.753999948501587,7.178999996185302,6.753399972915649,7.132699995040894,9.557349977493287,54.18752323225833,0.36448503515848607,0.3322232323730567,0.032261802785429394,8.603482667713077,7.178999996185302,5.754517324657527,59.278650929962396,73.85229042089844,TTNP
2024-03-04,7.599999904632568,7.650000095367432,7.599999904632568,7.650000095367432,7.650000095367432,1300,7.755999946594239,7.806999969482422,7.239000010490417,6.798399972915649,7.12319999217987,9.517599976062774,55.76097904570106,0.34722394700631476,0.3352233752997083,0.012000571706606455,8.636437250153229,7.239000010490417,5.841562770827607,58.60466481372879,63.911868721529935,TTNP
2024-03-05,7.119999885559082,7.119999885559082,7.119999885559082,7.119999885559082,7.119999885559082,800,7.492000007629395,7.71899995803833,7.30550000667572,6.836799974441528,7.104399991035462,9.474199974536896,49.31591726638546,0.28746411536954586,0.3256715233136758,-0.03820740794412997,8.537593273673945,7.30550000667572,6.073406739677495,52.713189125922476,56.86550162320464,TTNP
2024-03-06,7.139999866485596,7.139999866485596,7.139999866485596,7.139999866485596,7.139999866485596,800,7.381999969482422,7.6729999542236325,7.367499995231628,6.875599975585938,7.087799987792969,9.430899972915649,49.55287524482889,0.23896323019676213,0.3083298646902931,-0.06936663449353098,8.42252126677154,7.367499995231628,6.312478723691717,47.13179071679937,52.81654821881697,TTNP
2024-03-07,7.139999866485596,7.139999866485596,7.139999866485596,7.139999866485596,7.139999866485596,700,7.309999942779541,7.5959999561309814,7.410999989509582,6.906399974822998,7.071199984550476,9.384599974155426,49.55287524482889,0.19824073349219518,0.28631203845067354,-0.08807130495847837,8.346388085878639,7.410999989509582,6.475611893140526,32.79497978571019,44.213319876144105,TTNP
2024-03-08,7.139999866485596,7.139999866485596,7.139999866485596,7.139999866485596,7.139999866485596,500,7.23799991607666,7.531999921798706,7.4049999713897705,6.9411999702453615,7.05059998512268,9.339299969673156,49.55287524482889,0.16407648982346412,0.26186492872523165,-0.09778843890176753,8.345709766041136,7.4049999713897705,6.464290176738405,24.177322848272283,34.701364450260705,TTNP
2024-03-11,8.079999923706055,8.079999923706055,7.179999828338623,7.639999866485596,7.639999866485596,3000,7.235999870300293,7.495999908447265,7.4274999618530275,6.961999969482422,7.038999981880188,9.299499967098235,55.97906416273659,0.17532585458644157,0.24455711389747364,-0.06923125931103208,8.368090157948059,7.4274999618530275,6.486909765757996,25.419829518583537,27.46404405085543,TTNP
2024-03-12,8.010000228881836,8.020000457763672,7.989999771118164,7.989999771118164,7.989999771118164,4900,7.409999847412109,7.450999927520752,7.473999953269958,6.989799966812134,7.024899983406067,9.262449967861176,59.83595316266512,0.21006166433340745,0.2376580239846604,-0.027596359651252955,8.429160083543339,7.473999953269958,6.518839822996577,40.641062479771044,30.079404948875716,TTNP
2024-03-13,7.349999904632568,7.389999866485596,7.349999904632568,7.389999866485596,7.389999866485596,700,7.459999847412109,7.420999908447266,7.517499947547913,6.973599967956543,7.002799978256226,9.224399967193603,51.50499163466651,0.18701922471337973,0.22753026413040428,-0.04051103941702455,8.368469917596682,7.517499947547913,6.6665299774991436,43.20868417546743,36.42319205794076,TTNP
2024-03-14,7.389999866485596,7.710000038146973,6.510000228881836,7.710000038146973,7.710000038146973,12900,7.573999881744385,7.441999912261963,7.562999939918518,6.963799972534179,6.995899982452393,9.187949967384338,55.095887002476054,0.1923618372836282,0.22049657876104906,-0.028134741477420844,8.350603247093323,7.562999939918518,6.775396632743712,49.51327434263721,44.45434033262532,TTNP
2024-03-15,8.0,9.289999961853027,7.809999942779541,9.289999961853027,9.289999961853027,66500,8.00399990081787,7.620999908447265,7.687499928474426,6.9815999794006345,7.012799983024597,9.157399969100952,67.78131366765612,0.3203953671168289,0.24047633643220503,0.07991903068462389,8.706514193621139,7.687499928474426,6.668485663327712,60.876908516938094,51.19962234501434,TTNP
2024-03-18,7.900000095367432,8.539999961853027,7.119999885559082,7.329999923706055,7.329999923706055,14600,7.941999912261963,7.588999891281128,7.6979999303817745,6.9601999855041505,7.018099980354309,9.118049969673157,49.20958417426697,0.2607020285628332,0.24452147485833067,0.016180553704502526,8.697549360551383,7.6979999303817745,6.698450500212166,63.890857181883376,58.09368001381966,TTNP
2024-03-19,7.699999809265137,8.140000343322754,7.0,7.340000152587891,7.340000152587891,9900,7.811999988555908,7.610999917984008,7.664999938011169,6.938999996185303,7.017499980926513,9.076749968528748,49.28593422692277,0.2117605191385925,0.23796928371438303,-0.026208764575790522,8.666066881395459,7.664999938011169,6.663932994626879,53.117503321565515,59.29508967346243,TTNP
2024-03-20,6.820000171661377,7.190000057220459,6.510000228881836,6.829999923706055,6.829999923706055,16600,7.7,7.579999923706055,7.626499938964844,6.8995999908447265,7.001799983978271,9.033899970054627,45.527183935544066,0.13031902746647805,0.21643923246480204,-0.08612020499832398,8.691772687767024,7.626499938964844,6.561227190162663,23.621097153236033,46.87648588556174,TTNP
2024-03-21,7.039999961853027,7.539999961853027,6.889999866485596,6.889999866485596,6.889999866485596,5400,7.535999965667725,7.554999923706054,7.575499939918518,6.89439998626709,6.982699980735779,8.991349971294403,46.04848578822633,0.0698127940708364,0.1871139447860089,-0.1173011507151725,8.678592892241275,7.575499939918518,6.472406987595762,18.345316583883264,31.694639019561702,TTNP
2024-03-22,6.949999809265137,6.980000019073486,6.28000020980835,6.289999961853027,6.289999961853027,9900,6.935999965667724,7.469999933242798,7.500999927520752,6.888199987411499,6.961599984169006,8.94479996919632,41.74609076516999,-0.026251202196390544,0.14444091538952902,-0.17069211758591957,8.732564388163926,7.500999927520752,6.269435466877578,8.504017407869169,16.823477048329586,TTNP
2024-03-25,6.5,7.159999847412109,6.300000190734863,6.849999904632568,6.849999904632568,5300,6.839999961853027,7.3909999370574955,7.44349992275238,6.894999980926514,6.944099979400635,8.901049966812133,46.74712126336425,-0.0565434978285122,0.10424403274592078,-0.16078753057443299,8.683857133405459,7.44349992275238,6.203142712099302,10.979379742081173,12.6095712446113,TTNP
2024-03-26,6.599999904632568,7.300000190734863,6.599999904632568,7.230000019073486,7.230000019073486,12000,6.817999935150146,7.314999961853028,7.3829999446868895,6.911199979782104,6.93639997959137,8.859199965000153,49.89076027719734,-0.04931900809396428,0.07353142457794377,-0.12285043267190805,8.53814458882366,7.3829999446868895,6.227855300550119,16.94351475272494,12.142303967558526,TTNP
2024-03-27,7.5,8.289999961853027,7.079999923706055,7.380000114440918,7.380000114440918,80700,6.927999973297119,7.313999986648559,7.367499947547913,6.930399980545044,6.924199976921082,8.820099966526032,51.117453300049284,-0.031130935787227365,0.05259895250490955,-0.08372988829213691,8.514038274517317,7.367499947547913,6.2209616205785085,29.014392298450748,18.979095597752387,TTNP
2024-03-28,7.0,7.320000171661377,6.849999904632568,7.159999847412109,7.159999847412109,10200,6.9819999694824215,7.258999967575074,7.350499939918518,6.948599977493286,6.909799971580505,8.77889996767044,49.21450259666676,-0.03407613193909409,0.03526393561610882,-0.06934006755520292,8.498756940638954,7.350499939918518,6.202242939198083,32.44739305500075,26.135100035392245,TTNP
2024-04-01,7.25,7.25,6.869999885559082,6.960000038146973,6.960000038146973,10100,7.115999984741211,7.025999975204468,7.323499941825867,6.964599981307983,6.895399975776672,8.738699967861175,47.483906087835834,-0.05194969055285714,0.017821210382315624,-0.06977090093517277,8.481777163038183,7.323499941825867,6.165222720613551,29.457359797322415,30.306381716924736,TTNP
2024-04-02,7.150000095367432,7.179999828338623,6.610000133514404,7.179999828338623,7.179999828338623,9800,7.181999969482422,7.010999965667724,7.299999928474426,6.985199975967407,6.881199970245361,8.699599967002868,49.58404531611526,-0.04781133081270639,0.004694702143311221,-0.052506032956017606,8.449867357846582,7.299999928474426,6.15013249910227,27.242517022374944,29.71575662489947,TTNP
2024-04-03,7.179999828338623,7.179999828338623,6.909999847412109,6.909999847412109,6.909999847412109,4500,7.117999935150147,6.9679999351501465,7.2894999265670775,6.992399969100952,6.868299970626831,8.65914996623993,47.0948703384661,-0.06556262771911658,-0.009356763829174341,-0.05620586388994224,8.449540492464036,7.2894999265670775,6.129459360670118,24.47396751413245,27.0579481112767,TTNP
2024-04-04,7.139999866485596,7.340000152587891,6.800000190734863,6.889999866485596,6.889999866485596,5000,7.019999885559082,6.973999929428101,7.276999926567077,7.0139999675750735,6.861199970245361,8.618599965572358,46.90702436696308,-0.08031862659184785,-0.023549136381709045,-0.05676949021013881,8.448545538370002,7.276999926567077,6.1054543147641525,23.698771750812465,25.138418762440054,TTNP
2024-04-05,7.25,7.25,6.820000171661377,6.849999904632568,6.849999904632568,4100,6.957999897003174,6.969999933242798,7.262499928474426,7.039399967193604,6.847699971199035,8.576849966049194,46.50747931121237,-0.09415516253349665,-0.03767034161206657,-0.05648482092143008,8.447569597822973,7.262499928474426,6.07743025912588,22.139073812890953,23.437271025945392,TTNP
2024-04-08,7.320000171661377,9.069999694824219,7.039999961853027,7.239999771118164,7.239999771118164,38700,7.0139998435974125,7.064999914169311,7.267499923706055,7.0757999610900875,6.836099972724915,8.538049964904785,50.8989335975635,-0.07281165960535674,-0.0446986052107246,-0.028113054394632138,8.451303167399601,7.267499923706055,6.083696680012507,26.631863991396344,24.156569851700024,TTNP
2024-04-09,7.21999979019165,7.349999904632568,7.199999809265137,7.340000152587891,7.340000152587891,2200,7.045999908447266,7.113999938964843,7.252499938011169,7.115999965667725,6.831499972343445,8.499749965667725,51.987344568614404,-0.047282541016147484,-0.045215392371809174,-0.0020671486443383097,8.424587876972836,7.252499938011169,6.0804119990495025,32.54088582767704,27.10394121065488,TTNP
2024-04-10,7.340000152587891,7.340000152587891,7.340000152587891,7.340000152587891,7.340000152587891,600,7.131999969482422,7.124999952316284,7.219999957084656,7.14919997215271,6.824899973869324,8.471449966430663,51.98734456861441,-0.02674226245176836,-0.041520766387801014,0.014778503936032653,8.343527971137782,7.219999957084656,6.09647194303153,36.79808859476507,31.99027947127958,TTNP
2024-04-11,7.170000076293945,7.329999923706055,7.0,7.159999847412109,7.159999847412109,5700,7.185999965667724,7.102999925613403,7.208499956130981,7.180199966430664,6.820499973297119,8.442249965667724,49.68804859532723,-0.02470369518655602,-0.03815735214755202,0.013453656960996,8.329537960423114,7.208499956130981,6.087461951838849,35.84229482567769,35.0604230827067,TTNP
2024-04-12,7.260000228881836,7.260000228881836,6.980000019073486,7.260000228881836,7.260000228881836,3800,7.2680000305175785,7.112999963760376,7.185999965667724,7.210199966430664,6.819099974632263,8.413549966812134,50.985045519421845,-0.014847765101564825,-0.033495434738354576,0.01864766963678975,8.28369354675043,7.185999965667724,6.088306384585019,34.730365088962415,35.79024950313515,TTNP
2024-04-15,7.099999904632568,7.260000228881836,7.099999904632568,7.260000228881836,7.260000228881836,2100,7.272000122070312,7.142999982833862,7.084499979019165,7.22959997177124,6.823699975013733,8.38284996986389,50.985045519421845,-0.0069566772560412105,-0.028187683241891904,0.021231005985850693,7.6131342758568845,7.084499979019165,6.555865682181446,30.972973978095542,33.848544630911974,TTNP
2024-04-16,7.260000228881836,7.260000228881836,7.260000228881836,7.260000228881836,7.260000228881836,300,7.256000137329101,7.151000022888184,7.0809999942779545,7.245799980163574,6.8242999792099,8.354149971008301,50.985045519421845,-0.0006949226505046369,-0.02268913112361445,0.021994208473109813,7.603983018087019,7.0809999942779545,6.5580169704688895,29.266827759928457,31.656722275662233,TTNP
2024-04-17,7.099999904632568,7.099999904632568,7.099999904632568,7.099999904632568,7.099999904632568,2600,7.2080000877380375,7.17000002861023,7.068999981880188,7.271999979019165,6.823299980163574,8.324649970531464,48.48718594313709,-0.008544628838126123,-0.019860230666516786,0.011315601828390663,7.578500938621306,7.068999981880188,6.559499025139069,24.354043140588757,28.197948292871015,TTNP
2024-04-18,7.099999904632568,7.300000190734863,7.099999904632568,7.099999904632568,7.099999904632568,5200,7.196000099182129,7.191000032424927,7.082499980926514,7.2959999752044675,6.820299978256226,8.2941499710083,48.48718594313709,-0.014597308855912594,-0.018807646304395947,0.004210337448483353,7.580124556790445,7.082499980926514,6.584875405062582,22.08671989540065,25.235863598639384,TTNP
2024-04-19,7.320000171661377,7.320000171661377,7.320000171661377,7.320000171661377,7.320000171661377,3000,7.2080000877380375,7.238000059127808,7.103999996185303,7.316999979019165,6.819499979019165,8.264749972820281,52.220053484671894,-0.0016232071256023772,-0.015370758468637233,0.013747551343034856,7.603651099643586,7.103999996185303,6.60434889272702,22.89972739512007,23.11349681036992,TTNP
2024-04-22,7.010000228881836,7.010000228881836,7.010000228881836,7.010000228881836,7.010000228881836,600,7.158000087738037,7.215000104904175,7.1400000095367435,7.311999979019165,6.821599979400634,8.239799973964692,47.04662052344918,-0.01616915468540192,-0.015530437711990171,-0.0006387169734117498,7.477216855815064,7.1400000095367435,6.8027831632584235,19.343864591170814,21.443437293897272,TTNP
2024-04-23,7.230000019073486,7.230000019073486,7.010000228881836,7.010000228881836,7.010000228881836,1300,7.108000087738037,7.1820001125335695,7.148000025749207,7.308399982452393,6.823699979782105,8.212849977016448,47.04662052344918,-0.027381288475154086,-0.017900607864622956,-0.009480680610531131,7.464258111497985,7.148000025749207,6.831741940000429,15.788001787221555,19.343864591170906,TTNP
2024-04-24,6.849999904632568,7.050000190734863,6.849999904632568,6.96999979019165,6.96999979019165,2600,7.082000064849853,7.145000076293945,7.135000014305115,7.306599979400635,6.827399978637695,8.182699975967408,46.359313133297036,-0.0390446044911279,-0.022129407189923945,-0.016915197301203954,7.458009600234046,7.135000014305115,6.811990428376184,8.389620390495889,14.507162256296178,TTNP
2024-04-25,6.96999979019165,6.96999979019165,6.96999979019165,6.96999979019165,6.96999979019165,300,7.05600004196167,7.1260000705719,7.1144999980926515,7.315599975585937,6.829099974632263,8.15154997587204,46.35931313329703,-0.047737577386934404,-0.027251041229326037,-0.020486536157608367,7.4244906349211455,7.1144999980926515,6.804509361264158,7.107718969886623,10.428447049201448,TTNP
2024-04-26,7.309999942779541,8.0,6.75,7.090000152587891,7.090000152587891,10600,7.0100000381469725,7.1090000629425045,7.111000013351441,7.321399974822998,6.8319999742507935,8.12199997663498,48.9539233250899,-0.04443161467953871,-0.03068715591936857,-0.01374445876017014,7.420436915767608,7.111000013351441,6.801563110935273,13.090688031199724,9.529342463860837,TTNP
2024-04-29,7.0,7.0,6.849999904632568,6.849999904632568,6.849999904632568,2700,6.977999973297119,7.068000030517578,7.105500006675721,7.322399969100952,6.832499971389771,8.091249976158142,44.33502345014483,-0.060480448695200195,-0.036645814474534896,-0.0238346342206653,7.429064852002098,7.105500006675721,6.7819351613493435,13.535135112966833,11.244514038017819,TTNP
2024-04-30,6.809999942779541,6.809999942779541,6.599999904632568,6.710000038146973,6.710000038146973,3300,6.917999935150147,7.013000011444092,7.082000017166138,7.31419997215271,6.833599972724914,8.060799975395202,41.85422779353335,-0.08353316613429662,-0.04602328480648724,-0.03750988132780938,7.446224139704688,7.082000017166138,6.717775894627588,14.352385478765456,13.659402874310762,TTNP
2024-05-01,6.75,6.75,6.699999809265137,6.699999809265137,6.699999809265137,2000,6.863999938964843,6.973000001907349,7.071500015258789,7.288199968338013,6.836599969863892,8.033299975395202,41.67484324691498,-0.10144020613402827,-0.05710666907199545,-0.044333537062032816,7.4658174398889345,7.071500015258789,6.677182590628644,7.666664691198275,11.851395094310279,TTNP
2024-05-02,6.699999809265137,6.699999809265137,6.699999809265137,6.699999809265137,6.699999809265137,0,6.809999942779541,6.932999992370606,7.062000012397766,7.270199966430664,6.843599967956543,8.00879997253418,41.67484324691498,-0.11431392458243295,-0.06854812017408295,-0.04576580440835,7.481689482076559,7.062000012397766,6.642310542718972,7.380950515773023,9.800000228579009,TTNP
2024-05-03,6.880000114440918,6.880000114440918,6.809999942779541,6.880000114440918,6.880000114440918,1100,6.767999935150146,6.888999986648559,7.063500022888183,7.24959997177124,6.8563999700546265,7.986199975013733,46.46466028589976,-0.10873844973929803,-0.07658618608712596,-0.03215226365217207,7.480352795778252,7.063500022888183,6.646647249998114,11.428571104192306,8.825395437054626,TTNP
2024-05-06,6.880000114440918,6.880000114440918,6.880000114440918,6.880000114440918,6.880000114440918,300,6.773999977111816,6.875999975204468,7.045500040054321,7.2315999698638915,6.86919997215271,7.9655999755859375,46.46466028589976,-0.10313101560590976,-0.08189515199088272,-0.021235863615027037,7.4614017685828715,7.045500040054321,6.629598311525771,15.714292364055026,11.507937994673545,TTNP
2024-05-07,6.849999904632568,6.849999904632568,6.739999771118164,6.739999771118164,6.739999771118164,1100,6.779999923706055,6.848999929428101,7.015500020980835,7.206399965286255,6.88459997177124,7.945299973487854,43.260049789134094,-0.10873056308149831,-0.08726223420900583,-0.021468328872492476,7.428651643055509,7.015500020980835,6.6023483989061615,16.666672343298988,14.603178603848866,TTNP
2024-05-08,6.590000152587891,6.820000171661377,6.579999923706055,6.820000171661377,6.820000171661377,1700,6.803999996185302,6.833999967575073,6.989500021934509,7.173999977111817,6.896799974441528,7.9273999762535095,45.57018340426132,-0.1054967798571429,-0.09090914333863324,-0.014587636518509653,7.382659320636089,6.989500021934509,6.596340723232929,15.633809470081252,16.004924725811847,TTNP
2024-05-09,6.820000171661377,6.820000171661377,6.820000171661377,6.820000171661377,6.820000171661377,300,6.828000068664551,6.819000005722046,6.972500038146973,7.156599979400635,6.912999978065491,7.909499979019165,45.57018340426132,-0.1017609465063547,-0.09307950397217754,-0.008681442534177158,7.364099627155094,6.972500038146973,6.580900449138852,14.600946596863515,15.633809470081344,TTNP
2024-05-10,6.880000114440918,6.900000095367432,6.880000114440918,6.900000095367432,6.900000095367432,600,6.832000064849853,6.8,6.954500031471253,7.144599981307984,6.927999978065491,7.891999981403351,48.024408366163556,-0.09129258234321558,-0.09272211964638515,0.0014295373031695674,7.324059517286617,6.954500031471253,6.584940545655888,18.779357384729533,16.33803781722486,TTNP
2024-05-13,6.739999771118164,6.739999771118164,6.739999771118164,6.739999771118164,6.739999771118164,800,6.803999996185302,6.78899998664856,6.928500008583069,7.129399976730347,6.941399974822998,7.866699979305268,43.773294787833805,-0.09481405984960745,-0.09314050768702961,-0.001673552162577835,7.281212649425598,6.928500008583069,6.57578736774054,16.901413810904625,16.760572597499316,TTNP
2024-05-14,6.650000095367432,6.650000095367432,6.559999942779541,6.559999942779541,6.559999942779541,1000,6.7680000305175785,6.773999977111816,6.8934999942779545,7.107599973678589,6.9529999732971195,7.8424999809265135,39.53352622914288,-0.11085151075656174,-0.09668270830093603,-0.014168802455625712,7.246609302414239,6.8934999942779545,6.54039068614167,11.267605476149734,15.64945889059472,TTNP
2024-05-15,6.550000190734863,6.550000190734863,6.550000190734863,6.550000190734863,6.550000190734863,800,6.714000034332275,6.759000015258789,6.866000008583069,7.096199979782105,6.966499977111816,7.8142499828338625,39.30575916414455,-0.12295090110880391,-0.1019363468625096,-0.02101455424629431,7.235771785563347,6.866000008583069,6.496228231602791,3.7558647609298554,10.641628015994828,TTNP
2024-05-16,6.429999828338623,6.650000095367432,6.309999942779541,6.480000019073486,6.480000019073486,6800,6.646000003814697,6.737000036239624,6.835000014305114,7.082999982833862,6.9792999792099,7.787649981975555,37.66965275438242,-0.13661338985225147,-0.10887175546045798,-0.027741634391793488,7.224532011168368,6.835000014305114,6.44546801744186,8.212563391118035,7.7453445427326315,TTNP
2024-05-17,6.519999980926514,6.650000095367432,6.079999923706055,6.340000152587891,6.340000152587891,11800,6.534000015258789,6.6830000400543215,6.78600001335144,7.066999988555908,6.986699981689453,7.76034998178482,34.570295435259055,-0.1569288516945182,-0.11848317470727002,-0.038445676987248184,7.165593372486337,6.78600001335144,6.406406654216544,18.78167617374333,10.25003477526383,TTNP
2024-05-20,6.599999904632568,6.599999904632568,6.449999809265137,6.449999809265137,6.449999809265137,1600,6.476000022888184,6.6400000095367435,6.757999992370605,7.0531999874114994,6.99719997882843,7.734599978923797,38.82896782017939,-0.16228225970842836,-0.1272429917075017,-0.03503926800092666,7.149789631995388,6.757999992370605,6.3662103527458225,33.82231877952217,20.272186114794604,TTNP
2024-05-21,6.449999809265137,6.699999809265137,6.349999904632568,6.349999904632568,6.349999904632568,800,6.434000015258789,6.601000022888184,6.724999976158142,7.027399988174438,6.9946999788284305,7.708349976539612,36.502914061521615,-0.17260435513493366,-0.13631526439298808,-0.036289090741945584,7.136989184652368,6.724999976158142,6.313010767663917,36.5853620714886,29.729785674918123,TTNP
2024-05-22,6.679999828338623,6.679999828338623,6.679999828338623,6.679999828338623,6.679999828338623,500,6.459999942779541,6.586999988555908,6.71049997806549,7.001199989318848,6.9954999780654905,7.6857499766349795,47.64826860157659,-0.15239968549954774,-0.13953214861430002,-0.012867536885247721,7.107103216860173,6.71049997806549,6.313896739270808,50.40648420864903,40.271388353220026,TTNP
2024-05-23,6.630000114440918,6.71999979019165,6.630000114440918,6.71999979019165,6.71999979019165,500,6.507999897003174,6.576999950408935,6.697999978065491,6.987799987792969,6.980699977874756,7.664349975585938,48.82090432955823,-0.1316421874265732,-0.13795415637675465,0.006311968950181462,7.076443035618089,6.697999978065491,6.319556920512893,61.38209089173362,49.45797905729051,TTNP
2024-05-24,6.480000019073486,6.480000019073486,6.389999866485596,6.420000076293945,6.420000076293945,1600,6.523999881744385,6.528999948501587,6.664499974250793,6.961999988555908,6.9628999805450436,7.644449977874756,41.3415402758602,-0.13781059560139308,-0.13792544422168235,0.00011484862028926512,7.015860342675255,6.664499974250793,6.313139605826331,64.22762572942973,58.672066943270885,TTNP
2024-05-28,6.489999771118164,6.489999771118164,6.360000133514404,6.360000133514404,6.360000133514404,1100,6.505999946594239,6.490999984741211,6.639999985694885,6.903399991989136,6.9424999856948855,7.624249980449677,40.02097110419095,-0.1458592231327236,-0.13951220000389059,-0.006347023128833007,7.004300818125641,6.639999985694885,6.27569915326413,51.21951077680814,58.943075799323914,TTNP
2024-05-29,6.360000133514404,6.360000133514404,6.360000133514404,6.360000133514404,6.360000133514404,600,6.507999992370605,6.471000003814697,6.622499990463257,6.8839999961853025,6.9220999908447265,7.604049983024598,40.02097110419094,-0.15050291452470344,-0.14171034290805315,-0.008792571616650285,7.004848102990163,6.622499990463257,6.24015187793635,36.58538145510886,50.677505987115666,TTNP
2024-05-30,6.480000019073486,6.510000228881836,6.349999904632568,6.510000228881836,6.510000228881836,800,6.474000072479248,6.4670000076293945,6.613000011444091,6.867399997711182,6.903199996948242,7.584599986076355,45.10510013709804,-0.14046018177372854,-0.14146031068118822,0.0010001289074596798,6.9966131963527385,6.613000011444091,6.229386826535444,40.243923477343806,42.682938569753695,TTNP
2024-05-31,6.510000228881836,6.510000228881836,6.510000228881836,6.510000228881836,6.510000228881836,400,6.432000160217285,6.4700000286102295,6.603500032424927,6.861000003814698,6.880299997329712,7.5631499862670895,45.105100137098034,-0.13099125803124068,-0.13936650015119872,0.008375242119958048,6.987435020811837,6.603500032424927,6.219565044038017,50.57899566114923,42.46943353120073,TTNP
2024-06-03,6.510000228881836,6.510000228881836,6.510000228881836,6.510000228881836,6.510000228881836,400,6.450000190734864,6.487000036239624,6.585000038146973,6.853400011062622,6.873899998664856,7.543699989318847,45.105100137098034,-0.12207980771412075,-0.13590916166378314,0.013829353949662393,6.948998746573352,6.585000038146973,6.221001329720593,61.59272959402956,50.80521624417429,TTNP
2024-06-04,6.510000228881836,6.510000228881836,6.510000228881836,6.510000228881836,6.510000228881836,300,6.48000020980835,6.493000078201294,6.566500043869018,6.857800016403198,6.873000001907348,7.526249990463257,45.105100137098034,-0.11370667931507672,-0.13146866519404185,0.01776198587896513,6.905389474005542,6.566500043869018,6.2276106137324945,66.5088999510584,59.560208402079155,TTNP
2024-06-05,7.059999942779541,7.21999979019165,6.639999866485596,6.639999866485596,6.639999866485596,2100,6.536000156402588,6.522000074386597,6.56150004863739,6.853600015640259,6.874299998283386,7.509449989795685,50.04155723453903,-0.09548039190794633,-0.12427101053682274,0.028790618628876413,6.89287002277929,6.56150004863739,6.23013007449549,61.16597705054395,63.08920219854406,TTNP
2024-06-06,6.429999828338623,6.590000152587891,6.429999828338623,6.590000152587891,6.590000152587891,1000,6.5520001411437985,6.513000106811523,6.5500000476837155,6.840800018310547,6.875999999046326,7.4903999924659725,48.24458245125795,-0.08410102263314023,-0.11623701295608624,0.032135990322946006,6.85995980013462,6.5500000476837155,6.240040295232811,53.68241229120117,60.452429764267926,TTNP
2024-06-07,6.460000038146973,7.090000152587891,6.460000038146973,6.889999866485596,6.889999866485596,1100,6.628000068664551,6.530000114440918,6.553500032424926,6.83100001335144,6.880699996948242,7.47284999370575,57.991847093646655,-0.050295545054108715,-0.10304871937569074,0.052753174321582025,6.876866713661789,6.553500032424926,6.230133351188064,51.97621482354464,55.60820138843001,TTNP
2024-06-10,6.989999771118164,6.989999771118164,6.519999980926514,6.519999980926514,6.519999980926514,1000,6.630000019073487,6.540000104904175,6.534500026702881,6.818200016021729,6.8833999967575075,7.456449992656708,46.388084966816514,-0.05275226380397857,-0.0929894282613483,0.04023716445736973,6.816162948704694,6.534500026702881,6.252837104701069,42.11535931469782,49.257995476481305,TTNP
2024-06-11,6.940000057220459,6.940000057220459,6.940000057220459,6.940000057220459,6.940000057220459,200,6.715999984741211,6.59800009727478,6.544500041007995,6.817800016403198,6.8911999988555905,7.440149993896484,56.92453501977587,-0.020571598461436302,-0.0785058623013659,0.0579342638399296,6.86601835533116,6.544500041007995,6.222981726684831,49.80844297848957,47.96667237224411,TTNP
2024-06-12,6.940000057220459,6.940000057220459,6.940000057220459,6.940000057220459,6.940000057220459,300,6.776000022888184,6.656000089645386,6.5635000467300415,6.813000020980835,6.899099998474121,7.419849994182587,56.92453501977588,0.004875607701084306,-0.06182956830087585,0.06670517600196016,6.928419255253362,6.5635000467300415,6.198580838206721,51.72415935059507,47.88265388126092,TTNP
2024-06-13,6.940000057220459,6.940000057220459,6.940000057220459,6.940000057220459,6.940000057220459,300,6.846000003814697,6.699000072479248,6.583000040054321,6.813600025177002,6.902999997138977,7.405549993515015,56.92453501977587,0.02475731500561107,-0.044512191639578466,0.06926950664518954,6.98294882696107,6.583000040054321,6.183051253147572,67.81611841348023,56.44957358085505,TTNP
2024-06-14,6.940000057220459,6.940000057220459,6.940000057220459,6.940000057220459,6.940000057220459,0,6.85600004196167,6.7420000553131105,6.60600004196167,6.814600028991699,6.914299998283386,7.3922499918937685,56.92453501977587,0.04005201656892243,-0.027599349997878286,0.06765136656680072,7.031688934680471,6.60600004196167,6.180311149242868,67.81611841348023,62.45213205918526,TTNP
2024-06-17,6.380000114440918,6.989999771118164,6.380000114440918,6.989999771118164,6.989999771118164,6700,6.95,6.790000009536743,6.638500022888183,6.817400026321411,6.928399996757507,7.377199990749359,58.23874105758118,0.05556719278764266,-0.010966041440774094,0.06653323422841675,7.077049915730878,6.638500022888183,6.1999501300454885,69.7318165159604,68.45468444764037,TTNP
2024-06-18,6.880000114440918,6.980000019073486,6.840000152587891,6.980000019073486,6.980000019073486,3500,6.957999992370605,6.836999988555908,6.665000033378601,6.8122000312805175,6.943999996185303,7.361099991798401,57.85854519289485,0.06629201225130821,0.004485569297642367,0.061806442953665844,7.118580224370308,6.665000033378601,6.211419842386895,71.26438230579465,69.60410574507851,TTNP
2024-06-20,6.860000133514404,7.079999923706055,6.550000190734863,7.079999923706055,7.079999923706055,13200,6.985999965667725,6.880999994277954,6.701500034332275,6.807000026702881,6.961499996185303,7.348499989509582,60.62671125684502,0.0819163844257087,0.019971732323255637,0.06194465210245306,7.165187380454602,6.701500034332275,6.2378126882099485,76.43679043276511,72.47766308484013,TTNP
2024-06-21,7.050000190734863,8.130000114440918,7.050000190734863,7.75,7.75,29800,7.147999954223633,6.996999979019165,6.755000042915344,6.815200023651123,6.982199997901916,7.340249991416931,73.28742758254205,0.14667148113934925,0.04531168208647436,0.10135979905287489,7.405641983701457,6.755000042915344,6.104358102129231,78.01095544120257,75.23737605992085,TTNP
2024-06-24,8.09000015258789,8.489999771118164,6.110000133514404,6.599999904632568,6.599999904632568,140100,7.079999923706055,6.967999982833862,6.74900004863739,6.804000024795532,6.992099995613098,7.325249989032745,45.96609396197359,0.1039961620550347,0.05704857808018643,0.04694758397484827,7.403026760951146,6.74900004863739,6.094973336323633,60.73575978425765,71.72783521940852,TTNP
2024-06-25,6.550000190734863,6.75,6.5,6.53000020980835,6.53000020980835,11400,6.988000011444091,6.969000005722046,6.754500055313111,6.789400024414062,6.9997999954223635,7.306899991035461,44.86959673814791,0.06379192031291314,0.05839724652673177,0.005394673786181373,7.39915029354096,6.754500055313111,6.109849817085261,38.840333758203336,59.195682994554595,TTNP
2024-06-26,6.5,6.5,5.900000095367432,6.119999885559082,6.119999885559082,7800,6.815999984741211,6.886999988555909,6.742500042915344,6.766600017547607,6.998099994659424,7.2884999895095826,39.00118619264525,-0.0011406815084962219,0.04648966091968617,-0.04763034242818239,7.4239616954540875,6.742500042915344,6.0610383903766,15.576498328429784,38.384197290296996,TTNP
2024-06-27,6.050000190734863,6.050000190734863,5.409999847412109,5.550000190734863,5.550000190734863,10000,6.5100000381469725,6.748000001907348,6.7020000457763675,6.732400016784668,6.989099998474121,7.2692499923706055,32.614763462382754,-0.09747086449975484,0.017697555835797966,-0.1151684203355528,7.546380841483782,6.7020000457763675,5.857619250068953,10.228910659344278,21.54858091532587,TTNP
2024-06-28,5.579999923706055,5.590000152587891,5.449999809265137,5.570000171661377,5.570000171661377,2000,6.074000072479248,6.611000013351441,6.655000042915344,6.701800022125244,6.986900000572205,7.249099991321564,33.02914967849793,-0.17023701093466848,-0.019889357518295323,-0.15034765341637316,7.631245342082275,6.655000042915344,5.678754743748414,6.078161037620814,10.627856675131698,TTNP
2024-07-01,5.579999923706055,5.579999923706055,5.429999828338623,5.480000019073486,5.480000019073486,1500,5.850000095367432,6.465000009536743,6.603500032424927,6.669400024414062,6.982699999809265,7.230499992370605,32.07331509000472,-0.2324870009583817,-0.0624088862063126,-0.1700781147520691,7.705482746361584,6.603500032424927,5.50151731848827,4.004338186131922,6.77046996103241,TTNP
2024-07-02,5.460000038146973,5.460000038146973,5.309999942779541,5.429999828338623,5.429999828338623,700,5.630000019073487,6.309000015258789,6.5495000123977665,6.6316000175476075,6.974299998283386,7.20964998960495,31.52744756261573,-0.28259755535514497,-0.10644662003607908,-0.1761509353190659,7.76456132620422,6.5495000123977665,5.334438698591313,3.747043421365707,4.609847548372886,TTNP
2024-07-03,5.420000076293945,5.420000076293945,5.300000190734863,5.309999942779541,5.309999942779541,2600,5.468000030517578,6.142000007629394,6.4894999980926515,6.597600011825562,6.954799995422364,7.1861999893188475,30.19904275087314,-0.32821011670370215,-0.1507993193696037,-0.17741079733409845,7.819512790279167,6.4894999980926515,5.159487205906136,2.119928768401197,3.2904367919663478,TTNP
2024-07-05,5.389999866485596,5.389999866485596,5.150000095367432,5.150000095367432,5.150000095367432,2300,5.388000011444092,5.949000024795533,6.415000009536743,6.560400009155273,6.934399995803833,7.159949991703034,28.476194603655504,-0.3729696883036375,-0.19523339315641047,-0.17773629514722705,7.864501644583553,6.415000009536743,4.965498374489933,1.362351134252555,2.409774441339892,TTNP
2024-07-08,5.150000095367432,5.150000095367432,5.150000095367432,5.150000095367432,5.150000095367432,1600,5.303999996185302,5.689000034332276,6.34300000667572,6.524000015258789,6.915299997329712,7.137699990272522,28.476194603655504,-0.40378736191266285,-0.23694418690766095,-0.1668431750050019,7.890332852223665,6.34300000667572,4.795667161127776,0.10449063072148546,1.195590177791818,TTNP
2024-07-09,5.150000095367432,5.150000095367432,4.820000171661377,4.880000114440918,4.880000114440918,3400,5.184000015258789,5.51700005531311,6.2425000190734865,6.4822000217437745,6.898899998664856,7.115099992752075,25.616100198961938,-0.4448691575274024,-0.27852918103160923,-0.16633997649579318,7.892369684376994,6.2425000190734865,4.592630353769979,0.5449586678284478,0.6706001442675684,TTNP
2024-07-10,5.130000114440918,5.130000114440918,4.71999979019165,4.760000228881836,4.760000228881836,3100,5.050000095367432,5.340000057220459,6.154500031471253,6.435600023269654,6.878499999046325,7.092899994850159,24.441143868890393,-0.48155865598779624,-0.31913507602284663,-0.1624235799649496,7.919508190385737,6.154500031471253,4.389491872556769,0.8986318675858215,0.5160270553786573,TTNP
2024-07-11,4.769999980926514,4.900000095367432,4.739999771118164,4.900000095367432,4.900000095367432,2600,4.96800012588501,5.218000078201294,6.052500033378601,6.39660002708435,6.859499998092652,7.069399993419648,28.558251854166965,-0.49364806109053205,-0.3540376730363837,-0.13961038805414833,7.859428300476546,6.052500033378601,4.245571766280657,2.490146510260032,1.3112456818915061,TTNP
2024-07-12,4.679999828338623,4.679999828338623,4.239999771118164,4.429999828338623,4.429999828338623,13100,4.824000072479248,5.10600004196167,5.927000021934509,6.351000022888184,6.832599997520447,7.0455499935150145,23.85822644132515,-0.5349870970896689,-0.3902275578470408,-0.14475953924262808,7.816698113047174,5.927000021934509,4.037301930821844,3.435384369650745,2.274720915832272,TTNP
2024-07-15,4.510000228881836,4.670000076293945,4.510000228881836,4.670000076293945,4.670000076293945,900,4.728000068664551,5.016000032424927,5.813500022888183,6.310400028228759,6.799299998283386,7.0188999938964844,30.177434545333583,-0.5421331927268618,-0.42060868482300495,-0.12152450790385683,7.718809928071848,5.813500022888183,3.9081901177045184,8.792206069825967,4.905912316578987,TTNP
2024-07-16,4.519999980926514,5.300000190734863,4.519999980926514,5.199999809265137,5.199999809265137,4400,4.792000007629395,4.988000011444091,5.726500010490417,6.28040002822876,6.775299997329712,6.99989999294281,41.686884262117154,-0.499274648584775,-0.43634187757535897,-0.06293277100941602,7.576204274181001,5.726500010490417,3.876795746799833,21.359982591205384,11.195857676894105,TTNP
2024-07-17,5.389999866485596,5.75,5.320000171661377,5.670000076293945,5.670000076293945,12500,4.973999977111816,5.012000036239624,5.660500025749206,6.2562000274658205,6.75289999961853,6.981249995231629,49.61811062756723,-0.422513378755089,-0.433576177811305,0.011062799056215988,7.41701190748053,5.660500025749206,3.9039881440178825,46.204960532778216,25.452383064603264,TTNP
2024-07-18,5.550000190734863,6.53000020980835,5.550000190734863,6.21999979019165,6.21999979019165,58600,5.23799991607666,5.103000020980835,5.622500014305115,6.243000020980835,6.737299995422363,6.965349996089936,56.99019959599537,-0.31368319440375103,-0.40959758112979416,0.09591438672604313,7.2940112879703545,5.622500014305115,3.950988740639875,69.31542108800396,45.6267880706626,TTNP
2024-07-19,6.050000190734863,6.349999904632568,6.050000190734863,6.349999904632568,6.349999904632568,2700,5.621999931335449,5.223000001907349,5.58600001335144,6.235200023651123,6.720799994468689,6.951099996566772,58.534627512847614,-0.21447226369554961,-0.37057251764294524,0.15610025394739563,7.1574996024751725,5.58600001335144,4.014500424227708,85.86937198081303,67.12991786719847,TTNP
2024-07-22,5.75,6.059999942779541,5.75,5.949999809265137,5.949999809265137,2900,5.877999877929687,5.302999973297119,5.496000003814697,6.217800016403198,6.6958999967575075,6.935849995613098,52.31035079510581,-0.16620761318486732,-0.3296995367513297,0.16349192356646236,6.7317713959385195,5.496000003814697,4.260228611690875,84.42502299333312,79.86993868738345,TTNP
2024-07-23,5.800000190734863,6.099999904632568,5.78000020980835,5.78000020980835,5.78000020980835,1200,5.99399995803833,5.392999982833862,5.455000019073486,6.197000017166138,6.6767999982833866,6.917749998569488,49.88263466723095,-0.14006054606695528,-0.2917717386144548,0.15171119254749954,6.592002660141772,5.455000019073486,4.3179973780052,78.02037239517328,82.77158912310655,TTNP
2024-07-24,5.519999980926514,5.980000019073486,5.519999980926514,5.980000019073486,5.980000019073486,800,6.0559999465942385,5.514999961853027,5.427500009536743,6.178600015640259,6.661599998474121,6.902649998664856,52.66587670572244,-0.10202441985294541,-0.2538222748621529,0.1517978550092075,6.482843518391642,5.427500009536743,4.372156500681844,72.63464001265444,78.36001180038703,TTNP
2024-07-25,5.889999866485596,6.0,5.840000152587891,5.840000152587891,5.840000152587891,1300,5.980000019073486,5.608999967575073,5.413500022888184,6.160600023269653,6.645,6.888849997520447,50.5496433165462,-0.08222944513309383,-0.2195037089163411,0.13727426378324728,6.438724867067629,5.413500022888184,4.388275178708739,71.03348083354437,73.8961644137908,TTNP
2024-07-26,5.710000038146973,5.710000038146973,5.539999961853027,5.539999961853027,5.539999961853027,3800,5.818000030517578,5.719999980926514,5.413000011444092,6.140200023651123,6.623899998664856,6.873549995422363,46.26002455768959,-0.0897151132586913,-0.19354598978481113,0.10383087652611983,6.437967800608306,5.413000011444092,4.388032222279878,67.54002811187014,70.4027163193564,TTNP
2024-07-29,5.840000152587891,5.840000152587891,5.699999809265137,5.699999809265137,5.699999809265137,1400,5.7680000305175785,5.822999954223633,5.41949999332428,6.123200016021729,6.609699997901917,6.857049994468689,48.75756802045786,-0.08179403791386353,-0.17119559941062162,0.0894015614967581,6.450001782014928,5.41949999332428,4.388998204633632,63.46433442672684,67.34594779071388,TTNP
2024-07-30,6.0,6.0,5.579999923706055,5.610000133514404,5.610000133514404,1300,5.734000015258789,5.86399998664856,5.425999999046326,6.105800018310547,6.594400000572205,6.841099994182587,47.42249191902295,-0.08183540272736067,-0.15332356007396944,0.07148815734660877,6.459581609881406,5.425999999046326,4.3924183882112455,60.11644541634977,63.706935984982344,TTNP
2024-07-31,5.849999904632568,6.090000152587891,5.559999942779541,5.829999923706055,5.829999923706055,2000,5.703999996185303,5.87999997138977,5.446000003814698,6.09560001373291,6.58130000114441,6.826249992847442,50.95759248894706,-0.06338537306193626,-0.1353359226715628,0.07195054960962655,6.494489838573066,5.446000003814698,4.397510169056329,64.33769587193045,62.639491905002444,TTNP
2024-08-01,5.840000152587891,5.840000152587891,5.840000152587891,5.840000152587891,5.840000152587891,500,5.703999996185303,5.8420000076293945,5.472500014305115,6.083400020599365,6.568300004005432,6.809449994564057,51.11847870783941,-0.04741014212481076,-0.1177507665622124,0.07034062443740163,6.53262734226815,5.472500014305115,4.41237268634208,65.03307355045825,63.16240494624625,TTNP
2024-08-02,6.079999923706055,6.079999923706055,5.889999866485596,5.889999866485596,5.889999866485596,800,5.773999977111816,5.796000003814697,5.509500002861023,6.074200019836426,6.550800004005432,6.79489999294281,51.96693529016645,-0.030365067864570605,-0.10027362682268404,0.06990855895811343,6.573668194761476,5.509500002861023,4.445331810960569,67.81102643367592,65.72726528535496,TTNP
2024-08-05,5.309999942779541,6.059999942779541,5.309999942779541,6.039999961853027,6.039999961853027,7900,5.8420000076293945,5.8050000190734865,5.553999996185302,6.061400022506714,6.53130000591278,6.778099994659424,54.51750884628632,-0.004698804721229521,-0.08115866240239314,0.07645985768116362,6.628695742724642,5.553999996185302,4.4793042496459625,64.61227518960114,65.81879172457853,TTNP
2024-08-06,5.699999809265137,5.989999771118164,5.699999809265137,5.71999979019165,5.71999979019165,7400,5.863999938964843,5.798999977111817,5.59599997997284,6.041400022506714,6.514600005149841,6.7586999917030335,48.589810191141034,-0.010063440684805691,-0.06693961805887565,0.056876177374069956,6.626810811930309,5.59599997997284,4.565189148015371,53.86726069326545,62.09685410551426,TTNP
2024-08-07,5.619999885559082,6.0,5.619999885559082,5.820000171661377,5.820000171661377,4400,5.861999988555908,5.7829999923706055,5.648999977111816,6.029400024414063,6.495700006484985,6.745799994468689,50.404605276894344,-0.006174581556861902,-0.054786610758472895,0.04861202920161099,6.608995327571601,5.648999977111816,4.689004626652031,47.49369229990651,55.32440939425779,TTNP
2024-08-08,5.699999809265137,5.949999809265137,5.539999961853027,5.550000190734863,5.550000190734863,5900,5.803999996185302,5.753999996185303,5.681499981880188,6.013200025558472,6.458300008773803,6.7355499958992,45.712574731244906,-0.024595849019911853,-0.048748458410760684,0.02415260939084883,6.57990195128728,5.681499981880188,4.783098012473097,37.67493418279316,46.3452957253218,TTNP
2024-08-09,5.539999961853027,6.090000152587891,5.539999961853027,6.079999923706055,6.079999923706055,7000,5.8420000076293945,5.807999992370606,5.763999986648559,6.007600021362305,6.445800008773804,6.731949994564056,54.63886707351904,0.003531009575342914,-0.038292564813539966,0.04182357438888288,6.469982287667177,5.763999986648559,5.058017685629942,58.96220725223342,48.04361124497779,TTNP
2024-08-12,5.610000133514404,5.940000057220459,5.510000228881836,5.510000228881836,5.510000228881836,3800,5.736000061035156,5.789000034332275,5.805999994277954,5.987600021362304,6.427500009536743,6.722499995231629,45.89808853664077,-0.019942578400965694,-0.03462256753102511,0.014679989130059419,6.320675641075028,5.805999994277954,5.29132434748088,51.16306394513169,49.26673512671951,TTNP
2024-08-13,5.610000133514404,5.800000190734863,5.329999923706055,5.610000133514404,5.610000133514404,8300,5.714000129699707,5.789000034332275,5.826500010490418,5.969600019454956,6.415300011634827,6.708549997806549,47.48531480878911,-0.03012909991141921,-0.03372387400710393,0.003594774095684719,6.270848930804052,5.826500010490418,5.382151090176784,53.85698823846251,54.66075314527597,TTNP
2024-08-14,5.309999942779541,5.769999980926514,5.309999942779541,5.5,5.5,6800,5.650000095367432,5.75600004196167,5.81800000667572,5.94940001487732,6.401400012969971,6.692049996852875,45.89043940629888,-0.046541580692422535,-0.03628741534416765,-0.010254165348254886,6.2801460530872975,5.81800000667572,5.355853960264143,29.48719437853961,44.8357488540447,TTNP
2024-08-15,5.579999923706055,5.599999904632568,4.940000057220459,5.019999980926514,5.019999980926514,15100,5.544000053405762,5.674000024795532,5.758000016212463,5.919600009918213,6.3887000131607055,6.675149998664856,39.63473619782923,-0.09716057335927175,-0.04846204694718847,-0.04869852641208328,6.3004196100890635,5.758000016212463,5.215580422335863,23.25901407995193,35.53439889898478,TTNP
2024-08-16,4.730000019073486,5.070000171661377,4.730000019073486,5.070000171661377,5.070000171661377,800,5.342000102996826,5.59200005531311,5.694000029563904,5.888200016021728,6.370900015830994,6.6574999976158145,40.5439480269783,-0.13172346609252017,-0.06511433077625481,-0.06660913531626536,6.243919120248855,5.694000029563904,5.144080938878953,18.771832812033654,23.839347090175163,TTNP
2024-08-19,4.980000019073486,5.230000019073486,4.980000019073486,5.019999980926514,5.019999980926514,904900,5.244000053405761,5.490000057220459,5.647500038146973,5.856800012588501,6.348800015449524,6.642599997520446,39.896804266837016,-0.16129015263909974,-0.0843494951488238,-0.07694065749027594,6.257016276785372,5.647500038146973,5.037983799508574,17.760015935610138,19.930287609198672,TTNP
2024-08-20,8.890000343322754,14.800000190734863,8.34000015258789,10.0,10.0,24949100,6.122000026702881,5.918000078201294,5.8585000276565555,5.919000015258789,6.375000014305114,6.649599995613098,77.8384843300756,0.2146480876580643,-0.024549978587446175,0.2391980662455105,7.853184460683435,5.8585000276565555,3.863815594629676,32.885732182289814,23.1391936433113,TTNP
2024-08-21,9.359999656677246,9.5,7.510000228881836,8.100000381469727,8.100000381469727,568900,6.6420001029968265,6.146000099182129,5.964500045776367,5.950600023269653,6.384400019645691,6.6470999956130985,61.80724107422223,0.35517354182399163,0.05139472549484139,0.30377881632915027,8.186151298705202,5.964500045776367,3.742848792847531,35.70764354367315,28.784463887191134,TTNP
2024-08-22,8.119999885559082,9.0,7.099999904632568,8.0,8.0,229800,7.238000106811524,6.391000080108642,6.0725000381469725,5.971800022125244,6.394800019264221,6.645099997520447,61.09405214848675,0.4532470319869013,0.13176518679325339,0.3214818451936479,8.463029323531309,6.0725000381469725,3.681970752762636,39.42403217882067,36.005802634927974,TTNP
2024-08-23,7.949999809265137,8.4399995803833,6.010000228881836,6.130000114440918,6.130000114440918,141000,7.4500000953674315,6.396000099182129,6.102000045776367,5.955600023269653,6.384300022125244,6.632749996185303,49.57422908422649,0.3757462481441616,0.18056139906343502,0.19518484908072656,8.480045303542447,6.102000045776367,3.7239547880102872,26.613705069956286,33.9151269308168,TTNP
2024-08-26,6.230000019073486,6.889999866485596,6.110000133514404,6.400000095367432,6.400000095367432,46500,7.726000118255615,6.485000085830689,6.137000060081482,5.944800024032593,6.379200024604797,6.623749997615814,51.01056540112581,0.33228271229405415,0.21090566170955885,0.1213770505844953,8.510950188424236,6.137000060081482,3.7630499317387285,20.986428482327312,29.008055243701516,TTNP
2024-08-27,6.269999980926514,6.989999771118164,6.210000038146973,6.730000019073486,6.730000019073486,75000,7.072000122070312,6.597000074386597,6.193000054359436,5.940600023269654,6.3776000261306764,6.619399998188019,52.78090287739163,0.32076816715392287,0.23287816279843165,0.08789000435549121,8.567421925083892,6.193000054359436,3.8185781836349797,16.782522625733254,21.460885392672377,TTNP
2024-08-28,6.960000038146973,6.960000038146973,6.099999904632568,6.139999866485596,6.139999866485596,19600,6.6800000190734865,6.661000061035156,6.208500051498413,5.923600025177002,6.370500025749206,6.609099998474121,49.34737439763103,0.26102578295274714,0.23850768682929474,0.022518096123452402,8.577281638209483,6.208500051498413,3.839718464787344,16.81562342637613,18.19485817814566,TTNP
2024-08-29,6.079999923706055,6.239999771118164,5.550000190734863,5.659999847412109,5.659999847412109,25700,6.211999988555908,6.725000047683716,6.199500036239624,5.897200021743775,6.354700026512146,6.595399999618531,46.686473364331206,0.1729538190747073,0.22539691327837724,-0.05244309420366994,8.575171365384271,6.199500036239624,3.8238287070949766,14.366102620879017,15.98808289099623,TTNP
2024-08-30,6.079999923706055,6.619999885559082,5.670000076293945,6.130000114440918,6.130000114440918,149000,6.211999988555908,6.83100004196167,6.21150004863739,5.878200025558471,6.342600026130676,6.587049999237061,49.55478404973081,0.139473483274271,0.208212227277556,-0.068738744003285,8.583218041936801,6.21150004863739,3.8397820553379787,12.38000565164868,14.520577232968037,TTNP
2024-09-03,6.150000095367432,6.239999771118164,5.599999904632568,5.71999979019165,5.71999979019165,154000,6.075999927520752,6.901000022888184,6.195500040054322,5.837600021362305,6.326400022506714,6.575649998188019,47.170646088477596,0.07894643097456555,0.18235906801695792,-0.10341263704239237,8.575931573095879,6.195500040054322,3.815068507012764,10.989737299664954,12.578615190730979,TTNP
2024-09-04,5.769999980926514,6.400000095367432,5.550000190734863,5.909999847412109,5.909999847412109,243700,5.911999893188477,6.492000007629395,6.205000042915344,5.823800020217895,6.313900022506714,6.567199997901916,48.40935975017038,0.04578197654680416,0.15504364972292717,-0.10926167317612301,8.579273670313206,6.205000042915344,3.830726415517481,11.817277835044953,11.72900692878629,TTNP
2024-09-05,5.619999885559082,6.320000171661377,5.619999885559082,5.909999847412109,5.909999847412109,150400,5.8659998893737795,6.272999954223633,6.209500026702881,5.811400012969971,6.300400018692017,6.5597499966621395,48.40935975017039,0.019276697704007084,0.12789025931914316,-0.10861356161513608,8.58117755563402,6.209500026702881,3.8378224977717403,11.089041280001902,11.298685471570698,TTNP
2024-09-06,5.940000057220459,6.139999866485596,5.610000133514404,5.730000019073486,5.730000019073486,155700,5.8799999237060545,6.045999956130982,6.218500018119812,5.803600015640259,6.285100016593933,6.554399995803833,47.19354896512442,-0.01606818453549952,0.09909857054821462,-0.11516675508371414,8.581448673209433,6.218500018119812,3.855551363030191,10.357806320280572,11.088041811775904,TTNP
2024-09-09,5.71999979019165,5.880000114440918,5.449999809265137,5.760000228881836,5.760000228881836,45800,5.8059999465942385,6.008999967575074,6.202500033378601,5.807800016403198,6.270100016593933,6.547199997901917,47.43052649301324,-0.04118375149586484,0.07104210613939872,-0.11222585763526356,8.573303758839378,6.202500033378601,3.8316963079178237,7.556986352847385,9.667944651043381,TTNP
2024-09-10,5.71999979019165,5.75,5.599999904632568,5.639999866485596,5.639999866485596,5300,5.789999961853027,5.932999944686889,6.209000015258789,5.809200010299683,6.255500016212463,6.539399998188019,46.531017149302315,-0.06996453797794988,0.042840777315929,-0.11280531529387888,8.572876365093155,6.209000015258789,3.845123665424424,5.21478199961495,7.709858224247729,TTNP
2024-09-11,5.659999847412109,5.710000038146973,5.559999942779541,5.630000114440918,5.630000114440918,21800,5.734000015258789,5.822999954223633,6.210000014305114,5.812200012207032,6.240800018310547,6.530549998283386,46.4519596394973,-0.09251397156174601,0.015769827540393997,-0.10828379910214,8.572878640616112,6.210000014305114,3.847121387994117,4.359100816629934,5.710289723030851,TTNP
2024-09-12,5.699999809265137,5.699999809265137,5.409999847412109,5.53000020980835,5.53000020980835,19300,5.658000087738037,5.761999988555909,6.211500024795532,5.814200019836425,6.222900018692017,6.52119999885559,45.6172702067117,-0.11710381680108739,-0.01080490132790228,-0.10629891547318511,8.572611277005379,6.211500024795532,3.8503887725856845,4.574066141596535,4.715982985947234,TTNP
2024-09-13,5.53000020980835,5.730000019073486,5.519999980926514,5.539999961853027,5.539999961853027,27400,5.6200000762939455,5.75,6.237500023841858,5.818800020217895,6.2082000160217286,6.514899997711182,45.72230099680766,-0.13423714761693795,-0.035491350585709416,-0.09874579703122853,8.556635712306132,6.237500023841858,3.918364335377584,5.752898316616665,4.895355091614473,TTNP
2024-09-16,5.769999980926514,5.789999961853027,5.570000171661377,5.769999980926514,5.769999980926514,11100,5.622000026702881,5.71399998664856,6.272500014305114,5.831200017929077,6.195800013542176,6.50974999666214,48.20032760862203,-0.1277833494683165,-0.05394975036223083,-0.07383359910608565,8.540668972128996,6.272500014305114,4.004331056481233,11.657694589213747,7.328219682475744,TTNP
2024-09-17,5.71999979019165,5.949999809265137,5.710000038146973,5.849999904632568,5.849999904632568,18100,5.664000034332275,5.726999998092651,6.3140000104904175,5.84520001411438,6.184600014686584,6.50599999666214,49.07127855477131,-0.1148889741050283,-0.06613759511079033,-0.04875137899423797,8.51846171900665,6.3140000104904175,4.109538301974185,19.799924130470043,12.403505678766914,TTNP
2024-09-18,5.75,6.429999828338623,5.610000133514404,5.659999847412109,5.659999847412109,56500,5.669999980926514,5.701999998092651,6.097000002861023,5.860800008773804,6.171500015258789,6.500299994945526,47.04799547712731,-0.11863396692795902,-0.07663686947422407,-0.04199709745373495,7.525117459234287,6.097000002861023,4.668882546487759,23.94435767438942,18.467325464691168,TTNP
2024-09-19,5.795499801635742,5.909299850463867,5.75,5.909299850463867,5.909299850463867,29436,5.745859909057617,5.701929998397827,5.98746497631073,5.883786001205444,6.159693012237549,6.495846493244171,49.96321908825026,-0.10032894434432649,-0.08137528444824456,-0.01895365989608193,7.081161436546943,5.98746497631073,4.893768516074517,30.10423836909916,24.616173391319638,TTNP
