Date,Open,High,Low,Close,Adj Close,Volume,SMA_5,SMA_10,SMA_20,SMA_50,SMA_100,SMA_200,RSI_14,MACD,MACD_signal,MACD_hist,BB_upper,BB_middle,BB_lower,STOCH_k,STOCH_d,ticker
2018-05-03,190.0,204.8000030517578,162.10000610351562,166.5,166.5,83790,,,,,,,,,,,,,,,,UBX
2018-05-04,167.5,169.8000030517578,165.10000610351562,167.5,167.5,15200,,,,,,,,,,,,,,,,UBX
2018-05-07,168.5,169.89999389648438,160.3000030517578,163.39999389648438,163.39999389648438,18360,,,,,,,,,,,,,,,,UBX
2018-05-08,162.8000030517578,169.39999389648438,157.82000732421875,169.39999389648438,169.39999389648438,8630,,,,,,,,,,,,,,,,UBX
2018-05-09,169.1999969482422,169.1999969482422,157.5,160.8000030517578,160.8000030517578,26470,165.5199981689453,,,,,,,,,,,,,,,UBX
2018-05-10,160.0,163.4600067138672,158.1199951171875,159.39999389648438,159.39999389648438,3230,164.0999969482422,,,,,,,,,,,,,,,UBX
2018-05-11,160.0,161.39999389648438,154.3000030517578,154.89999389648438,154.89999389648438,9240,161.57999572753906,,,,,,,,,,,,,,,UBX
2018-05-14,155.0,155.6999969482422,147.5,147.89999389648438,147.89999389648438,7010,158.47999572753906,,,,,,,,,,,,,,,UBX
2018-05-15,148.89999389648438,149.7899932861328,147.5,149.39999389648438,149.39999389648438,4240,154.47999572753906,,,,,,,,,,,,,,,UBX
2018-05-16,148.5,148.5500030517578,145.0,145.10000610351562,145.10000610351562,2560,151.33999633789062,158.42999725341798,,,,,,,,,,,,,,UBX
2018-05-17,146.1999969482422,152.0,137.8000030517578,139.8000030517578,139.8000030517578,9460,147.4199981689453,155.75999755859374,,,,,,,,,,,,,,UBX
2018-05-18,140.0,140.10000610351562,133.3000030517578,133.39999389648438,133.39999389648438,4270,143.1199981689453,152.3499969482422,,,,,,,,,,,,,,UBX
2018-05-21,135.0,154.7899932861328,133.5,133.5,133.5,4440,140.23999938964843,149.35999755859376,,,,,,,,,,,,,,UBX
2018-05-22,134.60000610351562,144.0,131.1999969482422,131.1999969482422,131.1999969482422,5070,136.6,145.53999786376954,,,,,,,,,,,,,,UBX
2018-05-23,131.0,136.38999938964844,127.5,127.5999984741211,127.5999984741211,6180,133.0999984741211,142.21999740600586,,,,,15.329775398023784,,,,,,,,,UBX
2018-05-24,127.5,133.8000030517578,127.5,127.5999984741211,127.5999984741211,3610,130.65999755859374,139.03999786376954,,,,,15.329775398023784,,,,,,,,,UBX
2018-05-25,127.5999984741211,133.0,127.5,130.0,130.0,15430,129.97999877929686,136.54999847412108,,,,,19.332155839706036,,,,,,,,,UBX
2018-05-29,132.0,139.0,130.0,130.1999969482422,130.1999969482422,23680,129.31999816894532,134.77999877929688,,,,,19.67291395137644,,,,,,,4.225748924156902,2.176357413435438,UBX
2018-05-30,138.0,142.0,132.41000366210938,140.0,140.0,28790,131.0799987792969,133.83999938964843,,,,,34.314904259572536,,,,,,,15.734080058156072,7.368640656869034,UBX
2018-05-31,142.5,154.1999969482422,139.10000610351562,149.0,149.0,33690,135.35999908447266,134.22999877929686,146.32999801635742,,,,44.34770452722463,,,,174.70139800158253,146.32999801635742,117.95859803113231,34.88583084015767,18.281886607490218,UBX
2018-06-01,150.0,159.52000427246094,146.75999450683594,151.10000610351562,151.10000610351562,28460,140.06000061035155,135.35999908447266,145.55999832153321,,,,46.404752138817315,,,,172.49973734082934,145.55999832153321,118.62025930223709,57.29554116296083,35.97181735375819,UBX
2018-06-04,153.0,153.02000427246094,136.10000610351562,138.5,138.5,15750,141.76000061035157,135.86999969482423,144.1099983215332,,,,37.45841034447549,,,,169.23041867943311,144.1099983215332,118.98957796363328,57.159769685207955,49.78038056277549,UBX
2018-06-05,140.10000610351562,146.89999389648438,131.60000610351562,140.0,140.0,9980,143.72000122070312,136.5199996948242,142.93999862670898,,,,38.96693833352957,,,,166.4881950162055,142.93999862670898,119.39180223721246,49.031854902056075,54.49572191674162,UBX
2018-06-06,141.0,146.8000030517578,133.0,134.0,134.0,14750,142.52000122070314,136.8,141.16999893188478,,,,35.29923327948502,,,,161.61368750986364,141.16999893188478,120.72631035390592,31.230476782292552,45.807367123185536,UBX
2018-06-07,135.0,148.10000610351562,135.0,135.0,135.0,10140,139.72000122070312,137.54000015258788,139.87999877929687,,,,36.37412646693971,,,,158.36876201844677,139.87999877929687,121.39123554014698,27.58692115769175,35.9497509473468,UBX
2018-06-08,133.0,143.89999389648438,133.0,141.8000030517578,141.8000030517578,7340,137.86000061035156,138.96000061035156,138.99999923706054,,,,43.27528489534876,,,,155.2255349983921,138.99999923706054,122.77446347572898,29.46075294155769,29.42605029384734,UBX
2018-06-11,142.8000030517578,152.6999969482422,140.35000610351562,150.1999969482422,150.1999969482422,10880,140.2,140.9800003051758,138.76499938964844,,,,50.42811945721309,,,,154.17840701876312,138.76499938964844,123.35159176053374,46.32520722706729,34.45762710877225,UBX
2018-06-12,151.1999969482422,157.6999969482422,145.8000030517578,148.3000030517578,148.3000030517578,16330,141.86000061035156,142.79000091552734,138.7849998474121,,,,48.925332015222416,,,,154.24673224411694,138.7849998474121,123.32326745070729,60.17072177747871,45.318893982034574,UBX
2018-06-13,148.6999969482422,153.10000610351562,145.10000610351562,147.60000610351562,147.60000610351562,11900,144.5800018310547,143.5500015258789,138.69500045776368,,,,48.35361338801605,,,,153.92779457025085,138.69500045776368,123.46220634527653,66.20861713231699,57.56818204562101,UBX
2018-06-14,150.0,151.89999389648438,145.10000610351562,150.0,150.0,14060,147.5800018310547,143.6500015258789,138.94000015258788,,,,50.48981285613028,,,,154.72460342720808,138.94000015258788,123.1553968779677,66.00041713069676,64.12658534683084,UBX
2018-06-15,149.10000610351562,150.0,141.60000610351562,145.1999969482422,145.1999969482422,29180,148.26000061035157,143.06000061035155,139.20999984741212,,,,46.359729529805286,,,,155.22723094942583,139.20999984741212,123.19276874539841,61.510782423026114,64.57327222867997,UBX
2018-06-18,144.6999969482422,152.39999389648438,144.6999969482422,150.0,150.0,10800,148.22000122070312,144.21000061035156,140.04000015258788,,,,50.70247937630407,,,,156.48170556831582,140.04000015258788,123.59829473685996,62.55387704432214,63.35502553268169,UBX
2018-06-19,148.89999389648438,151.8000030517578,145.64999389648438,149.5,149.5,16190,148.46000061035156,145.16000061035157,140.8400001525879,,,,50.24613813775112,,,,157.48673184385382,140.8400001525879,124.19326846132195,60.50159618922308,61.522085218857136,UBX
2018-06-20,150.60000610351562,155.60000610351562,149.3000030517578,150.5,150.5,10720,149.03999938964844,146.81000061035155,141.80500030517578,,,,51.19229594519169,-0.8458819776983262,-3.666763111609233,2.820881133910907,158.3418065832169,141.80500030517578,125.26819402713465,65.90256125786642,62.986011497137234,UBX
2018-06-21,153.8000030517578,153.8000030517578,140.5,147.89999389648438,147.89999389648438,16310,148.6199981689453,148.1,142.82000007629395,,,,48.60426077150886,-0.6252138751813163,-3.0584532643236497,2.4332393891423334,158.19590452798536,142.82000007629395,127.44409562460255,64.75240164397692,63.71885303035549,UBX
2018-06-22,149.10000610351562,150.89999389648438,146.08999633789062,150.60000610351562,150.60000610351562,58000,149.7,148.9800003051758,143.97000045776366,,,,51.35458277182309,-0.2298152270622893,-2.492725656871378,2.2629104298090885,158.00226482246032,143.97000045776366,129.937736093067,67.64747837948399,66.10081376044246,UBX
2018-06-25,149.1999969482422,149.1999969482422,140.3000030517578,143.39999389648438,143.39999389648438,20230,148.37999877929687,148.3,144.6400001525879,,,,44.51383433953217,-0.4917709326346369,-2.0925347120240296,1.6007637793893927,157.1356651518766,144.6400001525879,132.1443351532992,59.11809548903744,63.83932517083281,UBX
2018-06-26,144.0,150.10000610351562,141.89999389648438,147.89999389648438,147.89999389648438,9300,148.05999755859375,148.25999908447267,145.525,,,,49.07927745885344,-0.33242829816700237,-1.740513429252624,1.4080851310856217,156.17542338071675,145.525,134.87457661928326,58.40869114439759,61.72475500430636,UBX
2018-06-27,149.0,149.0,142.60000610351562,145.8000030517578,145.8000030517578,7340,147.1199981689453,148.0799987792969,145.81500015258788,,,,47.1303810984187,-0.3713194832982367,-1.4666746400617465,1.0953551567635098,156.1593279785133,145.81500015258788,135.47067232666248,51.41699804600986,56.31459489314832,UBX
2018-06-28,146.3000030517578,149.60000610351562,140.60000610351562,148.89999389648438,148.89999389648438,10780,147.31999816894532,147.96999816894532,145.80999984741212,,,,50.2697266642782,-0.15026550701776387,-1.20339281345295,1.053127306435186,156.14825940269372,145.80999984741212,135.4717402921305,53.85700085517835,54.56089668186195,UBX
2018-06-29,149.39999389648438,150.8000030517578,146.0500030517578,150.60000610351562,150.60000610351562,4410,147.31999816894532,148.50999908447267,145.7849998474121,,,,51.95457680614653,0.16025086706221714,-0.9306640773499164,1.0909149444121335,156.07427141449423,145.7849998474121,135.49572828032998,53.480857928443356,52.91828560987721,UBX
2018-07-02,149.5,149.5,146.39999389648438,148.39999389648438,148.39999389648438,4970,148.31999816894532,148.3499984741211,146.27999954223634,,,,49.612046033978146,0.2262071565404824,-0.6992898305718367,0.9254969871123191,156.05969303485858,146.27999954223634,136.5003060496141,53.853932917203046,53.73059723360827,UBX
2018-07-03,148.89999389648438,148.89999389648438,145.39999389648438,148.60000610351562,148.60000610351562,8380,148.46000061035156,148.25999908447267,146.70999984741212,,,,49.83350402476564,0.2912598425155295,-0.5011798959543634,0.7924397384698929,156.09571297954008,146.70999984741212,137.32428671528416,55.46164060444058,54.26547715002902,UBX
2018-07-05,149.8000030517578,152.5399932861328,147.64999389648438,151.8000030517578,151.8000030517578,10130,149.66000061035157,148.38999938964844,147.6,,,,53.36496706018751,0.5941782579680819,-0.2821082651698743,0.8762865231379562,155.20236918414207,147.6,139.99763081585792,60.784288303957645,56.699953941867115,UBX
2018-07-06,152.1999969482422,161.77999877929688,150.5,152.0,152.0,12480,150.28000183105468,148.8,148.45,,,,53.58488407149257,0.8406904111542985,-0.057548529905039725,0.8982389410593383,153.64865532729408,148.45,143.2513446727059,61.29367640303877,59.17986843714569,UBX
2018-07-09,153.1999969482422,159.5,152.83999633789062,155.39999389648438,155.39999389648438,8690,151.23999938964843,149.27999877929688,149.12999954223633,,,,57.2736553543519,1.295470780337098,0.21305533214338784,1.08241544819371,154.22827482434133,149.12999954223633,144.03172426013134,66.64352567115533,62.907163459383945,UBX
2018-07-10,159.89999389648438,159.89999389648438,153.3000030517578,156.8000030517578,156.8000030517578,3380,152.9200012207031,150.61999969482423,149.45999984741212,,,,58.72815491742137,1.7486986286321837,0.520183991441147,1.2285146371910367,155.55045319046536,149.45999984741212,143.36954650435888,67.19428368329811,65.04382858583075,UBX
2018-07-11,155.5,157.60000610351562,152.5,155.0,155.0,8480,154.2,151.3300003051758,149.7949996948242,,,,56.08459886801551,1.9402734956333063,0.8042018922795788,1.1360716033537275,156.31526994672328,149.7949996948242,143.27472944292515,71.84977809160434,68.56252914868594,UBX
2018-07-12,155.60000610351562,158.60000610351562,155.0,155.89999389648438,155.89999389648438,5320,155.0199981689453,152.33999938964843,150.20999908447266,,,,57.1238230103312,2.1400507706884184,1.0713716679613468,1.0686791027270717,157.1609427363408,150.20999908447266,143.25905543260453,72.62569382632205,70.55658520040818,UBX
2018-07-13,156.89999389648438,156.89999389648438,147.9499969482422,151.5,151.5,9640,154.9199981689453,152.6,150.28499908447264,147.37599914550782,,,50.795160929579644,1.921186720705066,1.2413346785100905,0.6798520421949754,157.25759674967372,150.28499908447264,143.31240141927157,64.40098230250054,69.62548474014233,UBX
2018-07-16,151.5,154.0,148.39999389648438,151.1999969482422,151.1999969482422,5020,154.0799987792969,152.65999908447264,150.58499908447266,147.06999908447267,,,50.385281041025564,1.7038863045299308,1.3338450037140586,0.3700413008158723,157.16170898181542,150.58499908447266,144.0082891871299,58.27146058223468,65.09937890368577,UBX
2018-07-17,150.60000610351562,153.0,149.10000610351562,151.10000610351562,151.10000610351562,2440,152.93999938964845,152.93000030517578,150.63999938964844,146.74199920654297,,,50.23976825883939,1.506242705331573,1.3683245440375615,0.13791816129401147,157.2146183595732,150.63999938964844,144.06538041972368,50.58793318815174,57.75345869096234,UBX
2018-07-18,151.1999969482422,153.0,149.0,150.10000610351562,150.10000610351562,3280,151.96000061035156,153.0800003051758,150.6699996948242,146.4759994506836,,,48.72423004938381,1.25445649279348,1.3455509337887452,-0.0910944409952652,157.22899453813721,150.6699996948242,144.1110048515112,48.15864247160764,52.339345413998046,UBX
2018-07-19,150.0,152.10000610351562,149.0,151.1999969482422,151.1999969482422,2870,151.02000122070314,153.0199996948242,150.70499954223632,146.11199951171875,,,50.49334715298605,1.1306408495831874,1.3025689169476338,-0.17192806736444632,157.2674619486665,150.70499954223632,144.14253713580615,43.27926082190047,47.34194549388664,UBX
2018-07-20,150.60000610351562,151.0,147.14999389648438,147.1999969482422,147.1999969482422,3390,150.16000061035157,152.53999938964844,150.6699996948242,145.83999938964843,,,44.48306697291583,0.7016611764175025,1.1823873688416076,-0.4807261924241051,157.29905771092083,150.6699996948242,144.0409416787276,30.41724028164116,40.618381191716445,UBX
2018-07-23,147.3000030517578,149.60000610351562,147.3000030517578,149.39999389648438,149.39999389648438,3080,149.8,151.93999938964845,150.60999908447266,145.63999938964844,,,48.13939307423301,0.53306818417974,1.052523531909234,-0.5194553477294941,157.26218767265752,150.60999908447266,143.9578104962878,23.606028989827422,32.4341766977897,UBX
2018-07-24,149.8000030517578,150.39999389648438,147.39999389648438,149.5,149.5,13490,149.47999877929686,151.20999908447266,150.91499938964844,145.53199951171874,,,48.30605953247973,0.4028825012633206,0.9225953257800514,-0.5197128245167308,156.72267507786427,150.91499938964844,145.10732370143262,17.15732144226688,23.726863571245175,UBX
2018-07-25,150.0,150.3000030517578,146.8000030517578,147.1999969482422,147.1999969482422,13130,148.89999694824218,150.42999877929688,150.87999954223633,145.5179995727539,,,44.74452543176706,0.11281789084654292,0.7606398387933497,-0.6478219479468068,156.7678169600395,150.87999954223633,144.99218212443316,14.38437498966781,18.382575140587395,UBX
2018-07-26,149.0,152.27999877929688,147.64999389648438,150.1999969482422,150.1999969482422,6950,148.6999969482422,149.85999908447266,151.09999923706056,145.53399963378905,,,49.93002275654398,0.12358985828814184,0.6332298426923082,-0.5096399844041664,156.52254497862842,151.09999923706056,145.6774534954927,14.895759282930277,15.479151904955012,UBX
2018-07-27,150.3000030517578,150.64999389648438,143.0,143.39999389648438,143.39999389648438,3930,147.93999633789062,149.04999847412108,150.82499923706055,145.49999938964845,,,40.62389171809939,-0.41182938340966757,0.424217997471913,-0.8360473808815806,157.1488836500364,150.82499923706055,144.5011148240847,10.330395217123689,13.203509829907283,UBX
2018-07-30,144.39999389648438,149.86000061035156,143.60000610351562,146.89999389648438,146.89999389648438,5700,147.43999633789062,148.6199981689453,150.63999862670897,145.64199920654298,,,46.18375847043246,-0.5474219017380335,0.2298900176299237,-0.7773119193679572,157.19176343995244,150.63999862670897,144.0882338134655,17.77364991952865,14.333268139860897,UBX
2018-07-31,147.89999389648438,152.5,147.89999389648438,150.3000030517578,150.3000030517578,8360,147.5999969482422,148.53999786376954,150.73499908447266,145.97999938964844,,,50.98525004740413,-0.37619112847789893,0.10867378840835917,-0.4848649168862581,157.20872420838992,150.73499908447266,144.2612739605554,24.720550929054838,17.608198688569082,UBX
2018-08-01,149.8000030517578,153.39999389648438,148.5,152.5,152.5,16790,148.65999755859374,148.77999725341797,150.92999877929688,146.35999938964844,,,53.85419185278445,-0.062250553802044806,0.07448891996627838,-0.13673947376832318,157.36959691091445,150.92999877929688,144.4904006476793,46.71339263136756,29.73586449331704,UBX
2018-08-02,152.1999969482422,158.1999969482422,151.5,153.60000610351562,153.60000610351562,6840,149.33999938964843,149.0199981689453,151.01999893188477,146.8079995727539,,,55.26415667102249,0.272173466566926,0.11402582928640789,0.1581476372805181,157.55532067777585,151.01999893188477,144.4846771859937,61.62570768725118,44.35321708255788,UBX
2018-08-03,152.6999969482422,154.89999389648438,151.5,152.8000030517578,152.8000030517578,1510,151.22000122070312,149.5799987792969,151.05999908447265,147.31199966430665,,,53.97255026117029,0.46726698874920203,0.18467406117896673,0.2825929275702353,157.62853261853948,151.05999908447265,144.49146555040582,67.51865574845647,58.61925202235843,UBX
2018-08-06,153.39999389648438,158.0500030517578,151.8300018310547,156.0,156.0,2340,153.04000244140624,150.23999938964843,151.08999938964843,147.87999969482422,,,58.182591620998934,0.8700634707888355,0.32175194310094046,0.548311527687895,157.74249091766677,151.08999938964843,144.43750786163008,73.24564881822991,67.46333741797922,UBX
2018-08-07,157.0,159.6999969482422,156.0500030517578,157.0,157.0,1280,154.3800018310547,150.98999938964843,151.09999923706056,148.4199996948242,,,59.43139661311289,1.2555015866798556,0.5085018718167235,0.7469997148631321,157.7873033740912,151.09999923706056,144.4126951000299,77.94413361408635,72.90281272692427,UBX
2018-08-08,157.39999389648438,158.89999389648438,155.00999450683594,157.39999389648438,157.39999389648438,1570,155.36000061035156,152.00999908447267,151.21999893188476,148.96399963378906,,,59.94664244536033,1.5750836511381578,0.7218182276810103,0.8532654234571475,158.25977323691083,151.21999893188476,144.1802246268587,85.19540257638697,78.79506166956777,UBX
2018-08-09,158.0,158.0,151.50999450683594,157.60000610351562,157.60000610351562,1020,156.16000061035157,152.75,151.30499954223632,149.31599975585937,,,60.21871893523293,1.823474177971093,0.9421494177390268,0.8813247602320662,158.60499608873866,151.30499954223632,144.00500299573397,85.82835899764653,82.98929839603998,UBX
2018-08-10,158.0,165.0,156.5,157.5,157.5,9490,157.1,154.16000061035157,151.60499954223633,149.48599975585938,,,59.999260300859284,1.9893241132096477,1.151584356833151,0.8377397563764968,159.3894680968367,151.60499954223633,143.82053098763595,79.85393908438878,83.62590021947413,UBX
2018-08-13,160.0,161.10000610351562,158.39999389648438,160.3000030517578,160.3000030517578,6930,157.96000061035156,155.5000015258789,152.05999984741212,149.6699996948242,,,63.95955895955584,2.3199552277024793,1.3852585310070167,0.9346966966954626,160.71203205681786,152.05999984741212,143.40796763800637,77.32355688058591,81.0019516542071,UBX
2018-08-14,161.1999969482422,163.39999389648438,152.0,155.5,155.5,7020,157.66000061035157,156.02000122070314,152.27999954223634,150.00999969482422,,,54.07563806241801,2.1696522366070496,1.5421372721270232,0.6275149644800264,161.0462110672909,152.27999954223634,143.51378801718178,67.12121674508751,74.76623757002075,UBX
2018-08-15,154.60000610351562,157.8000030517578,153.5,157.0,157.0,6470,157.5800018310547,156.47000122070312,152.62499923706054,150.34999969482422,,,56.34593627717101,2.146826220944149,1.6630750618904484,0.4837511590537007,161.56231269972983,152.62499923706054,143.68768577439124,66.36364098751174,70.2694715377284,UBX
2018-08-16,157.6999969482422,158.7899932861328,155.60000610351562,157.39999389648438,157.39999389648438,5530,157.53999938964844,156.85,152.93499908447265,150.8179995727539,,,56.957003602678505,2.1363856793786056,1.7577371853880799,0.3786484939905257,162.08077192241697,152.93499908447265,143.78922624652833,61.64682937095173,65.04389570118369,UBX
2018-08-17,157.60000610351562,158.89999389648438,155.6999969482422,158.39999389648438,158.39999389648438,4520,157.71999816894532,157.40999908447264,153.49499893188477,151.2859994506836,,,58.52026525121167,2.183631572119225,1.8429160627343089,0.3407155093849161,162.5385571500547,153.49499893188477,144.45144071371485,63.17526438327044,63.72857824724466,UBX
2018-08-20,159.5,164.6999969482422,159.5,162.89999389648438,162.89999389648438,5310,158.23999633789063,158.0999984741211,154.16999893188478,151.70799926757812,,,64.72828330771499,2.5547372536439923,1.9852803009162456,0.5694569527277467,163.88083916608946,154.16999893188478,144.4591586976801,71.05403993172372,65.292044561982,UBX
2018-08-21,162.89999389648438,166.58999633789062,162.89999389648438,164.60000610351562,164.60000610351562,11810,160.05999755859375,158.85999908447266,154.92499923706055,151.9959994506836,,,66.75268981915691,2.9519892627653803,2.1786220932860725,0.7733671694793078,165.3851879603246,154.92499923706055,144.4648105137965,78.49623241139257,70.90851224212894,UBX
2018-08-22,165.60000610351562,166.60000610351562,162.5,164.1999969482422,164.1999969482422,4360,161.4999969482422,159.53999938964844,155.77499923706054,152.31399932861328,,,65.79577841089498,3.197676126325689,2.382432899893996,0.8152432264316931,166.34833988996434,155.77499923706054,145.20165858415675,86.06370547916133,78.53799260742589,UBX
2018-08-23,165.6999969482422,168.39999389648438,165.0,168.10000610351562,168.10000610351562,2460,163.63999938964844,160.58999938964843,156.6699996948242,152.72399932861327,,,70.27054411665054,3.664836922113267,2.63891370433785,1.025923217775417,168.1919985679505,156.6699996948242,145.14800082169793,89.71409981033861,84.75801256696418,UBX
2018-08-24,169.0,179.89999389648438,167.4499969482422,179.0,179.0,6640,167.76000061035157,162.73999938964843,158.45,153.3039993286133,,,78.66966147151206,4.858596751898716,3.082850313850023,1.7757464380486931,172.036391192471,158.45,144.86360880752898,93.05322347892927,89.61034292280976,UBX
2018-08-27,182.10000610351562,186.3300018310547,169.89999389648438,170.1999969482422,170.1999969482422,5830,169.22000122070312,163.72999877929686,159.6150001525879,153.8039993286133,,,63.156337075424986,5.036515500429147,3.4735833511658476,1.562932149263299,173.03487651830775,159.6150001525879,146.19512378686804,82.90993611582867,88.55908646836554,UBX
2018-08-28,170.5,176.39999389648438,169.1300048828125,175.8000030517578,175.8000030517578,2670,171.46000061035156,165.75999908447267,160.8900001525879,154.31999938964844,,,67.54266246403189,5.565238476903772,3.8919143763134327,1.6733241005903396,175.33394737080806,160.8900001525879,146.44605293436774,73.42156809093215,83.12824256189673,UBX
2018-08-29,177.60000610351562,198.5,173.5,175.0,175.0,21720,173.62000122070313,167.55999908447265,162.0150001525879,154.82999938964844,,,66.32781551835669,5.852240696771844,4.283979640405115,1.5682610563667287,177.1578238611781,162.0150001525879,146.87217644399772,57.63239292036861,71.3212990423765,UBX
2018-08-30,176.60000610351562,189.60000610351562,176.60000610351562,185.0,185.0,8590,177.0,170.31999969482422,163.58499984741212,155.51999938964843,,,72.89142968317495,6.808128581890429,4.788809428702178,2.019319153188251,181.2186362372883,163.58499984741212,145.95136345753593,63.396292242482446,64.81675108459443,UBX
2018-08-31,187.39999389648438,200.0,182.1999969482422,190.60000610351562,190.60000610351562,9600,179.32000122070312,173.54000091552734,165.475,156.37399963378905,,,75.7429878854816,7.926182214307801,5.416283985823303,2.5098982284844977,185.95317402627177,165.475,144.99682597372822,66.94892896973523,62.65920471086212,UBX
2018-09-04,195.0,200.0,175.10000610351562,178.10000610351562,178.10000610351562,10210,180.9000030517578,175.06000213623048,166.5800003051758,156.92399963378907,,,60.45601937912991,7.71467229994181,5.875961648647005,1.8387106512948055,187.27769436937658,166.5800003051758,145.882306240975,68.09588675003317,66.14703598741697,UBX
2018-09-05,178.5,184.11000061035156,173.39999389648438,177.5,177.5,4710,181.24000244140626,176.3500015258789,167.6050003051758,157.6059997558594,,,59.83179417130643,7.413179175871022,6.183405154091808,1.229774021779214,188.3338699577355,167.6050003051758,146.8761306526161,60.88141189090927,65.30874253689258,UBX
2018-09-06,182.5,183.4499969482422,174.1999969482422,180.1999969482422,180.1999969482422,4450,182.28000183105468,177.95000152587892,168.74500045776367,158.25199981689454,,,61.745925544061876,7.307870311847722,6.408298185642991,0.8995721262047311,189.61090548507357,168.74500045776367,147.87909543045376,52.5107642956224,60.49602097885498,UBX
2018-09-07,182.1999969482422,186.0,181.64999389648438,183.89999389648438,183.89999389648438,10500,182.06000061035155,179.53000030517578,170.05999984741212,159.01399963378907,,,64.25939700820666,7.437239245457363,6.614086397605865,0.8231528478514978,191.26286956884127,170.05999984741212,148.85713012598296,54.95865082147117,56.11694233600098,UBX
2018-09-10,185.0,190.0,178.0,185.6999969482422,185.6999969482422,9750,181.0799987792969,180.2,171.46999969482422,159.74999969482423,,,65.44876539152206,7.597431795913337,6.810755477267359,0.786676318645978,192.89382915583508,171.46999969482422,150.04617023381337,59.13943121164906,55.5362821095809,UBX
2018-09-11,187.39999389648438,188.0399932861328,180.0,181.89999389648438,181.89999389648438,9610,181.83999633789062,181.36999969482423,172.54999923706055,160.3759994506836,,,60.845378283907245,7.333224213983186,6.915249224610525,0.4179749893726612,193.78953933419226,172.54999923706055,151.31045913992884,57.94895803192508,57.34901335501513,UBX
2018-09-12,181.89999389648438,186.0,180.5,183.8000030517578,183.8000030517578,5160,183.0999969482422,182.1699996948242,173.96499938964843,161.08399963378906,,,62.274177449039016,7.1942221469203105,6.971043809072482,0.2231783378478287,194.22039827932178,173.96499938964843,153.70960049997507,55.77142333984367,57.619937527805966,UBX
2018-09-13,184.10000610351562,232.0,182.5,200.0,200.0,120800,187.05999755859375,184.6699996948242,176.11499938964843,162.11199951171875,,,71.74238193071959,8.29563940481438,7.235962928220862,1.059676476593519,197.78971264444897,176.11499938964843,154.4402861348479,51.957880056929476,55.22608714289944,UBX
2018-09-14,208.1999969482422,231.89999389648438,207.5,220.0,220.0,81520,194.27999877929688,188.1699996948242,179.24499969482423,163.4759994506836,,,78.81227670401621,10.659477548123789,7.920665852201447,2.738811695922342,206.55312955808043,179.24499969482423,151.93686983156803,61.68443890009686,56.47124743229003,UBX
2018-09-17,226.60000610351562,245.60000610351562,225.1999969482422,229.6999969482422,229.6999969482422,46510,203.0799987792969,192.0799987792969,182.80999984741212,165.02999938964842,,,81.2610517760105,13.163800892193251,8.969292860199808,4.194508031993443,216.23357758078123,182.80999984741212,149.386422114043,70.18218099729047,61.27483331810563,UBX
2018-09-18,230.0,234.99000549316406,195.10000610351562,197.10000610351562,197.10000610351562,55310,206.12000122070313,193.97999877929686,184.52000045776367,165.86399963378906,,,57.29440090345622,12.375293691047887,9.650493026369423,2.7248006646784635,217.18494081460005,184.52000045776367,151.8550601009273,64.31533681128978,65.39398556955906,UBX
2018-09-19,202.89999389648438,203.3000030517578,170.0,170.5,170.5,57180,203.46000061035156,193.27999877929688,184.81500015258788,166.1379995727539,,,45.50195465940735,9.494550597094616,9.619304540514461,-0.12475394341984547,216.85561620141544,184.81500015258788,152.77438410376033,37.5647974850185,57.354105097866274,UBX
2018-09-20,181.1999969482422,183.1999969482422,166.0,168.1999969482422,168.1999969482422,32160,197.1,192.0799987792969,185.0150001525879,166.40199951171874,,,44.64628059950048,6.945882110841779,9.084620054579926,-2.138737943738146,216.5848761685218,185.0150001525879,153.44512413665402,12.08356225985658,37.987898852054975,UBX
2018-09-21,171.10000610351562,178.74000549316406,159.0,160.0,160.0,37480,185.1,189.68999938964845,184.6099998474121,166.48399963378907,,,41.63980965861829,4.215775909378294,8.1108512255396,-3.8950753161613054,217.22790309798063,184.6099998474121,151.99209659684357,1.526641662456332,17.05833380244383,UBX
2018-09-24,160.8000030517578,169.0,156.60000610351562,159.6999969482422,159.6999969482422,16750,171.1,187.08999938964843,183.6449996948242,166.64799957275392,157.01199935913087,,41.52962366638023,2.0048289165316078,6.889646763738002,-4.884817847206394,217.96714911054679,183.6449996948242,149.32285027910163,2.467228386660232,5.359144102991071,UBX
2018-09-25,159.6999969482422,164.89999389648438,159.0,159.39999389648438,159.39999389648438,26580,163.55999755859375,184.83999938964843,183.10499954223633,166.81199951171874,156.9409992980957,,41.41161212786872,0.22582656853106187,5.556882724696614,-5.331056156165552,218.5768754627059,183.10499954223633,147.63312362176674,2.5946412700855865,2.196170439734074,UBX
2018-09-26,163.1999969482422,182.5,161.0,175.1999969482422,175.1999969482422,39950,164.4999969482422,183.97999877929686,183.07499923706055,167.29399932861327,157.01799926757812,,49.54363542723236,0.08984689182153716,4.463475558121599,-4.373628666300061,218.57254280983426,183.07499923706055,147.57745566428684,9.176018532742193,4.745962729829361,UBX
2018-09-27,176.0,180.0,164.0,167.8000030517578,167.8000030517578,10470,164.4199981689453,180.75999908447267,182.71499938964843,167.64799926757811,157.06199935913085,,46.30212890350972,-0.6080266915516006,3.4491751081869584,-4.057201799738559,218.6758277907984,182.71499938964843,146.75417098849846,12.20972868387164,7.99346282889983,UBX
2018-09-28,166.6999969482422,167.1999969482422,160.0,162.89999389648438,162.89999389648438,9310,164.9999969482422,175.04999847412108,181.60999908447266,167.88199920654296,156.99699935913085,,44.23814570895511,-1.5387485861643313,2.4515903693167003,-3.9903389554810316,218.56645616006554,181.60999908447266,144.65354200887978,13.520590107092614,11.635445774568838,UBX
2018-10-01,162.5,166.91000366210938,156.0,159.89999389648438,159.89999389648438,15840,165.0399963378906,168.06999816894532,180.0749984741211,168.1359991455078,156.98799926757812,,42.97506589339663,-2.4897272946367934,1.4633268365260015,-3.953054131162795,217.9492064776824,180.0749984741211,142.20079047055978,8.005191888858167,11.245170226607499,UBX
2018-10-02,159.89999389648438,160.30999755859375,149.14999389648438,153.5,153.5,16200,163.85999755859376,163.70999755859376,178.84499816894532,168.21799926757814,156.9289993286133,,40.329607908425004,-3.7169639463546105,0.42726867994987905,-4.14423262630449,218.4539620370043,178.84499816894532,139.23603430088636,5.313808018213906,8.946530004721588,UBX
2018-10-03,153.6999969482422,154.3000030517578,148.8000030517578,150.39999389648438,150.39999389648438,8810,158.89999694824218,161.6999969482422,177.48999786376953,168.2359991455078,156.88399932861327,,39.074879762882986,-4.8834095142617855,-0.634866958892454,-4.2485425553693315,218.99888564687302,177.48999786376953,135.98111008066604,3.505223045653594,5.608074317575248,UBX
2018-10-04,149.89999389648438,149.89999389648438,143.5,144.0,144.0,13700,154.13999633789064,159.27999725341797,175.67999801635742,168.17199920654298,156.84499938964845,,36.546876663073796,-6.2521808026349674,-1.7583297276409569,-4.49385107499401,219.64282935801765,175.67999801635742,131.71716667469718,2.2175712031530557,3.678867422340211,UBX
2018-10-05,143.8000030517578,144.4499969482422,138.10000610351562,138.6999969482422,138.6999969482422,13880,149.29999694824218,157.14999694824218,173.4199981689453,167.94199920654296,156.737999420166,,34.55322281317667,-7.6761223027526455,-2.9418882426632944,-4.734234060089351,220.02783626169253,173.4199981689453,126.81216007619808,0.9206161652078361,2.2144701380048546,UBX
2018-10-08,138.6999969482422,142.6199951171875,135.0,136.10000610351562,136.10000610351562,11960,144.53999938964844,154.78999786376954,170.93999862670898,167.79599945068358,156.647999420166,,33.585325179459176,-8.911675485013888,-4.135845691133413,-4.775829793880474,219.88982669903842,170.93999862670898,121.99017055437955,0.9065053452399523,1.3482309045336407,UBX
2018-10-09,134.89999389648438,140.3000030517578,133.8000030517578,139.1999969482422,139.1999969482422,6840,141.67999877929688,152.7699981689453,168.80499877929688,167.64199951171875,156.64199935913086,,35.891179828151174,-9.530851210168976,-5.2148467949405255,-4.31600441522845,219.35511265616077,168.80499877929688,118.25488490243299,4.386987728201993,2.07136974621662,UBX
2018-10-10,138.39999389648438,138.89999389648438,125.9000015258789,126.9000015258789,126.9000015258789,18150,136.9800003051758,147.93999862670898,165.95999870300292,167.17399948120118,156.5769994354248,,31.254476323586793,-10.888542923568252,-6.349586020666071,-4.538956902902181,219.1499755742429,165.95999870300292,112.77002183176296,4.7694993921073285,3.3543308218497843,UBX
2018-10-11,126.9000015258789,127.0,114.0999984741211,115.0999984741211,115.0999984741211,15630,131.2,142.6699981689453,161.714998626709,166.4259994506836,156.392999420166,,27.574155608733847,-12.76948632795498,-7.633566082123853,-5.135920245831127,216.8756469547383,161.714998626709,106.55435029867968,4.7199786185860155,4.6254885796318055,UBX
2018-10-12,117.4000015258789,134.02999877929688,117.0,125.5999984741211,125.5999984741211,15210,128.5800003051758,138.93999862670898,156.99499855041503,165.86599929809572,156.33699943542481,,34.91804143542491,-13.260031886059068,-8.758859242910896,-4.501172643148172,207.34392000137618,156.99499855041503,106.64607709945389,6.680545964472778,5.390007991722066,UBX
2018-10-15,127.5,134.55999755859375,120.5999984741211,121.5999984741211,121.5999984741211,7870,125.67999877929688,135.10999908447266,151.589998626709,165.24199920654297,156.2769994354248,,33.523482561765405,-13.812339296128556,-9.769555253554428,-4.042784042574128,191.7336860787675,151.589998626709,111.44631117465048,9.74658847652847,7.049037686529114,UBX
2018-10-16,124.5,134.39999389648438,122.4000015258789,126.0999984741211,126.0999984741211,17630,123.05999908447265,132.36999893188477,148.03999824523925,164.6439991760254,156.2619994354248,,36.59159325392422,-13.72867884195361,-10.561379971234263,-3.167298870719346,183.77263734260833,148.03999824523925,112.30735914787014,15.32906164357027,10.585398694857199,UBX
2018-10-17,125.4000015258789,126.0,120.4000015258789,123.30000305175781,123.30000305175781,8260,122.33999938964844,129.6599998474121,145.67999839782715,163.96999923706053,156.19499946594237,,35.493887786304185,-13.730042179732095,-11.19511241293383,-2.5349297667982658,181.40206771657733,145.67999839782715,109.95792907907696,15.500043101335086,13.5252310738113,UBX
2018-10-18,123.30000305175781,124.23999786376953,116.0999984741211,117.30000305175781,117.30000305175781,10960,122.78000030517578,126.9900001525879,143.13499870300294,163.167999420166,156.06599952697755,,33.195801757557476,-14.05327508335077,-11.766744947017218,-2.2865301363335515,179.3263361037321,143.13499870300294,106.94366130227378,13.864894592221114,14.897999779042182,UBX
2018-10-19,118.5999984741211,121.0,111.19999694824219,113.0,113.0,14900,120.26000061035157,124.42000045776368,140.78499870300294,162.2759992980957,155.79599952697754,,31.61593334994978,-14.489389139222425,-12.311273785458258,-2.1781153537641664,178.3677191802364,140.78499870300294,103.20227822576946,9.016841155895015,12.793926283150432,UBX
2018-10-22,115.69999694824219,119.9000015258789,105.5,109.5,109.5,11200,117.84000091552734,121.7599998474121,138.2749988555908,161.3159992980957,155.40099952697753,,30.349805313290446,-14.945154976281728,-12.838050023622952,-2.1071049526587764,177.15243805340504,138.2749988555908,99.39755965777658,5.973811590421318,9.618515779512508,UBX
2018-10-23,106.5999984741211,114.5,103.30000305175781,108.80000305175781,108.80000305175781,7710,114.38000183105468,118.72000045776367,135.7449993133545,160.2859992980957,154.97799949645997,,30.09026168668909,-15.187761528523794,-13.30799232460312,-1.8797692039206737,175.37268761681855,135.7449993133545,96.11731100989044,7.888181896200625,7.626278214172345,UBX
2018-10-24,109.19999694824219,116.8499984741211,107.0999984741211,107.5999984741211,107.5999984741211,11340,111.24000091552735,116.7900001525879,132.36499938964843,159.32799926757812,154.66899948120118,,29.622581679872756,-15.300484844553125,-13.706490828593122,-1.5939940159600035,169.40207445118378,132.36499938964843,95.32792432811308,10.149621125744462,8.003871537455494,UBX
2018-10-25,108.19999694824219,117.4000015258789,107.5999984741211,113.80000305175781,113.80000305175781,7400,110.54000091552734,116.66000061035156,129.66499938964844,158.46399932861328,154.40699951171874,,35.22438878472122,-14.719849073487666,-13.90916247757203,-0.8106865959156355,163.72948015792394,129.66499938964844,95.60051862137294,16.318705137887456,11.452169386610871,UBX
2018-10-26,112.69999694824219,114.69999694824219,109.0999984741211,113.5999984741211,113.5999984741211,5950,110.66000061035156,115.46000061035156,127.19999961853027,157.58799942016603,154.20299949645997,,35.1272547033266,-14.113142221171088,-13.949958426291841,-0.16318379487924695,158.2932116339377,127.19999961853027,96.10678760312287,21.66378781780615,16.044038027146048,UBX
2018-10-29,115.5999984741211,115.80000305175781,107.80000305175781,109.69999694824219,109.69999694824219,6190,110.7,114.27000045776367,124.68999977111817,156.61399948120118,153.94999946594237,,33.2044549753643,-13.788079797959881,-13.917582700625449,0.12950290266556763,152.77877920411257,124.68999977111817,96.60122033812377,24.173104623209962,20.718532526301214,UBX
2018-10-30,109.69999694824219,110.9000015258789,106.4000015258789,109.80000305175781,109.80000305175781,6980,110.9,112.64000091552734,122.50499992370605,155.55199966430663,153.62999946594238,,33.30527058253976,-13.368294451881937,-13.807725050876746,0.4394305989948091,147.96520044384187,122.50499992370605,97.04479940357025,22.202896939155398,22.679929793390528,UBX
2018-10-31,111.69999694824219,115.05999755859375,107.5999984741211,111.4000015258789,111.4000015258789,9700,111.66000061035156,111.45000076293945,120.55500030517578,154.4879995727539,153.24199951171875,,34.995711615239095,-12.759422357140195,-13.598064512129437,0.8386421549892411,142.961469830992,120.55500030517578,98.14853077935958,21.560857759021086,22.645619773795506,UBX
2018-11-01,111.5999984741211,114.5,110.0999984741211,112.69999694824219,112.69999694824219,11240,111.43999938964843,110.9900001525879,118.9900001525879,153.45799957275392,152.88599945068358,,36.4060751741799,-12.033275954551257,-13.2851068006138,1.2518308460625427,138.85604123052664,118.9900001525879,99.12395907464915,25.591806982304565,23.118520560160373,UBX
2018-11-02,112.69999694824219,119.0,111.80000305175781,117.0999984741211,117.0999984741211,10550,112.13999938964844,111.4,117.91000022888184,152.43799942016602,152.58099937438965,,41.066713657546075,-10.976229210235672,-12.823331282538174,1.8471020723025013,135.60213450661982,117.91000022888184,100.21786595114385,33.45168662032381,26.868117120549844,UBX
2018-11-05,117.0999984741211,130.5,115.66000366210938,128.89999389648438,128.89999389648438,20500,115.97999877929688,113.33999938964844,117.54999961853028,151.4359992980957,152.3699993133545,,51.361623604848916,-9.081663274754476,-12.074997680981435,2.9933344062269587,133.9960916455938,117.54999961853028,101.10390759146675,56.18699196499023,38.41016185587289,UBX
2018-11-06,129.0,134.36000061035156,115.69999694824219,117.9000015258789,117.9000015258789,13230,117.5999984741211,114.24999923706055,116.48499984741211,150.38999938964844,152.09699935913085,,43.69823247940545,-8.371314274813187,-11.334260999747785,2.962946724934598,129.60814993816544,116.48499984741211,103.3618497566588,61.83213555793009,50.49027138108139,UBX
2018-11-07,118.0999984741211,120.80000305175781,116.05000305175781,119.5999984741211,119.5999984741211,4240,119.23999786376953,115.44999923706055,116.11999969482422,149.2659992980957,151.79299934387208,,45.06247560575282,-7.583761150500109,-10.584161029898251,3.0003998793981417,128.4460030679895,116.11999969482422,103.79399632165894,64.53416004197982,60.85109585496673,UBX
2018-11-08,115.30000305175781,127.4000015258789,113.69999694824219,120.5,120.5,12190,120.7999984741211,116.11999893188477,116.38999977111817,148.1759992980957,151.50299934387206,,45.81109301699275,-6.808512727386997,-9.829031369396,3.0205186420090033,128.85064016505842,116.38999977111817,103.92935937717792,51.62051365692833,59.32893641894609,UBX
2018-11-09,120.4000015258789,124.0,116.0,119.19999694824219,119.19999694824219,7040,121.21999816894531,116.67999877929688,116.06999969482422,146.85999923706055,151.1899993133545,,44.860186717033336,-6.22723842021766,-9.108672779560333,2.8814343593426734,127.87984137187543,116.06999969482422,104.26015801777301,53.015658027551545,56.39011057548658,UBX
2018-11-12,115.80000305175781,122.4000015258789,115.80000305175781,120.0,120.0,8300,119.43999938964843,117.70999908447266,115.98999977111816,145.44799911499024,150.91099937438966,,45.608409256165785,-5.637040489728605,-8.414346321593987,2.777305831865382,127.6698783520699,115.98999977111816,104.31012119016643,51.736274554115234,52.12414874619839,UBX
2018-11-13,121.9000015258789,128.5,118.30000305175781,125.5,125.5,10880,120.95999908447266,119.27999877929688,115.9599998474121,144.3959989929199,150.6599993133545,,50.57405991457051,-4.671648487325754,-7.66580675474034,2.994158267414586,127.53849585508976,115.9599998474121,104.38150383973445,56.04800324779175,53.59997860981952,UBX
2018-11-14,125.80000305175781,127.0,115.30000305175781,120.4000015258789,120.4000015258789,8420,121.11999969482422,120.17999877929688,115.81499977111817,143.2539990234375,150.42999938964843,,46.34860823051955,-4.26888655759727,-6.986422715311726,2.7175361577144566,127.09086174634193,115.81499977111817,104.5391377958944,55.67477167071456,54.486349824207196,UBX
2018-11-15,119.5,129.5,119.19999694824219,123.5,123.5,11140,121.71999969482422,121.25999908447265,116.12499961853027,142.11999908447265,150.1859994506836,,49.130734916746455,-3.6573907337194527,-6.320616318993272,2.6632255852738194,127.87793382312822,116.12499961853027,104.37206541393232,59.84739937052935,57.19005809634524,UBX
2018-11-16,122.5,126.69999694824219,119.0999984741211,122.80000305175781,122.80000305175781,15750,122.44000091552735,121.82999954223632,116.61499977111816,140.89799926757811,149.9559994506836,,48.51891120286003,-3.192459109928862,-5.69498487718039,2.5025257672515284,128.62037654417347,116.61499977111816,104.60962299806286,56.62851878320057,57.383563274814854,UBX
2018-11-19,122.0999984741211,125.5,119.30000305175781,121.19999694824219,121.19999694824219,13540,122.68000030517578,121.05999984741212,117.19999961853027,139.60799926757812,149.67899948120117,,47.075860828659685,-2.919450955844283,-5.139878092913169,2.220427137068886,128.8978612885695,117.19999961853027,105.50213794849105,56.87871225454884,57.78487680275961,UBX
2018-11-20,120.5999984741211,122.69999694824219,116.0,120.69999694824219,120.69999694824219,8100,121.71999969482422,121.33999938964844,117.7949993133545,138.38399932861327,149.37999938964845,,46.609334247639666,-2.7121716219507306,-4.654336798720681,1.9421651767699508,128.9198308582023,117.7949993133545,106.6701677685067,51.056884713107365,54.85470525028561,UBX
2018-11-21,120.9000015258789,125.6500015258789,120.0,124.80000305175781,124.80000305175781,10790,122.6,121.85999984741211,118.65499954223633,137.2039993286133,149.14399948120118,,50.905764872753004,-2.191799330762791,-4.161829305129103,1.9700299743663123,129.13497484655625,118.65499954223633,108.17502423791639,50.713181575718494,52.88292618112492,UBX
2018-11-23,123.80000305175781,125.0,122.9000015258789,124.69999694824219,124.69999694824219,2050,122.83999938964844,122.27999954223633,119.19999923706055,135.69799926757813,148.90499938964842,,50.79838594395404,-1.7671001669414323,-3.6828834774915693,1.915783310550137,129.74684636086613,119.19999923706055,108.65315211325498,51.52013469488863,51.09673366123818,UBX
2018-11-26,125.0,125.0,117.4000015258789,121.9000015258789,121.9000015258789,6690,122.65999908447266,122.55,119.61499938964843,133.7359992980957,148.60599937438965,,47.76073018509161,-1.6375822213788496,-3.2738232262690254,1.6362410048901759,129.89765879805478,119.61499938964843,109.33233998124209,50.185776551545,50.80636427405073,UBX
2018-11-27,120.5999984741211,124.8499984741211,118.4000015258789,122.69999694824219,122.69999694824219,7580,122.95999908447266,122.81999969482422,120.26499938964844,131.5959992980957,148.31299934387206,,48.70453561715078,-1.4536288431982314,-2.9097843496548665,1.4561555064566352,129.55397521123217,120.26499938964844,110.9760235680647,49.96507475258547,50.55699533300639,UBX
2018-11-28,122.80000305175781,125.8499984741211,116.0999984741211,119.0999984741211,119.0999984741211,11270,122.63999938964844,122.17999954223633,120.7299991607666,130.03599914550782,147.94999938964844,,44.78348241789572,-1.5801196206994348,-2.6438514038637804,1.0637317831643456,128.71676248652224,120.7299991607666,112.74323583501095,43.609823444818424,47.92022491631632,UBX
2018-11-29,118.69999694824219,125.9000015258789,118.69999694824219,120.9000015258789,120.9000015258789,4480,121.85999908447266,122.22999954223633,121.2049991607666,129.04399917602538,147.59099937438964,,47.0776647736832,-1.5176250334653076,-2.4186061297840857,0.9009810963187781,127.94902595557247,121.2049991607666,114.46097236596074,43.52528333614149,45.70006051118182,UBX
2018-11-30,120.0,137.0,120.0,128.60000610351562,128.60000610351562,30480,122.64000091552734,122.7400001525879,121.99999961853027,128.25199935913085,147.3269994354248,,55.58002757033251,-0.837121786180191,-2.102309261063307,1.265187474883116,128.27885361486847,121.99999961853027,115.72114562219207,44.96806031922986,44.034389033396614,UBX
2018-12-03,128.60000610351562,141.8000030517578,128.60000610351562,136.6999969482422,136.6999969482422,40000,125.6,124.12999954223633,122.97999954223633,127.7859992980957,147.13499946594237,,62.41975064501414,0.3517289938781403,-1.6115016100750175,1.9632306039531577,131.58223123878702,122.97999954223633,114.37776784568564,60.493885553551905,49.66240973630777,UBX
2018-12-04,134.0,150.25,134.0,143.60000610351562,143.60000610351562,36600,129.78000183105468,126.37000045776367,123.71500015258789,127.46399948120117,147.05599952697753,,67.07117807504729,1.8295845633601573,-0.9232843753879825,2.75286893874814,135.95694256622664,123.71500015258789,111.47305773894915,74.33929110885884,59.93374566054689,UBX
2018-12-06,126.9000015258789,140.89999389648438,126.0,137.3000030517578,137.3000030517578,26180,133.42000274658204,128.03000106811524,124.68500022888183,127.02199966430663,146.9169995880127,,59.79404521598845,2.4640343009809413,-0.24582064011419757,2.7098549410951387,137.96088710754938,124.68500022888183,111.4091133502143,74.63910599838816,69.82409422026632,UBX
2018-12-07,137.39999389648438,148.39999389648438,137.39999389648438,140.0,140.0,22860,137.24000244140626,129.55000076293945,125.70500030517579,126.31799972534179,146.80599952697753,,61.71139399483573,3.1484145152047773,0.4330263909495974,2.71538812425518,140.32778960206755,125.70500030517579,111.08221100828402,71.07853891563225,73.35231200762644,UBX
2018-12-10,145.3000030517578,148.6699981689453,131.5,142.60000610351562,142.60000610351562,31720,140.04000244140624,131.3400016784668,126.81000061035157,125.81399978637695,146.73099952697754,,63.51570927326762,3.856138366342037,1.1176487860280853,2.738489580313952,142.95347305816614,126.81000061035157,110.66652816253699,69.97567800999839,71.89777430800628,UBX
2018-12-11,143.10000610351562,150.0,143.10000610351562,146.8000030517578,146.8000030517578,29440,142.06000366210938,133.8300018310547,128.19000091552735,125.49199996948242,146.6869995880127,,66.28003536399463,4.7017207599265305,1.8344631808077745,2.867257579118756,146.115728451062,128.19000091552735,110.26427337999267,79.22142010245581,73.42521234269549,UBX
2018-12-12,147.0,159.88999938964844,145.69000244140625,157.39999389648438,157.39999389648438,37780,144.82000122070312,137.3000015258789,130.06000061035155,125.44199996948242,146.78899955749512,,72.03826168877677,6.156216540121335,2.6988138526704866,3.4574026874508483,151.61397071411497,130.06000061035155,108.50603050658813,87.30167514945697,78.83292442063707,UBX
2018-12-13,156.0,167.0,152.8000030517578,165.3000030517578,165.3000030517578,34980,150.4200012207031,141.92000198364258,132.05000076293945,125.67800003051758,146.94799964904786,,75.40872397893105,7.855822607758768,3.730215603688143,4.125607004070625,158.37386936361253,132.05000076293945,105.72613216226635,93.63363267505173,86.71890930898819,UBX
2018-12-14,160.39999389648438,166.6999969482422,152.60000610351562,159.10000610351562,159.10000610351562,32630,154.24000244140626,145.74000244140626,133.9850009918213,125.85200027465821,147.043999710083,,68.43664088056596,8.603311108096307,4.704834704569776,3.898476403526531,162.21911539094367,133.9850009918213,105.75088659269893,91.81775519613876,90.91768767354917,UBX
2018-12-17,158.0,158.0,150.1999969482422,151.10000610351562,151.10000610351562,36980,155.94000244140625,147.99000244140626,135.36500129699706,125.99400039672851,147.08299980163574,,60.64515532194073,8.452730176929464,5.454413799041713,2.9983163778877504,164.1077437438927,135.36500129699706,106.62225885010142,83.30059988423498,89.58399591847518,UBX
2018-12-18,152.89999389648438,160.9499969482422,150.10000610351562,154.39999389648438,154.39999389648438,41400,157.46000061035156,149.76000213623047,136.9450008392334,126.30800033569336,147.12499977111815,,62.53972082323019,8.50167314395091,6.063865668023553,2.4378074759273574,166.22041717490026,136.9450008392334,107.66958450356651,76.16241466582422,83.760256582066,UBX
2018-12-19,154.60000610351562,174.10000610351562,152.8000030517578,157.39999389648438,157.39999389648438,56400,157.46000061035156,151.14000091552734,138.7550006866455,126.73400009155273,147.26499977111817,,64.2257888499661,8.682449848666266,6.5875825041520955,2.094867344514171,168.3868403616485,138.7550006866455,109.12316101164251,71.28781294660445,76.9169424988879,UBX
2018-12-20,159.5,164.10000610351562,153.3000030517578,159.5,159.5,38920,156.3,153.36000061035156,140.6950008392334,127.14000015258789,147.3909998321533,,65.3997855060108,8.89266057601813,7.048598118525303,1.8440624574928277,170.42488290190562,140.6950008392334,110.96511877656114,72.7046925661278,73.38497339285216,UBX
2018-12-21,160.0,162.89999389648438,147.0,154.5,154.5,341050,155.37999877929687,154.81000061035155,142.1800006866455,127.69200012207031,147.43299980163573,,60.323808164444756,8.55715433019958,7.350309360860158,1.2068449693394223,171.55057096892122,142.1800006866455,112.8094304043698,67.3733537042347,70.45528640565567,UBX
2018-12-24,153.89999389648438,162.85000610351562,145.8800048828125,159.6999969482422,159.6999969482422,29200,157.0999969482422,156.5199996948242,143.9300006866455,128.58400009155272,147.50499977111815,,63.496955290095855,8.611590454501226,7.602565579588371,1.0090248749128543,173.09608280900915,143.9300006866455,114.7639185642819,67.44227910832738,69.17344179289665,UBX
2018-12-26,160.89999389648438,172.5,159.9199981689453,172.5,172.5,30570,160.71999816894532,159.08999938964843,146.46000061035156,129.52200012207032,147.693999710083,,69.88217081875851,9.577184921208271,7.9974894479123515,1.5796954732959199,176.31366952157566,146.46000061035156,116.60633169912747,75.32916365562043,70.04826548939421,UBX
2018-12-27,172.5,174.60000610351562,160.0,167.6999969482422,167.6999969482422,22500,162.77999877929688,160.11999969482423,148.71000061035156,130.44400009155274,147.84299964904784,,65.27128113757097,9.84165686767659,8.366322931865199,1.475333935811392,177.83578783650248,148.71000061035156,119.58421338420064,83.57554650553097,75.44899642315961,UBX
2018-12-28,166.8000030517578,171.60000610351562,160.10000610351562,167.8000030517578,167.8000030517578,38320,164.43999938964845,160.36999969482423,151.1450008392334,131.27800018310546,147.96099967956542,,65.3226185902567,9.944686294190888,8.681995604330336,1.2626906898605519,178.01747319340012,151.1450008392334,124.2725284850667,88.29567255394885,82.40012757170011,UBX
2018-12-31,168.0,170.6999969482422,157.60000610351562,162.60000610351562,162.60000610351562,20690,166.06000061035155,160.71999969482422,153.23000106811523,132.06400024414063,148.0169997406006,,60.32881333963693,9.497263025142132,8.845049088492695,0.6522139366494368,176.6400907526019,153.23000106811523,129.81991138362855,76.70606505337905,82.8590947042863,UBX
2019-01-02,160.8000030517578,168.1999969482422,160.8000030517578,166.60000610351562,166.60000610351562,29360,167.44000244140625,162.2699996948242,155.13000106811523,133.0500003051758,148.10899986267088,,62.69155761380875,9.35757513030174,8.947554296854504,0.41002083344723594,176.29639838966688,155.13000106811523,133.9636037465636,72.81847086641335,79.27340282458044,UBX
2019-01-03,165.0,167.0,162.5,163.0,163.0,21900,165.54000244140624,163.13000030517577,156.44500122070312,134.0500003051758,148.16299980163575,,59.27014504037368,8.854314040556005,8.928906245594805,-0.07459220503879926,176.0805261750919,156.44500122070312,136.80947626631433,64.61422931555741,71.37958841178329,UBX
2019-01-04,160.60000610351562,165.89999389648438,160.4499969482422,162.60000610351562,162.60000610351562,29550,164.52000427246094,163.6500015258789,157.39500122070314,135.1120004272461,148.2139998626709,,58.88560608082536,8.327208955245851,8.808566787525013,-0.48135783227916207,176.27678814206683,157.39500122070314,138.51321429933944,63.38506600427079,66.93925539541387,UBX
2019-01-07,162.3000030517578,164.60000610351562,157.8000030517578,160.0,160.0,28250,162.9600036621094,163.70000152587892,158.53000106811524,136.13600036621094,148.21099983215333,,56.327432558783656,7.61193002310992,8.569239434641995,-0.9573094115320746,175.02134401450215,158.53000106811524,142.03865812172833,55.66386886792748,61.221054729251904,UBX
2019-01-08,160.3000030517578,168.5500030517578,160.0,162.6999969482422,162.6999969482422,22040,162.9800018310547,164.52000122070314,159.66500091552734,137.23800033569336,148.28299980163575,,58.35091706116843,7.180165032001526,8.2914245541139,-1.111259522112375,173.86419380709756,159.66500091552734,145.46580802395712,55.315675925719255,58.12153693263918,UBX
2019-01-09,162.0,166.05999755859375,161.3000030517578,161.8000030517578,161.8000030517578,20420,162.02000122070314,164.7300018310547,160.62500076293946,138.19800033569337,148.3309998321533,,57.39628521608384,6.6882679898808135,7.970793241267283,-1.2825252513864696,172.48246748991906,160.62500076293946,148.76753403595987,54.38716731644022,55.12223737002899,UBX
2019-01-10,162.5,163.5,157.0,160.60000610351562,160.60000610351562,12480,161.54000244140624,163.54000244140624,161.31500091552735,139.13800048828125,148.36299995422362,,56.078899426920714,6.130932738902175,7.602821140794261,-1.4718884018920866,171.33842991676826,161.31500091552735,151.29157191428644,55.08355320085667,54.92879881433873,UBX
2019-01-11,160.8000030517578,162.3000030517578,157.3000030517578,158.39999389648438,158.39999389648438,12300,160.7,162.61000213623046,161.36500091552733,140.1120004272461,148.36299995422362,,53.64775706357473,5.448906337843454,7.172038180204099,-1.7231318423606456,171.3195539509642,161.36500091552733,151.41044788009046,50.092834922082005,53.18785181312631,UBX
2019-01-14,156.6999969482422,163.6999969482422,155.47000122070312,156.1999969482422,156.1999969482422,12390,159.93999938964845,161.45000152587892,160.91000061035157,141.0400003051758,148.2959999847412,,51.25484096860351,4.676961038147425,6.6730227517927645,-1.9960617136453394,170.9351504774823,160.91000061035157,150.88485074322085,43.593292366957506,49.58989349663207,UBX
2019-01-15,156.8000030517578,165.39999389648438,154.39999389648438,164.10000610351562,164.10000610351562,10350,160.22000122070312,161.6000015258789,161.16000061035157,142.09400039672852,148.2909999847412,,58.42597970513014,4.649062048912867,6.268230611216785,-1.6191685623039174,171.24135175217614,161.16000061035157,151.078649468527,42.515408842357836,45.400512043799125,UBX
2019-01-16,160.3000030517578,168.6999969482422,158.10000610351562,159.3000030517578,159.3000030517578,16330,159.72000122070312,160.87000122070313,161.57000045776368,143.02600051879884,148.24200004577636,,53.295631441130155,4.19131687602291,5.85284786417801,-1.6615309881551,170.59288589609926,161.57000045776368,152.5471150194281,36.07013609222272,40.7262791005127,UBX
2019-01-17,159.10000610351562,162.0,151.6999969482422,152.6999969482422,152.6999969482422,47610,158.13999938964844,159.84000091552736,161.48500061035156,143.73800048828124,148.08799995422362,,47.16321357801155,3.2584241097913775,5.333963113300683,-2.0755390035093058,170.8036461863531,161.48500061035156,152.16635503435003,25.767471038413035,34.78433865766454,UBX
2019-01-18,151.3000030517578,155.10000610351562,124.44999694824219,124.5,124.5,52700,151.36000061035156,156.03000030517578,159.84000091552736,143.65000061035155,147.54299995422363,,30.8366022384022,0.24081977445342773,4.315334445531232,-4.074514671077805,178.44789325846386,159.84000091552736,141.23210857259085,9.796898143163036,23.878168424599608,UBX
2019-01-22,122.5999984741211,125.9000015258789,117.0999984741211,121.5999984741211,121.5999984741211,38570,144.44000091552735,152.19000015258788,157.9450008392334,143.7240005493164,147.05699996948243,,29.698046247291423,-2.357483684351024,2.980770819554781,-5.338254503905805,182.93151707317364,157.9450008392334,132.95848460529314,4.61805617107098,13.394141784215696,UBX
2019-01-23,122.19999694824219,128.0,117.0999984741211,117.5,117.5,23110,135.11999969482423,147.67000045776368,156.0950008392334,143.68200057983398,146.47399993896485,,28.117405166125035,-4.693391016855884,1.445938452272648,-6.139329469128532,186.67967029845113,156.0950008392334,125.51033138001566,3.201413991817793,5.872122768683949,UBX
2019-01-24,118.5,121.5999984741211,113.5,117.0999984741211,117.0999984741211,20990,126.67999877929688,143.2,153.96500091552736,143.61400054931642,145.89499992370605,,27.96104668362621,-6.501940860434303,-0.14363741026874233,-6.35830345016556,188.87627774310073,153.96500091552736,119.05372408795398,5.339287998556222,4.386252720481678,UBX
2019-01-25,119.4000015258789,122.9000015258789,112.69999694824219,115.9000015258789,115.9000015258789,15930,119.31999969482422,138.72999954223633,151.1350009918213,143.54800064086913,145.20399993896484,,27.467566665546784,-7.940525926226627,-1.7030151134603193,-6.237510812766308,188.65621164597349,151.1350009918213,113.61379033766912,4.337075797952767,4.29259259610894,UBX
2019-01-28,115.80000305175781,116.0,112.80000305175781,113.9000015258789,113.9000015258789,12940,117.2,134.28000030517578,148.44500122070312,143.42600067138673,144.43699989318847,,26.624179632298166,-9.136676323343409,-3.1897473554369373,-5.946928967906471,188.46132379933755,148.44500122070312,108.42867864206868,4.792965310854626,4.823109702454551,UBX
2019-01-29,114.80000305175781,117.5,112.80000305175781,114.5,114.5,8750,115.78000030517578,130.11000061035156,145.78000106811524,143.20600067138673,143.8009998321533,,27.34491787083597,-9.92184639923613,-4.536167164196776,-5.385679235039355,187.35435099523755,145.78000106811524,104.20565114099293,3.69048345656615,4.273508188457861,UBX
2019-01-30,115.5,119.69999694824219,113.58000183105469,114.30000305175781,114.30000305175781,23120,115.14000091552734,125.13000030517578,143.36500091552733,143.0840007019043,143.1689998626709,,27.2488384239713,-10.439892837482091,-5.716912298853839,-4.722980538628252,186.33840210810962,143.36500091552733,100.39159972294506,2.7381034124464514,3.740517393289089,UBX
2019-01-31,114.0999984741211,118.41999816894531,113.0,114.4000015258789,114.4000015258789,8720,114.60000152587891,120.64000015258789,140.7550006866455,142.90200073242187,142.51099990844727,,27.3862197187892,-10.718819452559927,-6.717293729595057,-4.00152572296487,184.10573251427306,140.7550006866455,97.40426885901795,3.035722460065499,3.15476977635938,UBX
2019-02-01,114.4000015258789,116.9000015258789,114.19999694824219,115.80000305175781,115.80000305175781,8980,114.58000183105469,116.95000076293945,138.3950008392334,142.76200073242188,141.83,,29.396396984807343,-10.703518878803692,-7.514538759436784,-3.1889801193669083,181.78382354016566,138.3950008392334,95.00617813830117,3.80953380039753,3.1944532243031727,UBX
2019-02-04,115.80000305175781,115.80000305175781,109.19999694824219,115.0,115.0,9960,114.80000152587891,116.00000076293945,136.0150005340576,142.63800079345702,141.12300003051757,,28.903993654521347,-10.633371733934865,-8.1383053543364,-2.495066379598466,179.05243872973986,136.0150005340576,92.97756233837535,6.1064506445277615,4.317235634996943,UBX
2019-02-05,115.5,118.9000015258789,113.79000091552734,114.4000015258789,114.4000015258789,6800,114.78000183105469,115.28000106811524,133.73500061035156,142.51200088500977,140.44800010681152,,28.518167487269587,-10.505098245332931,-8.611663932535706,-1.8934343127972255,176.27689859794987,133.73500061035156,91.19310262275326,8.007710988448045,5.974565144457792,UBX
2019-02-06,114.80000305175781,119.0,114.80000305175781,116.0,116.0,8720,115.12000122070313,115.13000106811523,131.40000076293944,142.33600082397462,139.77000007629394,,31.15721004559776,-10.157247648118513,-8.920780675652267,-1.2364669724662463,172.42579793979635,131.40000076293944,90.37420358608253,10.45540023158428,8.189853954853374,UBX
2019-02-07,115.69999694824219,118.25,113.0,113.30000305175781,113.30000305175781,7860,114.9000015258789,114.7500015258789,128.97500076293946,142.1080009460449,138.90300010681153,,29.19820625399801,-9.98434739092292,-9.133494018706397,-0.8508533722165232,168.22144632930284,128.97500076293946,89.72855519657608,10.183589931819848,9.548900383950738,UBX
2019-02-08,113.0,116.5999984741211,113.0,114.0999984741211,114.0999984741211,7570,114.56000061035157,114.57000122070312,126.65000038146972,141.95200088500977,137.84400009155274,,30.590731551503925,-9.671285191154695,-9.241052253196056,-0.43023293795863893,163.56728533795535,126.65000038146972,89.7327154249841,15.958366658788748,12.19911894073097,UBX
2019-02-11,115.0999984741211,116.47000122070312,112.38999938964844,113.19999694824219,113.19999694824219,7690,114.2,114.50000076293945,124.39000053405762,141.76200088500977,136.67900009155272,,29.87876129807877,-9.387589456179555,-9.270359693792756,-0.11722976238679905,158.69777854644443,124.39000053405762,90.08222252167081,18.757633117670704,14.96652990275978,UBX
2019-02-12,114.69999694824219,122.9000015258789,113.0,114.69999694824219,114.69999694824219,11030,114.25999908447265,114.52000045776367,122.31500053405762,141.6740008544922,135.855,,32.690537837713,-8.938681521869356,-9.204024059408075,0.2653425375387197,153.55928307777677,122.31500053405762,91.07071799033847,29.162132650319922,21.292710808926472,UBX
2019-02-13,113.9000015258789,114.80000305175781,108.0,114.4000015258789,114.4000015258789,20310,113.93999938964843,114.53000030517578,119.83000030517579,141.5440008544922,135.2940000152588,,32.410622530416866,-8.509038968602653,-9.06502704124699,0.5559880726443378,144.62589494306982,119.83000030517579,95.03410566728175,34.79186341817341,27.570543062054696,UBX
2019-02-14,114.5,115.5,108.19999694824219,112.5,112.5,13230,113.77999877929688,114.34000015258789,117.4900001525879,141.22200073242186,134.73700004577637,,30.622220059435517,-8.227022400801673,-8.897426113157927,0.6704037123562543,134.58103714771607,117.4900001525879,100.39896315745972,37.76677905087913,33.90692503979084,UBX
2019-02-15,112.5999984741211,117.0,110.69999694824219,112.4000015258789,112.4000015258789,11140,113.43999938964843,114.0,115.47500038146973,140.73600082397462,134.26100006103516,,30.526746631225553,-7.920291094610533,-8.701999109448447,0.7817080148379141,121.22786850027742,115.47500038146973,109.72213226266203,34.228191241421776,35.595611236824794,UBX
2019-02-19,112.69999694824219,120.30000305175781,112.69999694824219,117.4000015258789,117.4000015258789,15760,114.28000030517578,114.2400001525879,115.12000045776367,140.21200073242187,133.83800010681153,145.4249997329712,40.51352463407309,-7.190854417741576,-8.399770171107074,1.2089157533654973,119.24824391804785,115.12000045776367,110.99175699747948,40.93959995009312,37.644856747464694,UBX
2019-02-20,117.30000305175781,119.0999984741211,112.19999694824219,112.80000305175781,112.80000305175781,9040,113.9000015258789,114.08000030517579,114.68000068664551,139.72200073242186,133.37200019836425,145.15649974822998,35.462805526903665,-6.904362832173092,-8.100688703320277,1.1963258711471845,117.67105361285915,114.68000068664551,111.68894776043187,41.61074764815823,38.926179613224384,UBX
2019-02-21,113.0,114.18000030517578,107.5,107.80000305175781,107.80000305175781,15560,112.58000183105469,113.26000061035157,114.1950008392334,139.07800079345702,132.6980002593994,144.85799976348878,30.946695901478805,-7.00008181405336,-7.8805673254668935,0.8804855114135339,118.18021005145809,114.1950008392334,110.20979162700871,32.41670198572135,38.32234986132425,UBX
2019-02-22,109.0999984741211,111.11000061035156,100.0999984741211,101.0,101.0,18780,110.28000183105469,112.03000030517578,113.39000091552734,138.24600067138672,132.03000022888185,144.54599979400635,26.081996552152248,-7.537752692144764,-7.812004398802467,0.2742517066577035,120.20348755118404,113.39000091552734,106.57651427987064,12.703409480002728,28.91028637129412,UBX
2019-02-25,102.0999984741211,105.44999694824219,96.69999694824219,99.30000305175781,99.30000305175781,19010,107.66000213623047,110.55000076293945,112.56000099182128,137.2960006713867,131.39400032043457,144.1954998397827,25.022975985829365,-8.008716781197009,-7.851346875281376,-0.15736990591563327,121.62165580693528,112.56000099182128,103.49834617670729,5.273043946978105,16.797718470900744,UBX
2019-02-26,99.0999984741211,102.5,95.5,97.5999984741211,97.5999984741211,22340,103.7000015258789,108.99000091552735,111.7450008392334,136.10000076293946,130.77100036621093,143.87949981689454,23.97463585048484,-8.42205121293037,-7.965487742811175,-0.4565634701191952,122.87414733719389,111.7450008392334,100.61585434127291,7.178429283407341,8.38496090346274,UBX
2019-02-27,97.80000305175781,105.0,97.80000305175781,100.9000015258789,100.9000015258789,10980,101.32000122070312,107.61000137329101,111.06500091552735,134.81200073242186,130.24500038146974,143.5869998550415,30.09685541310418,-8.386662832376885,-8.049722760724316,-0.33694007165256856,123.06554674204153,111.06500091552735,99.06445508901317,12.431982311176933,8.294485180520809,UBX
2019-02-28,100.9000015258789,108.4000015258789,99.80000305175781,100.0,100.0,12450,99.76000061035157,106.17000122070313,110.35000076293946,133.63000061035157,129.74100044250488,143.31249988555908,29.401458350511138,-8.335157381501944,-8.106809684879842,-0.22834769662210164,123.17037519387164,110.35000076293946,97.52962633200728,14.598539333007112,11.402983642530478,UBX
2019-03-01,100.4000015258789,105.0999984741211,100.0999984741211,101.30000305175781,101.30000305175781,5390,99.82000122070312,105.05000152587891,109.6950008392334,132.6340005493164,129.31400047302247,143.07949993133545,31.85084863834795,-8.096112612368515,-8.104670270377577,0.008557658009062052,122.9519194641477,109.6950008392334,96.43808221431911,19.0997611962518,15.376760946811965,UBX
2019-03-04,101.80000305175781,107.19999694824219,101.5,103.4000015258789,103.4000015258789,12740,100.64000091552734,104.1500015258789,109.07500076293945,131.6140007019043,128.96100051879884,142.84949996948242,35.72994209947156,-7.649042187193146,-8.013544653740691,0.36450246654754537,122.29163739701656,109.07500076293945,95.85836412886235,22.141123557294964,18.613141362184646,UBX
2019-03-05,103.69999694824219,104.5999984741211,101.0999984741211,102.19999694824219,102.19999694824219,10510,101.56000061035157,102.63000106811523,108.43500061035157,130.51000076293946,128.6220004272461,142.63499992370606,34.520741069069786,-7.3073316245202875,-7.872302047896611,0.5649704233763231,121.68162642353727,108.43500061035157,95.18837479716586,25.67204244152458,22.3043090650238,UBX
2019-03-06,102.5999984741211,103.05000305175781,90.5,90.80000305175781,90.80000305175781,22490,99.54000091552734,100.43000106811523,107.2550006866455,129.1360008239746,128.13800048828125,142.38999992370606,25.642408483651646,-7.865736461752334,-7.870988930667755,0.005252468915420749,122.25452990421292,107.2550006866455,92.25547146907809,18.95165190033647,22.25493929971869,UBX
2019-03-07,99.9000015258789,99.9000015258789,89.1500015258789,89.9000015258789,89.9000015258789,36120,97.52000122070312,98.64000091552734,105.95000076293945,127.8440008544922,127.76800048828125,142.17249996185302,25.093702922243583,-8.285390100260614,-7.953869164586327,-0.33152093567428675,122.17091239333456,105.95000076293945,89.72908913254435,10.143513162124657,18.255735834661923,UBX
2019-03-08,89.9000015258789,95.76000213623047,85.4000015258789,91.5,91.5,32880,95.56000061035157,97.69000091552735,104.86000061035156,126.48000091552734,127.53200050354003,141.96249996185304,28.04167000341633,-8.392122957563586,-8.041519923181779,-0.3506030343818072,121.86945593588106,104.86000061035156,87.85054528482206,6.964310325457919,12.019825129306367,UBX
2019-03-11,92.5,93.9000015258789,86.9000015258789,91.5999984741211,91.5999984741211,20380,93.2,96.92000045776368,103.73500061035156,124.86200088500976,127.19200050354004,141.76449996948242,28.231775638496266,-8.372131751445863,-8.107642288834596,-0.2644894626112677,121.12318883389165,103.73500061035156,86.34681238681148,12.76127605080019,9.956366512794274,UBX
2019-03-12,91.69999694824219,93.0,86.5,90.80000305175781,90.80000305175781,25880,90.92000122070313,96.24000091552735,102.61500091552735,123.32400100708008,126.88400054931641,141.58049999237062,27.603490581381614,-8.324877515371824,-8.151089334142041,-0.17378818122978323,120.30333304901424,102.61500091552735,84.92666878204045,18.21305319833824,12.646213191532135,UBX
2019-03-13,91.19999694824219,95.0,87.0,87.30000305175781,87.30000305175781,26150,90.22000122070312,94.88000106811523,101.24500122070313,121.71400100708007,126.49600059509277,141.37900001525878,24.98384226501087,-8.47218684590787,-8.215308836495208,-0.25687800941266303,119.2191466273858,101.24500122070313,83.27085581402046,14.850260492155984,15.274863247098159,UBX
2019-03-14,87.69999694824219,89.69999694824219,84.9000015258789,85.4000015258789,85.4000015258789,25450,89.32000122070312,93.42000122070313,99.79500122070313,120.17000091552734,126.11700057983398,141.15600002288818,23.670559914472598,-8.642618074507268,-8.30077068409762,-0.34184739040964907,117.9681104637726,99.79500122070313,81.62189197763365,9.426940775937183,14.163418155477155,UBX
2019-03-15,86.0,93.5999984741211,84.0999984741211,84.4000015258789,84.4000015258789,49370,87.9000015258789,91.73000106811523,98.39000129699707,118.52600082397461,125.7880005645752,140.92700004577637,22.985722052304077,-8.757427520566551,-8.392102051391406,-0.3653254691751453,116.7607281400596,98.39000129699707,80.01927445393454,3.5841222177015397,9.287107828598256,UBX
2019-03-18,84.80000305175781,92.0999984741211,84.80000305175781,86.80000305175781,86.80000305175781,28540,86.94000244140625,90.07000122070312,97.11000137329101,117.00200088500976,125.52600059509277,140.66100006103517,28.344031642111993,-8.556125084268615,-8.424906657966847,-0.13121842630176772,114.9576789842842,97.11000137329101,79.26232376229783,4.824456144347184,5.945173045995322,UBX
2019-03-19,87.5999984741211,92.0199966430664,87.5999984741211,88.9000015258789,88.9000015258789,16020,86.56000213623047,88.7400016784668,95.68500137329102,115.52800079345702,125.32000061035156,140.36050006866455,32.752853582258204,-8.133382555509641,-8.366601837475406,0.23321928196576458,111.22723719592744,95.68500137329102,80.14276555065459,10.699601785424553,6.369393382491111,UBX
2019-03-20,90.0999984741211,91.19999694824219,87.5,88.0999984741211,88.0999984741211,20810,86.72000122070312,88.47000122070312,94.45000114440919,114.09000076293945,125.1130005645752,140.0455000305176,31.94645417596164,-7.773303808553706,-8.247942231691066,0.4746384231373604,108.17523299710979,94.45000114440919,80.72476929170858,16.06008117041503,10.528046366728942,UBX
2019-03-21,88.5999984741211,89.02999877929688,81.37000274658203,81.80000305175781,81.80000305175781,21250,86.0000015258789,87.66000137329101,93.15000114440917,112.47200088500976,124.85500061035157,139.76200004577638,26.428197757778786,-7.905169908778987,-8.17938776710865,0.2742178583296635,106.49098947263927,93.15000114440917,79.80901281617908,12.911282481911806,13.22365514591715,UBX
2019-03-22,81.5999984741211,86.18000030517578,79.0,80.0,80.0,24310,85.12000122070313,86.51000137329102,92.10000114440918,110.83600082397462,124.51700057983399,139.46200004577636,25.094447417464632,-8.061986385633844,-8.15590749081369,0.0939211051798452,106.09399911450342,92.10000114440918,78.10600317431494,7.629000393621962,12.200121348649619,UBX
2019-03-25,80.5,82.44999694824219,76.19999694824219,76.5,76.5,17690,83.06000061035157,85.0000015258789,90.96000099182129,109.1540007019043,124.14600059509277,139.17450004577637,22.695972014927783,-8.37217608817673,-8.199161210286297,-0.17301487789043257,106.09068436843555,90.96000099182129,75.82931761520703,2.22943742291583,7.589906766149885,UBX
2019-03-26,77.30000305175781,82.19999694824219,73.9000015258789,79.5,79.5,31200,81.18000030517578,83.87000122070313,90.05500106811523,107.57600082397461,123.84400062561035,138.89700004577637,28.9632453764692,-8.280476554976119,-8.215424279224262,-0.06505227575185657,105.64698270064802,90.05500106811523,74.46301943558244,8.854011816747269,6.237483211095039,UBX
2019-03-27,79.4000015258789,82.1500015258789,78.0,81.0,81.0,12280,79.76000061035157,83.24000091552735,89.06000099182128,106.07200088500977,123.55600059509277,138.59300003051757,31.934620427860544,-7.994609666514378,-8.171261356682285,0.1766516901679065,104.2923872955124,89.06000099182128,73.82761468813017,18.378397261983235,9.820615500548797,UBX
2019-03-28,81.0999984741211,81.5999984741211,79.5,81.30000305175781,81.30000305175781,10600,79.66000061035156,82.83000106811524,88.12500114440918,104.41600082397461,123.25500061035156,138.24850006103514,32.54236982602664,-7.655601351864078,-8.068129355718643,0.4125280038545647,102.84354358557485,88.12500114440918,73.40645870324352,29.696320684500762,18.97624325441044,UBX
2019-03-29,81.69999694824219,83.5,80.4000015258789,81.0999984741211,81.0999984741211,12390,79.88000030517578,82.50000076293945,87.11500091552735,102.85200073242187,122.93900062561035,137.91250003814696,32.33508324108484,-7.31870800781148,-7.91824508613721,0.5995370783257297,100.81569751076705,87.11500091552735,73.41430432028764,33.891239045662054,27.321985664048707,UBX
2019-04-01,81.19999694824219,83.19999694824219,78.3499984741211,80.4000015258789,80.4000015258789,12030,80.66000061035156,81.86000061035156,85.96500091552734,101.40600082397461,122.57200065612793,137.5765000152588,31.576971215418148,-7.027196363666377,-7.740035341643043,0.7128389779766664,97.72922981416664,85.96500091552734,74.20077201688804,33.33333333333327,32.30696435449872,UBX
2019-04-02,80.69999694824219,83.5,80.0,81.9000015258789,81.9000015258789,7200,81.14000091552734,81.16000061035156,84.95000114440919,100.55400085449219,122.10200073242187,137.2360000228882,35.08899563726223,-6.59906392037702,-7.511841057389839,0.912777137012819,94.16227601054351,84.95000114440919,75.73772627827486,35.17934784379863,34.134640074264674,UBX
2019-04-03,82.19999694824219,93.0999984741211,82.19999694824219,84.80000305175781,84.80000305175781,27180,81.9000015258789,80.83000106811524,84.65000114440917,99.81800094604492,121.77100074768066,136.93400005340575,41.35613651843607,-5.95709035823829,-7.200890917559529,1.2438005593212393,93.46283290449539,84.65000114440917,75.83716938432296,42.24826611120796,36.92031576277998,UBX
2019-04-04,87.4000015258789,91.1500015258789,85.22000122070312,89.4000015258789,89.4000015258789,11170,83.52000122070312,81.59000091552734,84.62500114440918,99.2560009765625,121.46900077819824,136.63100006103517,49.65882299330042,-5.019281103832327,-6.764568954814089,1.7452878509817618,93.3807708738666,84.62500114440918,75.86923141495177,58.889429466765286,45.43901447392398,UBX
2019-04-05,88.9000015258789,91.80000305175781,84.7699966430664,90.30000305175781,90.30000305175781,19800,85.36000213623046,82.62000122070313,84.56500129699707,98.72000106811524,121.16700080871583,136.33500007629394,51.117045355873,-4.155535485309301,-6.242762260913131,2.0872267756038303,93.14620815298986,84.56500129699707,75.98379444100428,73.82527774806732,58.32099110868021,UBX
2019-04-08,90.69999694824219,90.69999694824219,84.0999984741211,84.80000305175781,84.80000305175781,9540,86.24000244140625,83.4500015258789,84.22500152587891,98.0980010986328,120.82300086975097,136.00650009155274,42.93256118142356,-3.8702016191125352,-5.768250132553012,1.898048513440477,92.18034688836374,84.22500152587891,76.26965616339407,74.30557266429884,69.00675995971051,UBX
2019-04-09,84.5,90.5,79.0,79.80000305175781,79.80000305175781,13670,85.82000274658203,83.4800018310547,83.67500152587891,97.41600112915039,120.42100090026855,135.6660001373291,37.11469804803513,-4.00140498184598,-5.414881102411606,1.413476120565626,91.24781560801104,83.67500152587891,76.10218744374679,57.63890599763216,68.5899188033328,UBX
2019-04-10,79.5,82.0,78.30000305175781,80.5999984741211,80.5999984741211,22900,84.9800018310547,83.4400016784668,83.34000129699707,96.73800109863281,119.97200088500976,135.31600009918213,38.549539857156766,-3.9947822838349794,-5.13086133869628,1.136079054861301,90.83410658383936,83.34000129699707,75.84589601015479,40.79861759587666,57.58103208593591,UBX
2019-04-11,80.9000015258789,83.5999984741211,80.0,81.30000305175781,81.30000305175781,6470,83.36000213623046,83.4400016784668,83.13500137329102,96.07800109863281,119.58100090026855,135.0055001449585,39.842959336935294,-3.888228154882867,-4.882334701933598,0.9941065470507304,90.61678675880694,83.13500137329102,75.6532159877751,34.722227741171615,44.38658377822684,UBX
2019-04-12,82.19999694824219,83.9000015258789,78.5,80.4000015258789,80.4000015258789,7880,81.38000183105468,83.37000198364258,82.93500137329102,95.39800109863282,119.15000091552734,134.66800018310548,38.71467912526189,-3.8322302763736076,-4.6723138168216,0.840083540447992,90.48437964641909,82.93500137329102,75.38562310016295,35.76389192431102,37.094912420453134,UBX
2019-04-15,80.0,82.30000305175781,75.0,75.9000015258789,75.9000015258789,17930,79.60000152587891,82.92000198364258,82.39000129699707,94.60000106811523,118.68100090026856,134.31850017547606,33.592429401814385,-4.103659513708237,-4.5585829561989275,0.4549234424906903,90.30932001478106,82.39000129699707,74.47068257921308,25.78941244256445,32.09184403601573,UBX
2019-04-16,76.5999984741211,83.9000015258789,76.5999984741211,80.19999694824219,80.19999694824219,11080,79.68000030517578,82.7500015258789,81.95500106811524,93.90400100708008,118.27100090026856,133.97500019073487,41.55047192453351,-3.926532819651314,-4.432172928889405,0.5056401092380911,89.3334772909433,81.95500106811524,74.57652484528717,22.5186079723586,28.023970779744726,UBX
2019-04-17,80.19999694824219,80.19999694824219,75.9000015258789,78.5,78.5,8440,79.26000061035157,82.12000122070313,81.47500114440918,93.1860009765625,117.84900093078613,133.6145001602173,39.53341645277323,-3.8786238236585007,-4.321463107843224,0.44283928418472307,88.42881445193926,81.47500114440918,74.5211878368791,17.679556691393973,21.995859035439043,UBX
2019-04-18,78.4000015258789,81.0,75.0,80.0999984741211,80.0999984741211,13100,79.01999969482422,81.19000091552735,81.39000091552734,92.46800094604492,117.40200088500977,133.27300018310547,42.36907280349938,-3.669252238279441,-4.191020933930467,0.5217686956510263,88.36736578924913,81.39000091552734,74.41263604180554,25.414358353112775,21.870841005621816,UBX
2019-04-22,80.30000305175781,83.4000015258789,80.0,82.19999694824219,82.19999694824219,19730,79.37999877929687,80.38000030517578,81.50000076293945,91.8460008239746,116.97700088500977,132.9410001373291,45.951720743840646,-3.2958785852659105,-4.011992464197556,0.7161138789316457,88.45557542797557,81.50000076293945,74.54442609790333,29.097599915922018,24.06383832014296,UBX
2019-04-23,82.5,84.69999694824219,77.4000015258789,79.9000015258789,79.9000015258789,13220,80.17999877929688,79.89000015258789,81.6700008392334,91.16200088500976,116.55700088500977,132.58150012969972,42.81256777956231,-3.149264918332534,-3.8394469550245516,0.6901820366920175,88.2863757381471,81.6700008392334,75.05362594031969,31.67587181997879,28.7292766963379,UBX
2019-04-24,80.0,81.69999694824219,77.30000305175781,78.0999984741211,78.0999984741211,10940,79.75999908447265,79.71999969482422,81.60000076293946,90.46000091552735,116.11100090026855,132.21200012207032,40.481787507419455,-3.1420975889000857,-3.6999770817996582,0.5578794928995725,88.33528245037968,81.60000076293946,74.86471907549924,28.434398150856907,29.73595662891928,UBX
2019-04-25,77.9000015258789,79.5999984741211,76.0,79.19999694824219,79.19999694824219,12540,79.89999847412109,79.57999954223632,81.51000061035157,89.75000091552734,115.71200088500977,131.8310001373291,42.54049873902744,-3.012925613900336,-3.562566788219794,0.5496411743194578,88.32260824460678,81.51000061035157,74.69739297609635,23.50805990941517,27.872776626750326,UBX
2019-04-26,79.69999694824219,85.3499984741211,78.55000305175781,84.4000015258789,84.4000015258789,14220,80.75999908447265,79.88999938964844,81.66500053405761,89.15000091552734,115.34700088500976,131.4690001296997,51.14373995091185,-2.4625719849705234,-3.3425678275699395,0.8799958425994161,88.59155264433241,81.66500053405761,74.73844842378281,34.441659544426635,28.79470586823294,UBX
2019-04-29,85.4000015258789,85.4000015258789,78.80000305175781,81.19999694824219,81.19999694824219,16710,80.55999908447265,79.96999893188476,81.67000045776368,88.52400085449219,114.87300079345704,131.10000011444092,46.526986048730464,-2.258590766390043,-3.12577241533396,0.8671816489439172,88.59505817166131,81.67000045776368,74.74494274386605,41.62419680888856,33.19130542091016,UBX
2019-04-30,81.19999694824219,83.5,79.9000015258789,82.30000305175781,82.30000305175781,14270,81.03999938964844,80.60999908447266,81.76500053405762,87.92200088500977,114.3290008544922,130.7320001602173,48.25613453758957,-1.9852877205962187,-2.8976754763864117,0.9123877557901929,88.6698629859189,81.76500053405762,74.86013808219634,56.6883132902563,44.25138988119054,UBX
2019-05-01,82.5,84.86000061035156,80.0999984741211,81.0999984741211,81.0999984741211,8940,81.63999938964844,80.69999923706055,81.72500038146973,87.19600082397461,113.70400077819824,130.38000015258788,46.489976962680494,-1.8442639020723988,-2.686993161523609,0.8427292594512101,88.6355376923219,81.72500038146973,74.81446307061755,56.282043308370554,51.531517802505185,UBX
2019-05-02,80.80000305175781,83.9000015258789,80.0,82.30000305175781,82.30000305175781,12350,82.26000061035157,81.07999954223632,81.60000038146973,86.58600082397462,113.15400077819824,130.03550018310546,48.51909707893958,-1.6170310420263547,-2.473000737624158,0.8559696955978033,88.3725939211997,81.60000038146973,74.82740684173976,66.34615878381591,59.77217179414763,UBX
2019-05-03,82.5999984741211,86.19999694824219,81.5,85.30000305175781,85.30000305175781,9220,82.44000091552735,81.6,81.39500045776367,86.13600082397461,112.60700080871582,129.70650016784668,53.288056138145045,-1.1812556554714462,-2.214651721193616,1.0333960657221697,87.41745209816602,81.39500045776367,75.37254881736132,73.60349587809618,65.41056599009426,UBX
2019-05-06,85.19999694824219,93.5,85.0,92.9000015258789,92.9000015258789,28510,84.78000183105469,82.67000045776368,81.52500038146972,85.97400085449219,112.11000076293945,129.4205001449585,62.71184015705007,-0.2201069056142586,-1.8157427580777443,1.5956358524634857,88.36718713103981,81.52500038146972,74.68281363189963,86.30447658758112,75.41804374983111,UBX
2019-05-07,93.80000305175781,94.9000015258789,84.25,85.0,85.0,29210,85.32000122070312,83.18000030517578,81.53500022888184,85.68800079345704,111.49200073242187,129.08950016021728,51.15837023984593,-0.09476134690036986,-1.4715464758422694,1.3767851289418995,88.3968597071774,81.53500022888184,74.67314075058628,79.65745181781413,79.85514142783052,UBX
2019-05-08,85.80000305175781,89.8499984741211,82.9000015258789,87.19999694824219,87.19999694824219,10060,86.54000091552734,84.09000015258789,81.90499992370606,85.48000076293945,110.79000076293946,128.78950016021727,53.71564111447492,0.1800220963608865,-1.1412327614016382,1.3212548577625247,89.14060017028831,81.90499992370606,74.6693996771238,69.43817668668531,78.46670169736024,UBX
2019-05-09,87.0,90.4000015258789,83.0,88.69999694824219,88.69999694824219,16030,87.81999969482422,85.0400001525879,82.30999984741212,85.23600067138672,110.0240007019043,128.48600017547608,55.4291690159118,0.5129148556526246,-0.8104032379907856,1.3233180936434104,90.09406063414421,82.30999984741212,74.52593906068002,59.58450355973394,69.56004402141117,UBX
2019-05-10,89.30000305175781,102.4000015258789,88.58999633789062,102.0999984741211,102.0999984741211,23060,91.17999877929688,86.80999984741212,83.34999961853028,85.27800064086914,109.45400062561035,128.24900016784667,67.1347334339154,1.8368290781803438,-0.28095677475655967,2.1177858529369034,94.9426694861415,83.34999961853028,71.75732975091906,75.7886277068517,68.27043598442368,UBX
2019-05-13,102.69999694824219,104.13999938964844,89.69999694824219,93.5,93.5,63210,91.2999984741211,88.0400001525879,84.00499954223633,85.12200057983398,108.87800056457519,127.98050018310546,56.82074255908891,2.167111521505163,0.20865688449578484,1.958454637009378,96.31507260695184,84.00499954223633,71.69492647752082,76.08280885625413,70.48531337427995,UBX
2019-05-14,95.4000015258789,95.9000015258789,88.0,89.5,89.5,50990,92.19999847412109,88.7599998474121,84.68499946594238,84.8440005493164,108.22900062561035,127.67700019836425,52.760650196158224,2.0820950708735495,0.5833445217713378,1.4987505491022117,96.62606753838924,84.68499946594238,72.74393139349553,69.67569854382587,73.84904503564394,UBX
2019-05-15,89.5999984741211,99.80000305175781,89.5999984741211,93.0,93.0,34950,93.35999908447266,89.95,85.32499961853027,84.66000061035156,107.58500068664551,127.42500022888184,55.74071776645757,2.270961440653636,0.9208679055477975,1.3500935351058385,97.60325288147776,85.32499961853027,73.04674635558278,55.543612327857396,67.10070657597917,UBX
2019-05-16,94.30000305175781,98.19999694824219,89.0,90.5,90.5,18630,93.71999969482422,90.76999969482422,85.92499961853028,84.65400054931641,106.8950006866455,127.14300025939941,53.16100116242014,2.1936235658015306,1.175419037598544,1.0182045282029866,97.98134670295565,85.92499961853028,73.86865253410491,50.20461184068048,58.474640904121294,UBX
2019-05-17,90.0,96.0,88.0999984741211,89.30000305175781,89.30000305175781,21380,91.16000061035156,91.16999969482421,86.3849998474121,84.64200057983399,106.24300071716308,126.83800025939941,51.91892018701309,2.012306402273566,1.3427965105335484,0.6695098917400177,98.21720615672902,86.3849998474121,74.55279353809519,47.1394361452055,50.9625534379145,UBX
2019-05-20,89.69999694824219,92.19999694824219,86.69999694824219,87.0,87.0,15890,89.86000061035156,90.57999954223632,86.625,84.55200057983399,105.51600074768066,126.51050025939941,49.530228783086564,1.6638405019074582,1.4070053088083303,0.25683519309912795,98.301621987441,86.625,74.948378012559,37.98281914860632,45.10895571149748,UBX
2019-05-21,87.0,89.0999984741211,85.3499984741211,86.5999984741211,86.5999984741211,10070,89.28000030517578,90.73999938964843,86.9599998474121,84.45200057983398,104.65700073242188,126.17550022125243,49.10707678403931,1.3399558086512684,1.393595408776918,-0.05363960012564961,98.22275286638592,86.9599998474121,75.6972468284383,31.705636957561666,38.94263075045787,UBX
2019-05-22,86.0,88.9000015258789,84.4000015258789,87.0999984741211,87.0999984741211,15290,88.1,90.72999954223633,87.40999984741211,84.37800048828124,103.85100074768066,125.84700019836426,49.68571934014418,1.110815883067076,1.3370395036349496,-0.2262236205678736,97.91445607429758,87.40999984741211,76.90554362052664,27.024333177245236,32.23759642780445,UBX
2019-05-23,85.5,85.9000015258789,79.69999694824219,80.4000015258789,80.4000015258789,37120,86.08000030517579,89.9,87.47000007629394,84.24000045776367,102.97700073242187,125.46900020599365,42.682577878818954,0.38415873885425356,1.1464633506788104,-0.7623046118245569,97.79842620447992,87.47000007629394,77.14157394810796,18.313219954424714,25.681063363077246,UBX
2019-05-24,81.30000305175781,85.80000305175781,80.8499984741211,84.69999694824219,84.69999694824219,13430,85.15999908447266,88.15999984741211,87.48499984741211,84.22600036621094,102.19800064086914,125.10750019073487,47.77065802132425,0.15348216396030523,0.9478671133351094,-0.7943849493748042,97.79640574374015,87.48499984741211,77.17359395108407,16.019138306054085,20.45223047924139,UBX
2019-05-28,85.5,91.69999694824219,85.5,89.9000015258789,89.9000015258789,14980,85.73999938964843,87.8,87.92000007629395,84.33600036621094,101.43100059509277,124.77000022888184,53.18306770850503,0.38581874920861026,0.8354574405098096,-0.4496386913011994,97.86154850172586,87.92000007629395,77.97845165086203,21.68577136792148,18.672709876133467,UBX
2019-05-29,91.69999694824219,91.69999694824219,81.9000015258789,84.5,84.5,23450,85.31999969482422,87.3,88.02999992370606,84.29000030517578,100.64600059509277,124.40450019836426,47.65971942045575,0.1326826900115634,0.6949024904101604,-0.562219800398597,97.76696002543662,88.02999992370606,78.2930398219755,27.27769453289203,21.660868068955907,UBX
2019-05-30,85.30000305175781,87.5,80.9000015258789,82.4000015258789,82.4000015258789,14300,84.38000030517578,86.2400001525879,88.09500007629394,84.16000030517579,99.8440005493164,124.02900020599365,45.67316734125822,-0.23467658154007154,0.508986676020114,-0.7436632575601856,97.66191621039965,88.09500007629394,78.52808394218823,24.14076710162109,24.368077667478243,UBX
2019-05-31,81.4000015258789,82.5,80.5999984741211,81.5999984741211,81.5999984741211,10190,84.61999969482422,85.35,88.05999984741212,84.03000030517578,99.06000053405762,123.63550018310546,44.90527005273041,-0.5836372049012084,0.2904618998358496,-0.874099104737058,97.71616861729615,88.05999984741212,78.40383107752808,12.820524026555013,21.412995220356084,UBX
2019-06-03,81.0999984741211,82.4000015258789,79.4800033569336,80.0,80.0,21950,83.68000030517578,84.41999969482421,87.79499969482421,83.99400024414062,98.23300056457519,123.25800018310547,43.33597995672232,-0.9780234723658765,0.03676482539550435,-1.014788297761381,98.0140944705204,87.79499969482421,77.57590491912802,7.126888552496737,14.696059893557655,UBX
2019-06-04,80.80000305175781,83.5999984741211,80.0,83.0999984741211,83.0999984741211,10880,82.31999969482422,84.02999954223633,87.30499954223633,84.05600021362305,97.44600051879883,122.88850017547607,47.18697996047412,-1.0285766700522743,-0.1763034736940514,-0.8522731963582229,97.43741761444278,87.30499954223633,77.17258147002988,9.382707241242551,9.77670660676481,UBX
2019-06-05,84.5999984741211,84.5999984741211,78.9000015258789,80.0,80.0,16130,81.41999969482421,83.36999969482422,87.05499954223633,84.12600021362304,96.64000045776368,122.50150020599365,43.96890283227677,-1.3037555303341577,-0.4017938850220727,-0.901961645312085,97.63922814305776,87.05499954223633,76.4707709414149,8.691150271694251,8.40024868847789,UBX
2019-06-06,79.80000305175781,84.0999984741211,78.5999984741211,82.80000305175781,82.80000305175781,12380,81.5,82.94000015258788,86.8349998474121,84.1920002746582,95.88400054931641,122.12350025177003,47.45460769892875,-1.281131823801303,-0.5776614727779188,-0.7034703510233842,97.57972365906991,86.8349998474121,76.0902760357543,15.884122468287813,11.319326660408246,UBX
2019-06-07,82.9000015258789,83.69999694824219,81.0999984741211,82.69999694824219,82.69999694824219,11140,81.71999969482422,83.16999969482421,86.53499984741211,84.22600021362305,95.14900054931641,121.7225002670288,47.3413273438532,-1.2567845996038471,-0.7134860981431045,-0.5432985014607427,97.38917400977073,86.53499984741211,75.68082568505349,19.99482717440578,14.856699971462655,UBX
2019-06-10,83.0,84.69999694824219,81.80999755859375,82.9000015258789,82.9000015258789,12800,82.3,82.9900001525879,85.575,84.25800018310547,94.33700050354004,121.31400024414063,47.61067742434225,-1.207432026308851,-0.8122752837762538,-0.39515674253259714,93.84031935428423,85.575,77.30968064571577,29.036486937455834,21.638478860049847,UBX
2019-06-11,83.4000015258789,84.5999984741211,78.9000015258789,80.69999694824219,80.69999694824219,12880,81.81999969482422,82.06999969482422,84.93499984741212,84.25000015258789,93.55100044250489,120.89650024414063,44.890660954265684,-1.3305045118144676,-0.9159211293838966,-0.414583382430571,92.60762059901856,84.93499984741212,77.26237909580567,26.334010052275,25.121774721378912,UBX
2019-06-12,80.30000305175781,84.5999984741211,79.7300033569336,84.0,84.0,15790,82.61999969482422,82.01999969482422,84.65999984741211,84.3220001220703,92.86400047302246,120.47600021362305,49.54685289331073,-1.1485182725482872,-0.9624405580167747,-0.18607771453151245,92.04739511653737,84.65999984741211,77.27260457828685,30.025456555252152,28.4653178483277,UBX
2019-06-13,84.9000015258789,88.19999694824219,82.0,87.4000015258789,87.4000015258789,17840,83.53999938964844,82.51999969482422,84.37999992370605,84.4320001220703,92.49300048828125,120.01800022125244,53.871261327332235,-0.7216227408872982,-0.9142769945908794,0.19265425370358125,90.84918923642246,84.37999992370605,77.91081061098964,41.475839568374134,32.611768725300465,UBX
2019-06-14,87.4000015258789,88.19999694824219,83.0999984741211,87.30000305175781,87.30000305175781,9560,84.46000061035156,83.09000015258789,84.22000007629394,84.48200012207032,92.15000053405761,119.60350025177001,53.72540774205486,-0.38691389503279083,-0.8088043746792617,0.42189047964647086,90.21686709381858,84.22000007629394,78.2231330587693,58.26975018486229,43.257015436162895,UBX
2019-06-17,87.30000305175781,92.0999984741211,86.05000305175781,91.69999694824219,91.69999694824219,18120,86.21999969482422,84.2599998474121,84.33999977111816,84.52800003051757,91.89200050354003,119.18300022125244,58.98708265404488,0.2307283194734282,-0.6008978358487237,0.8316261553221519,90.81561548806499,84.33999977111816,77.86438405417132,76.87496193121537,58.87351722815063,UBX
2019-06-18,80.0,89.5,73.0,85.0999984741211,85.0999984741211,156560,87.1,84.4599998474121,84.24499969482422,84.42399993896484,91.57200050354004,118.73350021362305,49.83371120087136,0.18551105006011426,-0.4436160586669561,0.6291271087270703,90.61664769340086,84.24499969482422,77.87335169624757,75.60002152219333,70.24824454609036,UBX
2019-06-19,83.80000305175781,91.0,82.8499984741211,90.0,90.0,59160,88.3,85.4599998474121,84.41499977111816,84.52799987792969,91.31300048828125,118.25850021362305,55.37078691384381,0.5388536410450229,-0.24712211872456027,0.7859757597695831,91.19711595756215,84.41499977111816,77.63288358467418,83.13101695310205,78.53533346883695,UBX
2019-06-20,90.30000305175781,90.5,85.0,90.0,90.0,44010,88.81999969482422,86.17999954223633,84.55999984741212,84.73199981689453,91.07400047302247,117.75550018310547,55.37078691384381,0.8095482221181669,-0.03578805055601483,0.8453362726741818,91.68106730827886,84.55999984741212,77.43893238654537,80.45375594590176,79.72826480706577,UBX
2019-06-21,89.5,95.0,88.80000305175781,92.69999694824219,92.69999694824219,44640,89.89999847412109,87.17999954223633,85.17499961853028,84.97399978637695,90.85600044250488,117.3285001373291,58.31130094122061,1.2277896222817617,0.21692748401154047,1.0108621382702212,92.85533139922744,85.17499961853028,77.49466783783312,89.18530869969557,84.25669386623316,UBX
2019-06-24,93.5,93.5,87.0,88.0999984741211,88.0999984741211,29980,89.17999877929688,87.69999923706055,85.34499969482422,85.10999969482423,90.59400039672852,116.8815001296997,52.02241609848317,1.1745282812004945,0.40844764344933127,0.7660806377511632,93.12560984516013,85.34499969482422,77.56438954448832,82.39568002900256,84.0115815582,UBX
2019-06-25,88.5,89.30000305175781,84.5999984741211,86.9000015258789,86.9000015258789,19120,89.53999938964844,88.31999969482422,85.19499969482422,85.23999969482422,90.31900039672851,116.4150001525879,50.49254339352566,1.0236881203089467,0.5314957388212543,0.4921923814876924,92.7303757381448,85.19499969482422,77.65962365150364,73.78787416400321,81.7896209642338,UBX
2019-06-26,86.0,89.41999816894531,84.0,85.5999984741211,85.5999984741211,41030,88.65999908447266,88.47999954223633,85.24999961853027,85.43399963378906,90.01700035095215,115.92350017547608,48.81763735501011,0.7901385984410467,0.5832243107452129,0.20691428769583387,92.78033772746706,85.24999961853027,77.71966150959348,63.0303007183652,73.07128497045703,UBX
2019-06-27,85.9000015258789,88.5,82.16999816894531,83.5999984741211,83.5999984741211,17290,87.37999877929687,88.09999923706054,85.30999946594238,85.50199966430664,89.70300033569336,115.41300018310547,46.27446988184653,0.4386096157987822,0.5543013717559268,-0.11569175595714454,92.76731768617634,85.30999946594238,77.85268124570842,56.212118900183384,64.34343126085064,UBX
2019-06-28,83.5999984741211,95.0,83.0,95.0,95.0,129290,87.83999938964844,88.86999893188477,85.97999954223633,85.83199966430664,89.50900032043457,114.97850021362305,59.29220384338756,1.0675986016528896,0.6569608177353193,0.4106377839175702,94.33717581338452,85.97999954223633,77.62282327108814,68.48484386097293,62.57575449317387,UBX
2019-07-01,95.69999694824219,102.0,94.80000305175781,96.30000305175781,96.30000305175781,34540,89.48000030517578,89.32999954223632,86.79499969482421,86.15599975585937,89.31200035095215,114.54100021362305,60.46851431855648,1.6519338214605312,0.8559554184803617,0.7959784029801695,95.81353116144614,86.79499969482421,77.77646822820229,76.17554978517147,66.95750418210929,UBX
2019-07-02,95.9000015258789,95.9800033569336,89.0999984741211,90.0999984741211,90.0999984741211,58470,90.11999969482422,89.82999954223632,87.14499969482422,86.31399978637695,89.08000030517579,113.99150020599365,52.65390484824526,1.5963335992025094,1.0040310546247913,0.5923025445777181,96.1059096037829,87.14499969482422,78.18408978586554,79.77011669641246,74.81017011418565,UBX
2019-07-03,90.19999694824219,91.80000305175781,85.30000305175781,85.5999984741211,85.5999984741211,13620,90.11999969482422,89.38999938964844,87.42499961853028,86.42799972534179,88.79500030517578,113.31950019836425,47.82308586483321,1.1756059766447606,1.038346039028785,0.13725993761597555,95.8066168964761,87.42499961853028,79.04338234058446,60.91954022988498,72.28840223715632,UBX
2019-07-05,85.9000015258789,86.25,81.0,84.5,84.5,21970,90.3,88.83999938964844,87.50999946594239,86.55599975585938,88.50800033569335,112.59350021362305,46.695297578039025,0.744829687797619,0.9796427687825519,-0.2348130809849328,95.73530275535776,87.50999946594239,79.284696176527,47.356318331312785,62.68199175253677,UBX
2019-07-08,84.0999984741211,84.5,80.0,82.19999694824219,82.19999694824219,24620,87.73999938964843,87.78999938964844,87.48499946594238,86.61599975585938,88.18300033569336,112.01900016784668,44.34071622548911,0.2153627828592306,0.8267867715978876,-0.611423988738657,95.771441085022,87.48499946594238,79.19855784686276,38.275856807314035,48.85057178950396,UBX
2019-07-09,82.30000305175781,86.70999908447266,78.5999984741211,86.19999694824219,86.19999694824219,26600,85.71999816894531,87.59999923706054,87.64999923706054,86.65199966430664,87.901000289917,111.59750015258788,49.14360356020758,0.11717232704870639,0.6848638826880513,-0.5676915556393449,95.69251253083651,87.64999923706054,79.60748594328457,34.61930788714155,40.08382767525615,UBX
2019-07-10,86.5999984741211,88.4000015258789,85.0999984741211,87.4000015258789,87.4000015258789,14330,85.17999877929688,87.64999923706054,87.98499946594238,86.77599975585937,87.65000030517578,111.19350017547607,50.522958712633645,0.13463404647247046,0.5748179154449351,-0.44018386897246464,95.37317331848269,87.98499946594238,80.59682561340207,33.93653314796101,35.610565947472224,UBX
2019-07-11,86.80000305175781,88.47000122070312,83.0999984741211,85.0,85.0,17350,85.05999908447265,87.58999938964844,88.03499946594238,86.82999969482422,87.37600028991699,110.81850017547607,47.73442735265391,-0.044672523524582175,0.45091982765103167,-0.49559235117561384,95.32753764472373,88.03499946594238,80.74246128716102,32.478634707982685,33.67815858102844,UBX
2019-07-12,84.9000015258789,86.80000305175781,83.5999984741211,85.69999694824219,85.69999694824219,12230,85.2999984741211,87.79999923706055,87.94999923706055,86.92199966430664,87.05900024414062,110.44850017547607,48.625077711904524,-0.12880557795281788,0.33497474653026177,-0.46378032448307965,95.30948398859658,87.94999923706055,80.59051448552452,31.76638404217677,32.72718396604018,UBX
2019-07-15,85.5,87.0,80.5,83.0,83.0,25300,85.45999908447266,86.59999923706054,87.73499908447266,86.93599960327148,86.76100021362305,110.06650020599365,45.41066797738981,-0.4086382907925099,0.18625213906570745,-0.5948904298582174,95.40266594127085,87.73499908447266,80.06733222767447,25.49857600946819,29.91453158654257,UBX
2019-07-16,82.5999984741211,83.80000305175781,80.0999984741211,80.69999694824219,80.69999694824219,19800,84.35999908447266,85.03999862670898,87.18499908447265,86.84399948120117,86.4900001525879,109.59400020599365,42.81422473800791,-0.8066996250288838,-0.012338213753210814,-0.794361411275673,95.20604168666969,87.18499908447265,79.16395648227561,19.37321593630426,25.54605866264976,UBX
2019-07-17,80.5,81.94999694824219,77.0999984741211,77.5,77.5,20630,82.37999877929687,83.77999877929688,86.8049991607666,86.53599945068359,86.2550001525879,109.14250019073486,39.43577717963045,-1.364648294446738,-0.2828002298919162,-1.0818480645548219,95.84103372258659,86.8049991607666,77.76896459894661,9.794735899608938,18.222175948460485,UBX
2019-07-18,77.5,79.5999984741211,75.19999694824219,78.0999984741211,78.0999984741211,34110,80.9999984741211,83.02999877929688,86.20999908447266,86.39799942016602,86.04300010681152,108.71850021362305,40.38564938603469,-1.738372891702383,-0.5739147622540096,-1.1644581294483736,95.87165637282669,86.20999908447266,76.54834179611862,7.133894528158123,12.10061545469046,UBX
2019-07-19,78.5,79.80999755859375,74.0999984741211,75.0999984741211,75.0999984741211,42550,78.87999877929687,82.08999862670899,85.46499900817871,86.1559994506836,85.81800010681152,108.29450023651123,37.24063990723348,-2.2506827853733,-0.9092683668778677,-1.3414144184954324,96.0923750920179,85.46499900817871,74.83762292433951,5.337186970275124,7.421939132680748,UBX
2019-07-22,75.69999694824219,77.5999984741211,72.0999984741211,75.9000015258789,75.9000015258789,56410,77.45999908447266,81.45999908447266,84.62499923706055,85.89999954223633,85.56800010681152,107.90650024414063,38.613489339187005,-2.562598466765863,-1.2399343868554666,-1.3226640799103961,95.4853638853666,84.62499923706055,73.7646345887545,10.106012175557263,7.525697891330189,UBX
2019-07-23,76.19999694824219,76.80000305175781,74.4000015258789,76.30000305175781,76.30000305175781,16960,76.58000030517579,80.46999969482422,84.03499946594238,85.38399963378906,85.3310001373291,107.536000289917,39.328127962958625,-2.7458644946612623,-1.5411204084166257,-1.2047440862446366,95.34875700851192,84.03499946594238,72.72124192337283,13.60565059330631,9.68294991304625,UBX
2019-07-24,76.0,77.05999755859375,72.5,74.4000015258789,74.4000015258789,34880,75.96000061035156,79.16999969482421,83.40999946594238,85.00199966430664,85.06200012207032,107.18800029754638,37.117722994050986,-3.0097241596675275,-1.834841158666806,-1.1748830010007214,95.38345341341997,83.40999946594238,71.43654551846478,17.094276833776476,13.601979867546703,UBX
2019-07-25,74.0999984741211,74.31999969482422,68.80000305175781,70.9000015258789,70.9000015258789,25320,74.52000122070312,77.7599998474121,82.67499961853028,84.62999969482422,84.73700012207031,106.84900032043457,33.394320673236116,-3.461355245815838,-2.1601439760966126,-1.3012112697192255,95.7724608568959,82.67499961853028,69.57753838016465,15.348690991051301,15.349539472711383,UBX
2019-07-26,71.0,71.1500015258789,67.69999694824219,68.80000305175781,68.80000305175781,24420,73.26000213623047,76.07000045776367,81.93499984741212,84.14599975585938,84.40300018310546,106.51250030517578,31.361535101283945,-3.943272866849753,-2.5167697542472407,-1.4265031126025125,96.34628270545399,81.93499984741212,67.52371698937024,10.007462059116554,14.150143294648132,UBX
2019-07-29,68.9000015258789,69.27999877929688,64.19999694824219,66.69999694824219,66.69999694824219,17850,71.42000122070313,74.44000015258788,80.51999969482422,83.66999969482421,84.16200012207031,106.15000030517578,29.432115456727693,-4.443427924443398,-2.9021013882864723,-1.5413265361569257,95.0787904673203,80.51999969482422,65.96120892232814,8.757686435814582,11.371279828660834,UBX
2019-07-30,66.0,73.33999633789062,66.0,71.9000015258789,71.9000015258789,56530,70.54000091552734,73.56000061035157,79.29999961853028,83.32199966430665,83.98200012207032,105.87500030517577,39.37768685157169,-4.369834764804224,-3.195648063590023,-1.1741867012142015,92.37914181174173,79.29999961853028,66.22085742531883,15.774444656948072,11.51319771729309,UBX
2019-07-31,72.0999984741211,74.37000274658203,70.19999694824219,70.5999984741211,70.5999984741211,31060,69.78000030517578,72.87000045776367,78.32499961853027,82.99399963378906,83.77300010681152,105.65250030517578,37.938145745457085,-4.366081566767846,-3.4297347642255875,-0.9363468025422588,90.93735346056307,78.32499961853027,65.71264577649747,23.365794634503263,15.965975242421996,UBX
2019-08-01,70.5,74.19999694824219,68.69999694824219,70.69999694824219,70.69999694824219,29080,69.73999938964843,72.13000030517578,77.57999954223632,82.67599960327148,83.56400009155273,105.3780002975464,38.12552395669513,-4.3054080254502765,-3.6048694164705255,-0.700538608979751,90.14560260999804,77.57999954223632,65.01439647447461,29.43512365710099,22.858454316184133,UBX
2019-08-02,70.4000015258789,71.51000213623047,67.0,68.0,68.0,25390,69.57999877929687,71.42000045776368,76.75499954223633,82.29399963378906,83.33600006103515,105.11000030517579,35.048581522740065,-4.424191668147273,-3.768733866805875,-0.6554578013413979,89.5592909101838,76.75499954223633,63.95070817428886,25.322237040881408,26.041051777495245,UBX
2019-08-05,67.69999694824219,68.0999984741211,65.5,66.69999694824219,66.69999694824219,19510,69.57999877929687,70.5,75.97999954223633,82.01999954223633,83.13,104.81300029754638,33.640798797465536,-4.570541584153844,-3.929095410275469,-0.641446173878375,89.24040653139247,75.97999954223633,62.71959255308019,20.660346597005326,25.139235764995934,UBX
2019-08-06,67.19999694824219,70.69999694824219,65.69999694824219,69.4000015258789,69.4000015258789,11260,69.07999877929687,69.80999984741212,75.13999977111817,81.71399963378906,82.97,104.54350028991699,39.111064012199506,-4.417732274727527,-4.026822783165881,-0.3909094915616462,87.82012597078375,75.13999977111817,62.4598735714526,22.26142639996964,22.748003345952153,UBX
2019-08-07,68.9000015258789,69.30000305175781,67.0,68.0,68.0,63500,68.55999908447265,69.16999969482421,74.16999969482421,81.27599960327149,82.8059999847412,104.2970002746582,37.389945570682606,-4.359346387358471,-4.093327504004399,-0.2660188833540724,85.88137837491027,74.16999969482421,62.45862101473816,23.913300932713337,22.2783579765628,UBX
2019-08-08,67.30000305175781,74.0,66.80000305175781,71.5999984741211,71.5999984741211,53660,68.73999938964843,69.23999938964843,73.49999961853027,81.01799957275391,82.65399993896484,104.09000026702881,44.19096661386771,-3.976743931941627,-4.070010789591844,0.09326685765021736,84.14067582412467,73.49999961853027,62.85932341293586,37.62642715054247,27.933718161075177,UBX
2019-08-09,71.69999694824219,71.69999694824219,68.0,69.0999984741211,69.0999984741211,15410,68.95999908447266,69.26999893188477,72.66999969482421,80.75199951171875,82.45599990844727,103.88800025939942,40.870759887885484,-3.8310953536869192,-4.022227702410859,0.19113234872394003,81.86632535587262,72.66999969482421,63.47367403377581,39.223309280870836,33.58767912137558,UBX
2019-08-12,68.19999694824219,69.30000305175781,66.5,66.80000305175781,66.80000305175781,11960,68.98000030517578,69.27999954223633,71.85999984741211,80.45599960327148,82.24299995422363,103.67800025939941,38.03914603240746,-3.8567994317250367,-3.9891420482736946,0.13234261654865787,80.07569199778865,71.85999984741211,63.64430769703557,37.848105168240345,38.23261386655125,UBX
2019-08-13,65.69999694824219,67.69999694824219,64.5,65.30000305175781,65.30000305175781,15950,68.16000061035156,68.61999969482422,71.09000015258789,80.16199966430663,82.07799995422363,103.4665002822876,36.27405776815397,-3.9526439437865264,-3.981842427376261,0.029198483589734536,78.71257197795667,71.09000015258789,63.46742832721911,23.045536505834296,33.37231698498186,UBX
2019-08-14,64.0999984741211,67.19999694824219,62.400001525878906,65.0999984741211,65.0999984741211,41220,67.58000030517579,68.06999969482422,70.47000007629394,79.80199966430663,81.92899993896485,103.22300025939941,36.033963900315094,-3.9986462036600017,-3.985203182633009,-0.013443021026992685,77.92147008343547,70.47000007629394,63.01853006915242,17.863439595253116,26.25236042310928,UBX
2019-08-15,65.0,65.0,61.29999923706055,61.79999923706055,61.79999923706055,14440,65.62000045776367,67.17999992370605,69.65500011444092,79.43799964904785,81.78199993133545,102.96400026321412,32.24198988854654,-4.252367044937117,-4.038635955093831,-0.21373108984328582,77.15552765031028,69.65500011444092,62.154472578571564,12.399365522938517,17.76944720800867,UBX
2019-08-16,61.29999923706055,63.29999923706055,60.0,61.900001525878906,61.900001525878906,14720,64.18000106811523,66.57000007629395,68.99500026702881,79.01999961853028,81.60599994659424,102.7250002861023,32.473892592422224,-4.394713765975695,-4.1098515172702035,-0.28486224870549126,76.78049404175718,68.99500026702881,61.20950649230044,13.20130506970528,14.488036729298999,UBX
2019-08-19,62.400001525878906,63.0,59.400001525878906,61.20000076293945,61.20000076293945,14000,63.060000610351565,66.02000045776367,68.26000022888184,78.58999969482421,81.40799995422363,102.4820002746582,31.65714076844156,-4.511997283309057,-4.190280670477974,-0.3217166128310831,76.07470483422956,68.26000022888184,60.4452956235341,9.690531348761363,11.763733980468416,UBX
2019-08-20,60.79999923706055,61.45000076293945,60.0,60.79999923706055,60.79999923706055,15160,62.15999984741211,65.16000022888184,67.48500003814698,78.14799964904785,81.20299991607666,102.22900026321412,31.17463232089871,-4.584376260112606,-4.2690997884049,-0.3152764717077057,75.02616047719773,67.48500003814698,59.943839599096215,11.568495762784877,11.486777393750536,UBX
2019-08-21,61.5,63.0,61.279998779296875,62.0,62.0,7790,61.54000015258789,64.56000022888183,66.86499996185303,77.773999710083,81.01199993133545,101.97550027847291,34.404692144737254,-4.493113274979336,-4.313902485719788,-0.1792107892595487,74.06118619886207,66.86499996185303,59.668813724843986,13.097233175854866,11.452086762467067,UBX
2019-08-22,62.20000076293945,63.59000015258789,59.599998474121094,60.400001525878906,60.400001525878906,39620,61.26000061035156,63.44000053405762,66.33999996185302,77.30199974060059,80.81199993133545,101.6920002937317,32.2325913352255,-4.498042572027266,-4.350730502981284,-0.1473120690459826,73.80897511168524,66.33999996185302,58.871024812020806,11.372324430879578,12.012684456506472,UBX
2019-08-23,60.29999923706055,62.11000061035156,58.900001525878906,59.5,59.5,23390,60.78000030517578,62.48000068664551,65.87499980926513,76.743999710083,80.58799991607665,101.34500032424927,31.04527571025548,-4.522439806000726,-4.385072363585172,-0.1373674424155542,73.8165038277963,65.87499980926513,57.93349579073397,9.543675534169452,11.33774438030133,UBX
2019-08-26,59.599998474121094,60.0,56.5,58.400001525878906,58.400001525878906,21600,60.220000457763675,61.64000053405762,65.46000003814697,76.16599967956543,80.32399990081787,101.04750032424927,29.609660946607363,-4.577765838462504,-4.423611058560638,-0.15415477990186588,74.02840611207304,65.46000003814697,56.89159396422091,7.226655863642073,9.3808852762304,UBX
2019-08-27,58.900001525878906,60.0,56.20000076293945,56.20000076293945,56.20000076293945,11810,59.300000762939455,60.73000030517578,64.675,75.45599975585938,79.99199989318848,100.73050033569336,26.927673955353892,-4.744442809788559,-4.487777408806222,-0.25666540098233703,73.60850300224419,64.675,55.741496997755796,4.943550602198545,7.237960666670054,UBX
2019-08-28,56.099998474121094,60.29999923706055,56.099998474121094,58.900001525878906,58.900001525878906,10040,58.68000106811523,60.11000061035156,64.09000015258789,74.93199981689453,79.6779998779297,100.42250034332275,34.740251920320155,-4.605577779911648,-4.511337483027307,-0.09424029688434121,72.92671768212145,64.09000015258789,55.25328262305433,9.601963614444738,7.257390026761816,UBX
2019-08-29,59.29999923706055,60.099998474121094,57.599998474121094,60.0,60.0,6860,58.60000076293945,59.930000686645506,63.55500030517578,74.33199981689454,79.4299998474121,100.12650035858154,37.66434272211281,-4.35654600893961,-4.480379188209768,0.12383317927015813,72.01371687873252,63.55500030517578,55.09628373161904,15.831398375312801,10.125637530652059,UBX
2019-08-30,60.0,61.29999923706055,57.900001525878906,61.0,61.0,7960,58.900000762939456,59.840000534057616,63.20500030517578,73.75199981689452,79.24199981689453,99.83150035858154,40.283909245360306,-4.0320163193297205,-4.390706614433759,0.35869029510403827,71.47626906675373,63.20500030517578,54.93373154359784,29.911864382299836,18.44840879068582,UBX
2019-09-03,61.5,62.70000076293945,57.70000076293945,59.900001525878906,59.900001525878906,16820,59.20000076293945,59.710000610351564,62.865000534057614,73.09599990844727,79.03499984741211,99.50350036621094,38.373606195498205,-3.8195554286042253,-4.276476377267852,0.456920948663627,71.09258162621573,62.865000534057614,54.6374194418995,35.34037343787697,27.0278787318299,UBX
2019-09-04,60.599998474121094,63.20000076293945,60.20000076293945,61.79999923706055,61.79999923706055,13720,60.32000045776367,59.810000610351565,62.485000419616696,72.56999992370605,78.83999980926514,99.21050035476685,43.369008860415605,-3.4580029996098887,-4.112781701736259,0.6547787021263707,70.15318718312447,62.485000419616696,54.81681365610892,46.84020195561217,37.36414659192969,UBX
2019-09-05,61.900001525878906,65.5,60.599998474121094,63.900001525878906,63.900001525878906,36620,61.32000045776367,60.00000076293945,62.28000049591064,72.10999992370606,78.67499980926513,98.91250036239624,48.352193734971564,-2.967806435339817,-3.883786648456971,0.9159802131171539,69.55670235300069,62.28000049591064,55.0032986388206,60.419316748634664,47.53329738070797,UBX
2019-09-06,64.0999984741211,70.5999984741211,63.560001373291016,67.30000305175781,67.30000305175781,24020,62.78000106811523,60.69000091552734,62.06500072479248,71.74400001525879,78.58899982452392,98.63500036239624,55.22223405934375,-2.2787029491852877,-3.5627699086026343,1.2840669594173466,68.4237036569969,62.06500072479248,55.70629779258807,74.75503156418075,60.67151675614256,UBX
2019-09-09,67.69999694824219,74.19999694824219,64.69999694824219,71.9000015258789,71.9000015258789,20260,64.96000137329102,61.93000106811523,62.20500087738037,71.51000007629395,78.50599987030029,98.38850038528443,62.491637472095405,-1.3458874854684026,-3.119393423975788,1.7735059385073852,69.26204787268864,62.20500087738037,55.1479538820721,82.50433172646747,72.55956001309433,UBX
2019-09-10,71.80000305175781,79.0999984741211,71.4000015258789,75.9000015258789,75.9000015258789,28140,68.16000137329101,63.68000106811523,62.660000801086426,71.12800010681153,78.47999988555908,98.16450040817261,67.44144644306488,-0.2806230909840366,-2.5516393573774376,2.271016266393401,71.72981954942246,62.660000801086426,53.59018205275039,83.5404075232084,80.26659027128558,UBX
2019-09-11,76.4000015258789,81.0,76.19999694824219,78.4000015258789,78.4000015258789,22140,71.4800018310547,65.90000114440917,63.31500072479248,70.77000007629394,78.46299991607665,97.93250040054322,70.09747587753027,0.7566139484665086,-1.8899886962086483,2.646602644675157,74.6596520951093,63.31500072479248,51.97034935447567,87.64601712966687,84.56358545978095,UBX
2019-09-12,79.5999984741211,82.5999984741211,76.5999984741211,80.80000305175781,80.80000305175781,22410,74.86000213623046,68.09000129699707,64.10000095367431,70.58400016784668,78.44899997711181,97.71300043106079,72.42324763610223,1.7520947825965436,-1.16157200044761,2.9136667830441536,77.76543293215316,64.10000095367431,50.43456897519546,89.61759131126398,86.93467198804647,UBX
2019-09-13,81.4000015258789,83.9000015258789,76.30000305175781,79.5999984741211,79.5999984741211,74940,77.32000122070312,70.05000114440918,64.99000091552735,70.46400016784668,78.44599994659424,97.501500415802,69.51202607754149,2.4163361560482315,-0.4459903691484417,2.862326525196673,80.17445396716937,64.99000091552735,49.80554786388532,89.09938965489356,88.78766603194153,UBX
2019-09-16,79.69999694824219,82.9000015258789,73.4000015258789,74.5,74.5,46530,77.84000091552734,71.40000114440917,65.6200008392334,70.26400016784667,78.40999996185303,97.26050043106079,58.71050524631779,2.502379107044348,0.14368352609011625,2.358695580954232,81.27753615401946,65.6200008392334,49.96246552444733,81.3089926159412,86.6753245273663,UBX
2019-09-17,74.4000015258789,74.69999694824219,71.5,71.80000305175781,71.80000305175781,32220,77.02000122070312,72.59000129699707,66.15000095367432,70.056000289917,78.33600002288819,97.02400045394897,53.93243126828738,2.3258901627280295,0.5801248534176989,1.7457653093103307,81.89058598038196,66.15000095367432,50.409415926966695,69.0647479381883,79.82437673634108,UBX
2019-09-18,70.69999694824219,72.0,68.5,69.9000015258789,69.9000015258789,38100,75.32000122070312,73.4000015258789,66.60500106811523,69.73000038146972,78.19100002288819,96.76900045394898,50.79935742831492,2.0095424047151766,0.8660083636771945,1.1435340410379822,82.2263298768691,66.60500106811523,50.98367225936135,56.47664866892319,68.95012974101762,UBX
2019-09-19,70.4000015258789,72.4000015258789,69.30000305175781,69.69999694824219,69.69999694824219,76590,73.1,73.98000106811523,66.99000091552735,69.37600028991699,78.07600002288818,96.4745004081726,50.4670050176004,1.722836047888336,1.0373739005194227,0.6854621473689133,82.51764101804473,66.99000091552735,51.46236081300996,49.681469415970014,58.407622007693895,UBX
2019-09-20,69.5999984741211,73.0,69.0,69.0,69.0,91400,70.98000030517578,74.15000076293946,67.4200008392334,69.056000289917,77.9429999923706,96.1360004234314,49.252471411350676,1.422734888715354,1.1144460981586088,0.3082887905567451,82.6676369933577,67.4200008392334,52.17236468510909,45.23311488723633,50.46374432404323,UBX
2019-09-23,67.9000015258789,69.30000305175781,65.5999984741211,67.80000305175781,67.80000305175781,29180,69.64000091552734,73.74000091552735,67.83500099182129,68.69800041198731,77.81000003814697,95.7570004081726,47.15729974839783,1.075673142623586,1.1066915070516044,-0.03101836442801842,82.643279266475,67.83500099182129,53.02672271716757,40.33293227401537,45.08250552574063,UBX
2019-09-24,68.30000305175781,68.4000015258789,61.599998474121094,62.20000076293945,62.20000076293945,22480,67.72000045776367,72.3700008392334,68.02500095367432,68.28200042724609,77.60900001525879,95.38150039672851,38.8513319541891,0.3447764564906777,0.954308496939419,-0.6095320404487413,82.43636827426522,68.02500095367432,53.613633633083424,27.354749237225423,37.6402654661591,UBX
2019-09-25,62.20000076293945,63.70000076293945,60.0,62.29999923706055,62.29999923706055,12540,66.2,70.76000061035157,68.33000087738037,67.91400047302245,77.37899997711182,94.99300039291381,39.05775094162485,-0.22381538748972218,0.7186837200535907,-0.9424991075433129,81.96467767091039,68.33000087738037,54.69532408385036,16.185969347650204,27.957883619630383,UBX
2019-09-26,62.0,62.79999923706055,60.0,61.79999923706055,61.79999923706055,10910,64.62000045776367,68.86000022888183,68.47500076293946,67.60000045776367,77.06799995422364,94.58900035858154,38.36046987246901,-0.7066287651098122,0.4336212230209101,-1.1402499881307224,81.76272133975108,68.47500076293946,55.18728018612784,8.007255316451998,17.18265796710926,UBX
2019-09-27,62.0,63.79999923706055,61.70000076293945,62.29999923706055,62.29999923706055,16320,63.28000030517578,67.13000030517578,68.59000072479247,67.28400047302246,76.84099994659424,94.16650033950806,39.52318740156351,-1.036962565067327,0.1395044654032626,-1.1764670304705898,81.61964459348985,68.59000072479247,55.56035685609509,8.926077130513546,11.039767264871967,UBX
2019-09-30,62.29999923706055,64.19999694824219,59.70000076293945,61.0,61.0,20780,61.91999969482422,65.78000030517578,68.59000072479247,67.00200050354005,76.57899997711182,93.68450037002563,37.54041985263626,-1.3876575034312566,-0.16592792836364129,-1.2217295750676154,81.61964459348985,68.59000072479247,55.56035685609509,7.508900580087015,8.14741100901757,UBX
2019-10-01,61.29999923706055,62.400001525878906,59.400001525878906,59.900001525878906,59.900001525878906,21450,61.45999984741211,64.59000015258789,68.59000072479247,66.68200050354004,76.29100002288818,93.15750036239623,35.89930292474863,-1.7343539003308166,-0.4796131227570764,-1.2547407775737403,81.61964459348985,68.59000072479247,55.56035685609509,5.678713662234803,7.371230457611838,UBX
2019-10-02,59.70000076293945,62.20000076293945,57.29999923706055,61.099998474121094,61.099998474121094,15900,61.21999969482422,63.70999984741211,68.55500068664551,66.3780004119873,75.88100002288819,92.66750032424926,39.03060542285339,-1.8904911624256187,-0.7617887306907849,-1.1287024317348338,81.66095055823938,68.55500068664551,55.44905081505164,7.232808006424357,6.806807416248776,UBX
2019-10-03,61.20000076293945,70.0,61.20000076293945,66.0999984741211,66.0999984741211,30840,62.07999954223633,63.35,68.66500053405761,66.21200035095215,75.6070000076294,92.2425002861023,49.99221722223667,-1.5924164684836484,-0.9279142782493576,-0.6645021902342908,81.64918806760643,68.66500053405761,55.68081300050879,16.9005068204099,9.937342829689737,UBX
2019-10-04,66.80000305175781,68.19999694824219,63.79999923706055,65.69999694824219,65.69999694824219,13290,62.75999908447265,63.01999969482422,68.58500022888184,66.10800025939942,75.36899997711181,91.79900030136109,49.22967165400893,-1.3726439215224815,-1.0168602069039823,-0.3557837146184992,81.62145416921737,68.58500022888184,55.54854628854631,32.31218646660138,18.81516709781193,UBX
2019-10-07,65.69999694824219,69.30000305175781,64.19999694824219,64.4000015258789,64.4000015258789,28620,63.439999389648435,62.67999954223633,68.21000022888184,66.02000022888184,75.0829999923706,91.33400033950805,46.73468852321525,-1.2885181258693876,-1.0711917906970634,-0.21732633517232425,81.27490081968226,68.21000022888184,55.145099638081426,42.62459717622411,30.61243015441185,UBX
2019-10-08,63.79999923706055,65.5999984741211,61.5,63.29999923706055,63.29999923706055,23300,64.11999893188477,62.789999389648436,67.58000011444092,65.9520002746582,74.81099998474122,90.85300033569337,44.67164191832359,-1.2956731052962596,-1.1160880536169027,-0.1795850516793569,80.3117880811441,67.58000011444092,54.84821214773774,43.90511874489798,39.61396746257454,UBX
2019-10-09,64.0,66.4000015258789,62.900001525878906,64.0999984741211,64.0999984741211,11320,64.71999893188476,62.96999931335449,66.86499996185303,65.79600021362305,74.55899993896485,90.40100032806396,46.52064038885676,-1.2226957499786266,-1.1374095928892474,-0.08528615708937926,78.65741787044614,66.86499996185303,55.07258205325992,42.25053197206145,42.926749297727895,UBX
2019-10-10,64.19999694824219,68.0,64.19999694824219,65.69999694824219,65.69999694824219,11960,64.63999862670899,63.359999084472655,66.10999965667725,65.69800018310546,74.34599990844727,89.93100032806396,50.111542180007376,-1.0239506987317526,-1.1147178140577485,0.0907671153259959,76.02037817966328,66.10999965667725,56.19962113369121,49.22345462896606,45.12636844864188,UBX
2019-10-11,67.0,70.80000305175781,64.69999694824219,65.30000305175781,65.30000305175781,27420,64.55999984741212,63.659999465942384,65.39499988555909,65.59000030517578,74.13299995422364,89.39500034332275,49.22174139778889,-0.8884781551811756,-1.069469882282434,0.18099172710125844,73.13489065088189,65.39499988555909,57.6551091202363,56.23769200194889,49.23722620099218,UBX
2019-10-14,65.5,68.6500015258789,64.5,64.80000305175781,64.80000305175781,20670,64.64000015258789,64.03999977111816,64.91000003814698,65.52600036621094,73.91,88.88050037384033,48.07265044488857,-0.8120996306878965,-1.0179958319635265,0.20589620127563002,71.42579687973317,64.91000003814698,58.39420319656078,60.31884972449245,55.25999878513585,UBX
2019-10-15,65.0,68.9000015258789,64.5999984741211,68.5,68.5,274600,65.68000030517578,64.89999961853027,64.74499988555908,65.56200042724609,73.7909999847412,88.38400035858155,56.217989655530246,-0.44784775801215915,-0.903966217173253,0.45611845916109384,70.6973019544329,64.74499988555908,58.792697816685255,65.92592801903763,60.8274899151597,UBX
2019-10-16,69.0999984741211,74.61000061035156,69.05999755859375,72.30000305175781,72.30000305175781,42880,67.32000122070312,66.02000007629394,64.86499996185303,65.62000045776367,73.66700004577636,87.93250034332276,62.69084237529023,0.14577258804793303,-0.6940184561290158,0.8397910441769488,71.30496161016973,64.86499996185303,58.425038313536334,75.05788036670823,67.10088603674615,UBX
2019-10-17,72.9000015258789,74.54000091552734,69.5,70.5999984741211,70.5999984741211,12280,68.30000152587891,66.47000007629394,64.91000003814698,65.67200042724609,73.4740000152588,87.45250030517577,58.52240733843421,0.4735856269097667,-0.4604976395212593,0.934083266431026,71.49540878930182,64.91000003814698,58.32459128699213,82.15075412240049,74.37818750271549,UBX
2019-10-18,70.69999694824219,71.5,67.80000305175781,70.19999694824219,70.19999694824219,16780,69.28000030517578,66.92000007629395,64.96999988555908,65.64400039672852,73.33099998474121,86.988500289917,57.55272153386047,0.6931132635330073,-0.22977545891040602,0.9228887224434132,71.72310302539105,64.96999988555908,58.2168967457271,79.33756498042068,78.84873315650985,UBX
2019-10-21,71.4000015258789,72.80000305175781,69.5,70.19999694824219,70.19999694824219,17190,70.35999908447266,67.49999961853027,65.0899995803833,65.66600036621094,73.20899993896484,86.52650024414062,57.55272153386046,0.8572091239810362,-0.012378542332117576,0.8695876663131538,72.11962208668936,65.0899995803833,58.060377074077245,75.29364829081662,78.92732246454598,UBX
2019-10-22,71.0,72.69999694824219,66.30000305175781,67.19999694824219,67.19999694824219,23720,70.0999984741211,67.88999938964844,65.33999938964844,65.67400024414063,73.06499992370605,86.06250022888183,50.30284840719518,0.7366892525487998,0.1374350166440659,0.5992542359047339,72.29597467052376,65.33999938964844,58.38402410877312,64.59648562002856,73.075899630422,UBX
2019-10-23,67.5999984741211,69.30000305175781,65.80000305175781,68.4000015258789,68.4000015258789,14840,69.31999816894532,68.31999969482422,65.64499950408936,65.73600021362304,72.94899993896485,85.59100025177003,52.86080423986748,0.7295963936307572,0.2558672920414042,0.47372910158935305,72.57593697734013,65.64499950408936,58.714062030838576,57.299222416866805,65.72978544257072,UBX
2019-10-24,68.69999694824219,69.30000305175781,64.0999984741211,65.69999694824219,65.69999694824219,10390,68.33999786376953,68.31999969482422,65.83999938964844,65.74800018310548,72.77499992370605,85.11050022125244,46.99917842692568,0.5003398410643314,0.3047618018459896,0.19557803921834177,72.54295351225129,65.83999938964844,59.13704526704559,43.13695933591504,55.01088912427019,UBX
2019-10-25,65.69999694824219,71.80000305175781,65.69999694824219,68.80000305175781,68.80000305175781,20170,68.05999908447265,68.66999969482421,66.1649995803833,65.88800025939942,72.66299995422364,84.65150020599366,53.38986369222172,0.5623149395783429,0.3562724293924603,0.2060425101858826,72.77961200997353,66.1649995803833,59.55038715079305,46.783627432608874,49.07326972846363,UBX
2019-10-28,70.0999984741211,70.70999908447266,64.9000015258789,65.19999694824219,65.19999694824219,19690,67.05999908447265,68.70999908447266,66.37499942779542,65.95400016784669,72.48699989318848,84.18550022125244,46.393850524008826,0.31728280691339705,0.34847450489664766,-0.03119169798325061,72.57399125977638,66.37499942779542,60.176007595814454,35.786862933459304,41.90248323399447,UBX
2019-10-29,65.19999694824219,66.5999984741211,63.20000076293945,65.0,65.0,10710,66.61999969482422,68.35999908447266,66.62999935150147,66.03000015258789,72.30999992370606,83.72950023651123,46.03296820868973,0.10573613380428526,0.29992683067817516,-0.1941906968738899,72.1218483122732,66.62999935150147,61.13815039072974,30.366543076527048,37.64567781419847,UBX
2019-10-30,64.5,65.0,62.34000015258789,64.69999694824219,64.69999694824219,9460,65.87999877929687,67.5999984741211,66.80999927520752,66.10800010681152,72.12799987792968,83.23250019073487,45.46170287831419,-0.08514239921406386,0.22291298469972737,-0.3080553839137912,71.77584311410838,66.80999927520752,61.84415543630666,18.216933522728667,28.123446510905065,UBX
2019-10-31,64.5,65.9000015258789,60.79999923706055,62.400001525878906,62.400001525878906,12400,65.21999969482422,66.77999877929688,66.62499942779542,66.1160001373291,71.94499992370605,82.74800018310548,41.236596178251496,-0.4171962419757733,0.09489113936462723,-0.5120873813404005,71.94585472187,66.62499942779542,61.30414413372083,15.531776245671361,21.371750948309085,UBX
2019-11-01,62.79999923706055,69.5,62.79999923706055,67.30000305175781,67.30000305175781,26040,64.91999969482421,66.48999938964843,66.70499973297119,66.25400016784668,71.77799995422363,82.32100021362305,51.56445121554625,-0.2817147008559999,0.019569971320501797,-0.30128467217650173,72.01592252719557,66.70499973297119,61.394076938746814,25.962355084259347,19.90368828421985,UBX
2019-11-04,68.4000015258789,73.0999984741211,68.4000015258789,71.5999984741211,71.5999984741211,22990,66.2,66.62999954223633,67.0649995803833,66.4960001373291,71.61999992370606,82.05650020599366,58.46350454462017,0.17066180751304216,0.04978833855900987,0.1208734689540323,72.67009552549392,67.0649995803833,61.459903635272674,45.61912493634107,29.037752088757316,UBX
2019-11-05,71.9000015258789,74.9000015258789,69.80000305175781,70.69999694824219,70.69999694824219,19020,67.33999938964844,66.97999954223633,67.43499946594238,66.74200004577636,71.4539998626709,81.80200019836425,56.64486853365981,0.45134798941282384,0.13010026872977265,0.3212477206830512,72.97369033549494,67.43499946594238,61.89630859638984,65.16143010959554,45.58097004339871,UBX
2019-11-06,70.9000015258789,71.69999694824219,67.87999725341797,68.0,68.0,23570,68.0,66.93999938964843,67.62999954223633,66.97800003051758,71.21699989318847,81.55450019836425,51.47194312944778,0.4507308769171203,0.1942263903672422,0.2565044865498781,72.9558229740683,67.62999954223633,62.30417611040437,66.49358393006258,59.091379658666455,UBX
2019-11-07,68.80000305175781,82.4000015258789,68.80000305175781,72.5,72.5,49230,70.01999969482422,67.61999969482422,67.96999969482422,67.25,71.09099990844726,81.33150020599365,58.30606138029365,0.8040852089855406,0.3161981540909019,0.4878870548946387,73.61804304639027,67.96999969482422,62.32195634325818,58.48107656513499,63.37869686826443,UBX
2019-11-08,71.5,76.9000015258789,71.0999984741211,76.0999984741211,76.0999984741211,25650,71.77999877929688,68.34999923706054,68.50999946594239,67.57199996948242,70.95199989318847,81.13250019073486,62.81738519447174,1.3589457723993945,0.5247476777526004,0.8341980946467941,75.03131791434029,68.50999946594239,61.98868101754449,58.68793788787037,61.22086612768937,UBX
2019-11-11,77.0,80.0,69.4000015258789,69.94999694824219,69.94999694824219,22640,71.44999847412109,68.82499923706055,68.7674991607666,67.75099990844727,70.7514998626709,80.91275016784668,52.38876543624921,1.287580613210224,0.6773142648441252,0.6102663483660989,75.08606496363919,68.7674991607666,62.44893335789403,55.787027593503694,57.65201401550308,UBX
2019-11-12,70.0,71.9000015258789,66.0999984741211,67.5999984741211,67.5999984741211,20270,70.82999877929687,69.08499908447266,68.72249908447266,67.90499984741211,70.50049987792968,80.67825016021729,49.03863012812676,1.0295301901183365,0.7477574498989674,0.28177274021936904,75.06083279201953,68.72249908447266,62.38416537692579,48.22529764496031,54.23342104211151,UBX
2019-11-13,66.5,67.69999694824219,64.5,65.5999984741211,65.5999984741211,12880,70.3499984741211,69.17499923706055,68.38749885559082,67.98099983215332,70.27549987792969,80.4347501373291,46.323606305807644,0.6560772353868742,0.7294214069965488,-0.07334417160967455,74.64176689109797,68.38749885559082,62.13323082008367,32.02159565826265,45.344640298908935,UBX
2019-11-14,65.30000305175781,66.0999984741211,62.099998474121094,63.20000076293945,63.20000076293945,16580,68.48999862670898,69.2549991607666,68.01749897003174,67.96699981689453,70.0384998703003,80.1787501335144,43.23052497679794,0.16455641656696685,0.6164484089106324,-0.4518919923436655,74.57274613383606,68.01749897003174,61.46225180622742,21.604935982263456,33.95060976182886,UBX
2019-11-15,63.400001525878906,67.6500015258789,62.79999923706055,65.4000015258789,65.4000015258789,12920,66.34999923706054,69.06499900817872,67.77749919891357,67.92899978637695,69.83649990081787,79.92675012588501,46.74109695480874,-0.046914892491244586,0.48377574863025696,-0.5306906411215015,74.34700944755984,67.77749919891357,61.207988950267314,18.20987932312434,23.94547032121687,UBX
2019-11-18,65.5,65.5,62.349998474121094,64.80000305175781,64.80000305175781,12560,65.32000045776367,68.38499946594239,67.50749950408935,67.78699981689454,69.64849994659424,79.6757501411438,45.90730669808273,-0.2599260255295235,0.33503539379830083,-0.5949614193278243,74.10039440378358,67.50749950408935,60.91460460439512,16.975318616962728,18.930044640783564,UBX
2019-11-19,65.4000015258789,69.5999984741211,64.69999694824219,67.5,67.5,14230,65.30000076293945,68.06499977111817,67.52249965667724,67.61899978637695,69.37349994659424,79.4412501335144,50.21143615488259,-0.20846859798714945,0.22633459544121076,-0.4348031934283602,74.11389274344167,67.52249965667724,60.931106569912814,23.611119205568098,19.598772381885112,UBX
2019-11-20,67.4000015258789,72.4000015258789,67.19999694824219,69.30000305175781,69.30000305175781,31900,66.0400016784668,68.19500007629395,67.56749973297119,67.43699981689453,69.10349994659424,79.20775014877319,52.90200313199648,-0.022187252074559183,0.17663022593805677,-0.19881747801261596,74.19443451117708,67.56749973297119,60.94056495476529,28.3350168313862,22.973818217972397,UBX
2019-11-21,69.5999984741211,70.69999694824219,67.5999984741211,68.30000305175781,68.30000305175781,16150,67.06000213623047,67.77500038146972,67.69750003814697,67.18699981689453,68.88549999237061,78.98275014877319,51.24517067312079,0.04424043776664632,0.15015226830377468,-0.10591183053712835,74.27461666547106,67.69750003814697,61.12038341082288,32.34280205232171,28.09631269642539,UBX
2019-11-22,68.5,69.80000305175781,67.19999694824219,68.5,68.5,26370,67.68000183105468,67.01500053405762,67.68249988555908,66.96499984741212,68.7145000076294,78.7547501564026,51.57184309351992,0.11173493208586649,0.14246880106019305,-0.03073386897432656,74.25085293406849,67.68249988555908,61.114146837049674,32.51232792210142,31.063382268603164,UBX
2019-11-25,68.4000015258789,71.30000305175781,67.19999694824219,69.0,69.0,21140,68.52000122070312,66.9200008392334,67.87250003814697,66.8549998474121,68.5595000076294,78.53375017166138,52.42998563336311,0.20322794122957077,0.1546206290940686,0.04860731213550218,74.36198836015542,67.87250003814697,61.383011716138505,32.01971214762278,32.29161404068203,UBX
2019-11-26,68.1500015258789,74.0,68.0,72.69999694824219,72.69999694824219,36400,69.56000061035157,67.43000068664551,68.25749988555908,66.8729997253418,68.4645000076294,78.32375017166137,58.31630409173704,0.5677509620283843,0.23724669568093174,0.33050426634745256,74.93067402842489,68.25749988555908,61.58432574269328,39.244659988379176,34.59223335270118,UBX
2019-11-27,73.44999694824219,75.80000305175781,71.69999694824219,73.0,73.0,16150,70.3,68.1700008392334,68.67250003814698,66.93499969482421,68.33250003814697,78.11675016403198,58.761876568148594,0.870807692287002,0.36395889500214584,0.5068487972848562,75.44076781297036,68.67250003814698,61.90423226332359,49.03358055806177,40.09931756468796,UBX
2019-11-29,73.0,81.5999984741211,73.0,77.19999694824219,77.19999694824219,31710,72.07999877929687,69.57000045776367,69.41249980926514,67.08499969482422,68.23049999237061,77.94025014877319,64.48544069115383,1.4333640586766165,0.57783992773704,0.8555241309395766,76.5043150366768,69.41249980926514,62.32068458185348,63.51549369833479,50.5979114149253,UBX
2019-12-02,78.0,79.0,71.69999694824219,74.0,74.0,42630,73.17999877929688,70.43000030517578,69.74749965667725,67.18499969482421,68.12049999237061,77.7482501411438,57.89255360709752,1.602508303610108,0.7827736029116535,0.8197347006984544,77.03868932082578,69.74749965667725,62.456309992528716,66.45179884791007,59.66695770143559,UBX
2019-12-03,72.4000015258789,78.5999984741211,72.0999984741211,73.6500015258789,73.6500015258789,24330,74.10999908447266,71.31500015258788,69.84999980926514,67.30199966430663,68.00000003814698,77.5295001411438,57.203680535448385,1.6888464143419526,0.9639881651977134,0.7248582491442392,77.29842080888399,69.84999980926514,62.401578809646296,65.89744111411582,65.28824455345361,UBX
2019-12-04,74.30000305175781,78.5999984741211,73.5999984741211,74.30000305175781,74.30000305175781,32220,74.43000030517578,71.99500045776367,70.03000011444092,67.54399971008301,67.91300006866454,77.3370001411438,58.198493293566564,1.789096093881838,1.1290097509345383,0.6600863429472998,77.72190375999524,70.03000011444092,62.338096468886604,60.94018659021091,64.42980885074566,UBX
2019-12-05,74.30000305175781,75.80000305175781,70.0,70.69999694824219,70.69999694824219,18490,73.96999969482422,72.1349998474121,70.16499996185303,67.71199966430665,67.81300006866455,77.15150011062622,51.112000508664416,1.5600707565584884,1.2152219520593284,0.34484880449916,77.80424605789068,70.16499996185303,62.52575386581537,55.05717545665046,60.63160105365912,UBX
2019-12-06,70.9000015258789,72.4000015258789,68.19999694824219,71.9000015258789,71.9000015258789,21920,72.91000061035156,72.49499969482422,70.13500003814697,67.913999710083,67.75700008392334,77.00600011825561,53.159417234019344,1.4585832277370514,1.2638942071948729,0.19468902054217851,77.74197591453478,70.13500003814697,62.52802416175916,51.850382317606346,55.94924812148929,UBX
2019-12-09,72.0,76.0999984741211,71.9000015258789,74.4000015258789,74.4000015258789,23330,72.99000091552735,73.0849998474121,70.05000019073486,68.15599975585937,67.72000011444092,76.88150011062622,57.18256866568464,1.5618783749255272,1.3234910407410037,0.2383873341845235,77.42285502163564,70.05000019073486,62.67714535983409,50.127830840717934,52.34512953832496,UBX
2019-12-10,74.4000015258789,83.0,74.0,80.69999694824219,80.69999694824219,38740,74.4,74.25499954223633,70.58750019073486,68.54999969482422,67.77600009918213,76.79700010299683,65.27639385426339,2.12757217493494,1.484307267579791,0.6432649073551491,79.29874863253828,70.58750019073486,61.87625174893144,64.14996618120131,55.37605977984191,UBX
2019-12-11,80.19999694824219,80.19999694824219,74.0999984741211,77.19999694824219,77.19999694824219,35860,74.97999877929688,74.70499954223632,71.06750011444092,68.89599960327149,67.78900005340576,76.67850008010865,58.6440139807961,2.2673314521510264,1.640912104494038,0.6264193476569884,80.11870108889966,71.06750011444092,62.01629913998218,68.71020669860032,60.996001240173236,UBX
2019-12-12,77.5999984741211,86.0,77.5,83.0999984741211,83.0999984741211,33580,77.45999908447266,75.71499938964844,71.94250011444092,69.33599960327149,67.8570000076294,76.59400007247925,65.08426994816742,2.8216463186764713,1.8770589473305246,0.9445873713459467,82.03404249396864,71.94250011444092,61.850957734913194,77.76953698667411,70.20990328882529,UBX
2019-12-13,83.5,88.19999694824219,81.4000015258789,83.5999984741211,83.5999984741211,21230,79.7999984741211,76.35499954223633,72.9625,69.68599960327148,67.94899997711181,76.50550004959106,65.5735522706727,3.263669119302648,2.154380981724949,1.1092881375776988,83.43010828225,72.9625,62.49489171775001,75.32027828330688,73.93334065619382,UBX
2019-12-16,83.5,85.30000305175781,81.5,83.80000305175781,83.80000305175781,20030,81.67999877929688,77.3349998474121,73.88250007629395,70.0479997253418,68.07799999237061,76.40750005722046,65.78012426435946,3.588745249983049,2.441253835376569,1.1474914146064799,84.75619496047479,73.88250007629395,63.008805192113115,80.29585218028802,77.79522248342306,UBX
2019-12-17,84.0,84.0,81.80000305175781,83.0,83.0,12560,82.13999938964844,78.26999969482422,74.79249992370606,70.41999969482421,68.21999996185303,76.31150007247925,64.12272333300687,3.7387192371282225,2.7007469157268997,1.0379723214013228,85.5187412074324,74.79249992370606,64.06625863997972,76.77103644231143,77.4623889686355,UBX
2019-12-18,83.4000015258789,84.19999694824219,82.0999984741211,83.4000015258789,83.4000015258789,14020,83.38000030517578,79.17999954223633,75.5875,70.82199974060059,68.3870000076294,76.27450006484986,64.60295913496597,3.845522690806334,2.9297020707427865,0.9158206200635473,86.39054852022404,75.5875,64.78445147977597,76.07262895126325,77.71317252462096,UBX
2019-12-19,83.30000305175781,84.66999816894531,80.0,80.69999694824219,80.69999694824219,17000,82.9,80.17999954223633,76.15749969482422,71.15399971008301,68.47499996185303,76.22850004196167,58.87435559905572,3.6699920093944627,3.077760058473122,0.5922319509213407,86.77480915420439,76.15749969482422,65.54019023544406,70.83334604899078,74.55900381418854,UBX
2019-12-20,80.5,80.5999984741211,71.5999984741211,72.69999694824219,72.69999694824219,65290,80.71999969482422,80.25999908447265,76.37749938964843,71.29399971008301,68.49599994659424,76.13450002670288,45.88990253980349,2.8524680623122833,3.032701659240954,-0.1802335969286708,86.50550388425262,76.37749938964843,66.24949489504425,53.66667429606108,66.85754976543843,UBX
2019-12-23,73.0,76.0,72.9000015258789,74.5,74.5,25480,78.85999908447266,80.26999893188477,76.67749938964843,71.47799964904785,68.53399997711182,76.04900003433228,48.634849737774566,2.3230410758518047,2.8907695425631244,-0.5677284667113196,86.19119880194681,76.67749938964843,67.16379997735005,38.83333841959624,54.44445292154942,UBX
2019-12-24,74.5,74.5,72.0,73.69999694824219,73.69999694824219,10150,76.9999984741211,79.56999893188477,76.91249923706054,71.65599952697754,68.59099994659424,75.9635000038147,47.48196096245601,1.817956543004911,2.676206942651482,-0.8582503996465709,85.87206851111256,76.91249923706054,67.95292996300853,27.166671752929574,39.888894822862355,UBX
2019-12-26,74.30000305175781,76.5,72.30000305175781,72.5,72.5,12270,74.81999816894532,79.09999923706054,76.90249938964844,71.73599952697754,68.64899997711181,75.88949998855591,45.73081652283779,1.3057913371482215,2.4021238215508296,-1.096332484402608,85.88127861543914,76.90249938964844,67.92372016385774,26.83334350585926,30.94445122612841,UBX
2019-12-27,72.5,73.5,70.5,71.69999694824219,71.69999694824219,16580,73.0199981689453,77.95999908447266,76.83749923706054,71.72399940490723,68.67199993133545,75.82099996566772,44.551178651993176,0.8258235809989287,2.0868637734404496,-1.2610401924415209,85.94622485261596,76.83749923706054,67.72877362150513,18.59322006769517,24.19774510882806,UBX
2019-12-30,71.80000305175781,76.0999984741211,71.0,75.5,75.5,34470,73.57999877929687,77.14999923706054,76.75249938964843,71.8219994354248,68.74699993133545,75.77649995803833,51.01487513933959,0.7435035188455714,1.8181917225214739,-1.0746882036759025,85.87782033561747,76.75249938964843,67.6271784436794,18.842750881402566,21.423104818319057,UBX
2019-12-31,76.5,76.5999984741211,71.19999694824219,72.0999984741211,72.0999984741211,27590,73.0999984741211,75.97999877929688,76.65749931335449,71.85999946594238,68.75199993133545,75.70299993515015,45.863366673319774,0.39930957613285045,1.5344152932437491,-1.1351057171108987,85.93377468037266,76.65749931335449,67.38122394633632,14.689259448597156,17.37507679923169,UBX
2020-01-02,72.0,72.5199966430664,70.0,71.19999694824219,71.19999694824219,19780,72.5999984741211,74.7999984741211,76.53499908447266,71.87999946594238,68.77299991607666,75.61449991226196,44.580069756873804,0.05329642720082006,1.2381915200351634,-1.1848950928343434,86.02905603001216,76.53499908447266,67.04094213893316,14.6271747775248,16.05306170250823,UBX
2020-01-03,70.19999694824219,72.80000305175781,68.5,71.0,71.0,25300,72.2999984741211,73.5599983215332,76.36999893188477,71.95599952697754,68.81499988555908,75.52899991989136,44.28353994923426,-0.23435803495272012,0.9436816090375867,-1.178039643990307,86.12481408151761,76.36999893188477,66.61518378225192,9.441096395761518,12.919176873961215,UBX
2020-01-06,70.0,73.19999694824219,69.19999694824219,73.0999984741211,73.0999984741211,15420,72.57999877929687,72.7999984741211,76.48999900817871,72.04999946594238,68.89299983978272,75.48549989700318,48.18112737982535,-0.28953634742285317,0.6970380177454987,-0.9865743651683518,86.01930195383625,76.48999900817871,66.96069606252118,15.554895517147495,13.207722230144661,UBX
2020-01-07,72.69999694824219,73.19999694824219,71.19999694824219,71.5,71.5,17830,71.77999877929688,72.67999877929688,76.46999893188476,72.16599952697754,68.9569998550415,75.44299989700318,45.56573984632809,-0.4571028654142708,0.4662098411135448,-0.9233127065278156,86.03934672892595,76.46999893188476,66.90065113484357,19.541391138994015,14.8457943506344,UBX
2020-01-08,71.30000305175781,73.0,69.5999984741211,72.4000015258789,72.4000015258789,15570,71.83999938964844,72.46999893188476,76.36999893188477,72.23799949645996,69.06299987792968,75.42249990463257,47.298700785869904,-0.5113830314010954,0.2706912666106167,-0.7820742980117121,86.06476118712015,76.36999893188477,66.67523667664938,23.35085556441214,19.482380740184606,UBX
2020-01-09,72.5,74.95999908447266,71.69999694824219,73.5,73.5,10340,72.3,72.44999923706055,76.00999908447265,72.40399955749511,69.17899986267089,75.39249990463257,49.41825147791957,-0.46033333409448574,0.12448634646959622,-0.584819680564082,85.56864008800788,76.00999908447265,66.45135808093742,24.53103045435704,22.474425719254455,UBX
2020-01-10,73.69999694824219,75.5999984741211,71.5999984741211,72.0999984741211,72.0999984741211,22000,72.51999969482422,72.40999908447266,75.7549991607666,72.54599952697754,69.28799983978271,75.34799989700318,46.83642340260481,-0.5267722019831353,-0.005765363220950087,-0.5210068387621852,85.44426744900878,75.7549991607666,66.06573087252443,28.26409027449623,25.38199209775519,UBX
2020-01-13,72.19999694824219,72.76000213623047,69.0999984741211,70.0999984741211,70.0999984741211,14940,71.91999969482421,72.24999923706055,75.1049991607666,72.65399955749511,69.38099983215332,75.29199987411499,43.35196784340611,-0.7323665035826963,-0.15108559129329932,-0.5812809122893969,84.47505377811522,75.1049991607666,65.73494454341797,26.808863851409892,26.534661526754444,UBX
2020-01-14,70.0999984741211,73.4000015258789,69.0,71.4000015258789,71.4000015258789,16010,71.9,71.83999938964844,74.4949993133545,72.83399955749512,69.4749998474121,75.24349988937378,46.156028179744666,-0.7813946559369072,-0.2771474042220209,-0.5042472517148863,83.13339749269569,74.4949993133545,65.8566011340133,28.43587442605194,27.836276183986076,UBX
2020-01-15,71.9000015258789,73.4000015258789,70.80000305175781,72.5999984741211,72.5999984741211,9710,71.93999938964843,71.88999938964844,73.93499908447265,72.93999946594238,69.59699981689454,75.20449987411499,48.681247315778585,-0.7151759913297155,-0.36475312164355983,-0.3504228696861557,81.46952686007091,73.93499908447265,66.40047130887439,35.39094688967097,30.211895055710993,UBX
2020-01-16,72.80000305175781,76.5999984741211,72.30000305175781,76.0,76.0,20130,72.43999938964843,72.36999969482422,73.58499908447266,73.02799949645996,69.76199981689453,75.17499986648559,55.10570914455627,-0.3839199245009297,-0.3685864822150338,-0.015333442285895893,79.96442744740439,73.58499908447266,67.20557072154092,59.67079313379469,41.16587148317259,UBX
2020-01-17,76.80000305175781,78.9000015258789,72.0,73.9000015258789,73.9000015258789,24490,72.8,72.65999984741211,73.10999908447266,73.0919995880127,69.91699981689453,75.1204998588562,50.869812558178396,-0.2875349079752141,-0.3523761673670699,0.06484125939185581,77.64294481108732,73.10999908447266,68.577053357858,65.04432288665748,53.36868763670777,UBX
2020-01-21,73.9000015258789,75.19999694824219,72.9000015258789,73.80000305175781,73.80000305175781,11700,73.54000091552734,72.73000030517578,72.76499938964844,73.20799964904785,70.09299983978272,75.0424998664856,50.670075164255024,-0.21671991680403835,-0.3252449172544636,0.10852500045042524,75.7052553960686,72.76499938964844,69.82474338322828,65.1590847801355,63.29140026686262,UBX
2020-01-22,74.0,74.5999984741211,69.30000305175781,70.5999984741211,70.5999984741211,22240,73.38000030517578,72.64000015258789,72.65999946594238,73.16999961853027,70.20999980926514,74.94399984359741,44.63091016800132,-0.4140393639109874,-0.34300380658576834,-0.07103555732521905,75.74830096947885,72.65999946594238,69.5716979624059,41.025644787669215,57.07635081815413,UBX
2020-01-23,69.5,71.30000305175781,68.5,69.5999984741211,69.5999984741211,12120,72.78000030517578,72.35999984741211,72.41499938964844,73.03999961853027,70.30599979400635,74.86799982070923,42.90977237454125,-0.6436880547906725,-0.40314065622674916,-0.24054739856392332,75.65430592780245,72.41499938964844,69.17569285149443,27.243585746434547,44.47610510474649,UBX
2020-01-24,70.0,71.0,68.5,69.0999984741211,69.0999984741211,13010,71.4,71.91999969482421,72.18499946594238,73.02299964904785,70.38699977874757,74.81449979782104,42.0368714137552,-0.8561628062799826,-0.4937450862373959,-0.36241772004258677,75.67055673234657,72.18499946594238,68.6994421995382,12.179470720613208,26.816233751572387,UBX
2020-01-27,68.5,69.69999694824219,66.69999694824219,67.5,67.5,16790,70.11999969482422,71.4599998474121,71.93499946594238,73.02099967956543,70.46299976348877,74.74899980545044,39.28297631304611,-1.140509993487484,-0.6230980676874135,-0.5174119258000706,75.96849774774043,71.93499946594238,67.90150118414434,7.634507235728731,15.685854567592228,UBX
2020-01-28,68.19999694824219,69.41999816894531,63.70000076293945,64.0,64.0,20220,68.15999908447266,70.85,71.54999961853028,72.98899971008301,70.48499977111817,74.66249979019165,34.0309778038632,-1.6294941430832353,-0.8243772827665778,-0.8051168603166574,76.86582569990935,71.54999961853028,66.23417353715121,4.766764648710792,8.193580868350976,UBX
2020-01-29,64.30000305175781,65.0999984741211,62.5,62.650001525878906,62.650001525878906,12330,66.56999969482422,69.975,70.90749969482422,72.9779997253418,70.47249977111817,74.57374979019166,32.240488467812874,-2.1017238349404863,-1.0798465932013595,-1.0218772417391269,77.1787256456841,70.90749969482422,64.63627374396435,3.1485740202166075,5.1832819682187745,UBX
2020-01-30,62.29999923706055,63.20000076293945,58.95000076293945,60.900001525878906,60.900001525878906,13830,64.83000030517579,68.80500030517578,70.34749984741211,72.8879997253418,70.40849975585938,74.49874979019165,30.034481384125073,-2.587354233575766,-1.3813481212762408,-1.2060061122995254,77.95141126607692,70.34749984741211,62.74358842874731,4.2209206660623195,4.045419778329971,UBX
2020-01-31,60.5,60.5,57.79999923706055,59.0,59.0,18450,62.810000610351565,67.10500030517578,69.7375,72.77199966430663,70.27949974060058,74.39274980545044,27.80962962763555,-3.0899154455843387,-1.7230615861378604,-1.3668538594464783,78.78950916391227,69.7375,60.68549083608773,5.458763232147376,4.276085972808832,UBX
2020-02-03,64.0999984741211,70.30000305175781,62.599998474121094,65.0,65.0,47330,62.310000610351565,66.21500015258789,69.4375,72.72199966430664,70.1704997253418,74.32524980545044,42.336282613197554,-2.9698147946442077,-1.9724122278391298,-0.9974025668050779,78.69756856905225,69.4375,60.17743143094775,16.528289664730924,8.735991187646938,UBX
2020-02-04,67.0,67.04000091552734,63.099998474121094,65.0999984741211,65.0999984741211,23840,62.53000030517578,65.34499969482422,69.0375,72.63799957275391,70.03749969482422,74.25024980545044,42.54379786134703,-2.8338977135544496,-2.144709324982194,-0.6891883885722558,78.3212963563602,69.0375,59.7537036436398,24.802526160955864,15.596526352611454,UBX
2020-02-05,65.80000305175781,69.0,65.5,66.0,66.0,17270,63.2,64.8849998474121,68.7625,72.59199951171875,69.88949966430664,74.16924982070923,44.480347668920835,-2.623319847803714,-2.240431429546498,-0.38288841825721587,78.06405227832222,68.7625,59.46094772167778,35.86097677813826,25.73059753460841,UBX
2020-02-06,65.5,66.69999694824219,63.79999923706055,64.69999694824219,64.69999694824219,8730,63.959999084472656,64.39499969482422,68.37749977111817,72.5159994506836,69.74049964904785,74.09324979782104,42.26443503733124,-2.532145753719817,-2.298774294381162,-0.2333714593386551,77.68236284482107,68.37749977111817,59.07263669741527,35.387038359157145,32.016847099417156,UBX
2020-02-07,64.5999984741211,66.0999984741211,63.0,63.79999923706055,63.79999923706055,11230,64.91999893188476,63.864999771118164,67.89249973297119,72.4119994354248,69.63349964141845,74.02174980163574,40.750863365394025,-2.5036513862700644,-2.3397497127589424,-0.16390167351112206,77.0893620882112,67.89249973297119,58.695637377731174,35.34890973490318,35.53230829073292,UBX
2020-02-10,63.79999923706055,65.6500015258789,63.349998474121094,64.80000305175781,64.80000305175781,9000,64.87999954223633,63.59500007629394,67.52749996185302,72.25399955749512,69.56349964141846,73.94974983215332,43.18548868057052,-2.373022715599717,-2.3464043133270973,-0.02661840227261969,76.60612738359873,67.52749996185302,58.44887254010732,36.28362060939836,35.67318956781963,UBX
2020-02-11,65.0,67.0999984741211,64.0999984741211,64.30000305175781,64.30000305175781,9350,64.72000045776367,63.625000381469725,67.23750019073486,72.07999961853028,69.50749965667724,73.84924983978271,42.25065029668326,-2.283521361477952,-2.333827722957268,0.05030636147931622,76.33941613935174,67.23750019073486,58.135584242117986,41.43253907397895,37.688356472760226,UBX
2020-02-12,65.0,66.0,61.900001525878906,62.099998474121094,62.099998474121094,11250,63.94000015258789,63.570000076293944,66.77250003814697,71.77799964904786,69.43149967193604,73.75374984741211,38.32001597071452,-2.3628751231429987,-2.3396372029944144,-0.02323792014858439,75.92637761394434,66.77250003814697,57.6186224623496,40.79686799280861,39.5043425587287,UBX
2020-02-13,62.29999923706055,63.099998474121094,60.5,62.70000076293945,62.70000076293945,9540,63.540000915527344,63.75,66.27750015258789,71.55199966430663,69.36849967956543,73.65574983596802,39.96053055837404,-2.350256091457524,-2.3417609806870363,-0.008495110770487813,75.18471507033456,66.27750015258789,57.37028523484121,39.97463765238543,40.734681573057735,UBX
2020-02-14,62.0,63.599998474121094,60.38999938964844,60.599998474121094,60.599998474121094,10120,62.900000762939456,63.90999984741211,65.50750007629395,71.29099960327149,69.29649963378907,73.55324983596802,36.31947770787446,-2.481107390624416,-2.3696302626745123,-0.11147712794990383,73.53920484714844,65.50750007629395,57.47579530543947,31.39191240592554,37.38780601703993,UBX
2020-02-18,60.79999923706055,63.79999923706055,60.79999923706055,63.400001525878906,63.400001525878906,9030,62.62000045776367,63.75,64.98250007629395,71.0729995727539,69.30849964141845,73.45874982833863,43.68709545467335,-2.331989419852846,-2.362102094110179,0.030112674257332994,72.06820931658282,64.98250007629395,57.896790836005074,35.4666639811205,35.611071346477225,UBX
2020-02-19,63.599998474121094,66.4000015258789,63.29999923706055,63.79999923706055,63.79999923706055,10580,62.51999969482422,63.62000007629395,64.48249988555908,70.93499961853027,69.32349964141845,73.35124980926514,44.67189970078738,-2.1566750735432265,-2.3210166899967883,0.16434161645356182,70.30806977849412,64.48249988555908,58.65692999262405,38.39999235026264,35.08618957910296,UBX
2020-02-20,63.79999923706055,69.80000305175781,63.79999923706055,67.69999694824219,67.69999694824219,16440,63.63999938964844,63.78999977111816,64.33749980926514,70.85099952697755,69.38249961853028,73.22524978637695,53.25540892745927,-1.6836321064708386,-2.193539773291598,0.5099076668207596,69.67030996549909,64.33749980926514,59.0046896530312,57.33331583659378,43.73332405599238,UBX
2020-02-21,67.9000015258789,68.95999908447266,64.5,68.1500015258789,68.1500015258789,10620,64.72999954223633,64.13500022888184,64.26499996185302,70.72599952697755,69.44099964141846,73.14099979400635,54.13949633019352,-1.2579299054890214,-2.006417799731083,0.7484878942420616,69.34300101337416,64.26499996185302,59.18699891033188,68.50155939170033,54.744955859518996,UBX
2020-02-24,67.5999984741211,67.5999984741211,63.0,64.0,64.0,20510,65.40999984741211,64.15500030517578,64.01000003814697,70.3919995880127,69.47099964141846,73.02499980926514,45.5782417217302,-1.2411214092857676,-1.8533585216420199,0.6122371123562522,68.5777782407437,64.01000003814697,59.44222183555024,65.2893758417824,63.70808369002558,UBX
2020-02-25,69.4000015258789,69.80000305175781,61.29999923706055,62.900001525878906,62.900001525878906,19040,65.30999984741212,63.96500015258789,63.78000011444092,70.10599967956543,69.50099964141846,72.89599983215332,43.6097425586922,-1.3015576918565728,-1.7429983556849304,0.44144066382835767,68.07690565694466,63.78000011444092,59.48309457193718,47.78064455173267,60.523859928405216,UBX
2020-02-26,63.5,66.54000091552734,61.70000076293945,63.29999923706055,63.29999923706055,16300,65.2099998474121,63.864999771118164,63.74500007629395,69.70999969482422,69.52299964904785,72.70199983596802,44.547623981398665,-1.3021668400801047,-1.6548320525639653,0.3526652124838605,68.04556950475872,63.74500007629395,59.444430647829186,31.9872443491693,48.35242158089488,UBX
2020-02-27,62.20000076293945,66.30000305175781,60.5,62.29999923706055,62.29999923706055,16710,64.13000030517578,63.88499984741211,63.72749996185303,69.28399971008301,69.48499965667725,72.54599983215331,42.63833666396142,-1.3675766645848029,-1.5973809749681327,0.22980431038332982,68.04855000935525,63.72749996185303,59.4064499143508,25.965281538872244,35.24439014659149,UBX
2020-02-28,60.79999923706055,63.79999923706055,58.29999923706055,60.099998474121094,60.099998474121094,46120,62.51999969482422,63.624999618530275,63.687499809265134,68.80999961853027,69.42899967193604,72.39899982452393,38.7077926544763,-1.5787373951909487,-1.5936522590126958,0.014914863821747115,68.12572889210948,63.687499809265134,59.24927072642079,22.29141435132883,26.74798007979021,UBX
2020-03-02,60.5,62.29999923706055,59.099998474121094,61.79999923706055,61.79999923706055,15480,62.07999954223633,63.744999694824216,63.82749977111816,68.38599960327149,69.40299964904786,72.24299982070923,43.07465076470919,-1.5905728082212036,-1.5930363688543974,0.002463560633193751,67.81967689947457,63.82749977111816,59.835322642761746,22.128160290259473,23.461618726820266,UBX
2020-03-03,61.70000076293945,62.400001525878906,56.70000076293945,58.099998474121094,58.099998474121094,30470,61.119998931884766,63.21499938964844,63.48249969482422,67.87999954223633,69.35099964141845,72.08099981307983,36.910769080576856,-1.8768761378871304,-1.649804322660944,-0.22707181522618636,68.14589769174373,63.48249969482422,58.81910169790471,18.924646053833907,21.114740231807488,UBX
2020-03-04,59.20000076293945,60.20000076293945,57.5,60.099998474121094,60.099998474121094,17200,60.47999877929688,62.84499931335449,63.23249969482422,67.46799957275391,69.31099964141846,71.93499979019165,41.76199895559818,-1.9202548020084507,-1.7038944185304454,-0.21636038347800524,68.05559862798722,63.23249969482422,58.409400761661225,22.35865084714561,21.13715239707975,UBX
2020-03-05,59.0,61.630001068115234,59.0,61.20000076293945,61.20000076293945,18580,60.25999908447265,62.19499969482422,62.99249973297119,67.23799964904785,69.26599967956543,71.80599979400635,44.298928728209866,-1.8446082189270143,-1.7320371786097593,-0.11257104031725507,67.71756927596368,62.99249973297119,58.26743018997869,23.664106354905886,21.649134418628552,UBX
2020-03-06,60.0,61.0,57.0099983215332,58.099998474121094,58.099998474121094,70070,59.859999084472655,61.189999389648435,62.662499809265135,66.90999961853028,69.19399963378906,71.66349979400634,39.12616779310664,-2.011613406573197,-1.7879524242024467,-0.22366098237075027,67.77081526086654,62.662499809265135,57.55418435766373,23.664106354905886,23.228954518985876,UBX
2020-03-09,55.099998474121094,56.400001525878906,50.0,52.20000076293945,52.20000076293945,36790,57.939999389648435,60.009999465942386,62.08249988555908,66.47999969482422,69.06799961090088,71.48899980545043,31.57032731683307,-2.5901886455745995,-1.9483996684768772,-0.6417889770977223,68.89302727896268,62.08249988555908,55.271972492155484,18.716418616603885,22.014877108805305,UBX
2020-03-10,53.70000076293945,55.400001525878906,52.099998474121094,55.099998474121094,55.099998474121094,22230,57.33999938964844,59.2299991607666,61.59749965667724,66.13199966430665,68.93399959564209,71.36249979019165,37.91663615196868,-2.7826316661728896,-2.11524606801608,-0.6673855981568098,68.92665260833039,61.59749965667724,54.26834670502409,15.8518936315211,19.410806201010377,UBX
2020-03-11,54.099998474121094,55.400001525878906,51.70000076293945,53.900001525878906,53.900001525878906,46940,56.1,58.289999389648436,61.077499580383304,65.77599975585937,68.7499995803833,71.20849981307984,36.41181050705555,-2.997421462613403,-2.2916811469355443,-0.7057403156778586,69.0162950334722,61.077499580383304,53.138704127294396,18.85521723348941,17.807843160538216,UBX
2020-03-12,52.29999923706055,57.20000076293945,48.900001525878906,50.400001525878906,50.400001525878906,35290,53.94000015258789,57.099999618530276,60.49249973297119,65.27399978637695,68.54799961090087,71.01099981307983,32.375823226150835,-3.4107476967179267,-2.5154944568920206,-0.8952532398259061,69.67118515645903,60.49249973297119,51.31381430948335,17.54385713917083,17.416989334727194,UBX
2020-03-13,51.79999923706055,57.400001525878906,46.20000076293945,55.0,55.0,53580,53.32000045776367,56.589999771118165,60.10749969482422,64.93199981689453,68.39599964141846,70.86349981307984,41.546335276229186,-3.3287584269643133,-2.678147250906479,-0.6506111760578341,69.5263247006161,60.10749969482422,50.68867468903234,21.387378693489563,19.262151022050016,UBX
2020-03-16,50.400001525878906,51.5,49.0,50.0,50.0,43620,52.880000305175784,55.40999984741211,59.57749977111816,64.50799987792969,68.19399967193604,70.70149980545044,35.8547268574139,-3.625447649499634,-2.86760733062511,-0.757840318874524,69.96857593385839,59.57749977111816,49.186423608377936,21.049185678402296,19.993473837020975,UBX
2020-03-17,50.0,56.5,49.099998474121094,55.29999923706055,55.29999923706055,22150,52.92000045776367,55.12999992370605,59.172499656677246,64.19399986267089,68.07499969482421,70.56999980926514,44.529443552107026,-3.3937888659142246,-2.972843637682933,-0.42094522823129177,69.56747256091435,59.172499656677246,48.77752675244014,33.7480477201166,25.394870697336234,UBX
2020-03-18,52.5,55.54999923706055,49.20000076293945,50.900001525878906,50.900001525878906,36840,52.32000045776367,54.21000022888184,58.527499771118165,63.749999923706056,67.89999969482422,70.42449981689452,39.72625540678772,-3.524611130767333,-3.083197136299813,-0.44141399446752017,69.28832951895177,58.527499771118165,47.76667002328456,30.22018884030676,28.3391407462753,UBX
2020-03-19,50.20000076293945,54.70000076293945,49.5,51.29999923706055,51.29999923706055,29610,52.5,53.22000007629394,57.70749988555908,63.34599990844727,67.7559997177124,70.26549982070922,40.35610674137206,-3.5550320492814365,-3.1775641188961377,-0.3774679303852988,68.03834058289273,57.70749988555908,47.37665918822543,34.48654725949566,32.818261273306426,UBX
2020-03-20,50.79999923706055,56.0,49.400001525878906,51.900001525878906,51.900001525878906,38800,51.880000305175784,52.60000038146973,56.89499988555908,62.935999908447265,67.58699970245361,70.12499982833862,41.34622245342359,-3.4904894860544786,-3.240149192327806,-0.25034029372667277,66.33014078814261,56.89499988555908,47.45985898297555,31.12373697404883,31.943491024617163,UBX
2020-03-23,53.0,57.20000076293945,52.47999954223633,55.5,55.5,22250,52.98000030517578,52.93000030517578,56.46999988555908,62.575999908447265,67.48999973297119,69.98849981307984,47.0281914747488,-3.1129649273450113,-3.214712339331247,0.10174741198623583,65.33523442630906,56.46999988555908,47.60476534480911,42.31294989990055,35.974411377815095,UBX
2020-03-24,57.099998474121094,59.5,54.5,56.29999923706055,56.29999923706055,34280,53.18000030517578,53.05000038146973,56.13999977111816,62.259999923706054,67.4029997253418,69.85649982452392,48.228426181039595,-2.717890591184961,-3.11534798970199,0.3974573985170289,64.50023774533737,56.13999977111816,47.77976179689896,53.63809002496183,42.358258966303815,UBX
2020-03-25,56.29999923706055,60.599998474121094,53.290000915527344,57.099998474121094,57.099998474121094,34900,54.41999969482422,53.37000007629395,55.82999973297119,61.999999923706056,67.32699974060058,69.72749980926514,49.46160902577456,-2.3135687010241384,-2.95499213196642,0.6414234309422815,63.53975847903252,55.82999973297119,48.120240986909856,66.45923960582974,54.136759843564114,UBX
2020-03-26,57.400001525878906,62.599998474121094,56.79999923706055,57.400001525878906,57.400001525878906,30310,55.64000015258789,54.070000076293944,55.58499984741211,61.719999923706055,67.27699974060059,69.61099983215333,49.94313589873347,-1.9464949686949637,-2.7532926993121287,0.806797730617165,62.748873279860256,55.58499984741211,48.42112641496396,69.13274168175134,63.07669043751438,UBX
2020-03-27,55.70000076293945,59.900001525878906,54.099998474121094,57.5,57.5,29790,56.75999984741211,54.320000076293944,55.454999923706055,61.41799995422363,67.178999710083,69.47849983215332,50.11375682746802,-1.6287422235647782,-2.5283826041626587,0.8996403805978805,62.376696625565074,55.454999923706055,48.533303221847035,70.2812593595683,68.62441354904986,UBX
2020-03-30,58.0,59.900001525878906,56.5,59.5,59.5,17070,57.55999984741211,55.27000007629395,55.339999961853025,61.08799995422363,67.0579997253418,69.33899982452392,53.525707585609894,-1.2016853181372582,-2.2630431469575787,1.0613578288203205,61.90335178342802,55.339999961853025,48.77664814027803,72.76423624671567,70.72607909601184,UBX
2020-03-31,58.0,60.0,55.900001525878906,58.0,58.0,21370,57.9,55.54000015258789,55.33500003814697,60.76999992370605,66.93099975585938,69.19249980926514,50.72364178854804,-0.9730602746468975,-2.0050465724954423,1.0319862978485448,61.890081183324924,55.33500003814697,48.77991889296902,73.983745510655,72.34308037231307,UBX
2020-04-01,57.70000076293945,59.400001525878906,52.0,52.79999923706055,52.79999923706055,27660,57.04000015258789,55.72999992370605,54.97000007629394,60.34999984741211,66.77899974822998,68.99799982070923,42.430950407084374,-1.1976639592732994,-1.8435700498510137,0.6459060905777143,61.22942438884785,54.97000007629394,48.71057576374003,64.43089709829422,70.39295961855504,UBX
2020-04-02,52.0,58.900001525878906,52.0,58.20000076293945,58.20000076293945,24430,57.2,56.420000076293945,54.820000076293944,60.10199989318848,66.63599975585937,68.86349983215332,51.32961809606294,-0.9292175624372803,-1.660699552368267,0.7314819899309868,60.60051838355813,54.820000076293944,49.039481769029756,59.947398558790574,66.12068038924669,UBX
2020-04-03,58.0,59.400001525878906,54.099998474121094,55.099998474121094,55.099998474121094,15390,56.71999969482422,56.739999771118164,54.670000076293945,59.81199989318848,66.42599975585938,68.68899982452393,46.852283914027396,-0.9556005673012749,-1.5196797553548687,0.5640791880535938,60.25465707768839,54.670000076293945,49.0853430748995,50.77847173967573,58.38558913225359,UBX
2020-04-06,57.20000076293945,59.0,56.900001525878906,58.0,58.0,13770,56.41999969482422,56.989999771118164,54.96000003814697,59.58999992370605,66.30649978637695,68.52899982452392,51.14544727733811,-0.7340418246909692,-1.3625521692220888,0.6285103445311195,60.603544535048464,54.96000003814697,49.31645554124548,59.25438792742861,56.66008607529839,UBX
2020-04-07,58.29999923706055,58.900001525878906,56.599998474121094,57.099998474121094,57.099998474121094,15430,56.23999938964844,57.06999969482422,55.060000038146974,59.38199989318848,66.20149978637696,68.35099983215332,49.800949363235624,-0.6238857597565257,-1.2148188873289762,0.5909331275724505,60.78027916046992,55.060000038146974,49.33972091582403,56.14980515312254,55.39422160674238,UBX
2020-04-08,58.79999923706055,62.29999923706055,57.79999923706055,61.5,61.5,13340,57.97999954223633,57.50999984741211,55.439999961853026,59.331999893188474,66.16049980163574,68.21799983978272,55.90399554542549,-0.17947406852972847,-1.0077499235691267,0.8282758550393983,61.77794868847277,55.439999961853026,49.10205123523328,71.89054910488866,62.43158072848002,UBX
2020-04-09,62.400001525878906,66.69999694824219,60.599998474121094,63.599998474121094,63.599998474121094,18030,59.05999908447266,58.12999954223633,56.099999809265135,59.35099983215332,66.16449977874755,68.10149982452393,58.49743956793523,0.33827826376906955,-0.7385442861014875,1.076822549870557,62.93110463674684,56.099999809265135,49.26889498178343,76.30385687598887,68.11473704466677,UBX
2020-04-13,63.099998474121094,66.30000305175781,60.79999923706055,63.099998474121094,63.099998474121094,14630,60.65999908447266,58.689999389648435,56.50499973297119,59.394999771118165,66.14149974822998,67.98899982452393,57.62837957967002,0.7001836151283101,-0.45079870585552795,1.1509823209838381,63.95925286502644,56.50499973297119,49.05074660091594,82.02948543510904,76.74129713866228,UBX
2020-04-14,64.5,67.0,62.599998474121094,65.19999694824219,65.19999694824219,13780,62.099998474121094,59.25999908447265,57.264999580383304,59.51899971008301,66.14549968719483,67.89699981689454,60.29632685717213,1.1432696391701,-0.1319850368504023,1.2752546760205024,65.00535368688337,57.264999580383304,49.52464547388324,80.80725322017742,79.71353184375853,UBX
2020-04-15,64.0999984741211,64.4000015258789,59.709999084472656,61.599998474121094,61.599998474121094,13080,62.99999847412109,59.619998931884766,57.57999954223633,59.45099967956543,66.08649967193604,67.72999980926514,54.01716111238301,1.1902087297097594,0.13245371646163007,1.0577550132481295,65.48584419047172,57.57999954223633,49.67415489400093,75.83672628667982,79.55782164732217,UBX
2020-04-16,61.900001525878906,64.0999984741211,60.20000076293945,61.70000076293945,61.70000076293945,7100,63.039998626708986,60.50999908447265,58.11999950408936,59.3829997253418,66.01049964904786,67.55699979782105,54.1599677230544,1.2213981287595672,0.35024259892121756,0.8711555298383497,65.59036676941435,58.11999950408936,50.64963223876437,72.22221374511713,76.28873108399154,UBX
2020-04-17,63.20000076293945,66.4000015258789,63.06999969482422,64.0,64.0,13300,63.119998931884766,61.08999900817871,58.75499954223633,59.3429997253418,65.96749961853027,67.42649980545043,57.434243975729814,1.415390923236366,0.5632722637842472,0.8521186594521187,65.95263021649158,58.75499954223633,51.55736886798107,69.55555386013448,72.53816463064389,UBX
2020-04-20,64.30000305175781,67.80000305175781,64.30000305175781,67.0,67.0,10750,63.89999923706055,62.2799991607666,59.509999465942386,59.38899978637696,65.95249961853027,67.33349981307984,61.31560839816652,1.7905660081029495,0.8087310126479876,0.9818349954549619,66.83963756974029,59.509999465942386,52.180361362144474,79.86778742558015,73.881851676944,UBX
2020-04-21,65.19999694824219,66.5999984741211,62.099998474121094,64.19999694824219,64.19999694824219,5810,63.699999237060545,62.89999885559082,59.944999313354494,59.396999740600585,65.9044995880127,67.23199979782105,56.16768010193709,1.8407392242188507,1.0151326549621602,0.8256065692566905,67.30366029189369,59.944999313354494,52.5863383348153,84.05061538941929,77.82465222504472,UBX
2020-04-22,64.5,67.69999694824219,62.77000045776367,66.5999984741211,66.5999984741211,9630,64.69999923706055,63.84999885559082,60.45999927520752,59.43299964904785,65.84349960327148,67.15399980545044,59.32033552430704,2.050524752023996,1.2222110743745274,0.8283136776494688,68.15997260041881,60.45999927520752,52.760025949996226,88.18562731799143,84.03467671099703,UBX
2020-04-23,66.30000305175781,67.4000015258789,64.0,65.19999694824219,65.19999694824219,8220,65.39999847412109,64.21999855041504,60.86499919891357,59.45099952697754,65.76549957275391,67.04899980545044,56.755883311175225,2.0798377959376992,1.3937364186871617,0.6861013772505375,68.66686333305323,60.86499919891357,53.063135064773924,83.54735034347222,85.26119768362771,UBX
2020-04-24,65.0999984741211,69.80000305175781,64.5999984741211,68.5999984741211,68.5999984741211,9190,66.31999816894532,64.71999855041504,61.42499904632568,59.580999526977536,65.67949958801269,66.95499979019165,61.148597975734376,2.3503271937072867,1.5850545736911867,0.7652726200161,69.74241965814007,61.42499904632568,53.1075784345113,88.11198492288257,86.61498752811548,UBX
2020-04-27,70.0,72.5,66.69999694824219,67.4000015258789,67.4000015258789,29040,66.39999847412109,65.14999885559082,61.91999912261963,59.67499954223633,65.61349960327148,66.86699979782105,58.875459031344505,2.439738478781436,1.7559913547092365,0.6837471240721995,70.42049279976035,61.91999912261963,53.4195054454789,79.95181998657786,83.87038508431095,UBX
2020-04-28,69.0,72.0,66.2699966430664,67.0999984741211,67.0999984741211,12960,66.97999877929688,65.33999900817871,62.29999904632568,59.80499954223633,65.54799957275391,66.77399980545044,58.29204218744395,2.4580549005223133,1.8964040638718518,0.5616508366504616,71.01068171145933,62.29999904632568,53.589316381192035,74.03296600278513,80.69892363741526,UBX
2020-04-29,69.69999694824219,70.80000305175781,67.19999694824219,69.30000305175781,69.30000305175781,14430,67.51999969482422,66.10999946594238,62.86499919891357,59.92299957275391,65.49799957275391,66.70549982070924,61.31912008791902,2.6198922924040247,2.041101709578286,0.5787905828257385,71.84837855517455,62.86499919891357,53.881619842652604,68.72343925213052,74.23607508049791,UBX
2020-04-30,68.80000305175781,69.9000015258789,64.5999984741211,64.9000015258789,64.9000015258789,9810,67.46000061035156,66.42999954223633,63.46999931335449,59.944999618530275,65.43999961853028,66.62649984359741,53.02947519261123,2.36583437466399,2.106048242595427,0.25978613206856327,71.20333017090421,63.46999931335449,55.73666845580478,59.60812332553453,67.45484286015014,UBX
2020-05-01,64.0999984741211,65.80000305175781,61.29999923706055,64.5,64.5,14280,66.64000091552734,66.47999954223633,63.78499927520752,59.88099967956543,65.36599960327149,66.56149984359742,52.33678260863831,2.107916119388271,2.1064218179539957,0.0014943014342754246,71.13789731523808,63.78499927520752,56.43210123517695,51.00340350109047,59.77832202625192,UBX
2020-05-04,64.5999984741211,65.8499984741211,61.900001525878906,62.70000076293945,62.70000076293945,11490,65.70000076293945,66.04999961853028,64.16499938964844,59.77199966430664,65.24899959564209,66.4844998550415,49.220987522761476,1.738231893416561,2.032783833046509,-0.29455193962994786,70.38087469490775,64.16499938964844,57.94912408438915,33.80246053424045,48.13799578695523,UBX
2020-05-05,64.5,68.69999694824219,61.5,63.099998474121094,63.099998474121094,22660,64.90000076293946,65.93999977111817,64.4199993133545,59.753999633789064,65.07299961090088,66.4244998550415,49.93428738117466,1.4606929936934847,1.918365665175904,-0.4576726714824193,69.98797990431535,64.4199993133545,58.85201872239363,28.13533567740788,37.64706657091301,UBX
2020-05-06,63.099998474121094,67.5,62.70000076293945,66.19999694824219,66.19999694824219,9480,64.27999954223633,65.89999961853027,64.87499923706055,59.81999954223633,64.96299961090088,66.37599983215333,55.18804935990611,1.47389523835664,1.829471579812051,-0.35557634145541117,69.35735397511863,64.87499923706055,60.39264449900247,30.23494848019064,30.724248230613068,UBX
2020-05-07,68.0999984741211,70.0,64.0,67.9000015258789,67.9000015258789,37770,64.87999954223633,66.17000007629395,65.19499931335449,59.9119995880127,64.81099964141846,66.33399982452393,57.80312114059676,1.6030552511850402,1.784188314086649,-0.1811330629016088,69.58064722465788,65.19499931335449,60.8093514020511,42.085261020221914,33.485181725940215,UBX
2020-05-08,68.9000015258789,71.5999984741211,65.9000015258789,70.0,70.0,22370,65.97999954223633,66.31000022888183,65.51499938964844,60.065999603271486,64.67499965667724,66.31199981689453,60.84297707817633,1.853501803317414,1.798051011932802,0.055450791384612064,70.30385188172914,65.51499938964844,60.72614689756772,60.119045794415705,44.1464184316095,UBX
2020-05-11,72.69999694824219,73.5,68.80000305175781,72.0,72.0,22540,67.83999938964844,66.77000007629394,65.95999946594239,60.30399963378906,64.55699962615967,66.31749980926514,63.537112550520526,2.1881422438391667,1.8760692583140748,0.3120729855250919,71.38084890289852,65.95999946594239,60.53915002898625,74.77069320034276,58.9916666716602,UBX
2020-05-12,73.9000015258789,74.4000015258789,69.0999984741211,69.0999984741211,69.0999984741211,18350,69.03999938964844,66.97000007629394,66.15499954223633,60.44999961853027,64.41799961090088,66.31899978637695,57.373004121122264,2.194049678151174,1.9396653422814947,0.25438433586967935,71.73083190055064,66.15499954223633,60.57916718392201,74.97515341883951,69.95496413786607,UBX
2020-05-13,69.0,70.5999984741211,63.0,66.80000305175781,66.80000305175781,20280,69.16000061035156,66.72000007629394,66.41499977111816,60.623999710083005,64.25199962615967,66.31949981689453,52.98274009927763,1.9901991764332934,1.9497721091118545,0.04042706732143886,71.58734014770818,66.41499977111816,61.24265939452814,63.077213972047296,70.9410201970766,UBX
2020-05-14,65.4000015258789,67.19999694824219,63.29999923706055,65.0999984741211,65.0999984741211,11740,68.6,66.73999977111816,66.58499965667724,60.72399971008301,64.09599964141846,66.28549980163574,49.94082847055242,1.672194011612845,1.8942564896120526,-0.22206247799920753,71.33232602840921,66.58499965667724,61.83767328494526,43.51144860336962,60.521271998085545,UBX
2020-05-15,66.0,71.9000015258789,63.5,70.69999694824219,70.69999694824219,47700,68.73999938964843,67.35999946594238,66.91999950408936,60.91399963378906,64.07599964141846,66.28599979400634,58.41133949806686,1.8507118489442291,1.885547561478488,-0.03483571253425888,71.83308448051547,66.91999950408936,62.00691452766326,47.58269082874131,51.39045113471948,UBX
2020-05-18,72.5,73.9000015258789,66.5999984741211,67.19999694824219,67.19999694824219,24870,67.77999877929688,67.80999908447265,66.92999935150146,61.09599960327149,64.00299961090087,66.26849979400635,52.43899151416074,1.6902832388882558,1.8464946969604417,-0.15621145807218584,71.8445088586316,66.92999935150146,62.015489844371324,48.60048682517356,46.564875419094896,UBX
2020-05-19,67.9000015258789,69.5999984741211,66.30000305175781,66.5999984741211,66.5999984741211,18010,67.27999877929688,68.15999908447266,67.04999942779541,61.383999557495116,63.931999626159666,66.26149978637696,51.467480711601624,1.4974656947391622,1.7766888965161858,-0.27922320177702353,71.80667905899655,67.04999942779541,62.29331979659427,52.417280051437196,49.53348590178408,UBX
2020-05-20,68.0999984741211,72.5,66.9000015258789,71.0,71.0,17100,68.11999816894532,68.63999938964844,67.26999950408936,61.7019995880127,63.916999626159665,66.28299980163574,57.662042264357716,1.6803299548663517,1.7574171081862189,-0.07708715331986715,72.32097977647499,67.26999950408936,62.219019231703726,53.18064646197562,51.39947111286219,UBX
2020-05-21,70.19999694824219,71.9000015258789,68.0,71.30000305175781,71.30000305175781,12110,69.35999908447266,68.97999954223633,67.57499980926514,62.04999961853027,63.91299968719483,66.29249980926514,58.05515208169896,1.82838248240121,1.771610183029217,0.05677229937199302,72.82204703318078,67.57499980926514,62.32795258534949,63.49093456899999,56.362953694137666,UBX
2020-05-22,71.5,77.5,70.4000015258789,73.4000015258789,73.4000015258789,31260,69.9,69.31999969482422,67.81499996185303,62.50999961853027,63.89199970245361,66.31949981689453,60.79899459292768,2.0910630306002673,1.835500752543427,0.2555622780568403,73.6354044859514,67.81499996185303,61.99459543775467,74.7966036231043,63.822728218026704,UBX
2020-05-26,76.69999694824219,80.9000015258789,75.0,77.9000015258789,77.9000015258789,29720,72.04000091552734,69.90999984741211,68.33999996185302,62.967999649047854,63.94999973297119,66.35099983215332,65.94056938617699,2.632011459752235,1.9948028939851885,0.6372085657670463,75.62571306305739,68.33999996185302,61.05428686064866,77.95350022110084,72.0803461377351,UBX
2020-05-27,80.0999984741211,80.3499984741211,74.0,76.5999984741211,76.5999984741211,19200,74.04000091552734,70.65999984741211,68.81499996185303,63.499999618530275,64.00399974822999,66.38849983215331,63.355342084735064,2.922133074363529,2.1802689300608566,0.7418641443026726,76.90926396419903,68.81499996185303,60.72073595950704,77.95637745811577,76.90216043410703,UBX
2020-05-28,78.0999984741211,84.0999984741211,77.5,78.5,78.5,41580,75.54000091552734,71.82999954223632,69.27499980926514,63.963999633789065,64.07899974822998,66.44699981689453,65.48517704762276,3.2677027451477443,2.397755693078234,0.8699470520695103,78.40645696842306,69.27499980926514,60.143542650107214,77.65128126325571,77.85371964749083,UBX
2020-05-29,81.80000305175781,83.9000015258789,79.0999984741211,81.80000305175781,81.80000305175781,36600,77.64000091552734,73.5,70.11999988555908,64.58199966430664,64.16599979400635,66.52949981689453,68.86946241235992,3.7644575426813276,2.6710960629988527,1.0933614796824749,80.51588506108679,70.11999988555908,59.72411471003137,79.51230218510908,78.37332030216025,UBX
2020-06-01,85.5999984741211,96.62000274658203,84.0,93.80000305175781,93.80000305175781,95210,81.72000122070312,75.81000061035157,71.58500003814697,65.43199974060059,64.38899982452392,66.67299983978272,77.50657387999253,5.068018053083065,3.1504804610156953,1.91753759206737,85.91403200272596,71.58500003814697,57.25596807356799,84.72380171723638,80.62912838853379,UBX
2020-06-02,101.5999984741211,103.80000305175781,88.80000305175781,94.9000015258789,94.9000015258789,86800,85.12000122070313,78.58000106811524,73.19500007629395,66.29199974060059,64.61399982452393,66.8384998512268,78.1062242278148,6.119320119816791,3.7442483927759147,2.3750717270408765,90.16208506462034,73.19500007629395,56.22791508796756,86.29931886702457,83.51180758979007,UBX
2020-06-03,95.30000305175781,95.5999984741211,86.19999694824219,87.4000015258789,87.4000015258789,51150,87.28000183105469,80.66000137329101,74.41000022888184,66.92999977111816,64.75299983978272,66.96599985122681,65.3199949993835,6.274963390108837,4.250391392242499,2.024571997866338,91.7867569252537,74.41000022888184,57.033243532509985,76.43486083802168,82.48599380742759,UBX
2020-06-04,85.30000305175781,91.0,85.30000305175781,87.4000015258789,87.4000015258789,27720,89.06000213623047,82.30000152587891,75.47000045776367,67.55199981689454,64.90599987030029,67.0969998550415,65.3199949993835,6.325396568940391,4.665392427582078,1.6600041413583133,93.29482773068723,75.47000045776367,57.64517318484012,65.66588516700499,76.13335495735048,UBX
2020-06-05,88.5999984741211,91.5999984741211,79.30000305175781,80.30000305175781,80.30000305175781,53660,88.76000213623047,83.2000015258789,76.09000053405762,68.01599990844727,65.00799991607666,67.194499874115,55.368546033647114,5.7264438071954515,4.877602703504753,0.8488411036906989,93.6795336482989,76.09000053405762,58.50046741981635,52.04823881094026,64.71632827198904,UBX
2020-06-08,81.0999984741211,85.77999877929688,79.88999938964844,83.19999694824219,83.19999694824219,36920,86.64000091552734,84.18000106811523,76.75000038146973,68.53199981689453,65.12599987030029,67.3004998588562,58.17162106518129,5.4232587484858215,4.986733912500966,0.43652483598485503,94.36652854350079,76.75000038146973,59.13347221943867,47.23506464580867,54.983062874584704,UBX
2020-06-09,83.4000015258789,88.69999694824219,82.80000305175781,85.9000015258789,85.9000015258789,30800,84.84000091552734,84.98000106811523,77.44500045776367,69.0999998474121,65.25899990081787,67.4279998588562,60.64958566267974,5.339302059126112,5.057247541825996,0.2820545173001161,95.35147882519237,77.44500045776367,59.53852209033497,44.6301654999618,47.97115631890364,UBX
2020-06-10,88.30000305175781,90.80000305175781,87.5999984741211,88.80000305175781,88.80000305175781,51970,85.12000122070313,86.2000015258789,78.43000068664551,69.68599990844727,65.38699993133545,67.57449987411499,63.17311010874707,5.4440164321009945,5.134601319880995,0.30941511221999907,96.5578927560539,78.43000068664551,60.302108617237124,51.55257513249069,47.80593509275378,UBX
2020-06-11,88.0,89.5,85.0,87.0,87.0,34440,85.04000091552734,87.05000152587891,79.44000053405762,70.26599990844727,65.51799991607666,67.7174998664856,60.57641206052289,5.320427547173551,5.171766565339507,0.14866098183404475,97.10855114698887,79.44000053405762,61.77144992112636,53.09722232339038,49.75998765194768,UBX
2020-06-12,88.80000305175781,89.1500015258789,81.80000305175781,84.4000015258789,84.4000015258789,31920,85.86000061035156,87.31000137329102,80.40500068664551,70.89799995422364,65.62399990081786,67.85849987030029,56.935920137784414,4.9555597100819995,5.128525194288005,-0.17296548420600555,96.90487855697266,80.40500068664551,63.905122816318354,47.56682819991115,50.738875218597464,UBX
2020-06-15,82.69999694824219,84.30000305175781,81.0,82.69999694824219,82.69999694824219,42820,85.76000061035157,86.20000076293945,81.0050006866455,71.38799987792969,65.74499988555908,67.9774998474121,54.62436320957536,4.477608079841744,4.998341771398753,-0.5207336915570089,96.91166444091463,81.0050006866455,65.09833693237637,37.93151333691227,46.19852128673799,UBX
2020-06-16,84.5,89.69999694824219,84.0,87.30000305175781,87.30000305175781,51220,86.04000091552734,85.44000091552735,82.01000099182129,72.03199996948243,65.92199993133545,68.1139998626709,59.42471266609884,4.419069733012691,4.88248736372154,-0.46341763070884934,96.80160789065594,82.01000099182129,67.21839409298663,33.78543758057063,39.761259705798075,UBX
2020-06-17,87.69999694824219,89.19999694824219,85.0,86.30000305175781,86.30000305175781,28120,85.54000091552734,85.33000106811524,82.99500122070313,72.59800003051758,66.09399997711182,68.2404998779297,57.98850155107675,4.243074507058154,4.754604792388863,-0.5115302853307089,96.07544161320538,82.99500122070313,69.91456082820088,31.868931012565742,34.52862731001627,UBX
2020-06-18,85.9000015258789,94.80000305175781,85.9000015258789,91.4000015258789,91.4000015258789,94400,86.42000122070313,85.73000106811523,84.01500129699707,73.28400009155274,66.3329999923706,68.39799987792969,62.91165504246353,4.463669869193936,4.696417807749877,-0.23274793855594123,96.35554891079101,84.01500129699707,71.67445368320313,38.59997475657917,34.751447783238575,UBX
2020-06-19,94.30000305175781,98.0,90.4000015258789,96.69999694824219,96.69999694824219,101140,88.88000030517578,87.37000045776367,85.28500099182129,73.98800003051758,66.65999996185303,68.5724998664856,67.21179838491686,5.008424618301447,4.758819169860191,0.24960544844125643,97.35500949919332,85.28500099182129,73.21499248444927,49.85264760879832,40.107184459314475,UBX
2020-06-22,95.0,95.44000244140625,90.66999816894531,94.80000305175781,94.80000305175781,48960,91.30000152587891,88.53000106811524,86.35500106811523,74.61200012207031,66.98149997711181,68.726999874115,64.33217870179666,5.226584243457566,4.852372184579666,0.3742120588778999,97.79886034259053,86.35500106811523,74.91114179363993,67.76528206219672,52.07263480919147,UBX
2020-06-23,94.5999984741211,97.0,91.30000305175781,92.0999984741211,92.0999984741211,39760,92.26000061035157,89.15000076293946,87.06500091552735,75.19200012207031,67.29349994659424,68.8509998512268,60.373648032477924,5.122559832546671,4.906409714173067,0.2161501183736032,98.07631834569183,87.06500091552735,76.05368348536287,74.11909395495147,63.912341208648904,UBX
2020-06-24,90.9000015258789,94.4000015258789,88.5999984741211,92.80000305175781,92.80000305175781,31330,93.56000061035157,89.55000076293945,87.87500114440918,75.74400024414062,67.63149997711182,68.9554998588562,61.042936028592635,5.038523296487256,4.932832430635905,0.10569086585135068,98.03863753821425,87.87500114440918,77.71136475060412,74.50980792146152,72.1313946462033,UBX
2020-06-25,92.80000305175781,94.69999694824219,89.30000305175781,91.30000305175781,91.30000305175781,22990,93.54000091552734,89.98000106811523,88.51500129699707,76.33800033569337,67.89450000762939,69.0324998664856,58.752945684225786,4.795605516993547,4.905387047907434,-0.10978153091388698,97.81172664981682,88.51500129699707,79.21827594417732,67.88186435620429,72.17025541087249,UBX
2020-06-26,91.0999984741211,91.0999984741211,84.0999984741211,85.0,85.0,124260,91.2000015258789,90.04000091552734,88.67500114440918,76.80400032043457,68.09350002288818,69.0654998588562,50.229901367273534,4.0480701982529155,4.73392367797653,-0.6858534797236144,97.60693872916305,88.67500114440918,79.74306355965531,52.90860676036362,65.10009301267654,UBX
2020-06-29,84.80000305175781,90.55000305175781,83.30999755859375,86.69999694824219,86.69999694824219,32550,89.58000030517579,90.44000091552735,88.3200008392334,77.25800025939941,68.3004999923706,69.09499982833863,52.24312965809518,3.551874816783098,4.4975139057378435,-0.9456390889547457,96.96883934831357,88.3200008392334,79.67116233015324,40.0208963145978,53.60378914372197,UBX
2020-06-30,86.69999694824219,89.0999984741211,85.80000305175781,86.80000305175781,86.80000305175781,18880,88.52000122070312,90.39000091552734,87.91500091552734,77.65400032043458,68.52150005340576,69.1309998512268,52.365200492435385,3.1306182405070473,4.224134772691684,-1.093516532184637,96.03590632384712,87.91500091552734,79.79409550720757,30.392156862745043,41.10721997923555,UBX
2020-07-01,86.9000015258789,87.76000213623047,83.5,83.5999984741211,83.5999984741211,13910,86.68000030517578,90.12000045776367,87.72500076293946,78.04200035095215,68.71950004577637,69.17649984359741,48.126173665847475,2.5096263327812096,3.8812330847095895,-1.3716067519283799,96.06019774672694,87.72500076293946,79.38980377915198,27.647055831609933,32.68670300298432,UBX
2020-07-02,84.5999984741211,89.5999984741211,83.5999984741211,89.5999984741211,89.5999984741211,30260,86.33999938964844,89.94000015258788,87.83500061035156,78.50200035095214,68.9675,69.26549982070922,55.414133058014784,2.47312695968796,3.5996118597052638,-1.1264849000173038,96.20811874372309,87.83500061035156,79.46188247698002,33.33333333333328,30.457515342562818,UBX
2020-07-06,90.0999984741211,93.4000015258789,87.9000015258789,88.69999694824219,88.69999694824219,34030,87.07999877929687,89.14000015258789,88.25500030517578,78.97200035095214,69.21149993896485,69.35949979782104,54.184406202602496,2.3445518082235566,3.3485998494089224,-1.0040480411853658,95.88375606165974,88.25500030517578,80.62624454869183,34.19131723130936,31.72390213208426,UBX
2020-07-07,87.9000015258789,89.0,79.80000305175781,81.0,81.0,41690,85.93999938964843,87.7599998474121,88.14500045776367,79.22000038146973,69.40049995422363,69.41599981307984,44.98626552834044,1.6028529807694696,2.999450475681032,-1.3965974949115623,96.1178235853808,88.14500045776367,80.17217733014654,31.291077984569085,32.938576183070644,UBX
2020-07-08,80.9000015258789,81.9000015258789,77.4000015258789,81.0,81.0,41840,84.77999877929688,86.65,87.90000038146972,79.49200035095215,69.58349994659424,69.47599981307984,44.98626552834044,1.003483779991825,2.6002571365431906,-1.5967733565513655,96.41633825300755,87.90000038146972,79.3836625099319,20.253576559322195,28.578657258400284,UBX
2020-07-09,81.19999694824219,82.9000015258789,78.0999984741211,78.80000305175781,78.80000305175781,25340,83.81999969482422,85.25,87.40000038146972,79.72600044250488,69.76549999237061,69.53099981307983,42.59052586333968,0.3469584811753066,2.149597405469614,-1.8026389242943073,96.77699350618929,87.40000038146972,78.02300725675016,10.288412463044304,20.611022335645263,UBX
2020-07-10,78.80000305175781,78.80000305175781,75.5,76.0,76.0,29170,81.1,83.71999969482422,86.85000038146973,79.86000038146973,69.89149997711182,69.59999980926514,39.69320273645504,-0.39472920129895783,1.6407320841158994,-2.0354612854148573,97.46498986519035,86.85000038146973,76.2350108977491,8.86580928446734,13.135932768944683,UBX
2020-07-13,76.5999984741211,78.5,73.80000305175781,73.9000015258789,73.9000015258789,28680,78.14000091552734,82.60999984741211,86.32500038146972,80.04000038146972,69.9925,69.65799982070922,37.625846276885795,-1.1388464467423063,1.0848163779442581,-2.2236628246865644,98.32147890364391,86.32500038146972,74.32852185929553,3.184244591058558,7.4461554461901365,UBX
2020-07-14,74.0999984741211,77.30000305175781,72.5,77.0,77.0,35710,77.34000091552734,81.64000015258789,86.04000053405761,80.29000038146972,70.08550003051758,69.73399982452392,42.3954591072579,-1.461572655957582,0.5755385711638901,-2.037111227121472,98.62386296677624,86.04000053405761,73.45613810133898,7.675627471498728,6.575227115674944,UBX
2020-07-15,79.0,82.5,78.23999786376953,80.69999694824219,80.69999694824219,32880,77.28000030517578,81.02999954223633,85.71000022888184,80.65000030517578,70.2109999847412,69.82599981307983,47.550632585483534,-1.4026082752156697,0.1799092018879781,-1.5825174771036479,98.48902989902113,85.71000022888184,72.93097055874254,19.212743095673414,10.024205052743634,UBX
2020-07-16,87.5999984741211,90.80000305175781,86.0,87.80000305175781,87.80000305175781,56990,79.08000030517579,81.45,85.78500022888184,81.14400039672852,70.44900001525879,69.95999982833862,55.73665349724741,-0.7740447176563379,-0.0108815820208851,-0.7631631356354528,98.59457090880787,85.78500022888184,72.97542954895582,43.470984069495906,23.45311821222275,UBX
2020-07-17,88.69999694824219,91.27999877929688,88.0999984741211,88.5999984741211,88.5999984741211,51120,81.6,81.35,85.64500007629394,81.59200042724609,70.70599998474121,70.10349981307984,56.559355060933605,-0.20894207085972027,-0.050493679788652136,-0.15844839107106815,98.26585170937388,85.64500007629394,73.024148443214,62.39205301657987,41.6919267272498,UBX
2020-07-20,90.5,94.4000015258789,89.30000305175781,91.0,91.0,52950,85.01999969482422,81.58000030517579,85.36000022888183,82.05400039672851,70.98299999237061,70.25299982070923,59.02015917290589,0.4276363874796516,0.04513233366500862,0.382504053814643,97.20287192289824,85.36000022888183,73.51712853486542,78.23803691361407,61.367024666563346,UBX
2020-07-21,93.0,96.19999694824219,87.19999694824219,89.4000015258789,89.4000015258789,61190,87.5,82.42000045776368,85.09000015258789,82.4420004272461,71.25400001525878,70.36949983596801,56.71361975690034,0.7938716388130445,0.19488019469461582,0.5989914441184286,96.28837508973413,85.09000015258789,73.89162521544165,77.60546411832937,72.74518468284117,UBX
2020-07-22,90.80000305175781,92.05000305175781,86.0999984741211,86.4000015258789,86.4000015258789,27340,88.64000091552734,82.96000061035156,84.80500030517578,82.73000045776367,71.51700004577637,70.4729998588562,52.56553198087182,0.8324448797287971,0.3223931317014521,0.510051748027345,95.556460996953,84.80500030517578,74.05353961339856,71.47757182564467,75.77369095252944,UBX
2020-07-23,86.80000305175781,87.76000213623047,84.30000305175781,84.69999694824219,84.69999694824219,26500,88.01999969482422,83.55,84.4,83.0420004272461,71.74600002288818,70.57449983596801,50.319527370339834,0.7175666277603767,0.401427830913237,0.3161387968471397,94.50722500865007,84.4,74.29277499134994,60.47820750625209,69.85374781674211,UBX
2020-07-24,84.69999694824219,84.73999786376953,81.80000305175781,82.4000015258789,82.4000015258789,19120,86.78000030517578,84.19000015258788,83.95499992370605,83.35400039672851,71.98900005340576,70.66999984741211,47.370498024004114,0.43590948351955205,0.4083241614345,0.027585322085052044,93.58006550583684,83.95499992370605,74.32993434157527,50.63291791221104,60.86289908136934,UBX
2020-07-27,83.0,88.69999694824219,82.80000305175781,88.19999694824219,88.19999694824219,36900,86.21999969482422,85.61999969482422,84.11499977111816,83.81600036621094,72.27000003814697,70.79049983978271,54.59677502684095,0.6729479998325587,0.46124892911411175,0.21169907071844696,93.90913488206105,84.11499977111816,74.32086466017527,53.16455736951315,54.758560929325505,UBX
2020-07-28,95.0,95.80000305175781,89.80000305175781,92.30000305175781,92.30000305175781,115520,86.8,87.15,84.39500007629394,84.24800048828125,72.58100006103516,70.92349987030029,58.89349843348316,1.178059027995488,0.604610948890387,0.5734480791051009,94.77160335229341,84.39500007629394,74.01839680029447,63.85373751316897,55.88373759829779,UBX
2020-07-29,92.30000305175781,94.19999694824219,89.80000305175781,92.4000015258789,92.4000015258789,28110,88.0,88.32000045776367,84.675,84.75200057983399,72.92400009155273,71.0589998626709,58.995422464429815,1.56835319867416,0.7973593988471416,0.7709937998270183,95.58460574436842,84.675,73.76539425563158,77.91843693322761,64.97891060530331,UBX
2020-07-30,91.0,96.30000305175781,90.0,95.5,95.5,27850,90.16000061035156,89.09000015258789,85.27000007629394,85.33000061035156,73.35700008392334,71.2124998474121,62.13023433109067,2.1035595844785036,1.0585994359734139,1.0449601485050897,97.13627145690339,85.27000007629394,73.40372869568449,88.04974415950232,76.60730620196638,UBX
2020-07-31,98.30000305175781,101.37999725341797,92.4000015258789,94.30000305175781,94.30000305175781,82210,92.54000091552734,89.66000061035156,85.50500030517578,85.79600067138672,73.74900012969971,71.3414998626709,60.21129838805788,2.4031823856394823,1.3275160259066277,1.0756663597328546,97.88021382132584,85.50500030517578,73.12978678902573,85.3632291118517,83.77713673486062,UBX
2020-08-03,95.5999984741211,101.80000305175781,95.5999984741211,99.5999984741211,99.5999984741211,51210,94.82000122070312,90.52000045776367,86.05000038146973,86.36200057983399,74.20600009918213,71.47799983978271,65.3077713277727,3.0333345582972697,1.668679732384756,1.3646548259125137,99.82134756336639,86.05000038146973,72.27865319957307,87.59518240168181,87.00271855767869,UBX
2020-08-04,100.80000305175781,104.0,98.19999694824219,102.30000305175781,102.30000305175781,47360,96.82000122070312,91.81000061035157,87.11500053405761,86.94000061035156,74.72500011444092,71.6364998626709,67.58560282402993,3.7078605908372424,2.0765159040752534,1.631344686761989,102.37360854693338,87.11500053405761,71.85639252118185,86.16308639023032,86.37383263458803,UBX
2020-08-05,104.69999694824219,109.4000015258789,101.5,105.05000305175781,105.05000305175781,53160,99.35000152587891,93.67500076293945,88.3175006866455,87.48300064086914,75.2255001449585,71.81074989318847,69.76320258565829,4.413453800481534,2.5439034833565097,1.8695503171250243,105.1666938061507,88.3175006866455,71.4683075671403,89.08120399128673,87.6131575943997,UBX
2020-08-06,107.0,112.0999984741211,103.51000213623047,106.5999984741211,106.5999984741211,85800,101.57000122070312,95.86500091552735,89.70750045776367,88.08300064086914,75.79150012969971,71.99274990081787,70.94788062043335,5.039619581895849,3.0430467030643777,1.9965728788314712,107.73249155754881,89.70750045776367,71.68250935797853,86.14322406815627,87.12917148322451,UBX
2020-08-07,107.5,108.4000015258789,101.69999694824219,104.30000305175781,104.30000305175781,47240,103.57000122070312,98.05500106811523,91.12250061035157,88.5990007019043,76.28150016784667,72.17824993133544,66.7675446142145,5.289298327580127,3.4922970279675276,1.7970012996125995,109.06408680141247,91.12250061035157,73.18091441929066,80.1149180431046,85.11311536751593,UBX
2020-08-10,106.9000015258789,154.39999389648438,106.0,119.80000305175781,119.80000305175781,725740,107.61000213623046,101.21500167846679,93.41750068664551,89.3590007019043,76.97050018310547,72.43524993896484,76.7218287471742,6.6611059109215915,4.12605880455834,2.535047106363251,113.56667803866031,93.41750068664551,73.26832333463071,69.48240781134962,78.5801833075369,UBX
2020-08-11,122.0,122.9000015258789,113.0999984741211,117.80000305175781,117.80000305175781,141750,110.71000213623047,103.7650016784668,95.4575008392334,89.8390007019043,77.63550022125244,72.69574996948242,73.65606220434954,7.500429733643003,4.800932990375273,2.69949674326773,116.7726917609786,95.4575008392334,74.1423099174882,58.72860815685707,69.4419780037705,UBX
2020-08-12,119.5,121.55999755859375,112.0999984741211,117.69999694824219,117.69999694824219,56720,113.24000091552735,106.29500122070313,97.3075008392334,90.29500061035156,78.29350017547607,72.94024993896484,73.49790961177428,8.06456694565263,5.453659781430744,2.610907164221885,119.57937337936312,97.3075008392334,75.03562829910368,50.4591403836093,59.55671878393873,UBX
2020-08-13,119.80000305175781,124.0999984741211,109.0999984741211,117.19999694824219,117.19999694824219,84020,115.36000061035156,108.46500091552734,98.77750053405762,90.89100051879883,78.91050014495849,73.20024993896484,72.65791035196392,8.374764853117114,6.037880795768018,2.3368840573490957,122.196648415359,98.77750053405762,75.35835265275625,49.026835703468386,52.73819474797832,UBX
2020-08-14,118.0,124.5999984741211,115.30000305175781,124.30000305175781,124.30000305175781,68740,119.36000061035156,111.46500091552734,100.56250076293945,91.6290005493164,79.59050018310546,73.49674995422363,76.72566379004714,9.08874073926728,6.64805278446787,2.44068795479941,125.96476250348206,100.56250076293945,75.16023902239684,50.29976810730519,49.9285813981277,UBX
2020-08-17,51.599998474121094,52.5,40.5,41.5,41.5,2345800,103.7,105.65500106811524,98.08750076293946,90.85300048828125,79.43450019836426,73.38074996948242,26.748216823644437,2.9394197144382304,5.906326170461942,-2.966906456023712,134.1452310941906,98.08750076293946,62.029770431688334,34.109411284360256,44.47867169837801,UBX
2020-08-18,38.79999923706055,39.70000076293945,31.5,32.599998474121094,32.599998474121094,1179530,86.65999908447266,98.68500061035157,95.24750061035157,89.84100051879882,79.18650016784667,73.23174995422363,24.87278114925078,-2.6218936855912602,4.200682199251302,-6.822575884842562,141.18795746246883,95.24750061035157,49.3070437582343,18.392859638269467,34.26734634331171,UBX
2020-08-19,33.400001525878906,33.900001525878906,30.850000381469727,31.950000762939453,31.950000762939453,484060,69.5099998474121,91.37500038146973,92.52500057220459,88.76200050354004,78.93100017547607,73.05499994277955,24.73637004121659,-7.001020597781647,1.9603416398447124,-8.961362237626359,146.06504725996058,92.52500057220459,38.984953884448615,0.8877755828722768,17.796682168500734,UBX
2020-08-20,31.799999237060547,31.899999618530273,28.700000762939453,30.200000762939453,30.200000762939453,377520,52.11000061035156,83.73500061035156,89.80000076293945,87.59000045776367,78.63800018310548,72.84799995422364,24.34918311151781,-10.491777915335021,-0.5300822711912345,-9.961695644143786,149.81224190911794,89.80000076293945,29.787759616760958,0.9928936878804139,6.757842969674122,UBX
2020-08-21,30.200000762939453,30.799999237060547,29.299999237060547,29.799999237060547,29.799999237060547,204930,33.20999984741211,76.28500022888184,87.17000064849853,86.44600044250488,78.35600017547607,72.64349996566773,24.255727087707502,-13.13904627257277,-3.0518750714675416,-10.087171201105228,152.61348408160006,87.17000064849853,21.72651721539698,0.9862479742116183,0.9556390816548382,UBX
2020-08-24,29.700000762939453,32.900001525878906,27.200000762939453,31.899999618530273,31.899999618530273,505160,31.289999771118165,67.49499988555908,84.35500078201294,85.3960004043579,78.14700017929077,72.46299996376038,25.864488356486582,-14.895862803823292,-5.420672617938692,-9.4751901858846,154.08229135866176,84.35500078201294,14.62771020536411,1.9211278726208947,1.3000898449043776,UBX
2020-08-25,31.299999237060547,33.20000076293945,30.309999465942383,31.700000762939453,31.700000762939453,224190,31.110000228881837,58.884999656677245,81.32500066757203,84.37600048065185,77.88200017929077,72.25899996757508,25.808268014711448,-16.118486914464732,-7.5602354772439,-8.558251437220832,154.58519887625042,81.32500066757203,8.064802458893638,2.702600723423867,1.8699921900855287,UBX
2020-08-26,31.600000381469727,32.29999923706055,31.100000381469727,31.399999618530273,31.399999618530273,82160,31.0,50.25499992370605,78.27500057220459,83.25800041198731,77.64500019073486,72.03549997329712,25.71796416587705,-16.916628552105742,-9.431514092216268,-7.485114459889473,154.45778508678467,78.27500057220459,2.0922160576244977,3.511529988085496,2.711752861376821,UBX
2020-08-27,31.5,32.20000076293945,30.200000762939453,31.100000381469727,31.100000381469727,97720,31.179999923706056,41.645000267028806,75.05500059127807,82.15400035858154,77.37600019454956,71.84124999046325,25.6214185640368,-17.37310266828964,-11.019831807430943,-6.3532708608586965,153.46481543883357,75.05500059127807,-3.3548142562774217,3.3018865708303182,3.172005760779962,UBX
2020-08-28,30.700000762939453,31.700000762939453,30.200000762939453,30.200000762939453,30.200000762939453,105410,31.260000228881836,32.23500003814697,71.85000047683715,80.93000034332276,77.10700021743774,71.65425000190734,25.314395971290253,-17.604549849475575,-12.33677541583987,-5.267774433635704,152.07051617870076,71.85000047683715,-8.370515225026452,3.149335293454929,3.320917284123649,UBX
2020-08-31,30.100000381469727,31.700000762939453,29.100000381469727,31.399999618530273,31.399999618530273,123810,31.160000228881835,31.225,68.44000053405762,79.62400039672852,76.80600021362305,71.4832500076294,26.577729904488436,-17.489535055947613,-13.367327343861419,-4.122207712086194,149.44646186370386,68.44000053405762,-12.566460795588611,3.4860779084899214,3.3124332575917914,UBX
2020-09-01,31.399999618530273,31.690000534057617,29.700000762939453,30.100000381469727,30.100000381469727,126850,30.84000015258789,30.975000190734864,64.83000040054321,78.33000034332275,76.47100023269654,71.31775000572205,26.063379668843627,-17.3038164525109,-14.154625165591316,-3.149191286919585,145.91396639589848,64.83000040054321,-16.25396559481206,3.4565361777763144,3.3639831265737903,UBX
2020-09-02,30.0,31.100000381469727,29.700000762939453,30.899999618530273,30.899999618530273,86730,30.74000015258789,30.870000076293945,61.12250022888183,77.10600036621094,76.14900024414062,71.1452499961853,26.99964127111734,-16.8972983317336,-14.703159798819772,-2.194138532913829,141.28699722976864,61.12250022888183,-19.041996772004964,3.696097735627172,3.546237273964538,UBX
2020-09-03,30.799999237060547,31.0,28.799999237060547,29.399999618530273,29.399999618530273,150190,30.4,30.789999961853027,57.262500286102295,75.83800029754639,75.79100027084351,70.96824997901916,26.326483535425822,-16.50589754386838,-15.063707347829494,-1.4421901960388848,135.71229965383657,57.262500286102295,-21.187299081631977,5.157275734518507,4.1033032159740666,UBX
2020-09-04,29.559999465942383,31.299999237060547,28.399999618530273,30.299999237060547,30.299999237060547,134020,30.41999969482422,30.839999961853028,53.56250009536743,74.61800022125244,75.4780002784729,70.78224997520446,27.494543894872752,-15.939348267067075,-15.23883553167701,-0.7005127353900651,129.73664908615112,53.56250009536743,-22.611648895416245,12.431467529068037,7.0949469997379735,UBX
2020-09-08,30.0,31.5,28.700000762939453,30.850000381469727,30.850000381469727,89100,30.309999847412108,30.73500003814697,49.11499996185303,73.53500022888184,75.1695002746582,70.58999996185302,28.243269148860524,-15.269950898884503,-15.245058605118508,-0.02489229376599411,119.46462763528754,49.11499996185303,-21.23462771158148,29.324411916339916,15.637718393308887,UBX
2020-09-09,30.899999618530273,32.20000076293945,30.600000381469727,31.600000381469727,31.600000381469727,81270,30.60999984741211,30.725,44.80499982833862,72.43300029754639,74.8455002784729,70.40649994850159,29.315183976591115,-14.511648677101753,-15.098376619515157,0.586727942413404,107.99198283398154,44.80499982833862,-18.381983177304292,50.8703049372481,30.87539479421875,UBX
2020-09-10,32.0,32.20000076293945,29.600000381469727,30.200000762939453,30.200000762939453,116670,30.470000076293946,30.60500011444092,40.43000001907349,71.30100025177002,74.4775002861023,70.21499995231629,28.46052687246224,-13.8638432173302,-14.851469939078166,0.9876267217479668,94.2441004626286,40.43000001907349,-13.384100424481616,59.270309006258515,46.48834195328224,UBX
2020-09-11,30.299999237060547,30.600000381469727,28.700000762939453,29.399999618530273,29.399999618530273,80360,30.470000076293946,30.435000038146974,36.04000015258789,70.2170002746582,74.12950031280518,70.01699995040893,27.958915948777168,-13.262128567008148,-14.533601664664163,1.2714730976560151,76.83797445652051,36.04000015258789,-4.757974151344726,53.33332485622824,54.49131293324501,UBX
2020-09-14,29.700000762939453,31.5,29.579999923706055,31.149999618530273,31.149999618530273,77490,30.64000015258789,30.529999923706054,31.382499980926514,69.04800029754638,73.77500032424926,69.80924996376038,30.83081285515794,-12.499963202032085,-14.126873972137748,1.6269107701056633,36.33449701248493,31.382499980926514,26.430502949368098,47.986100200150766,53.529911354212565,UBX
2020-09-15,33.0,37.400001525878906,31.600000381469727,35.29999923706055,35.29999923706055,334460,31.529999923706054,30.919999885559083,31.07249994277954,67.98000034332276,73.47600034713746,69.62074995994568,37.2221234022719,-11.42932127184578,-13.587363432079353,2.158042160233574,33.66758631188768,31.07249994277954,28.477413573671395,56.87498226026205,52.73146910554707,UBX
2020-09-16,35.70000076293945,36.900001525878906,33.54999923706055,36.5,36.5,149900,32.50999984741211,31.559999847412108,31.267500019073488,67.09000034332276,73.15500036239624,69.41724997520447,38.977952226590844,-10.364524014720644,-12.942795548607611,2.5782715338869675,34.73265141052629,31.267500019073488,27.80234862762069,74.65276145089172,59.8379479704349,UBX
2020-09-17,35.900001525878906,36.70000076293945,34.5,36.599998474121094,36.599998474121094,82630,33.789999389648436,32.12999973297119,31.499999904632567,66.20200031280518,72.84700033187866,69.23024996757508,39.13073351034728,-9.404189829411003,-12.23507440476829,2.8308845753572864,35.66953175846097,31.499999904632567,27.330468050804164,85.92590347730062,72.48454906281819,UBX
2020-09-18,36.900001525878906,41.0,36.5,38.400001525878906,38.400001525878906,234940,35.589999771118165,33.02999992370606,31.909999942779542,65.39400028228759,72.56000036239624,69.05399996757507,41.94823006973539,-8.401031009675918,-11.468265725749815,3.067234716073896,36.99887021779412,31.909999942779542,26.821129667764964,86.82538545050902,82.46801679290051,UBX
2020-09-21,38.400001525878906,38.70000076293945,35.0,36.29999923706055,36.29999923706055,102190,36.619999694824216,33.62999992370605,32.23499994277954,64.6000002670288,72.23000032424926,68.86399994850159,39.64275532989135,-7.686863672413985,-10.711985315082648,3.0251216426686636,37.56773834261301,32.23499994277954,26.902261542946064,77.72485965303837,83.4920495269494,UBX
2020-09-22,36.20000076293945,36.810001373291016,34.209999084472656,35.70000076293945,35.70000076293945,60770,36.7,34.11499996185303,32.425,63.83600025177002,71.93800031661988,68.68899996757507,38.98351646976813,-7.087594398450172,-9.987107131756153,2.899512733305981,37.96327589122964,32.425,26.88672410877035,66.66667171256232,77.07230560536998,UBX
2020-09-23,35.900001525878906,36.900001525878906,34.5,34.70000076293945,34.70000076293945,64520,36.34000015258789,34.425,32.575,62.99000026702881,71.64000032424927,68.50299996376037,37.853664786205684,-6.617083207755449,-9.313102346956011,2.696019139200562,38.18859962616691,32.575,26.961400373833094,56.878310202190505,67.0899471892638,UBX
2020-09-24,34.099998474121094,34.79999923706055,32.79999923706055,34.5,34.5,54310,35.92000045776367,34.85499992370605,32.730000019073486,62.066000328063964,71.35800031661988,68.30349995613098,37.61883020647212,-6.188995205163522,-8.688280918597513,2.4992857134339914,38.376361729056356,32.730000019073486,27.08363830909062,52.11640760281247,58.55379650585517,UBX
2020-09-25,34.400001525878906,35.79999923706055,33.400001525878906,35.400001525878906,35.400001525878906,44670,35.32000045776367,35.45500011444092,32.945000076293944,61.018000297546386,71.08100034713745,68.07699997901916,39.43953523669047,-5.711273768530923,-8.092879488584195,2.3816057200532725,38.65384429444289,32.945000076293944,27.236155858145,50.96142061343776,53.31871280614698,UBX
2020-09-28,35.79999923706055,36.459999084472656,34.29999923706055,34.70000076293945,34.70000076293945,50520,35.00000076293945,35.81000022888183,33.170000076293945,59.94000034332275,70.76600038528443,67.86449999809265,38.49836472604735,-5.327745367431824,-7.539852664353721,2.2121072969218973,38.78225484091878,33.170000076293945,27.557745311669112,50.55491503402815,51.21091441675953,UBX
2020-09-29,34.70000076293945,34.86000061035156,33.5,34.400001525878906,34.400001525878906,46480,34.74000091552735,35.720000457763675,33.32000017166138,58.80800037384033,70.43100038528442,67.62100001335143,38.07896515660561,-4.990476669043545,-7.029977465291686,2.0395007962481406,38.89524938741063,33.32000017166138,27.744750955912124,49.8645058731351,50.46028050686707,UBX
2020-09-30,33.599998474121094,36.0,33.599998474121094,34.599998474121094,34.599998474121094,67710,34.720000457763675,35.53000030517578,33.545000076293945,57.71200031280517,70.07700037002563,67.37600001335144,38.559503795660085,-4.653409109830633,-6.554663794199476,1.9012546843688423,38.94267581594959,33.545000076293945,28.1473243366383,47.696475788094226,49.3719655650859,UBX
2020-10-01,34.599998474121094,35.5,34.0,34.20000076293945,34.20000076293945,49270,34.66000061035156,35.29000053405762,33.710000133514406,56.668000297546385,69.69900037765503,67.12800000190735,37.92557410498802,-4.368203185871124,-6.117371672533805,1.7491684866626809,38.974276248093005,33.710000133514406,28.445724018935802,44.921428372776695,47.494136678002086,UBX
2020-10-02,33.29999923706055,35.400001525878906,33.099998474121094,35.0,35.0,55400,34.58000030517578,34.95000038146973,33.99000015258789,55.674000358581544,69.35800039291382,66.88800000190734,40.04846046359821,-4.031153554902339,-5.700128049007512,1.6689744941051732,38.890673780883574,33.99000015258789,29.089326524292204,41.53100760070338,44.716303920524844,UBX
2020-10-05,35.099998474121094,36.29999923706055,35.0,35.79999923706055,35.79999923706055,64650,34.8,34.900000381469724,34.26500015258789,54.742000312805175,69.04800035476684,66.64999999046326,42.17802894332184,-3.6573266564017075,-5.291567770486351,1.6342411140846433,38.91753709461351,34.26500015258789,29.612463210562268,37.736973736663835,41.39646990338138,UBX
2020-10-06,36.099998474121094,37.79999923706055,35.70000076293945,35.900001525878906,35.900001525878906,79230,35.1,34.92000045776367,34.51750020980835,53.69600040435791,68.75600038528442,66.42600001335144,42.453209300031716,-3.314786007398304,-4.8962114178687415,1.5814254104704375,38.943929480915386,34.51750020980835,30.091070938701304,36.85349168970264,38.707157675690034,UBX
2020-10-07,37.0,39.0,35.70000076293945,38.20000076293945,38.20000076293945,84320,35.82000045776367,35.27000045776367,34.847500228881835,52.61400035858154,68.4310004234314,66.25350003242492,48.52133099775577,-2.825162642317892,-4.482001662758572,1.65683902044068,39.33832165227966,34.847500228881835,30.356678805484012,46.74797863707696,40.446148021147884,UBX
2020-10-08,38.599998474121094,39.08000183105469,38.29999923706055,38.5,38.5,38120,36.68000030517578,35.67000045776367,35.26250019073486,51.53600032806396,68.14400045394898,66.07350003242493,49.27269793388577,-2.3854274440156686,-4.062686819009992,1.677259374994323,39.484688940887345,35.26250019073486,31.040311440582375,64.80762644321912,49.46969892333298,UBX
2020-10-09,39.0,41.5,37.650001525878906,37.79999923706055,37.79999923706055,91470,37.24000015258789,35.910000228881835,35.682500171661374,50.382000312805175,67.85600046157838,65.89400004386901,47.52948311821647,-2.0695617233693184,-3.664061799881857,1.5945000765125386,39.07886228371629,35.682500171661374,32.28613805960646,71.36307873793312,60.972894606076466,UBX
2020-10-12,38.70000076293945,41.5,38.099998474121094,40.29999923706055,40.29999923706055,119390,38.14000015258789,36.47000007629394,36.14000015258789,49.30200023651123,67.54900045394898,65.73300004005432,53.81411716353265,-1.5990736319983156,-3.2510641663051487,1.651990534306833,39.43448007163083,36.14000015258789,32.845520233544946,78.14748472931102,71.43939663682114,UBX
2020-10-13,40.599998474121094,41.0,38.31999969482422,39.70000076293945,39.70000076293945,56480,38.9,37.0,36.36000022888184,48.1040002822876,67.23300043106079,65.5730000591278,52.19821477836742,-1.260097670802793,-2.8528708672046776,1.5927731964018847,39.97297661466436,36.36000022888184,32.74702384309931,74.3295012437227,74.61335490365566,UBX
2020-10-14,39.70000076293945,40.70000076293945,38.79999923706055,39.099998474121094,39.099998474121094,55770,39.07999954223633,37.45,36.49000015258789,46.84000019073486,66.89000040054322,65.39100005149841,50.56312992266277,-1.0280215570561637,-2.487901005174975,1.4598794481188113,40.29573221530178,36.49000015258789,32.684268089873996,78.98193428555352,77.15297341952913,UBX
2020-10-15,38.5,40.900001525878906,38.5,40.79999923706055,40.79999923706055,57180,39.539999389648436,38.10999984741211,36.70000019073486,45.555000114440915,66.51900037765503,65.2345000553131,54.87606121859238,-0.6988676001591472,-2.1300943241718095,1.4312267240126624,40.94499665299073,36.70000019073486,32.45500372847899,80.80185765420133,78.03776439449257,UBX
2020-10-16,40.70000076293945,42.70000076293945,39.84000015258789,40.599998474121094,40.599998474121094,68990,40.099999237060544,38.66999969482422,36.810000038146974,44.235000114440915,66.15900037765503,65.08150006294251,54.27613518582709,-0.44897361957507087,-1.7938701832524617,1.3448965636773909,41.330574284083596,36.810000038146974,32.28942579221035,80.40673297493004,80.06350830489502,UBX
2020-10-19,40.52000045776367,41.29999923706055,39.099998474121094,39.70000076293945,39.70000076293945,60630,39.97999954223633,39.05999984741211,36.98000011444092,42.94300006866455,65.77100038528442,64.9250000667572,51.54528331799311,-0.31986591807696385,-1.499069330217362,1.1792034121403983,41.663843844082685,36.98000011444092,32.296156384799154,79.51388264065197,80.24082442326117,UBX
2020-10-20,40.099998474121094,41.0,38.20000076293945,38.29999923706055,38.29999923706055,63990,39.699999237060545,39.29999961853027,37.11000003814697,41.31299999237061,65.33600034713746,64.7510000705719,47.538409532955995,-0.3267489982488243,-1.2646052638236545,0.9378562655748302,41.78884519820794,37.11000003814697,32.431154878086005,67.01388350791525,75.6448330411658,UBX
2020-10-21,38.29999923706055,39.599998474121094,37.70000076293945,38.79999923706055,38.79999923706055,61110,39.63999938964844,39.35999946594238,37.314999961853026,39.73299991607666,64.78600030899048,64.5875000667572,49.06137524523299,-0.28853204968547885,-1.0693906209960193,0.7808585713105405,41.91207428299611,37.314999961853026,32.71792564070994,60.763887647125706,69.09721793189769,UBX
2020-10-22,38.70000076293945,39.900001525878906,38.5,39.70000076293945,39.70000076293945,50110,39.41999969482422,39.47999954223633,37.575,38.172999992370606,64.23400030136108,64.42400006294251,51.7751718007203,-0.18350688792401826,-0.8922138743816191,0.7087069864576009,42.09335069931013,37.575,33.05664930068988,58.19354013004579,61.99043709502896,UBX
2020-10-23,40.0,42.20000076293945,39.5,42.099998474121094,42.099998474121094,77330,39.71999969482422,39.909999465942384,37.90999984741211,36.67100002288819,63.781000270843506,64.2670000553131,58.17436062083112,0.09232183842693331,-0.6953067318199087,0.787628570246842,42.71786756778115,37.90999984741211,33.10213212704307,70.61416580722984,63.190531194800485,UBX
2020-10-26,42.400001525878906,44.29999923706055,40.400001525878906,41.20000076293945,41.20000076293945,93600,40.01999969482422,39.999999618530275,38.23499984741211,35.00899997711181,63.319000263214114,64.1125000667572,55.21546121344414,0.2355801759759828,-0.5091293502607304,0.7447095262367132,43.009630136443576,38.23499984741211,33.46036955838065,72.14033444990856,66.98268012906145,UBX
2020-10-27,41.5,41.5,39.849998474121094,40.099998474121094,40.099998474121094,37040,40.37999954223633,40.039999389648436,38.51999969482422,34.98099994659424,62.917000217437746,63.9625000667572,51.75086173852969,0.2573854695234843,-0.3558263863038874,0.6132118558273717,43.017376296258675,38.51999969482422,34.02262309338977,64.07470350095743,68.94306791936532,UBX
2020-10-28,39.70000076293945,40.400001525878906,38.20000076293945,39.79999923706055,39.79999923706055,45770,40.57999954223633,40.10999946594238,38.77999973297119,35.12499996185303,62.48300024032593,63.80450005531311,50.814399280320444,0.24760465815531063,-0.2351401774120478,0.4827448355673584,42.92854093047025,38.77999973297119,34.631458535472134,44.37545851625796,60.19683215570803,UBX
2020-10-29,40.0,42.29999923706055,39.0,42.29999923706055,42.29999923706055,74080,41.099999237060544,40.259999465942386,39.18499965667725,35.331999931335446,62.04700021743774,63.653000059127805,57.68604754318118,0.4365501232297575,-0.10080211728368671,0.5373522405134442,43.03689471017985,39.18499965667725,35.33310460317465,46.28994617354984,51.58003606358846,UBX
2020-10-30,42.29999923706055,42.5,38.0,38.70000076293945,38.70000076293945,74600,40.41999969482422,40.06999969482422,39.369999694824216,35.50199993133545,61.54600019454956,63.46650006294251,47.413620762274924,0.29243002387694617,-0.022155689051560123,0.3145857129285063,42.723266133216754,39.369999694824216,36.01673325643168,39.0597617075386,43.24172213244884,UBX
2020-11-02,39.599998474121094,40.400001525878906,38.900001525878906,40.29999923706055,40.29999923706055,40900,40.23999938964844,40.12999954223633,39.59499969482422,35.71199993133545,61.07900018692017,63.298500051498415,51.543665575313,0.3038180861500521,0.04303906598876232,0.2607790201612898,42.53878891670733,39.59499969482422,36.6512104729411,41.414135575913406,42.254614485667325,UBX
2020-11-03,40.900001525878906,40.900001525878906,38.79999923706055,40.599998474121094,40.599998474121094,63100,40.33999938964844,40.35999946594238,39.82999954223633,35.88599990844727,60.64100015640259,63.13250002861023,52.30012219297695,0.33320960586002,0.10107317396301387,0.23213643189700617,42.2623641294877,39.82999954223633,37.39763495498496,32.82827115182686,37.76738947842633,UBX
2020-11-04,41.0,43.45000076293945,40.79999923706055,42.5,42.5,57650,40.87999954223633,40.72999954223633,40.044999504089354,36.10199989318848,60.239000186920165,62.992000036239624,56.89027557661952,0.5040069626161738,0.18165993169364586,0.322347030922528,42.619081638699384,40.044999504089354,37.470917369479324,52.020190927568855,42.08753255176975,UBX
2020-11-05,42.5,44.20000076293945,40.599998474121094,42.400001525878906,42.400001525878906,90930,40.9,40.999999618530275,40.2399995803833,36.32199993133545,59.790000171661376,62.85600005149841,56.581665738256135,0.624101800171978,0.2701483053893123,0.35395349478266575,42.905632887441854,40.2399995803833,37.57436627332474,62.62626554537656,49.158242541590795,UBX
2020-11-06,42.599998474121094,43.29999923706055,41.400001525878906,42.099998474121094,42.099998474121094,36410,41.57999954223633,40.999999618530275,40.45499954223633,36.541999893188475,59.34800012588501,62.721000051498415,55.60708275473256,0.6871490585136897,0.3535484560141878,0.3336006024995019,42.98914630893492,40.45499954223633,37.92085277553774,70.20202487260252,61.61616044851601,UBX
2020-11-09,42.0,44.20000076293945,42.0,43.099998474121094,43.099998474121094,63560,42.13999938964844,41.189999389648435,40.59499950408936,36.79999984741211,58.865000095367435,62.59900004386902,58.19208326813838,0.8084863799094606,0.4445360407932423,0.36395033911621827,43.37670738395501,40.59499950408936,37.81329162422371,73.232320897032,68.68687043833707,UBX
2020-11-10,43.70000076293945,47.099998474121094,43.400001525878906,45.29999923706055,45.29999923706055,80460,43.07999954223633,41.70999946594238,40.87499942779541,37.07799983978271,58.35100011825561,62.50550004005432,63.26065782430228,1.0698363492157412,0.5695961024777421,0.5002402467379992,44.29428281001539,40.87499942779541,37.45571604557543,76.23486624749474,73.22307067237647,UBX
2020-11-11,45.900001525878906,46.20000076293945,44.4900016784668,45.70000076293945,45.70000076293945,41770,43.71999969482422,42.29999961853027,41.20499954223633,37.389999847412106,57.86000009536743,62.420750036239625,64.11256682840035,1.2943148075831843,0.7145398434988305,0.5797749640843538,45.11420667994615,41.20499954223633,37.29579240452651,82.21778617651046,77.22832444034577,UBX
2020-11-12,45.70000076293945,47.88999938964844,45.400001525878906,47.29999923706055,47.29999923706055,53450,44.699999237060545,42.79999961853027,41.529999542236325,37.71799983978271,57.41200010299683,62.35275002479553,67.37167800692076,1.5830734232416006,0.8882465594473845,0.6948268637942161,46.24766842125537,41.529999542236325,36.81233066321728,86.28985624110318,81.58083622170284,UBX
2020-11-13,47.599998474121094,48.20000076293945,46.04999923706055,46.599998474121094,46.599998474121094,31660,45.599999237060544,43.58999938964844,41.82999954223633,38.061999816894534,56.95000005722046,62.29075001716614,64.60727210397869,1.7354275664062584,1.0576827608391592,0.6777448055670992,47.01308714409951,41.82999954223633,36.64691194037315,87.65449588680322,85.38737943480567,UBX
2020-11-16,46.599998474121094,48.0,46.599998474121094,47.79999923706055,47.79999923706055,34340,46.539999389648436,44.33999938964844,42.23499946594238,38.41199981689453,56.51500001907348,62.20475001335144,67.09953672689707,1.9307429523520128,1.23229479914173,0.6984481532102829,47.92965464839726,42.23499946594238,36.5403442834875,91.47549905970884,88.47328372920514,UBX
2020-11-17,47.900001525878906,48.20000076293945,45.90999984741211,47.099998474121094,47.099998474121094,41390,46.89999923706055,44.98999938964844,42.67499942779541,38.73699977874756,56.1360000038147,62.11475001335144,64.25702412466002,2.0059245419912415,1.3870207477116323,0.6189037942796092,48.44487771862539,42.67499942779541,36.905121136965434,89.86926185738089,89.66641893463104,UBX
2020-11-18,47.099998474121094,48.5,46.29999923706055,46.5,46.5,39130,47.05999908447266,45.38999938964844,43.05999946594238,39.034999771118166,55.734000034332276,62.01725001335144,61.83888736023104,1.9941048317560046,1.5084375645205068,0.4856672672354978,48.77153130541713,43.05999946594238,37.34846762646764,88.74882076680665,90.03119389463218,UBX
2020-11-19,46.599998474121094,47.79999923706055,46.20000076293945,47.29999923706055,47.29999923706055,35530,47.05999908447266,45.8799991607666,43.439999389648435,39.37699974060059,55.3389999961853,61.930250024795534,63.79525236749558,2.0259371365878636,1.6119374789339782,0.41399965765388536,49.217680372555726,43.439999389648435,37.66231840674114,85.93230156040063,88.18346139486277,UBX
2020-11-20,47.599998474121094,49.70000076293945,46.79999923706055,49.599998474121094,49.599998474121094,47780,47.65999908447266,46.6299991607666,43.814999389648435,39.780999717712405,54.998999996185304,61.85925002098084,68.75473005898202,2.2112650964742,1.7318030024420226,0.47946209403217765,50.143434804003704,43.814999389648435,37.486563975293166,89.22126265896007,87.96746166205584,UBX
2020-11-23,50.099998474121094,54.31999969482422,49.70000076293945,53.099998474121094,53.099998474121094,105000,48.71999893188477,47.6299991607666,44.40999927520752,40.21999969482422,54.6339999961853,61.80074999809265,74.48301713010368,2.6104677420093765,1.9075359503554934,0.7029317916538831,51.79292507563369,44.40999927520752,37.027073474781346,92.60642354617288,89.25332925517792,UBX
2020-11-24,54.0,57.29999923706055,51.20000076293945,52.70000076293945,52.70000076293945,78770,49.83999938964844,48.36999931335449,45.039999389648436,40.5679997253418,54.274000034332275,61.74274998664856,72.8394727634222,2.861575778023763,2.0983439158891475,0.7632318621346155,52.97407755601805,45.039999389648436,37.10592122327882,87.54850392240185,89.79206337584499,UBX
2020-11-25,51.22999954223633,56.599998474121094,51.22999954223633,56.5,56.5,60320,51.83999938964844,49.449999237060545,45.87499942779541,40.9679997253418,54.02900003433228,61.71474999427795,77.8417740419939,3.3288361353729314,2.344442359785904,0.9843937755870273,54.87141530153468,45.87499942779541,36.878583554056135,86.17717378765569,88.7773670854102,UBX
2020-11-27,57.400001525878906,65.5,57.400001525878906,63.599998474121094,63.599998474121094,110500,55.099999237060544,51.079999160766604,46.939999389648435,41.5079997253418,53.855000019073486,61.719249982833865,83.83304848579975,4.223369500059313,2.720227787840586,1.503141712218727,58.63091859491111,46.939999389648435,35.24908018438576,86.44618162428908,86.72395311144892,UBX
2020-11-30,65.0,67.19999694824219,58.599998474121094,60.29999923706055,60.29999923706055,136510,57.23999938964844,52.449999237060545,48.01999931335449,41.94599967956543,53.66999998092651,61.717749986648556,73.83963137734779,4.612837359463363,3.0987497021651413,1.5140876572982216,60.434925661669936,48.01999931335449,35.60507296503904,85.9639506863909,86.19576869944528,UBX
2020-12-01,63.0,64.5,56.70000076293945,59.29999923706055,59.29999923706055,116520,58.47999954223633,53.599999237060544,48.96999931335449,42.40599967956543,53.50299997329712,61.69724997520447,71.07469829896105,4.785635968860113,3.4361269555041356,1.3495090133559775,61.77813718168888,48.96999931335449,36.16186144502011,76.04561988872767,82.81858406646927,UBX
2020-12-02,58.06999969482422,61.900001525878906,55.29999923706055,61.599998474121094,61.599998474121094,97340,60.25999908447265,55.04999923706055,50.01999931335449,42.923999633789066,53.37999994277954,61.68624997138977,73.52977524666244,5.049958055316985,3.7588931754667056,1.2910648798502793,63.34405232303215,50.01999931335449,36.69594630367683,70.17796691771518,77.39584583094465,UBX
2020-12-03,62.29999923706055,63.54999923706055,59.0,60.400001525878906,60.400001525878906,129170,61.039999389648436,56.439999389648435,50.914999389648436,43.43799964904785,53.21399995803833,61.649749994277954,70.1827813581498,5.103772377264534,4.027869015826271,1.0759033614382627,64.50047322423617,50.914999389648436,37.3295255550607,69.19521087536172,71.80626589393493,UBX
2020-12-04,61.20000076293945,61.79999923706055,57.599998474121094,60.099998474121094,60.099998474121094,90530,60.33999938964844,57.71999931335449,51.79999923706055,43.94999961853027,53.00799997329712,61.60949997901916,69.33308758399271,5.063840079763963,4.235063228613809,0.8287768511501543,65.35743278116996,51.79999923706055,38.24256569295113,69.67435999182364,69.68251259496691,UBX
2020-12-07,60.0,65.0,59.099998474121094,61.79999923706055,61.79999923706055,86960,60.63999938964844,58.939999389648435,52.78499927520752,44.47799957275391,52.74799993515015,61.59849997520447,71.4429463530051,5.110459108910952,4.410142404673238,0.7003167042377143,66.24252880488494,52.78499927520752,39.327469745530095,69.78237946477763,69.55065011065439,UBX
2020-12-08,61.0,63.400001525878906,60.900001525878906,62.599998474121094,62.599998474121094,52890,61.29999923706055,59.88999938964844,53.75999927520752,45.03599952697754,52.48799993515015,61.59699995994568,72.40508472866556,5.152562742009167,4.558626472140423,0.5939362698687436,67.09452569325722,53.75999927520752,40.42547285715782,73.12741350053996,70.86138431904713,UBX
2020-12-09,63.0,65.69999694824219,60.70000076293945,61.5,61.5,111610,61.279999542236325,60.76999931335449,54.569999313354494,45.57799949645996,52.19299993515015,61.587999963760375,68.96446477933671,5.03908208918461,4.65471759554926,0.3843644936353501,67.71733351696174,54.569999313354494,41.42266510974724,75.19612682359565,72.70197326297114,UBX
2020-12-10,61.5,63.0,60.20000076293945,61.20000076293945,61.20000076293945,62800,61.439999389648435,61.23999938964844,55.34499931335449,46.10999954223633,51.91099992752075,61.58249997138977,68.01520215591677,4.868815745819404,4.6975372256032895,0.17127852021611467,68.13194209295463,55.34499931335449,42.55805653375435,73.84688151158251,74.05680727857276,UBX
2020-12-11,60.900001525878906,61.900001525878906,59.099998474121094,61.79999923706055,61.79999923706055,57550,61.779999542236325,61.05999946594238,56.069999313354494,46.66199951171875,51.664999904632566,61.59099997520447,68.93614162815815,4.727794235468075,4.703588627576247,0.024205607891827796,68.59167672519763,56.069999313354494,43.54832190151136,70.86275554932178,73.30192129483338,UBX
2020-12-14,62.5,64.0,59.0,59.400001525878906,59.400001525878906,84210,61.3,60.96999969482422,56.70999946594238,47.14999954223633,51.411999950408934,61.57899998664856,61.32935491754108,4.371976491304039,4.637266200321806,-0.2652897090177664,68.51828487039803,56.70999946594238,44.90171406148672,63.66037705884319,69.45667137324922,UBX
2020-12-15,61.400001525878906,61.45000076293945,58.099998474121094,59.5,59.5,86260,60.68000030517578,60.989999771118164,57.294999504089354,47.62399955749512,51.18299993515015,61.585999994277955,61.51988251244076,4.051355897757219,4.520084139808889,-0.46872824205166985,68.41911312247831,57.294999504089354,46.1708858857004,57.392495959424956,63.971876189196706,UBX
2020-12-16,60.5,60.95000076293945,56.5,56.900001525878906,56.900001525878906,68750,59.76000061035156,60.52000007629395,57.78499965667724,48.04399955749512,50.869999980926515,61.57000000953674,54.06173677705315,3.5465808433646373,4.325383480520038,-0.7788026371554011,67.88594509148831,57.78499965667724,47.68405422186618,38.826674784620955,53.2931826009631,UBX
2020-12-17,57.79999923706055,58.099998474121094,53.29999923706055,54.099998474121094,54.099998474121094,128720,58.34000015258789,59.88999977111816,58.1649995803833,48.36199951171875,50.48799993515015,61.53449999809265,47.39762808493576,2.88732286963063,4.037771358342157,-1.1504484887115272,67.03613830107805,58.1649995803833,49.29386085968855,23.661799502972105,39.96032341567274,UBX
2020-12-18,53.70000076293945,55.29999923706055,52.75,53.79999923706055,53.79999923706055,86690,56.74000015258789,59.25999984741211,58.4899995803833,48.66799949645996,50.10199991226196,61.51300000190735,46.73293454180894,2.313974684750086,3.693012023623743,-1.379037338873657,66.1369336921155,58.4899995803833,50.84306546865108,9.10296508029381,23.863813122629026,UBX
2020-12-21,53.0,54.20000076293945,51.900001525878906,53.0,53.0,159150,55.45999984741211,58.37999992370605,58.65999965667724,48.97199951171875,49.67699991226196,61.51699999809265,44.92370158263864,1.7745825815624983,3.309326135211494,-1.5347435536489957,65.63004960987459,58.65999965667724,51.6899497034799,7.278167116513697,13.347643899926608,UBX
2020-12-22,54.79999923706055,58.900001525878906,53.599998474121094,56.20000076293945,56.20000076293945,127100,54.8,57.74000015258789,58.81499977111817,49.28999954223633,49.29599988937378,61.52250000953674,52.79590497350897,1.5870294837262264,2.9648668049144407,-1.3778373211882142,65.41144521465739,58.81499977111817,52.21855432757895,15.746178434816153,10.709103543874624,UBX
2020-12-23,57.20000076293945,57.5,54.79999923706055,55.900001525878906,55.900001525878906,65300,54.6,57.18000030517578,58.974999809265135,49.61399955749512,48.85899991989136,61.53250000953674,52.044863044023735,1.3980688043029375,2.65150720479214,-1.2534384004892027,65.1094511148595,58.974999809265135,52.84054850367077,22.705316012759116,15.243220521363058,UBX
2020-12-24,56.599998474121094,56.900001525878906,55.099998474121094,55.70000076293945,55.70000076293945,17600,54.92000045776367,56.630000305175784,58.93499984741211,49.94599960327148,48.39299989700317,61.55900000572205,51.5186943813934,1.2181358031037277,2.3648329244544577,-1.14669712135073,65.1434692056701,58.93499984741211,52.72653048915412,29.227059149388538,22.55951786565467,UBX
2020-12-28,57.79999923706055,60.77000045776367,56.599998474121094,56.70000076293945,56.70000076293945,106560,55.50000076293945,56.12000045776367,58.589999961853025,50.26399963378906,47.90949987411499,61.567500009536744,54.021652038286206,1.143052844294047,2.1204769084223756,-0.9774240641283285,64.48199400736638,58.589999961853025,52.69800591633966,30.434789018607034,27.455721393584962,UBX
2020-12-29,58.099998474121094,59.0,50.79999923706055,51.400001525878906,51.400001525878906,85230,55.18000106811523,55.32000045776367,58.14500007629395,50.479999694824215,47.35749990463257,61.57450001716614,41.726112062479594,0.6484089591443762,1.8260633185667756,-1.1776543594223994,64.7539251203078,58.14500007629395,51.536075032280095,22.115237270644084,27.25902847954662,UBX
2020-12-30,52.29999923706055,55.400001525878906,52.0,53.5,53.5,72790,54.640000915527345,54.720000457763675,57.85500011444092,50.75599967956543,46.84949987411499,61.565500020980835,46.88466103350791,0.42099942359638476,1.5450505395726974,-1.1240511159763127,64.73903169886678,57.85500011444092,50.97096853001506,19.754675458149247,24.101567249133524,UBX
2020-12-31,54.5,54.5,51.79999923706055,52.400001525878906,52.400001525878906,62060,53.94000091552734,54.27000045776367,57.395000267028806,51.0379997253418,46.1754998588562,61.573000020980835,44.65479168452575,0.15028267930728134,1.2660969675196143,-1.115814288212333,64.44410594039911,57.395000267028806,50.3458945936585,12.200880143220203,18.02359762400458,UBX
2021-01-04,54.5,58.099998474121094,52.70000076293945,56.900001525878906,56.900001525878906,138280,54.18000106811523,54.550000762939455,57.22000026702881,51.39999977111816,45.56649984359741,61.60100003242493,54.242522396966095,0.29544440182371545,1.0719664543804346,-0.7765220525567191,64.13450596389167,57.22000026702881,50.30549457016595,26.26263823099008,19.40606461078658,UBX
2021-01-05,57.79999923706055,58.150001525878906,54.7599983215332,55.099998474121094,55.099998474121094,53410,53.86000061035156,54.680000686645506,56.97000026702881,51.7079997253418,44.9404998588562,61.617000017166134,50.47579347299409,0.2622182212980846,0.9100168077639645,-0.64779858646588,63.81108151327668,56.97000026702881,50.128919020780934,32.90297951557334,23.788832629927942,UBX
2021-01-06,55.54999923706055,59.70000076293945,55.099998474121094,58.5,58.5,93930,55.28000030517578,55.23000068664551,56.80500030517578,52.03599975585937,44.35349988937378,61.632000017166135,56.60562429597936,0.5044232645883113,0.8288980991288339,-0.3244748345405226,63.323734422670924,56.80500030517578,50.28626618768064,54.14992495472037,37.77184756709466,UBX
2021-01-07,59.400001525878906,62.79999923706055,58.0,59.0,59.0,82320,56.380000305175784,55.51000061035156,56.625000381469725,52.39199974060059,43.700499858856205,61.64550002098083,57.439899212284075,0.728322677256287,0.8087830147543246,-0.0804603374980376,62.67574402013912,56.625000381469725,50.57425674280033,61.5236595582195,49.525521342837806,UBX
2021-01-08,60.0,61.900001525878906,58.0,60.0,60.0,66330,57.9,55.92000045776367,56.55000038146973,52.78999977111816,43.8854998588562,61.66000002861023,59.13217801050206,0.9752145512581905,0.8420693220550978,0.13314522920309269,62.390719413385256,56.55000038146973,50.7092813495542,73.62069259775184,63.09809237023063,UBX
2021-01-11,60.900001525878906,63.150001525878906,58.79999923706055,60.099998474121094,60.099998474121094,97950,58.539999389648436,56.36000022888184,56.49500026702881,53.195999755859376,44.1604998588562,61.67350001335144,59.30642814965523,1.1655118857906146,0.9067578348022012,0.2587540509884134,62.1781239979939,56.49500026702881,50.811876536063714,73.43454543557647,69.52629919718267,UBX
2021-01-12,60.5,63.5,60.5,63.29999923706055,63.29999923706055,90070,60.17999954223633,57.02000007629395,56.57000026702881,53.61599975585938,44.47399984359741,61.70250000953674,64.51980407434017,1.5565937684560325,1.0367250215329675,0.519868746923065,62.56236163158918,56.57000026702881,50.57763890246844,83.46516251772293,76.84013351701714,UBX
2021-01-13,64.0,66.5,63.5,64.69999694824219,64.69999694824219,106390,61.41999893188476,58.349999618530276,56.83500003814697,54.13599967956543,44.81899980545044,61.72849999427795,66.53950699424728,1.956938721653323,1.2207677615570387,0.7361709600962842,63.70850591149834,56.83500003814697,49.9614941647956,87.42127583166626,81.44032792832195,UBX
2021-01-14,66.19999694824219,72.80000305175781,64.5999984741211,71.30000305175781,71.30000305175781,141160,63.87999954223633,60.12999992370605,57.42500019073486,54.75599975585938,45.23399984359741,61.79500000953674,74.04158197815475,2.774794214932747,1.5315730522321804,1.2432211627005667,66.71367607851347,57.42500019073486,48.136324302956254,93.38067442266191,88.08903759068376,UBX
2021-01-15,72.80000305175781,73.9000015258789,68.0999984741211,69.19999694824219,69.19999694824219,118080,65.71999893188476,61.80999946594238,58.03999996185303,55.3279997253418,45.60699981689453,61.87699999809265,68.75907596637282,3.2164207473933573,1.8685425912644158,1.3478781561289415,68.64384765420223,58.03999996185303,47.43615226950382,87.12349806114396,89.3084827718241,UBX
2021-01-19,74.4000015258789,74.4000015258789,68.19999694824219,70.0999984741211,70.0999984741211,127070,67.71999893188476,63.1299991607666,58.839999961853025,55.87999969482422,45.99099979400635,61.936499986648556,69.75499791027889,3.597565066942373,2.214347086400007,1.3832179805423657,70.4961389607264,58.839999961853025,47.18386096297965,84.8717103566526,88.45862761348621,UBX
2021-01-20,72.0,72.0,64.25,67.0999984741211,67.0999984741211,106110,68.47999877929688,64.3299991607666,59.50499992370605,56.37399963378906,46.347999782562255,61.99649998664856,62.59217570859259,3.6158682795013775,2.494651325020281,1.1212169544810964,71.44911438177084,59.50499992370605,47.56088546564127,76.3774721726905,82.7908935301624,UBX
2021-01-21,67.19999694824219,68.9000015258789,67.0999984741211,68.30000305175781,68.30000305175781,64230,69.2,65.30999946594238,60.27000007629395,56.8979997253418,46.71999980926514,62.04800000190735,64.17677638313603,3.6847287880755886,2.7326668176313427,0.9520619704442459,72.40789035659044,60.27000007629395,48.13210979599745,74.16253790258479,78.47057347730936,UBX
2021-01-22,68.0,68.55000305175781,66.0,68.0999984741211,68.0999984741211,60980,68.55999908447265,66.21999931335449,60.86499996185303,57.3979997253418,47.09899978637695,62.10300000190735,63.69250651952114,3.6807333365991752,2.922280121424909,0.7584532151742662,73.30931903125607,60.86499996185303,48.420680892449994,70.55856424923934,73.69952477483827,UBX
2021-01-25,68.0,68.5,64.5,67.30000305175781,67.30000305175781,87390,68.18000030517578,66.94999961853027,61.435000038146974,57.83799980163574,47.457999820709226,62.132000017166135,61.68739637188988,3.5718400194237248,3.052192101024672,0.5196479183990528,73.96149547034108,61.435000038146974,48.908504605952864,69.27529625732078,71.33213280304837,UBX
2021-01-26,67.30000305175781,67.30000305175781,60.79999923706055,61.400001525878906,61.400001525878906,112010,66.44000091552735,67.07999992370605,61.72000007629394,58.15199981689453,47.77099983215332,62.121000032424924,49.348571829827,2.975164620490524,3.0367866049178422,-0.06162198442731803,73.96787292702405,61.72000007629394,49.472127225563845,55.81984247552604,65.21790099402878,UBX
2021-01-27,60.0,62.79999923706055,57.599998474121094,60.099998474121094,60.099998474121094,90920,65.04000091552734,66.7599998474121,61.88999996185303,58.40799980163574,48.06299982070923,62.10600003242493,47.1124769981982,2.3700749377617143,2.9034442714866167,-0.5333693337249024,73.94734593600023,61.88999996185303,49.832653987705825,37.124249403852524,54.07312937889984,UBX
2021-01-28,60.70000076293945,61.9900016784668,58.20000076293945,59.400001525878906,59.400001525878906,53430,63.26000061035156,66.23000030517578,62.28999996185303,58.6639998626709,48.36299983978272,62.07700005531311,45.90626390993822,1.8131522111171279,2.685385859412719,-0.872233648295591,73.42425327966318,62.28999996185303,51.15574664404288,19.412583102791462,37.45222499405674,UBX
2021-01-29,59.5,61.70000076293945,58.20000076293945,59.75,59.75,65720,61.59000091552734,65.075,62.60249996185303,58.90299987792969,48.65749984741211,62.06775006294251,46.641866776364765,1.3840741444608895,2.425123516422353,-1.0410493719614635,73.06282844811643,62.60249996185303,52.14217147558962,12.797625805514043,23.11148610405274,UBX
2021-02-01,62.70000076293945,64.9000015258789,61.0,64.5999984741211,64.5999984741211,86080,61.05,64.6150001525879,63.21249980926514,59.25299987792969,48.99499982833862,62.08225005149841,55.64337122642778,1.4190234104639714,2.223903495230677,-0.8048800847667055,72.58852657859835,63.21249980926514,53.83647303993193,21.72619561219067,17.978801506832124,UBX
2021-02-02,66.5999984741211,66.9000015258789,62.599998474121094,65.0999984741211,65.0999984741211,55200,61.789999389648436,64.1150001525879,63.62249965667725,59.62499984741211,49.32999980926514,62.08775004386902,56.45887726762159,1.4701201469568232,2.0731468255759062,-0.603026678619083,72.56568039991154,63.62249965667725,54.67931891344296,33.03571131224047,22.519844243315124,UBX
2021-02-03,65.9000015258789,66.80000305175781,64.5,66.0,66.0,62260,62.96999969482422,64.00500030517578,64.1674997329712,59.9989998626709,49.68799980163574,62.08275004386902,57.957242772463545,1.5651946901827927,1.9715563984972835,-0.4063617083144908,72.2542962413967,64.1674997329712,56.08070322454569,45.43650271040246,33.39946987827793,UBX
2021-02-04,66.30000305175781,69.0999984741211,65.0999984741211,66.80000305175781,66.80000305175781,78900,64.45,63.85500030517578,64.58249988555909,60.342999954223636,50.06199983596802,62.095750074386594,59.298050293711746,1.685664223161801,1.914377963430187,-0.22871374026838587,72.30708928319872,64.58249988555909,56.857910487919455,49.80159036516636,42.7579347959365,UBX
2021-02-05,68.30000305175781,76.19999694824219,67.0,75.0999984741211,75.0999984741211,139180,67.51999969482422,64.55500030517578,65.38749980926514,60.782999954223634,50.501499824523925,62.1382500743866,69.9910025304699,2.4229472331411444,2.0160918173723785,0.4068554157687658,73.92962344282894,65.38749980926514,56.84537617570133,66.28265042866029,53.8402478347431,UBX
2021-02-08,80.97000122070312,81.19999694824219,73.30000305175781,80.30000305175781,80.30000305175781,222510,70.66000061035156,65.85500030517578,66.40249996185302,61.335,50.9514998626709,62.21375010490417,74.50929922102829,3.3877938627297084,2.2904322264438446,1.0973616362858638,76.77161249304797,66.40249996185302,56.03338743065809,81.67813919324463,65.92079332902382,UBX
2021-02-09,82.5,95.0,82.12999725341797,94.19999694824219,94.19999694824219,234450,76.48000030517578,69.1349998474121,68.10749988555908,62.08899993896485,51.52849983215332,62.34175009727478,82.2169877073887,5.213951916255354,2.8751361644061464,2.3388157518492076,83.67947016764992,68.10749988555908,52.53552960346823,96.04448333731777,81.33509098640764,UBX
2021-02-10,97.0,97.80000305175781,83.0,87.4000015258789,87.4000015258789,199200,80.76000061035157,71.8650001525879,69.3125,62.565,52.0364998626709,62.44175009727478,70.91939093276798,6.042834495253516,3.50867583057562,2.5341586646778955,86.81952341274486,69.3125,51.80547658725514,89.39225772404386,89.03829341820216,UBX
2021-02-11,88.0999984741211,89.70999908447266,79.0,82.80000305175781,82.80000305175781,110570,83.96000061035156,74.20500030517579,70.21750030517578,63.015000076293944,52.48049987792969,62.52025012016296,64.46598636838968,6.256428267242384,4.058226317908973,2.198201949333411,88.52998996110921,70.21750030517578,51.90501064924235,78.22562609716532,87.88745571950905,UBX
2021-02-12,82.0999984741211,85.5,78.0999984741211,82.0999984741211,82.0999984741211,72300,85.36000061035156,76.44000015258788,70.75750007629395,63.471000061035156,52.93849987030029,62.58425009727478,63.51875999428059,6.2966346662570345,4.505907987578586,1.7907266786784488,89.78866579190779,70.75750007629395,51.72633436068011,65.9203968296896,77.84609355029966,UBX
2021-02-16,83.5,86.9000015258789,79.0999984741211,84.19999694824219,84.19999694824219,141030,86.13999938964844,78.4,71.50750007629395,63.92300003051758,53.42349983215332,62.680750074386594,65.17206746003748,6.423900131611418,4.889506416385152,1.5343937152262663,91.39695079085234,71.50750007629395,51.618049361735565,63.26699366779303,69.13767219821604,UBX
2021-02-17,82.0,82.0,74.0,78.5,78.5,121410,83.0,79.7400001525879,71.9275001525879,64.285,53.861499824523925,62.750750074386595,57.54849809162966,5.995702091426878,5.110745551393498,0.8849565400333805,92.03390332061076,71.9275001525879,51.82109698456503,59.459010321124474,62.88213360620242,UBX
2021-02-18,77.69999694824219,78.16999816894531,74.0,74.0999984741211,74.0999984741211,64890,80.33999938964844,80.55,72.27750015258789,64.565,54.257499809265134,62.8077500629425,52.4482559369009,5.24089493432983,5.136775427980764,0.10411950634906653,92.2790111868917,72.27750015258789,52.27598911828409,52.527757107480475,58.41792036546605,UBX
2021-02-19,75.9000015258789,79.19999694824219,74.19999694824219,77.30000305175781,77.30000305175781,62160,79.23999938964843,81.6,72.7275001525879,64.87500007629394,54.67649982452392,62.87875008583069,55.53471378816279,4.845067527591425,5.078433847902896,-0.23336632031147087,92.75576653019495,72.7275001525879,52.69923377498084,45.23587043486625,52.407545954490466,UBX
2021-02-22,77.5999984741211,80.9000015258789,76.19999694824219,77.4000015258789,77.4000015258789,76520,78.3,81.83000030517579,73.19250030517578,65.1710001373291,55.10349983215332,62.93475010871887,55.63162964388197,4.4877089814716555,4.960288874616648,-0.47257989314499227,93.20125471379896,73.19250030517578,53.18374589655261,42.16348255961451,46.64237003398714,UBX
2021-02-23,74.0999984741211,74.4000015258789,65.19999694824219,69.80000305175781,69.80000305175781,106820,75.42000122070313,80.78000030517578,73.31750030517578,65.33700019836425,55.45749984741211,62.944250116348265,47.20972979354215,3.5503175473286035,4.678294609159039,-1.1279770618304354,93.20833376511855,73.31750030517578,53.426666845233015,34.08495474987206,40.49476924811767,UBX
2021-02-24,71.69999694824219,74.19999694824219,70.0,72.0,72.0,58460,74.12000122070313,78.56000061035157,73.84750022888184,65.55300018310547,55.831499862670896,62.95425011634827,49.588806928918714,2.9509329318645854,4.332822273700148,-1.3818893418355627,92.99073564075991,73.84750022888184,54.704264817003775,26.35410017090003,34.20084582679559,UBX
2021-02-25,71.0999984741211,72.41999816894531,67.0,67.80000305175781,67.80000305175781,62820,72.86000213623046,76.60000076293946,74.23250045776368,65.67300025939942,56.16749988555908,62.93325013160705,45.383796819246186,2.1126582437425157,3.8887894677086217,-1.776131223966106,92.54605404115276,74.23250045776368,55.9189468743746,14.997440039093165,25.14549831995514,UBX
2021-02-26,66.0,69.80000305175781,64.5999984741211,68.0999984741211,68.0999984741211,62340,71.02000122070312,75.13000030517578,74.66750030517578,65.84700019836426,56.49849987030029,62.92825013160706,45.73773842078328,1.4557457070406201,3.4021807155750214,-1.9464350085344013,91.93452832350236,74.66750030517578,57.400472286849194,13.206187905556279,18.18590937184988,UBX
2021-03-01,70.5999984741211,76.69999694824219,70.0999984741211,76.0999984741211,76.0999984741211,88050,70.76000061035157,74.53000030517578,75.48500022888183,66.17900016784668,56.901499862670896,62.97475010871887,54.25192186085817,1.5626575861825387,3.034276089696525,-1.4716185035139864,91.34000193857777,75.48500022888183,59.62999851918588,17.718731337985584,15.307453094211732,UBX
2021-03-02,76.30000305175781,76.9800033569336,72.19999694824219,73.5,73.5,54010,71.5,73.46000061035156,75.93000030517578,66.5110001373291,57.27749984741211,63.01675011634827,51.42763099877886,1.4212051051110564,2.711661892779431,-1.2904567876683748,91.01908150597643,75.93000030517578,60.84091910437514,23.995982159168893,18.306967134236974,UBX
2021-03-03,74.0999984741211,75.5999984741211,71.0999984741211,72.0,72.0,43330,71.5,72.81000061035157,76.27500038146972,66.86900016784668,57.615499839782714,63.02325013160706,49.816358046709595,1.174526322446951,2.4042347787129352,-1.2297084562659841,90.65677578721812,76.27500038146972,61.893224975721324,30.305371720802302,24.006695072652317,UBX
2021-03-04,71.38999938964844,73.0999984741211,65.19999694824219,67.30000305175781,67.30000305175781,84340,71.4,72.13000106811523,76.34000053405762,67.13900024414062,57.903499870300294,63.023750162124635,45.05325704403674,0.5929460230931056,2.0419770275889695,-1.4490310044958639,90.54611022629454,76.34000053405762,62.1338908418207,22.79506930349882,25.698807727823393,UBX
2021-03-05,67.0,67.4800033569336,54.20000076293945,61.29999923706055,61.29999923706055,127450,70.0400001525879,70.53000068664551,76.06500034332275,67.30500022888184,58.13849987030029,62.997250165939334,39.81908784022361,-0.3480980601724326,1.563962010036689,-1.9120600702091217,91.18283979142292,76.06500034332275,60.947160895222574,21.09683704947612,24.73242602459247,UBX
2021-03-08,63.29999923706055,64.5,61.29999923706055,62.099998474121094,62.099998474121094,51830,67.2400001525879,69.00000038146973,75.41500034332276,67.42300018310547,58.3564998626709,62.95275015830994,40.80654437615619,-1.0175987781771028,1.0476498523939308,-2.0652486305710336,91.71460399796348,75.41500034332276,59.11539668868204,20.745811325386715,21.545905892787275,UBX
2021-03-09,63.900001525878906,68.69999694824219,63.5,66.9000015258789,66.9000015258789,44680,65.92000045776368,68.71000022888184,74.74500026702881,67.64300018310547,58.628499870300296,62.930750150680545,46.48075939877103,-1.147633584129693,0.608593165089206,-1.756226749218899,91.2861571059374,74.74500026702881,58.203843428120216,32.56511211887931,24.80258683124744,UBX
2021-03-10,68.5,69.9000015258789,66.4000015258789,68.5999984741211,68.5999984741211,37050,65.2400001525879,68.37000007629395,73.46500034332276,67.9010001373291,58.92349987030029,62.90675013542175,48.368482523818244,-1.1008219680318518,0.2667101384649944,-1.3675321064968462,87.56851411062158,73.46500034332276,59.361486576023935,43.30512581981091,32.20534975469237,UBX
2021-03-11,70.0999984741211,76.0,69.19000244140625,72.4000015258789,72.4000015258789,56880,66.2599998474121,68.82999992370605,72.71500034332276,68.21500015258789,59.23949989318848,62.879250135421756,52.409314575843894,-0.7484670741621926,0.06367469593955702,-0.8121417701017496,85.28675811576855,72.71500034332276,60.143242570876964,56.554304547609526,44.14151416209997,UBX
2021-03-12,73.5,74.4000015258789,68.69999694824219,70.0999984741211,70.0999984741211,67370,68.01999969482422,69.02999992370606,72.08000011444092,68.58900009155273,59.534499893188475,62.84675013542175,49.86550118249176,-0.6473520352402886,-0.0785306502964121,-0.5688213849438766,83.80443542517922,72.08000011444092,60.35556480370262,63.96513985299962,54.6081900734734,UBX
2021-03-15,70.69999694824219,72.80000305175781,69.0,70.69999694824219,70.69999694824219,34740,69.73999938964843,68.48999977111816,71.51000003814697,68.93300003051758,59.844499855041505,62.807750120162964,50.539932749238325,-0.5128904935882161,-0.16540261895477293,-0.3474878746334432,82.30182987974173,71.51000003814697,60.71817019655221,70.13159275560047,63.550345718736594,UBX
2021-03-16,70.80000305175781,72.5,66.98999786376953,68.4000015258789,68.4000015258789,38770,70.03999938964844,67.97999992370606,70.72000026702881,69.25300003051758,60.14549987792969,62.74075011253357,47.8808922305829,-0.5851736442933486,-0.24935682402248807,-0.33581682027086057,79.86846498030634,70.72000026702881,61.571535553751275,68.18845383817724,67.42839548225918,UBX
2021-03-17,66.80000305175781,70.0,66.19999694824219,69.69999694824219,69.69999694824219,20300,70.25999908447265,67.74999961853027,70.28000011444092,69.50899993896485,60.454499855041504,62.62025008201599,49.498214488051715,-0.5314337583690332,-0.30577221089179707,-0.2256615474772361,78.70747946819978,70.28000011444092,61.852520760682076,67.603142921686,68.6410631718213,UBX
2021-03-18,68.69999694824219,70.5999984741211,66.19999694824219,66.5,66.5,39350,69.07999877929687,67.6699993133545,69.90000019073486,69.73699996948243,60.72249984741211,62.478250074386594,45.73594682591229,-0.7385440457995713,-0.3923265778733519,-0.34621746792621944,78.28951812500351,69.90000019073486,61.510482256466204,61.45740620822091,65.74966765602811,UBX
2021-03-19,66.80000305175781,70.69999694824219,65.4000015258789,70.30000305175781,70.30000305175781,56510,69.11999969482422,68.56999969482422,69.55000019073486,69.97300003051758,61.00449989318847,62.39275008201599,50.543283119999124,-0.5892593375687483,-0.43171312981243115,-0.1575462077563171,77.22945350191178,69.55000019073486,61.87054687955795,64.23762468864642,64.4327246061845,UBX
2021-03-22,70.5999984741211,71.30000305175781,67.8499984741211,68.30000305175781,68.30000305175781,31880,68.64000091552734,69.19000015258788,69.09500026702881,70.15900009155274,61.27549991607666,62.29725008964539,48.12666103586958,-0.6251273372446775,-0.47039597129888044,-0.15473136594579706,75.88719415511781,69.09500026702881,62.302806378939806,63.1165560583702,62.937195651745895,UBX
2021-03-23,66.5,68.30000305175781,62.5,63.0,63.0,39080,67.56000061035157,68.8,68.75500011444092,70.21900009155273,61.50449993133545,62.210750074386596,42.348213290534375,-1.068897354370364,-0.5900962479131772,-0.47880110645718676,76.035240307187,68.75500011444092,61.47475992169483,58.57397194718819,61.97605089806833,UBX
2021-03-24,65.80000305175781,68.0,61.599998474121094,61.70000076293945,61.70000076293945,58270,65.96000137329102,68.11000022888183,68.2400001525879,70.2510001373291,61.72349994659424,62.10325009346008,41.046389855822255,-1.5081028926318396,-0.7736975768569097,-0.73440531577493,75.97237338075786,68.2400001525879,60.507626924417934,46.48318438806508,56.057904131207884,UBX
2021-03-25,60.099998474121094,63.29999923706055,59.5,63.20000076293945,63.20000076293945,43810,65.30000152587891,67.19000015258788,68.01000003814697,70.24900016784667,61.932499961853026,61.98975008964538,43.21549056657288,-1.7153653184192592,-0.9620311251693796,-0.7533341932498796,76.04863143963175,68.01000003814697,59.97136863666219,32.39829612233175,45.81848415252839,UBX
2021-03-26,64.19999694824219,64.5,59.5,60.79999923706055,60.79999923706055,31990,63.400000762939456,66.26000022888184,67.64500007629394,70.17100021362305,62.15349994659424,61.8497500705719,40.63906298653029,-2.0496552003066313,-1.1795559401968299,-0.8700992601098014,76.27528960138898,67.64500007629394,59.014710551198895,21.56890041061128,33.48346030700275,UBX
2021-03-29,60.0,60.400001525878906,55.5,55.5,55.5,48410,60.84000015258789,64.74000053405761,66.6150001525879,69.85500015258789,62.305499954223635,61.6922500705719,35.59259911991391,-2.71099729533654,-1.4858442112247718,-1.2251530841117682,75.85843586150072,66.6150001525879,57.37156444367507,10.101010101010091,21.356068877984427,UBX
2021-03-30,55.0,58.5,54.20000076293945,57.400001525878906,57.400001525878906,43070,59.720000457763675,63.64000053405762,65.81000022888183,69.61900024414062,62.47349998474121,61.5572500705719,38.5390912502872,-3.04668118202391,-1.7980116053845996,-1.2486695766393106,75.3153460697452,65.81000022888183,56.30465438801846,7.519228783641428,13.063046431754321,UBX
2021-03-31,57.29999923706055,60.5,57.29999923706055,60.0,60.0,39640,59.380000305175784,62.670000839233396,65.21000022888184,69.4170002746582,62.648499984741214,61.443750085830686,42.42093413181606,-3.0675540789912574,-2.051920100105931,-1.0156339788853264,74.59081046324054,65.21000022888184,55.82918999452313,14.463923173916106,10.694720686189262,UBX
2021-04-01,60.900001525878906,63.400001525878906,60.099998474121094,63.0,63.0,34010,59.34000015258789,62.3200008392334,64.99500007629395,69.33500030517578,62.85449996948242,61.3222500705719,46.6110246648722,-2.8096333677378595,-2.2034627536323166,-0.606170614105543,74.37145453589673,64.99500007629395,55.618545616691165,30.234529184989526,17.405893714182408,UBX
2021-04-05,65.30000305175781,65.4000015258789,61.08000183105469,61.900001525878906,61.900001525878906,33330,59.560000610351565,61.48000068664551,65.02500019073486,69.2070002746582,63.0525,61.2002500629425,45.309059540465185,-2.6632892885633836,-2.29542806061853,-0.36786122794485365,74.35771122079319,65.02500019073486,55.69228916067652,39.36706437148781,28.021838910131198,UBX
2021-04-06,61.439998626708984,62.0,59.79999923706055,60.29999923706055,60.29999923706055,21970,60.52000045776367,60.68000030517578,64.93500022888183,69.051000289917,63.224500007629395,61.04475005149841,43.409685304392056,-2.6459168816108942,-2.365525824817003,-0.2803910567938912,74.41239939701035,64.93500022888183,55.45760106075332,41.68694253687068,37.096178697782726,UBX
2021-04-07,60.099998474121094,60.29999923706055,58.0,58.20000076293945,58.20000076293945,26160,60.68000030517578,60.20000038146973,64.50000019073487,68.86900024414062,63.353500022888184,60.8522500705719,40.98142305353028,-2.7696743683260294,-2.4463555335188083,-0.3233188348072211,74.36731960388335,64.50000019073487,54.63268077758639,33.71360643730596,38.25587111522154,UBX
2021-04-08,58.599998474121094,60.5,57.0,58.900001525878906,58.900001525878906,31690,60.460000610351564,59.92000045776367,64.01500034332275,68.81900024414062,63.48550003051758,60.672750062942505,42.14321265014185,-2.7792316048247585,-2.5129307477799983,-0.26630085704476025,73.98159920239509,64.01500034332275,54.04840148425042,28.84989718537098,34.750148719849264,UBX
2021-04-09,59.0,60.29999923706055,58.0,58.29999923706055,58.29999923706055,22880,59.52000045776367,59.43000030517578,63.31000022888183,68.78300025939942,63.59550003051758,60.5037500667572,41.39109676552351,-2.802910743584775,-2.5709267469409536,-0.2319839966438213,72.78710900396916,63.31000022888183,53.8328914537945,24.95126222961663,29.17158861743125,UBX
2021-04-12,58.79999923706055,58.79999923706055,55.099998474121094,56.0,56.0,41740,58.34000015258789,58.95000038146973,62.60500030517578,68.71500022888183,63.68950004577637,60.31975005149841,38.55088365976416,-2.9729964952154333,-2.6513406965958497,-0.3216557986195836,72.05454508787916,62.60500030517578,53.1554555224724,21.40930897264963,25.070156129212474,UBX
2021-04-13,56.0,56.599998474121094,53.20000076293945,54.70000076293945,54.70000076293945,39690,57.220000457763675,58.87000045776367,61.80500049591065,68.61400024414063,63.75850006103516,60.136750040054324,37.00524707150833,-3.176077903634983,-2.7562881380036766,-0.41978976563130654,71.08540497218834,61.80500049591065,52.52459601963296,15.625893891949362,20.662155031405266,UBX
2021-04-14,55.400001525878906,57.70000076293945,55.0,56.099998474121094,56.099998474121094,36400,56.8,58.74000015258789,61.19000034332275,68.44400024414062,63.84850006103515,59.99225003242493,39.80427735062833,-3.1873119201243085,-2.842492894427803,-0.3448190256965056,70.26874521192943,61.19000034332275,52.11125547471608,15.557185725729283,17.53079619677615,UBX
2021-04-15,56.29999923706055,56.79999923706055,53.79999923706055,55.599998474121094,55.599998474121094,39450,56.13999938964844,58.3,60.485000419616696,68.25400024414063,63.93950004577637,59.83675004005432,39.13546985173448,-3.1996768969165146,-2.913929694925545,-0.2857472019909695,68.98212490710885,60.485000419616696,51.98787593212454,17.85923945669398,16.347439691457602,UBX
2021-04-16,56.099998474121094,56.29999923706055,52.29999923706055,53.400001525878906,53.400001525878906,45940,55.15999984741211,57.34000015258789,59.830000495910646,68.0020002746582,64.00050006866455,59.66975003242493,36.24938687654365,-3.34839933446915,-3.000823622834266,-0.3475757116348839,68.39086627164666,59.830000495910646,51.269134720174634,17.279848427384582,16.89875786993601,UBX
2021-04-19,53.0,54.0,51.5,51.900001525878906,51.900001525878906,33460,54.34000015258789,56.34000015258789,58.9100004196167,67.70400024414063,64.02350009918213,59.51125004768372,34.38733960379396,-3.546419485435237,-3.1099427953544603,-0.43647669008077683,66.6917488284061,58.9100004196167,51.128252010827296,10.315594076520972,15.15156065353324,UBX
2021-04-20,51.5,51.900001525878906,47.29999923706055,49.099998474121094,49.099998474121094,55210,53.21999969482422,55.22000007629394,57.95000019073486,67.18400024414062,63.98350009918213,59.308750047683716,31.168778565335497,-3.884510508293218,-3.264856337942212,-0.6196541703510059,65.59735295412216,57.95000019073486,50.30264742734757,7.073138993856884,11.55619383258754,UBX
2021-04-21,48.599998474121094,51.599998474121094,48.0,50.29999923706055,50.29999923706055,42220,52.05999984741211,54.429999923706056,57.31500015258789,66.58400016784668,63.95950008392334,59.11675005912781,34.01907023779391,-4.009402154704809,-3.413765501294731,-0.5956366534100774,65.28200130718974,57.31500015258789,49.347998997986046,9.799012650444563,9.062581906940869,UBX
2021-04-22,51.52000045776367,53.29999923706055,50.400001525878906,51.70000076293945,51.70000076293945,42910,51.28000030517578,53.70999984741211,56.81500015258789,65.73400024414063,63.91150009155273,58.970250062942505,37.28214264527403,-3.949879509177059,-3.5209883028711966,-0.4288912063058623,64.87310817842253,56.81500015258789,48.75689212675326,16.942909023134828,11.271686889145485,UBX
2021-04-23,52.0,52.0,49.79999923706055,50.0,50.0,53920,50.6,52.87999992370605,56.15500011444092,64.98600021362304,63.77550010681152,58.8152500629425,35.01750476769917,-3.9938446824120035,-3.615559578779358,-0.37828510363264556,64.17534322503933,56.15500011444092,48.134657003842506,19.75044411214667,15.497455261908748,UBX
2021-04-26,50.29999923706055,52.70000076293945,49.630001068115234,51.900001525878906,51.900001525878906,41250,50.6,52.47000007629394,55.71000022888184,64.36800018310547,63.691500129699705,58.68075005531311,39.44480360136628,-3.8312093581537425,-3.658689534654235,-0.17251982349950756,63.63714367699954,55.71000022888184,47.782856780764135,25.84174965694432,20.845034264075334,UBX
2021-04-27,51.20000076293945,52.599998474121094,50.70000076293945,51.70000076293945,51.70000076293945,27940,51.12000045776367,52.170000076293945,55.520000267028806,63.760000228881836,63.615500144958496,58.559250059127805,39.14249303816349,-3.6760824913693213,-3.662168125997252,-0.013914365372069248,63.63802973415741,55.520000267028806,47.4019707999002,28.849731438599306,24.813975069230157,UBX
2021-04-28,51.5,53.0,49.310001373291016,52.29999923706055,52.29999923706055,35540,51.52000045776367,51.79000015258789,55.26500015258789,63.122000274658205,63.52250015258789,58.451250047683715,40.612970273855396,-3.4647885437722152,-3.6226922095522447,0.15790366578002946,63.45090893388102,55.26500015258789,47.07909137129476,35.54779386725797,30.079758320933923,UBX
2021-04-29,52.400001525878906,52.400001525878906,50.20000076293945,51.0,51.0,26320,51.380000305175784,51.33000030517578,54.81500015258789,62.5720002746582,63.4285001373291,58.32125004768372,38.445433164605575,-3.363463725747721,-3.57084651279134,0.20738278704361912,62.89912676744035,54.81500015258789,46.730873537735434,34.6562670352265,33.01793078036132,UBX
2021-04-30,50.5,51.29999923706055,49.20000076293945,49.70000076293945,49.70000076293945,38710,51.32000045776367,50.96000022888184,54.150000190734865,62.08400032043457,63.32450016021728,58.1662500667572,36.355844931435655,-3.3494517564541866,-3.526567561523909,0.17711580506972258,61.59432706283693,54.150000190734865,46.7056733186328,31.23746416742694,33.81384168997052,UBX
2021-05-03,50.599998474121094,51.0,48.099998474121094,48.70000076293945,48.70000076293945,44150,50.68000030517578,50.64000015258789,53.49000015258789,61.512000274658206,63.193500175476075,57.97075005531311,34.78943676328796,-3.3800754072190315,-3.4972691306629335,0.117193723443902,60.38953615082237,53.49000015258789,46.590464154353405,22.904135066375456,29.599288756343025,UBX
2021-05-04,48.5,48.79999923706055,43.70000076293945,45.599998474121094,45.599998474121094,68280,49.45999984741211,50.29000015258789,52.75500011444092,60.876000213623044,63.02350017547607,57.75575005531311,30.414620688479626,-3.612842548012111,-3.520383814132769,-0.09245873387934189,59.7276541685129,52.75500011444092,45.78234606036894,17.01409551092731,23.71856491490996,UBX
2021-05-05,46.599998474121094,50.70000076293945,46.099998474121094,49.70000076293945,49.70000076293945,55030,48.94000015258789,50.23000030517578,52.33000011444092,60.47400016784668,62.90550018310547,57.54925005912781,40.984814412039725,-3.4269722615139173,-3.5017015036089987,0.07472924209508136,58.95060449416874,52.33000011444092,45.7093957347131,25.194801851853452,21.704344143052136,UBX
2021-05-06,50.400001525878906,50.459999084472656,43.79999923706055,45.0,45.0,44870,47.74000015258789,49.56000022888183,51.63500003814697,59.934000167846676,62.74350017547607,57.32725005149841,34.512747549769365,-3.61722241401889,-3.524805685690977,-0.09241672832791314,58.26923688611678,51.63500003814697,45.00076319017716,24.914735716061458,22.374544359614134,UBX
2021-05-07,45.20000076293945,47.20000076293945,45.099998474121094,46.29999923706055,46.29999923706055,46810,47.05999984741211,49.19000015258789,51.035000038146975,59.50400009155273,62.58850017547607,57.12675004005432,37.4547576182098,-3.621353250614604,-3.5441151986757022,-0.07723805193890154,57.31043646919873,51.035000038146975,44.759563607095224,29.10790929344463,26.405815620453243,UBX
2021-05-10,46.29999923706055,46.599998474121094,43.400001525878906,44.29999923706055,44.29999923706055,59520,46.17999954223633,48.429999923706056,50.45,59.028000106811525,62.43750015258789,56.924750051498414,34.86005808930443,-3.7428648376840172,-3.5838651264773653,-0.1589997112066519,56.94261152815501,50.45,43.95738847184499,16.265187522611967,23.429277510706083,UBX
2021-05-11,43.20000076293945,45.5,42.18000030517578,44.20000076293945,44.20000076293945,35250,45.9,47.679999923706056,49.925,58.39000015258789,62.284500160217284,56.73375004768371,34.73050753581195,-3.803389579475308,-3.627770017076954,-0.17561956239835386,56.65192360973339,49.925,43.19807639026661,18.113227768054923,21.162108194703904,UBX
2021-05-12,43.70000076293945,46.400001525878906,43.099998474121094,44.099998474121094,44.099998474121094,31300,44.779999542236325,46.85999984741211,49.325,57.80200012207031,62.15650012969971,56.51325005531311,34.592058853137694,-3.815443168539751,-3.6653046473695134,-0.15013852117023774,55.880265713562274,49.325,42.76973428643773,15.00042065298247,16.459611981216515,UBX
2021-05-13,44.20000076293945,46.099998474121094,42.20000076293945,42.599998474121094,42.599998474121094,43880,44.29999923706055,46.01999969482422,48.675,57.214000091552734,62.041500129699706,56.26475003242493,32.49930670375157,-3.9010641495043146,-3.7124565477964735,-0.18860760170784108,55.19048283014977,48.675,42.159517169850226,13.264019208932753,15.459222543323444,UBX
2021-05-14,42.79999923706055,43.349998474121094,41.599998474121094,42.0,42.0,48130,43.439999389648435,45.249999618530275,48.10499992370605,56.70800003051758,61.9235001373291,56.01275002479553,31.67386572219131,-3.971552669283888,-3.7642757720939564,-0.20727689718993147,54.85762261997488,48.10499992370605,41.35237722743722,8.378456328180397,12.214298730031935,UBX
2021-05-17,41.79999923706055,45.099998474121094,41.5,43.900001525878906,43.900001525878906,39580,43.35999984741211,44.76999969482422,47.704999923706055,56.36000007629394,61.83250015258789,55.75475003242493,37.120283973590595,-3.829951784775723,-3.7774109746303095,-0.05254081014541345,54.458806861368096,47.704999923706055,40.95119298604401,9.42001569070754,10.354163742606959,UBX
2021-05-18,43.900001525878906,45.79999923706055,43.099998474121094,44.20000076293945,44.20000076293945,49840,43.35999984741211,44.62999992370605,47.46000003814697,56.002000122070314,61.71250015258789,55.504250020980834,37.96117283954826,-3.651433183588992,-3.752215416422046,0.10078223283305388,54.34778691114028,47.46000003814697,40.57221316515366,16.383003021549168,11.393825013479097,UBX
2021-05-19,43.400001525878906,44.70000076293945,41.900001525878906,42.599998474121094,42.599998474121094,41510,43.05999984741211,43.91999969482422,47.075,55.51600006103516,61.579500122070314,55.21925002098084,35.253388718225985,-3.5975919187063923,-3.721290716878915,0.12369879817252283,54.143204286859934,47.075,40.00679571314007,18.954899773043117,14.91930616176667,UBX
2021-05-20,42.7599983215332,45.0,41.5,43.900001525878906,43.900001525878906,37180,43.32000045776367,43.80999984741211,46.685000038146974,55.02200012207031,61.46150012969971,54.92725001335144,39.05708712684423,-3.410706445866623,-3.6591738626764565,0.24846741680983353,53.54715047445338,46.685000038146974,39.822849601840566,20.419431596615294,18.585778130402588,UBX
2021-05-21,44.20000076293945,44.79999923706055,43.29999923706055,43.79999923706055,43.79999923706055,23380,43.68000030517578,43.55999984741211,46.375,54.45000007629395,61.33250011444092,54.62099999427795,38.86792653830767,-3.2333951446487106,-3.5740181190709075,0.3406229744221969,53.16996206692386,46.375,39.58003793307614,20.495879563385795,19.956736977681462,UBX
2021-05-24,44.400001525878906,44.79999923706055,42.79999923706055,44.599998474121094,44.599998474121094,34550,43.81999969482422,43.589999771118165,46.00999984741211,53.94000007629395,61.26450008392334,54.31099999427796,41.31648913269802,-2.993810623135275,-3.457976619883781,0.46416599674850634,52.34747621869412,46.00999984741211,39.6725234761301,27.986265461516755,22.967192207172676,UBX
2021-05-25,45.400001525878906,45.400001525878906,43.099998474121094,43.70000076293945,43.70000076293945,47560,43.71999969482422,43.53999977111816,45.60999984741211,53.40000015258789,61.166500091552734,54.007999982833866,39.40433623438323,-2.8437791416661824,-3.335137124240261,0.4913579825740788,51.45085627664156,45.60999984741211,39.769143418182665,27.749734960106995,25.41062666166991,UBX
2021-05-26,44.29999923706055,47.650001525878906,43.90999984741211,47.5,47.5,32180,44.7,43.87999992370605,45.36999988555908,52.98200012207031,61.11750007629394,53.646499967575075,49.93909690347035,-2.390691527397351,-3.146248004871679,0.755556477474328,50.4344253859263,45.36999988555908,40.30557438519186,51.936722216738524,35.890907546120815,UBX
2021-05-27,48.0,48.099998474121094,46.20000076293945,46.599998474121094,46.599998474121094,32410,45.23999938964844,44.27999992370606,45.14999980926514,52.52000015258789,61.014500045776366,53.29049994468689,47.818661897077824,-2.0802589994517433,-2.9330502037876918,0.8527912043359485,49.55658630703679,45.14999980926514,40.74341331149349,66.46241862486106,48.716291933902255,UBX
2021-05-28,47.099998474121094,47.900001525878906,44.599998474121094,44.79999923706055,44.79999923706055,38810,45.439999389648435,44.55999984741211,44.90499973297119,52.0860001373291,60.91150005340576,52.92599995613098,43.81192880449774,-1.956925658867256,-2.7378252948036046,0.7808996359363487,48.78596646269591,44.90499973297119,41.02403300324647,74.94455780739746,64.44789954966575,UBX
2021-06-01,44.79999923706055,47.400001525878906,44.70000076293945,46.900001525878906,46.900001525878906,31420,45.9,44.85999984741211,44.81499977111817,51.61800010681152,60.79550006866455,52.574499979019166,49.16371695182181,-1.6704742760093723,-2.5243550910447583,0.853880815035386,48.41293010006336,44.81499977111817,41.21706944217297,69.69698195724841,70.3679861298357,UBX
2021-06-02,47.0,47.68000030517578,45.75,46.20000076293945,46.20000076293945,50060,46.4,45.05999984741211,44.84499988555908,51.176000061035154,60.66750007629395,52.183999967575076,47.53831056642626,-1.4828503272126454,-2.3160541382783357,0.8332038110656903,48.47844227277324,44.84499988555908,41.21155749834492,67.6767910296795,70.77277693144185,UBX
2021-06-03,45.5,47.400001525878906,44.900001525878906,46.29999923706055,46.29999923706055,25050,46.15999984741211,45.429999923706056,44.67499980926514,50.842000045776366,60.53050006866455,52.20799996376038,47.8037929694843,-1.3109758414481405,-2.1150384789122967,0.8040626374641562,47.64072086764967,44.67499980926514,41.70927875088061,75.25255035690547,70.87544111461119,UBX
2021-06-04,46.5,46.79999923706055,45.599998474121094,45.599998474121094,45.599998474121094,25730,45.95999984741211,45.599999618530276,44.70499973297119,50.52,60.38550006866455,52.27299996376038,46.04714008349601,-1.2172169651269868,-1.9354741761552348,0.7182572110282479,47.69530087092691,44.70499973297119,41.71469859501547,68.68687686038783,70.53873941565767,UBX
2021-06-07,47.70000076293945,50.849998474121094,47.20000076293945,47.900001525878906,47.900001525878906,150010,46.58000030517578,46.00999984741211,44.78499984741211,50.21400001525879,60.23150009155273,52.35274996757507,52.255305722147085,-0.9464117107166032,-1.7376616830675085,0.7912499723509052,48.01750714518324,44.78499984741211,41.55249254964098,67.76590223222796,70.56844314984049,UBX
2021-06-08,49.630001068115234,50.5,45.099998474121094,47.20000076293945,47.20000076293945,64670,46.64000015258789,46.27000007629395,44.929999923706056,49.94200004577637,60.05650012969971,52.43774996757507,50.35616874488549,-0.7792975499091455,-1.545988856435836,0.7666913065266905,48.3188646462397,44.929999923706056,41.54113520117241,63.84433788951065,66.76570566070887,UBX
2021-06-09,47.5,47.720001220703125,45.599998474121094,46.0,46.0,41890,46.6,46.5,45.01999988555908,49.75200004577637,59.80350009918213,52.518749971389774,47.18993503409495,-0.7352133246687345,-1.3838337500824156,0.6486204254136811,48.42211752209232,45.01999988555908,41.61788224902584,59.18005346832876,63.59676453002252,UBX
2021-06-10,46.099998474121094,47.880001068115234,46.0,47.0,47.0,42730,46.74000015258789,46.45,45.16499996185303,49.54400001525879,59.581500129699705,52.59424997329712,50.01072215703909,-0.6125238225610801,-1.2295717645781485,0.6170479420170685,48.64423894409263,45.16499996185303,41.68576097961343,53.75495417320866,58.92644851034942,UBX
2021-06-11,47.0,48.29999923706055,46.099998474121094,47.20000076293945,47.20000076293945,32700,47.060000610351565,46.510000228881836,45.39500007629395,49.28800003051758,59.35250015258789,52.67174997329712,50.579285642813254,-0.4934647634951119,-1.0823503643615413,0.5888856008664294,48.77226269720972,45.39500007629395,42.017737455378175,51.6535622648469,54.8628566354615,UBX
2021-06-14,47.5,48.400001525878906,46.5,47.099998474121094,47.099998474121094,56270,46.9,46.74000015258789,45.65,48.97,59.15250015258789,52.75024996757507,50.271402384620956,-0.4025387344061997,-0.946388038370473,0.5438493039642733,48.71952793927472,45.65,42.58047206072528,52.81507997334088,52.74119880379887,UBX
2021-06-15,47.20000076293945,47.529998779296875,44.5,44.599998474121094,44.599998474121094,40920,46.37999954223633,46.50999984741211,45.68499984741211,48.62399993896484,58.91550010681152,52.81774995803833,43.19291238422333,-0.526143255952995,-0.8623390818869774,0.33619582593398234,48.689180854225285,45.68499984741211,42.68081884059893,38.737885915326935,47.73550938450496,UBX
2021-06-16,44.599998474121094,44.70000076293945,42.099998474121094,43.20000076293945,43.20000076293945,42750,45.81999969482422,46.20999984741211,45.63499984741211,48.28199996948242,58.666500129699706,52.88274995803833,39.81220304762233,-0.7286691998693584,-0.8356051054834536,0.10693590561409516,48.766948626604545,45.63499984741211,42.503051068219676,24.708901082297597,38.75395565698853,UBX
2021-06-17,42.599998474121094,43.0,41.08000183105469,41.900001525878906,41.900001525878906,50080,44.8,45.77000007629395,45.6,47.95599998474121,58.41250011444092,52.935249967575075,36.922292141078586,-0.9827430927902086,-0.8650327029448046,-0.11771038984540394,48.87902409619158,45.6,42.320975903808424,10.302279899805944,24.58302229914355,UBX
2021-06-18,41.689998626708984,42.29999923706055,41.099998474121094,41.79999923706055,41.79999923706055,60660,43.71999969482422,45.39000015258789,45.49499988555908,47.613999938964845,58.21650009155273,52.99374996185303,36.701590958426166,-1.1785818741833296,-0.9277425371925097,-0.25083933699081995,49.103032746349015,45.49499988555908,41.88696702476915,9.444656284629689,14.818612422244469,UBX
2021-06-21,41.79999923706055,42.75,40.5,42.5,42.5,46440,42.8,44.85,45.429999923706056,47.297999954223634,58.04050010681152,53.05174996376038,39.43082585065076,-1.262745167699201,-0.9947430632938479,-0.2680021044053531,49.20099456273594,45.429999923706056,41.65900528467617,11.695396156989974,10.480777447141927,UBX
2021-06-22,42.400001525878906,42.400001525878906,40.20000076293945,41.5,41.5,39900,42.18000030517578,44.27999992370606,45.275,47.007999954223635,57.861500091552735,53.11224996566772,36.977941769745364,-1.3940668914771734,-1.074607828930513,-0.31945906254666045,49.407251209813175,45.275,41.14274879018682,12.96657234072837,11.368874927449403,UBX
2021-06-23,41.5,43.900001525878906,41.099998474121094,43.70000076293945,43.70000076293945,52000,42.28000030517578,44.05,45.275,46.787999954223636,57.70100009918213,53.17924997329712,45.073236674972705,-1.3055688433595876,-1.1208000318163278,-0.18476881154325975,49.407251209813175,45.275,41.14274879018682,21.464699801364247,15.375556099694256,UBX
2021-06-24,43.70000076293945,44.599998474121094,41.29999923706055,41.79999923706055,41.79999923706055,45100,42.25999984741211,43.52999992370606,44.98999996185303,46.50199996948242,57.473000106811526,53.23399996757507,40.26304373815664,-1.3729215616468693,-1.171224337782436,-0.20169722386443323,49.2532852014905,44.98999996185303,40.72671472221556,20.031296045763945,18.154189395952248,UBX
2021-06-25,41.79999923706055,44.0,41.79999923706055,43.400001525878906,43.400001525878906,484240,42.58000030517578,43.15,44.83000011444092,46.25800003051758,57.2560001373291,53.29299997329712,45.53434479690166,-1.282409445394734,-1.1934613593048957,-0.08894808608983817,49.07975318882098,44.83000011444092,40.58024704006086,26.318430260411038,22.604808702513136,UBX
2021-06-28,48.61000061035156,48.70000076293945,44.150001525878906,44.70000076293945,44.70000076293945,131060,43.02000045776367,42.910000228881835,44.82500019073486,46.08400001525879,57.0430001449585,53.36549997329712,49.43828956024559,-1.0931773987035385,-1.1734045671846243,0.0802271684810858,49.07511797169168,44.82500019073486,40.57488240977804,33.01087014123626,26.453532149137136,UBX
2021-06-29,44.900001525878906,46.689998626708984,44.5,46.5,46.5,69910,44.02000045776367,43.10000038146973,44.805000114440915,45.97599998474121,56.84000011444092,53.45099997520447,54.32049680379648,-0.7888711278414604,-1.0964978793159914,0.307626751474531,49.01948702316857,44.805000114440915,40.59051320571326,52.708928475713805,37.34607629245375,UBX
2021-06-30,46.400001525878906,47.20000076293945,45.29999923706055,46.400001525878906,46.400001525878906,40430,44.560000610351565,43.42000045776367,44.81500015258789,45.922000045776365,56.553000144958496,53.52724998474121,54.00849131454678,-0.5494416357530056,-0.9870866306033943,0.43764499485038866,49.04360517545527,44.81500015258789,40.586395129720515,66.66666666666664,50.79548842787229,UBX
2021-07-01,46.900001525878906,46.900001525878906,44.099998474121094,45.0,45.0,40700,45.20000076293945,43.73000030517578,44.750000190734866,45.816000061035155,56.20000011444092,53.575749988555906,49.70411104790664,-0.4672740171127643,-0.8831241079052683,0.415850090792504,48.92492545854339,44.750000190734866,40.57507492292634,67.84313426298252,62.40624313512104,UBX
2021-07-02,44.72999954223633,45.400001525878906,43.29999923706055,44.70000076293945,44.70000076293945,30680,45.460000610351564,44.02000045776367,44.70500030517578,45.676000061035154,55.70500015258789,53.61674999237061,48.806470803135895,-0.4215041807685367,-0.790800122477922,0.3692959417093853,48.86166983800984,44.70500030517578,40.54833077234172,60.78431372549017,65.09803821837983,UBX
2021-07-06,48.900001525878906,49.70000076293945,44.0,44.099998474121094,44.099998474121094,137850,45.34000015258789,44.18000030517578,44.51500015258789,45.558000030517576,55.27200012207031,53.65424999237061,46.97907790369654,-0.42870458637872844,-0.7183810152580833,0.28967642887935485,48.409239520720625,44.51500015258789,40.62076078445515,50.154787738748844,59.59407857574056,UBX
2021-07-07,44.79999923706055,45.5,42.099998474121094,42.400001525878906,42.400001525878906,93230,44.52000045776367,44.27000045776367,44.275000190734865,45.36800003051758,54.86800010681152,53.674249992370605,42.16227891443731,-0.5650726996210906,-0.6877193521306848,0.12264665250959417,48.06808580962523,44.275000190734865,40.4819145718445,39.05056224149814,49.99655456857911,UBX
2021-07-08,41.5,44.599998474121094,40.70000076293945,44.099998474121094,44.099998474121094,44170,44.05999984741211,44.31000022888183,44.180000114440915,45.21599998474121,54.488000106811526,53.71324998855591,47.913545687079996,-0.5298619468928365,-0.6561478710831151,0.12628592419027862,47.88977082245272,44.180000114440915,40.47022940642911,35.08770591334291,41.431018631196686,UBX
2021-07-09,44.79999923706055,45.20000076293945,43.31999969482422,44.900001525878906,44.900001525878906,22980,44.04000015258789,44.62000045776367,44.07500019073486,45.06800003051758,54.09500015258789,53.759249992370606,50.41246944825375,-0.4324189547644579,-0.6114020878193837,0.17898313305492575,47.5723562357628,44.07500019073486,40.57764414570693,37.89473416512471,37.34433410665531,UBX
2021-07-12,44.70000076293945,44.90999984741211,43.400001525878906,44.099998474121094,44.099998474121094,23160,43.91999969482422,44.69000015258789,43.920000076293945,44.93,53.7510001373291,53.806249980926516,47.935773818620895,-0.4149647860888379,-0.5721146274732745,0.15714984138443655,47.11098713853098,43.920000076293945,40.72901301405691,43.85963573790431,38.94735860545737,UBX
2021-07-13,44.0,44.0,41.0,41.20000076293945,41.20000076293945,34810,43.34000015258789,44.34000015258789,43.625000190734866,44.76,53.42200016021729,53.83974998474121,40.22167030010585,-0.6278997729348106,-0.5832716565655817,-0.04462811636922892,46.673196377389665,43.625000190734866,40.57680400408007,32.02728509438199,37.927218332470396,UBX
2021-07-14,41.29999923706055,42.099998474121094,39.0099983215332,39.20000076293945,39.20000076293945,45150,42.7,43.61000022888184,43.35500030517578,44.57,53.0410001373291,53.85874998092651,35.92758409718023,-0.9471177851596053,-0.6560408822843864,-0.2910769028752189,46.92233823368885,43.35500030517578,39.78766237666271,16.12851583151998,30.67181222126882,UBX
2021-07-15,38.599998474121094,38.95000076293945,37.599998474121094,38.900001525878906,38.900001525878906,26200,41.66000061035156,42.86000022888184,43.140000343322754,44.43600006103516,52.6560001373291,53.87974998474121,35.318485544494685,-1.2103555653843259,-0.7669038189043743,-0.44345174647995156,47.20270853059248,43.140000343322754,39.077292156053026,6.025588283394224,18.060463069765454,UBX
2021-07-16,39.29999923706055,40.099998474121094,38.29999923706055,38.5,38.5,27990,40.380000305175784,42.21000022888184,42.97000026702881,44.212000045776364,52.34300010681152,53.90024997711182,34.47913741608664,-1.4347117193013261,-0.9004653989837647,-0.5342463203175615,47.48535174115608,42.97000026702881,38.45464879290154,6.6530790090519085,9.602394374655427,UBX
2021-07-19,37.20000076293945,39.5,36.79999923706055,39.29999923706055,39.29999923706055,29530,39.42000045776367,41.670000076293945,42.84500026702881,44.098000030517575,52.01600009918213,53.923749980926516,37.66959245162098,-1.5303217387095174,-1.026436666928915,-0.5038850717806023,47.61426645428148,42.84500026702881,38.07573407977614,12.520565081055276,8.399744124500527,UBX
2021-07-20,39.0,40.04999923706055,38.70000076293945,39.5,39.5,32670,39.08000030517578,41.21000022888184,42.69500026702881,43.962000045776364,51.73300006866455,53.95024997711182,38.47616453609848,-1.5718358327839113,-1.1355165000999143,-0.4363193326839969,47.68197332543854,42.69500026702881,37.70802720861908,15.916035466027518,11.696559852044958,UBX
2021-07-21,39.400001525878906,40.20000076293945,38.900001525878906,39.900001525878906,39.900001525878906,28610,39.220000457763675,40.96000022888184,42.615000343322755,43.87400009155274,51.45100009918213,53.97474998474121,40.14441995138859,-1.5545395074696984,-1.2193211015738712,-0.3352184058958272,47.72588077619329,42.615000343322755,37.50411991045222,21.447033772585304,16.627878106556093,UBX
2021-07-22,40.400001525878906,40.40999984741211,38.5,38.5,38.5,23560,39.14000015258789,40.400000381469724,42.35500030517578,43.76000007629395,51.07500011444092,53.98824998855591,36.42192916876804,-1.6349537389036684,-1.3024476290398306,-0.3325061098638378,47.74034143668741,42.35500030517578,36.96965917366415,19.3798525259897,18.914307254867566,UBX
2021-07-23,39.099998474121094,39.79999923706055,38.0,38.70000076293945,38.70000076293945,24500,39.18000030517578,39.78000030517578,42.20000038146973,43.65200012207031,50.727000122070315,54.00224998474121,37.31616451624024,-1.663369913622816,-1.3746320859564276,-0.28873782766638834,47.81391152175159,42.20000038146973,36.586089241187864,17.312671279394095,19.379852525989758,UBX
2021-07-26,38.70000076293945,38.70000076293945,37.0,38.20000076293945,38.20000076293945,35170,38.960000610351564,39.19000053405762,41.94000034332275,43.56400016784668,50.38900012969971,54.00224998474121,35.954649058693235,-1.706563555768895,-1.4410183799189211,-0.26554517584997384,47.784450450216454,41.94000034332275,36.09555023642905,14.666320445544846,17.119614750309605,UBX
2021-07-27,37.900001525878906,38.29999923706055,35.79999923706055,38.20000076293945,38.20000076293945,58410,38.70000076293945,38.89000053405762,41.615000343322755,43.48800018310547,50.098000106811526,54.00074998855591,35.95464905869323,-1.7209567106609143,-1.4970060460673198,-0.22395066459359447,47.531848825493334,41.615000343322755,35.698151861152176,18.7841964631219,16.921062729353675,UBX
2021-07-28,37.599998474121094,39.4900016784668,36.95000076293945,38.900001525878906,38.900001525878906,25450,38.50000076293945,38.86000061035156,41.235000419616696,43.38800018310547,49.87400012969971,54.00625,39.53657184832265,-1.6567808399781612,-1.5289610048494882,-0.127819835128673,46.81470431673315,41.235000419616696,35.655296522500244,24.8675465108397,19.439354473168876,UBX
2021-07-29,39.70000076293945,39.79999923706055,38.0,38.400001525878906,38.400001525878906,32130,38.480001068115236,38.810000610351565,40.8350004196167,43.27200019836426,49.63700016021728,53.99675001144409,37.90580991508609,-1.6275059459677124,-1.548669993073133,-0.07883595289457945,46.00849943280469,40.8350004196167,35.661501406428705,29.01691948522272,24.222887486394836,UBX
2021-07-30,38.29999923706055,38.29999923706055,36.099998474121094,36.400001525878906,36.400001525878906,42510,38.02000122070312,38.60000076293945,40.40500049591064,43.14800025939942,49.332000160217284,53.98025001525879,32.18687623438209,-1.7455668586835387,-1.588049366195214,-0.1575174924883247,45.55183360360715,40.40500049591064,35.25816738821413,22.945310625396427,25.609925540486344,UBX
2021-08-02,36.900001525878906,38.099998474121094,36.459999084472656,37.5,37.5,38470,37.880001068115234,38.420000839233396,40.04500045776367,43.020000228881834,49.021000175476075,53.97225002288818,37.74972584043191,-1.7304230589306258,-1.6165241047422962,-0.11389895418832952,44.940905996692116,40.04500045776367,35.149094918835225,20.947110612752624,24.303113574457317,UBX
2021-08-03,37.5,37.790000915527344,36.790000915527344,37.29999923706055,37.29999923706055,28970,37.70000076293945,38.20000076293945,39.705000495910646,42.89000022888184,48.67000015258789,53.954750022888184,37.15296367062494,-1.7147928144706057,-1.6361778466879582,-0.07861496778264754,44.36610505466797,39.705000495910646,35.04389593715332,22.279733136987925,22.05738479171239,UBX
2021-08-04,37.20000076293945,38.0,36.79999923706055,37.29999923706055,37.29999923706055,32350,37.380000305175784,37.94000053405762,39.45000038146973,42.74400024414062,48.34200016021728,53.93825002670288,37.15296367062494,-1.6830050979908648,-1.6455432969485395,-0.03746180104232533,44.051086728727,39.45000038146973,34.848914034212456,30.68668521837182,24.637842989370853,UBX
2021-08-05,37.79999923706055,37.900001525878906,37.20000076293945,37.5,37.5,21620,37.2,37.840000534057616,39.12000045776367,42.620000228881835,48.010000190734864,53.92725002288818,38.284455479567875,-1.6229661698250624,-1.641027871523844,0.01806170169878163,43.26371854923025,39.12000045776367,34.9762823662971,33.984093569574206,28.98350397497805,UBX
2021-08-06,37.68000030517578,37.709999084472656,36.900001525878906,37.0,37.0,34280,37.31999969482422,37.67000045776367,38.72500038146973,42.410000228881835,47.69600017547607,53.92075002670288,36.51452851981387,-1.5973178224606883,-1.6322858617112128,0.034968039250524496,42.005777316764174,38.72500038146973,35.44422344617528,31.81490197636045,32.161893588102224,UBX
2021-08-09,36.900001525878906,38.20000076293945,36.900001525878906,38.20000076293945,38.20000076293945,46260,37.45999984741211,37.67000045776367,38.43000049591065,42.2420002746582,47.38100021362305,53.91775003433227,43.29068564325694,-1.4632933547189495,-1.59848736031276,0.13519400559381056,40.596195683313994,38.43000049591065,36.2638053085073,38.32250433876933,34.707166628234724,UBX
2021-08-10,38.0,38.400001525878906,37.20000076293945,37.400001525878906,37.400001525878906,26270,37.48000030517578,37.590000534057616,38.240000534057614,42.09400032043457,47.090000228881834,53.90625003814697,40.20941657543485,-1.4054303250603795,-1.559875953262284,0.15444562820190444,40.03599633797805,38.240000534057614,36.44400473013718,37.599449668620615,35.91228532791686,UBX
2021-08-11,37.400001525878906,37.54999923706055,36.099998474121094,36.79999923706055,36.79999923706055,25120,37.380000305175784,37.380000305175784,38.12000045776367,41.8920002746582,46.75500019073486,53.87975004196167,38.02349198132664,-1.3919431730107021,-1.5262893972119675,0.1343462242012654,39.963475847790804,38.12000045776367,36.27652506773654,37.25598904633131,37.72598101790715,UBX
2021-08-12,36.5,36.79999923706055,35.599998474121094,36.400001525878906,36.400001525878906,28520,37.16000061035156,37.18000030517578,37.99500045776367,41.696000289916995,46.436000175476075,53.85575004577637,36.595187926892095,-1.397422365054524,-1.5005159907804788,0.10309362572595471,39.94587217202907,37.99500045776367,36.04412874349828,26.25163055124067,33.70235642206426,UBX
2021-08-13,36.099998474121094,36.29999923706055,34.5,34.79999923706055,34.79999923706055,28640,36.720000457763675,37.02000007629395,37.8100004196167,41.46600028991699,46.15400016784668,53.82925004959107,31.498315333958942,-1.513425648355799,-1.503097922295543,-0.010327726060256115,40.18899223162256,37.8100004196167,35.43100860761084,16.56935067556151,26.6923234243779,UBX
2021-08-16,34.400001525878906,34.400001525878906,33.0,33.099998474121094,33.099998474121094,21150,35.7,36.579999923706055,37.500000381469725,41.21600028991699,45.86800014495849,53.795750045776366,27.16859219466423,-1.7226769921641605,-1.5470137362692664,-0.17566325589489407,40.54434042770383,37.500000381469725,34.45566033523562,8.726205995858674,17.18239574088702,UBX
2021-08-17,32.5,32.5,31.0,32.20000076293945,32.20000076293945,37450,34.65999984741211,36.070000076293944,37.1350004196167,40.90200027465821,45.5580001449585,53.74525005340576,25.194128669748174,-1.9387833952744913,-1.6253676680703113,-0.31341572720418,40.81645474161398,37.1350004196167,33.45354609761942,6.922434409161336,10.739330360193911,UBX
2021-08-18,32.5,33.04999923706055,32.20000076293945,32.5,32.5,26250,33.8,35.59000015258789,36.765000343322754,40.60800025939941,45.27500015258789,53.714250049591065,27.09606672715072,-2.0620715680281876,-1.7127084480618866,-0.349363119966301,40.736537231426205,36.765000343322754,32.7934634552193,11.79240184660258,9.147014083874268,UBX
2021-08-19,32.20000076293945,32.29999923706055,31.200000762939453,31.600000381469727,31.600000381469727,33780,32.839999771118165,35.000000190734866,36.42000036239624,40.32000026702881,45.03600015640259,53.67075005531311,25.03927948868492,-2.206960316045283,-1.8115588216585659,-0.395401494386717,40.89553446076533,36.42000036239624,31.944466264027145,14.00491705670975,10.906584437491295,UBX
2021-08-20,31.0,32.5,31.0,31.600000381469727,31.600000381469727,23990,32.2,34.46000022888184,36.06500034332275,40.012000274658206,44.7780001449585,53.62575006484985,25.03927948868492,-2.295326596502605,-1.9083123766273737,-0.3870142198752311,40.8746890036652,36.06500034332275,31.255311682980295,12.16216309099012,12.653160664767555,UBX
2021-08-23,31.899999618530273,32.29999923706055,31.799999237060547,32.0,32.0,27940,31.980000305175782,33.84000015258789,35.755000305175784,39.70800025939941,44.498000144958496,53.57325006484985,27.861787049317567,-2.306493067787244,-1.9879485148593479,-0.3185445529278961,40.769170736534335,35.755000305175784,30.74082987381723,9.909911303151853,12.025663816950646,UBX
2021-08-24,31.899999618530273,32.5,31.790000915527344,32.29999923706055,32.29999923706055,22270,32.0,33.329999923706055,35.46000022888184,39.412000274658205,44.1910001373291,53.52275005340576,29.990911471674465,-2.2650253432699543,-2.0433638805414693,-0.22166146272848497,40.55760809562672,35.46000022888184,30.362392362136962,13.063058651130184,11.71171101509079,UBX
2021-08-25,32.400001525878906,34.0,32.400001525878906,32.70000076293945,32.70000076293945,29000,32.04000015258789,32.920000076293945,35.150000190734865,39.17400032043457,43.89900012969971,53.475750064849855,32.83727365288398,-2.174815177059287,-2.0696541398450328,-0.10516103721425418,40.125741692684855,35.150000190734865,30.174258688784874,18.018014302706117,13.663661418996123,UBX
2021-08-26,32.79999923706055,33.0,31.5,31.799999237060547,31.799999237060547,33200,32.079999923706055,32.45999984741211,34.820000076293944,38.946000289916995,43.614000129699704,53.41925006866455,29.892423847510642,-2.1511484713853193,-2.08595300615309,-0.0651954652322293,39.76513938012967,34.820000076293944,29.87486077245822,17.117110150907315,16.06606103491461,UBX
2021-08-27,32.0,32.29999923706055,31.600000381469727,32.0,32.0,28740,32.15999984741211,32.179999923706056,34.6,38.74800025939941,43.352000122070315,53.352750072479246,31.365454915899875,-2.0921371913050137,-2.0871898431834746,-0.004947348121539186,39.635077136448245,34.6,29.564922863551754,15.76576251486785,16.966962322827168,UBX
2021-08-30,32.0,32.400001525878906,31.799999237060547,31.899999618530273,31.899999618530273,27740,32.13999977111816,32.060000038146974,34.31999998092651,38.55000026702881,43.08200010299683,53.2837500667572,31.01456783687817,-2.030038501543899,-2.0757595748555593,0.0457210733116602,39.301405619824756,34.31999998092651,29.338594342028266,12.688254263481051,15.190375643085476,UBX
2021-08-31,32.0,32.400001525878906,31.799999237060547,32.0,32.0,24410,32.079999923706055,32.03999996185303,34.05500001907349,38.340000267028806,42.81900011062622,53.2072500705719,31.835782924102986,-1.9502741016247143,-2.0506624802093905,0.1003883785846762,38.93699787744107,34.05500001907349,29.173002160705906,14.831782032369425,14.428599603572847,UBX
2021-09-01,32.0,34.70000076293945,31.600000381469727,33.900001525878906,33.900001525878906,107690,32.320000076293944,32.180000114440915,33.8850001335144,38.18800029754639,42.59800012588501,53.14375008583069,45.18698076432902,-1.7139882067276062,-1.9833276255130337,0.26933941878542744,38.53441990014953,33.8850001335144,29.235580366879276,28.566284389627626,18.69544022849277,UBX
2021-09-02,34.099998474121094,35.119998931884766,33.599998474121094,33.79999923706055,33.79999923706055,23880,32.72000007629394,32.4,33.70000009536743,37.99000026702881,42.38900011062622,53.07375008583069,44.69081959359794,-1.5173086915233327,-1.8901238387150934,0.3728151471917607,38.04373170925216,33.70000009536743,29.3562684814827,46.63985450890547,30.012640310300913,UBX
2021-09-03,33.70000076293945,33.79999923706055,32.5,32.900001525878906,32.900001525878906,26240,32.900000381469724,32.53000011444092,33.495000171661374,37.812000312805175,42.1570001411438,53.002750101089475,40.39225285400613,-1.417718476326229,-1.7956427662373204,0.3779242899110915,37.57542957635707,33.495000171661374,29.414570766965685,56.264911931486004,43.82368361000644,UBX
2021-09-07,33.20000076293945,34.880001068115234,33.0,33.400001525878906,33.400001525878906,47530,33.20000076293945,32.67000026702881,33.25500020980835,37.61200031280518,41.93500017166138,52.93725010871887,43.63581249805845,-1.283649578649566,-1.6932441287197695,0.4095945500702034,36.718221692142656,33.25500020980835,29.79177872747405,57.443399106014965,53.44938851546889,UBX
2021-09-08,33.4900016784668,34.06999969482422,31.700000762939453,32.79999923706055,32.79999923706055,41840,33.36000061035156,32.72000026702881,33.02500009536743,37.3740002822876,41.729000148773196,52.86475010871887,40.76889184531656,-1.2118447892228872,-1.5969642608203931,0.3851194715975059,35.921118328472865,33.02500009536743,30.128881862261995,49.35278212178084,54.35369771976068,UBX
2021-09-09,32.70000076293945,33.400001525878906,31.899999618530273,32.20000076293945,32.20000076293945,28650,33.02000045776367,32.67000026702881,32.79500017166138,37.08800029754639,41.5320001411438,52.77775012016296,38.074917245951376,-1.189640404682038,-1.515499489592722,0.32585908491068416,35.13207142351714,32.79500017166138,30.457928919805617,43.68934406016606,50.161841762654035,UBX
2021-09-10,32.599998474121094,32.84000015258789,31.600000381469727,31.899999618530273,31.899999618530273,28610,32.64000053405762,32.68000030517578,32.570000076293944,36.798000259399416,41.360000152587894,52.67175012588501,36.766709249953934,-1.1826183667219041,-1.4489232650185584,0.26630489829665427,34.24940476541128,32.570000076293944,30.890595387176614,27.955089779166254,40.33240532037113,UBX
2021-09-13,32.599998474121094,32.79999923706055,31.399999618530273,32.400001525878906,32.400001525878906,26090,32.54000053405762,32.720000457763675,32.45000019073486,36.54600028991699,41.18100017547607,52.57025012969971,40.43976616825267,-1.1237534456059919,-1.3838893011360451,0.26013585553005325,33.78191643048772,32.45000019073486,31.118083950982008,22.35257760180097,31.33233714704451,UBX
2021-09-14,31.200000762939453,32.0,29.600000381469727,30.0,30.0,91100,31.860000228881837,32.53000049591064,32.29500026702881,36.2520002746582,40.96400016784668,52.43775012969971,31.10114442649469,-1.2562810115185599,-1.358367643212548,0.10208663169398813,33.96649708053428,32.29500026702881,30.62350345352334,15.05928831601954,21.788985232329,UBX
2021-09-15,30.200000762939453,30.200000762939453,29.0,29.100000381469727,29.100000381469727,30950,31.120000457763673,32.240000534057614,32.14000024795532,35.952000312805175,40.75500017166138,52.26525013923645,28.448109033425258,-1.417591398694423,-1.370212394308923,-0.04737900438550002,34.31660343790475,32.14000024795532,29.96339705800589,11.920713971705212,16.444193296508654,UBX
2021-09-16,29.600000381469727,30.059999465942383,28.450000762939453,29.700000762939453,29.700000762939453,33700,30.620000457763673,31.820000457763673,32.00000028610229,35.698000297546386,40.53300016403198,52.11225014686585,32.57731549860594,-1.4799560146415232,-1.392161118375443,-0.08779489626608017,34.41329699854865,32.00000028610229,29.586703573655935,9.207000026718026,12.062334104814338,UBX
2021-09-17,30.0,31.600000381469727,29.100000381469727,30.299999237060547,30.299999237060547,74550,30.300000381469726,31.47000045776367,31.935000228881837,35.422000312805174,40.31900014877319,51.967250146865844,36.52233991182595,-1.4640884592326806,-1.4065465865468905,-0.05754187268579014,34.4555362276638,31.935000228881837,29.414464230099874,16.036914982578494,12.38820966033399,UBX
2021-09-20,30.100000381469727,30.690000534057617,29.0,29.100000381469727,29.100000381469727,31490,29.64000015258789,31.090000343322753,31.810000228881837,35.10600028991699,40.087000160217286,51.80475015640259,32.43473110741737,-1.5306982494953054,-1.4313769191365735,-0.09932133035873192,34.6163504508905,31.810000228881837,29.003650006873173,18.740625297874363,14.661513435723705,UBX
2021-09-21,29.200000762939453,30.200000762939453,28.600000381469727,29.5,29.5,25720,29.54000015258789,30.700000190734862,31.685000228881837,34.81400032043457,39.87200016021728,51.650250148773196,35.044430908957196,-1.5335327509351657,-1.451808085496292,-0.08172466543887369,34.663775446559335,31.685000228881837,28.70622501120434,17.741120960823554,17.506220413758882,UBX
2021-09-22,29.700000762939453,30.280000686645508,29.200000762939453,29.799999237060547,29.799999237060547,24030,29.679999923706056,30.400000190734865,31.560000228881837,34.586000289916996,39.67300014495849,51.49875015258789,37.00954181924529,-1.4943457943953575,-1.460315627276105,-0.03403016711925244,34.633370169073075,31.560000228881837,28.4866302886906,15.242369650176334,17.24137196962483,UBX
2021-09-23,30.0,30.399999618530273,29.200000762939453,29.799999237060547,29.799999237060547,40730,29.699999618530274,30.160000038146972,31.41500015258789,34.39800025939942,39.48400012969971,51.33875015258789,37.00954181924529,-1.4466141812157858,-1.4575753380640413,0.010961156848255493,34.53286851983538,31.41500015258789,28.2971317853404,18.992431400416198,17.32530733713877,UBX
2021-09-24,29.700000762939453,29.899999618530273,29.299999237060547,29.399999618530273,29.399999618530273,28930,29.519999694824218,29.910000038146972,31.29500017166138,34.20800022125244,39.322000141143796,51.17275015830994,35.355536506109026,-1.4246407879667906,-1.450988428044591,0.026347640077800438,34.52701250846245,31.29500017166138,28.06298783486031,18.66988281337719,17.634894621323316,UBX
2021-09-27,29.5,30.5,29.020000457763672,30.399999618530273,30.399999618530273,26600,29.77999954223633,29.70999984741211,31.21500015258789,34.046000213623046,39.129000129699705,51.01725015640259,42.29836471540491,-1.311417864048444,-1.4230743152453615,0.11165645119691758,34.45245346954201,31.21500015258789,27.977546835633774,23.489093609585126,20.383802607792912,UBX
2021-09-28,30.0,30.399999618530273,29.239999771118164,29.399999618530273,29.399999618530273,71700,29.759999465942382,29.649999809265136,31.09000015258789,33.84800022125244,38.97300012588501,50.85825015068054,37.91325160337604,-1.287537591872546,-1.3959669705707984,0.10842937869825242,34.40415230864754,31.09000015258789,27.775847996528242,22.88795476673684,21.68231039656646,UBX
2021-09-29,29.5,29.700000762939453,29.200000762939453,29.299999237060547,29.299999237060547,34140,29.659999465942384,29.66999969482422,30.955000114440917,33.64400020599365,38.803000125885006,50.69575015068054,37.4946385809401,-1.262132422257988,-1.3692000609082364,0.10706763865024849,34.32930080990006,30.955000114440917,27.580699418981773,24.417180988227642,23.598076454849945,UBX
2021-09-30,29.3700008392334,30.0,28.700000762939453,30.0,30.0,34570,29.699999618530274,29.699999618530274,30.760000038146973,33.44600017547607,38.6600001335144,50.548750143051144,42.297477697230235,-1.1720042949208391,-1.329760907710757,0.15775661278991793,33.87152754813288,30.760000038146973,27.648472528161065,24.72874223490545,24.011292663290053,UBX
2021-10-01,29.5,29.700000762939453,28.600000381469727,29.5,29.5,49210,29.719999694824217,29.61999969482422,30.545000076293945,33.26600017547607,38.51300012588501,50.398750143051146,39.936935955384776,-1.1279209553271095,-1.2893929172340275,0.16147196190691804,33.367393476293145,30.545000076293945,27.722606676294742,28.19059441474994,25.778839212627755,UBX
2021-10-04,29.799999237060547,29.8700008392334,27.700000762939453,27.799999237060547,27.799999237060547,57220,29.199999618530274,29.4899995803833,30.289999961853027,33.04800014495849,38.350000133514406,50.253250131607054,33.1607494996309,-1.2161415227137766,-1.2747426383299774,0.05860111561620074,33.13668291344221,30.289999961853027,27.443317010263847,22.591230737331074,25.170189128995563,UBX
2021-10-05,28.0,28.0,23.899999618530273,26.600000381469727,26.600000381469727,157260,28.639999771118163,29.199999618530274,29.94999990463257,32.8160001373291,38.19000015258789,50.1157501411438,29.372273283739915,-1.3671274426483109,-1.2932195991936442,-0.07390784345466672,32.85344632332639,29.94999990463257,27.046553485938748,22.40215161424781,24.394658922109684,UBX
2021-10-06,26.5,26.5,25.0,25.100000381469727,25.100000381469727,43770,27.8,28.72999973297119,29.564999961853026,32.55400012969971,38.021000156402586,49.972250146865846,25.45715252281719,-1.5894995743047282,-1.352475594215861,-0.23702398008886716,32.86910364037667,29.564999961853026,26.26089628332938,17.737809712422305,20.91039735466714,UBX
2021-10-07,25.399999618530273,25.5,23.700000762939453,23.799999237060547,23.799999237060547,64250,26.559999847412108,28.129999732971193,29.14499988555908,32.25200008392334,37.820000133514405,49.82625014305115,22.64051441275016,-1.8493125941102946,-1.4518429941947477,-0.39746959991554687,33.07817947580312,29.14499988555908,25.211820295315043,17.359986276458574,19.166649201042972,UBX
2021-10-08,24.200000762939453,24.600000381469727,23.299999237060547,23.700000762939453,23.700000762939453,54200,25.4,27.559999847412108,28.73499994277954,31.95800006866455,37.61500013351441,49.663750143051146,22.43488773955463,-2.039772102217075,-1.5694288157992131,-0.47034328641786183,33.117818700169124,28.73499994277954,24.35218118538996,7.523531163368463,14.207109050749855,UBX
2021-10-11,23.700000762939453,25.200000762939453,23.600000381469727,25.200000762939453,25.200000762939453,40240,24.88000030517578,27.039999961853027,28.374999904632567,31.73400005340576,37.44100015640259,49.51025013923645,32.358882020730796,-2.0460891287711966,-1.6647608783936099,-0.3813282503775868,32.67656899854854,28.374999904632567,24.073430810716594,11.125025608973218,12.002847682933492,UBX
2021-10-12,25.399999618530273,25.600000381469727,24.100000381469727,24.299999237060547,24.299999237060547,22490,24.420000076293945,26.529999923706054,28.089999866485595,31.470000038146974,37.2450001335144,49.353250131607055,29.887991616778493,-2.099516104588595,-1.7517119236326069,-0.3478041809559882,32.66947555797162,28.089999866485595,23.510524174999567,15.27779028739325,11.30878235324505,UBX
2021-10-13,24.399999618530273,24.68000030517578,23.899999618530273,24.200000762939453,24.200000762939453,19580,24.24000015258789,26.020000076293947,27.844999885559083,31.20800006866455,37.049000148773196,49.190750131607054,29.61738309568254,-2.125425823126548,-1.8264547035313952,-0.298971119595153,32.69823551175318,27.844999885559083,22.991764259364988,17.592604856921486,14.665140251096057,UBX
2021-10-14,24.399999618530273,24.75,23.799999237060547,23.899999618530273,23.899999618530273,22520,24.260000228881836,25.410000038146972,27.554999828338623,30.940000076293945,36.84200016021728,49.05325012207031,28.77563174164684,-2.1454357984795074,-1.8902509225210176,-0.2551848759584898,32.618782572588515,27.554999828338623,22.491217084088728,11.574081677957986,14.814825607424313,UBX
2021-10-15,24.0,24.200000762939453,23.399999618530273,23.5,23.5,29700,24.220000076293946,24.810000038146974,27.214999866485595,30.660000076293944,36.64000015258789,48.90325012207031,27.64736387799204,-2.168572520265812,-1.9459152420699763,-0.22265727819583558,32.40740741554329,27.214999866485595,22.0225923174279,7.883423206477976,12.350036580452555,UBX
2021-10-18,23.600000381469727,24.0,22.299999237060547,23.100000381469727,23.100000381469727,52560,23.8,24.34000015258789,26.914999866485594,30.38200008392334,36.396000156402586,48.756750116348265,26.527244835313983,-2.193895305818568,-1.9955112548196947,-0.19838405099887346,32.3258311260565,26.914999866485594,21.50416860691469,7.179957991284255,8.879154291906811,UBX
2021-10-19,23.200000762939453,23.700000762939453,22.700000762939453,23.700000762939453,23.700000762939453,31080,23.68000030517578,24.050000190734863,26.624999904632567,30.092000083923338,36.167000179290774,48.59075011253357,31.04041515158643,-2.1408701608686584,-2.0245830360294876,-0.11628712483917081,32.072154548770854,26.624999904632567,21.17784526049428,10.462790807425556,8.508724001729334,UBX
2021-10-20,23.799999237060547,23.899999618530273,22.600000381469727,23.200000762939453,23.200000762939453,35420,23.480000305175782,23.860000228881837,26.294999980926512,29.80800006866455,35.95100019454956,48.43125012397766,29.418673592617463,-2.1148149030205126,-2.0426294094276924,-0.07218549359282012,31.73245283961958,26.294999980926512,20.857547122233445,13.486837909094897,10.376528902601642,UBX
2021-10-21,23.200000762939453,23.600000381469727,22.100000381469727,22.5,22.5,50660,23.200000381469728,23.730000305175782,25.930000019073486,29.52200008392334,35.70700017929077,48.25125012397766,27.27054106152349,-2.1261413014307173,-2.0593317878282975,-0.06680951360241982,31.3573745884067,25.930000019073486,20.502625449740272,11.739629813282457,11.896419509934375,UBX
2021-10-22,22.600000381469727,22.600000381469727,22.100000381469727,22.399999618530273,22.399999618530273,29430,22.980000305175782,23.600000190734864,25.580000019073488,29.24200004577637,35.46900016784668,48.06825012207031,26.967593125348287,-2.118762968206319,-2.071218023903902,-0.04754494430241696,30.969841931167537,25.580000019073488,20.19015810697944,7.373928801074783,10.866798841150784,UBX
2021-10-25,22.5,22.75,22.0,22.200000762939453,22.200000762939453,40390,22.800000381469726,23.300000190734863,25.170000076293945,28.990000076293946,35.22800018310547,47.87925012588501,26.337422646915616,-2.1047911005339763,-2.0779326392299167,-0.026858461304059666,30.27062707614301,25.170000076293945,20.06937307644488,4.892398164713818,8.00198559302376,UBX
2021-10-26,22.299999237060547,22.899999618530273,22.09000015258789,22.700000762939453,22.700000762939453,40940,22.600000381469727,23.140000343322754,24.835000133514406,28.78200012207031,34.99900020599365,47.692250137329104,30.697478759513935,-2.029972217308817,-2.0683405548456966,0.038368337536879515,29.652582103867385,24.835000133514406,20.017418163161427,9.657886045248217,7.308071003679012,UBX
2021-10-27,22.399999618530273,22.600000381469727,22.0,22.200000762939453,22.200000762939453,21820,22.400000381469727,22.940000343322755,24.48000020980835,28.582000122070312,34.74200019836426,47.4867501449585,28.857994810009192,-1.9881058875192075,-2.052293621380399,0.06418773386119137,28.964015954138215,24.48000020980835,19.995984465478482,9.81483371169338,8.121705973885211,UBX
2021-10-28,22.5,22.700000762939453,22.200000762939453,22.700000762939453,22.700000762939453,26130,22.440000534057617,22.820000457763673,24.115000247955322,28.386000137329102,34.497000198364255,47.27675016403198,33.17065447092331,-1.892762114749349,-2.020387320054189,0.1276252053048399,27.871740507304466,24.115000247955322,20.35825998860618,14.814834437741053,11.429184731560957,UBX
2021-10-29,22.600000381469727,24.100000381469727,22.299999237060547,23.899999618530273,23.899999618530273,75730,22.740000534057618,22.8600004196167,23.835000228881835,28.232000122070314,34.27600019454956,47.03975014686584,42.22315246776371,-1.7007662346147328,-1.9564631029662976,0.2556968683515648,26.66503519716696,23.835000228881835,21.00496526059671,25.92593377509642,16.851867308177024,UBX
2021-11-01,24.700000762939453,24.799999237060547,23.600000381469727,24.100000381469727,24.100000381469727,54460,23.120000457763673,22.960000419616698,23.650000286102294,28.082000122070312,34.04700019836426,46.81425016403198,43.594532853350756,-1.5150056837948362,-1.8681716191320052,0.353165935337169,25.827613565728786,23.650000286102294,21.472387006475802,49.074086408489144,29.938284873775615,UBX
2021-11-02,24.100000381469727,27.450000762939453,24.0,27.25,27.25,68680,24.030000305175783,23.315000343322755,23.682500267028807,27.987000122070313,33.84750019073486,46.60000017166138,59.784902117046116,-1.1009197478133608,-1.7147212448682763,0.6138014970549155,26.046664828992323,23.682500267028807,21.31833570506529,74.70268579762042,49.9009019937354,UBX
2021-11-03,28.3799991607666,28.399999618530273,24.600000381469727,24.799999237060547,24.799999237060547,79960,24.55,23.475000190734864,23.66750020980835,27.83700012207031,33.62450019836426,46.388500175476075,48.19719049407662,-0.9593890070046562,-1.5636547972955523,0.6042657902908961,25.999081978456736,23.66750020980835,21.33591844115996,71.6934288302571,65.15673367878897,UBX
2021-11-04,25.450000762939453,26.100000381469727,24.700000762939453,25.399999618530273,25.399999618530273,47290,25.089999771118165,23.76500015258789,23.747500228881837,27.69100009918213,33.43250020980835,46.17400015830994,50.71647882899391,-0.7897066126127363,-1.4088651603589892,0.6191585477462529,26.19851495211102,23.747500228881837,21.296485505652655,64.40174987899904,70.2659548356256,UBX
2021-11-05,25.5,25.65999984741211,23.100000381469727,23.200000762939453,23.200000762939453,70370,24.95,23.84500026702881,23.722500228881835,27.519000129699705,33.23250020980835,45.94950016975403,42.546135726007066,-0.8232635443743135,-1.2917448371620541,0.46848129278774064,26.18511531587278,23.722500228881835,21.25988514189089,38.54166697710753,58.212281895454645,UBX
2021-11-08,23.600000381469727,24.200000762939453,23.200000762939453,23.600000381469727,23.600000381469727,46060,24.85,23.985000228881837,23.64250020980835,27.351000137329102,33.04950019836426,45.73100015640259,44.3030258775603,-0.8082638655654506,-1.1950486428427334,0.3867847772772828,26.01004592876778,23.64250020980835,21.27495449084892,32.291672565043314,45.078363140383374,UBX
2021-11-09,24.200000762939453,25.8700008392334,23.100000381469727,25.700000762939453,25.700000762939453,103130,24.54000015258789,24.285000228881835,23.712500286102294,27.227000160217287,32.88850021362305,45.55250015258789,52.513044962939134,-0.6197795982838201,-1.0799948339309506,0.4602152356471305,26.231601991015797,23.712500286102294,21.19339858118879,33.85417861864041,34.8958393869305,UBX
2021-11-10,27.200000762939453,36.400001525878906,27.200000762939453,31.700000762939453,31.700000762939453,1572710,25.92000045776367,25.235000228881837,24.087500286102294,27.221000175476075,32.78050022125244,45.41050016403198,67.33045293378457,0.013588754695049943,-0.8612781162057506,0.8748668709008005,28.3881833516408,24.087500286102294,19.786817220563787,50.057877362955395,38.73457618221312,UBX
2021-11-11,31.0,31.149999618530273,27.200000762939453,28.899999618530273,28.899999618530273,256660,26.620000457763673,25.85500011444092,24.337500286102294,27.1210001373291,32.65450021743774,45.25800015449524,58.203266588667226,0.2863007490168492,-0.6317623431612306,0.9180630921780798,29.11985049233621,24.337500286102294,19.55515007986838,57.696761192808204,47.202939058134746,UBX
2021-11-12,29.100000381469727,29.200000762939453,27.200000762939453,29.0,29.0,71560,27.780000305175783,26.36500015258789,24.612500286102296,27.02500015258789,32.50750020980835,45.10425015449524,58.420055675539,0.5046785442407256,-0.4044741656808393,0.9091527099215648,29.787041122315685,24.612500286102296,19.437959449888908,54.62962472389807,54.1280877598873,UBX
2021-11-15,29.200000762939453,30.600000381469727,28.299999237060547,28.5,28.5,83210,28.760000228881836,26.80500011444092,24.88250026702881,26.937000122070312,32.37450021743774,44.923750162124634,56.832799038680385,0.6301348961199373,-0.197552353320684,0.8276872494406213,30.272237971189078,24.88250026702881,19.492762562868542,47.22221633534434,53.18286741735028,UBX
2021-11-16,28.5,28.649999618530273,26.700000762939453,27.0,27.0,59730,29.020000076293947,26.780000114440917,25.047500228881837,26.809000091552733,32.210500202178956,44.73325016975403,52.2466363286038,0.6015877655851867,-0.037724329539509854,0.6393120951246966,30.48417867977381,25.047500228881837,19.610821777989866,42.517599926109064,48.12314699511723,UBX
2021-11-17,26.799999237060547,27.600000381469727,26.299999237060547,26.399999618530273,26.399999618530273,37590,27.95999984741211,26.940000152587892,25.207500171661376,26.68100009918213,32.02750019073486,44.53525016784668,50.49148913776198,0.5245028007972969,0.07472109652785151,0.4497817042694454,30.605488011227564,25.207500171661376,19.80951233209519,36.00656866264273,41.915461641365454,UBX
2021-11-18,28.399999618530273,28.399999618530273,25.0,25.299999237060547,25.299999237060547,62190,27.239999771118164,26.93000011444092,25.347500133514405,26.54300006866455,31.81550018310547,44.32775014877319,47.350911432523,0.37038203954085347,0.13385328513045192,0.23652875441040155,30.600639436668185,25.347500133514405,20.094360830360625,26.47405507923091,34.99940788932764,UBX
2021-11-19,25.399999618530273,26.450000762939453,25.399999618530273,26.0,26.0,42510,26.639999771118163,27.210000038146973,25.52750015258789,26.425000076293944,31.61150016784668,44.08225015640259,49.503414303205126,0.3012517941238144,0.1673329869291244,0.13391880719469001,30.608196154993443,25.52750015258789,20.446804150182338,22.474620686358296,28.318414809410722,UBX
2021-11-22,25.479999542236328,26.1299991607666,23.399999618530273,24.600000381469727,24.600000381469727,71830,25.85999984741211,27.310000038146974,25.647500133514406,26.26900005340576,31.407500171661376,43.80375014305115,45.497051950754674,0.13197597080464618,0.16026158370422877,-0.02828561289958259,30.517148233185708,25.647500133514406,20.777852033843104,16.54134813588715,21.830007967158863,UBX
2021-11-23,24.799999237060547,24.799999237060547,22.899999618530273,23.5,23.5,56000,25.15999984741211,27.089999961853028,25.687500095367433,26.139000053405763,31.195500164031984,43.450250158309935,42.58109253923409,-0.08990085534106029,0.11022909589517096,-0.20012995123623126,30.472045369854932,25.687500095367433,20.902954820879934,12.509049231436125,17.175006017893935,UBX
2021-11-24,22.700000762939453,23.860000610351562,22.600000381469727,23.200000762939453,23.200000762939453,83480,24.520000076293947,26.239999961853027,25.73750009536743,26.021000061035156,30.986500186920168,43.12925015449524,41.79435860976001,-0.2866430274390659,0.030854671228323596,-0.31749769866738947,30.39441685977821,25.73750009536743,21.08058333095665,6.690156550388299,11.913517972570602,UBX
2021-11-26,23.200000762939453,23.600000381469727,22.0,22.100000381469727,22.100000381469727,62440,23.88000030517578,25.560000038146974,25.707500076293947,25.869000053405763,30.783500175476075,42.8257501411438,38.95249195934918,-0.5252684858389145,-0.08036996018512403,-0.44489852565379046,30.449258625702903,25.707500076293947,20.96574152688499,3.1622407176126366,7.453815499812431,UBX
2021-11-29,23.200000762939453,23.25,20.700000762939453,20.799999237060547,20.799999237060547,85820,22.84000015258789,24.739999961853027,25.55250005722046,25.679000053405762,30.55050018310547,42.5192501449585,35.8499992873986,-0.8099435831610222,-0.22628468478030367,-0.5836588983807185,30.705312438211458,25.55250005722046,20.399687676229462,1.893069478619814,3.915155582206994,UBX
2021-11-30,21.100000381469727,22.0,20.200000762939453,22.0,22.0,127580,22.320000076293944,24.089999961853028,25.447500038146973,25.537000045776367,30.32150016784668,42.20825016021728,40.55654250242199,-0.9280229451799151,-0.36663233686022595,-0.5613906083196891,30.79628267416531,25.447500038146973,20.098717402128635,4.147495274505869,3.0676018235795173,UBX
2021-12-01,22.399999618530273,22.399999618530273,19.0,19.299999237060547,19.299999237060547,96450,21.479999923706053,23.31999988555908,25.05,25.333000030517578,30.073500175476074,41.912250156402585,34.434860556888644,-1.2253441820368387,-0.5383747058955485,-0.6869694761412902,30.956437383350426,25.05,19.143562616649575,4.73905613473955,3.593206962621822,UBX
2021-12-02,20.260000228881836,20.260000228881836,18.15999984741211,18.899999618530273,18.899999618530273,84490,20.61999969482422,22.56999988555908,24.755000019073485,25.115000038146974,29.85050016403198,41.63625016212463,33.62510513842299,-1.476232936242976,-0.725946351965034,-0.750286584277942,31.242673212952386,24.755000019073485,18.267326825194584,6.509595479461978,5.132048962902544,UBX
2021-12-03,19.600000381469727,19.600000381469727,17.0,17.399999618530273,17.399999618530273,85130,19.679999542236327,21.779999923706054,24.355000019073486,24.86700004577637,29.63250015258789,41.33675014495849,30.70878906989786,-1.7756331518034223,-0.9358837119327117,-0.8397494398707106,31.578981244984377,24.355000019073486,17.131018793162596,3.7862847144071794,5.011645442869647,UBX
2021-12-06,17.399999618530273,17.399999618530273,15.399999618530273,16.899999618530273,16.899999618530273,102460,18.899999618530273,20.869999885559082,24.039999961853027,24.61700004577637,29.412500133514403,41.03425013542175,29.78157082371846,-2.0298568745154135,-1.154678344449252,-0.8751785300661614,31.95439230404856,24.039999961853027,16.125607619657494,6.736826419849371,5.677568871239587,UBX
2021-12-07,17.610000610351562,18.899999618530273,16.799999237060547,18.799999237060547,18.799999237060547,78380,18.259999465942382,20.289999771118165,23.799999904632568,24.385000038146973,29.21550012588501,40.779250116348265,37.50377461364857,-2.0543358116347505,-1.3346098378863518,-0.7197259737483988,32.03771849835485,23.799999904632568,15.562281310910285,13.471923839870279,7.998344991375688,UBX
2021-12-08,18.399999618530273,19.600000381469727,18.0,19.5,19.5,68470,18.299999618530272,19.889999771118163,23.489999866485597,24.18700004577637,29.017500133514403,40.51675011634827,40.11669163144489,-1.9942627150506311,-1.4665404133192077,-0.5277223017314234,31.88354540567267,23.489999866485597,15.096454327298524,23.0043541364296,14.404368132049827,UBX
2021-12-09,19.809999465942383,20.0,18.200000762939453,18.799999237060547,18.799999237060547,74710,18.27999954223633,19.449999618530274,22.84499979019165,23.977000045776368,28.81050012588501,40.27175009727478,38.38824958427851,-1.9803107747129367,-1.5692944855979536,-0.4110162891149831,30.571959383820822,22.84499979019165,15.118040196562479,29.487177274221562,21.987818416840557,UBX
2021-12-10,19.0,19.059999465942383,17.25,17.5,17.5,50670,18.299999618530272,18.9899995803833,22.274999809265136,23.727000045776368,28.586500110626222,40.01875010490417,35.342745002111066,-2.050515766012019,-1.6655387416807668,-0.38497702433125225,29.8107482535636,22.274999809265136,14.739251364966673,27.292996142228947,26.594842517626784,UBX
2021-12-13,17.5,17.68000030517578,16.600000381469727,17.200000762939453,17.200000762939453,65860,18.35999984741211,18.629999732971193,21.684999847412108,23.481000061035157,28.373500118255617,39.724250116348266,34.6593942883498,-2.1060835386071624,-1.7536477010660458,-0.3524358375411165,28.861426698343237,21.684999847412108,14.50857299648098,23.16315769190726,26.647777036119336,UBX
2021-12-14,16.299999237060547,17.299999237060547,15.449999809265137,15.800000190734863,15.800000190734863,90460,17.760000038146973,18.009999752044678,21.04999985694885,23.24100008010864,28.14450011253357,39.43575011730194,31.589786989467704,-2.237299548097088,-1.8503780704722543,-0.38692147762483353,27.943910298133538,21.04999985694885,14.156089415764166,14.482795847469523,21.646316560535322,UBX
2021-12-15,16.200000762939453,17.600000381469727,15.5,17.600000381469727,17.600000381469727,69900,17.380000114440918,17.839999866485595,20.579999876022338,23.06100008010864,27.938500108718873,39.16375011920929,39.06245710044902,-2.171018063985308,-1.914506069174865,-0.25651199481044284,27.056295127050582,20.579999876022338,14.103704624994094,16.902120939837378,18.182691493071463,UBX
2021-12-16,17.600000381469727,17.600000381469727,15.199999809265137,15.399999618530273,15.399999618530273,121190,16.700000190734862,17.489999866485597,20.029999876022337,22.867000064849854,27.71050009727478,38.90425010204315,34.15215765194099,-2.2698458160526123,-1.9855740185504145,-0.2842717975021978,26.300916978923322,20.029999876022337,13.759082773121353,11.347294439692986,14.24407040900004,UBX
2021-12-17,15.300000190734863,16.5,14.300000190734863,16.0,16.0,117290,16.400000190734865,17.34999990463257,19.564999914169313,22.711000080108644,27.48150008201599,38.67775010585785,36.49670005904486,-2.2735444994518907,-2.04316811473071,-0.23037638472118083,25.577744927924826,19.564999914169313,13.5522549004138,16.76713272363087,15.005516034387156,UBX
2021-12-20,16.0,16.0,14.800000190734863,15.199999809265137,15.199999809265137,110150,16.0,17.179999923706056,19.02499990463257,22.541000061035156,27.249500064849855,38.44325011253357,34.72153512991068,-2.314350668333855,-2.0974046254513388,-0.2169460428825163,24.549083767272386,19.02499990463257,13.500916041992753,11.527743418942805,13.214056860755633,UBX
2021-12-21,15.399999618530273,15.800000190734863,14.800000190734863,15.300000190734863,15.300000190734863,72040,15.9,16.830000019073488,18.559999895095824,22.343000049591065,27.038500051498414,38.18525010585785,35.14617129638566,-2.3119697084707553,-2.140317642055222,-0.17165206641553343,23.679531220946053,18.559999895095824,13.440468569245596,16.29242800597486,14.862434716182923,UBX
2021-12-22,15.600000381469727,15.600000381469727,14.600000381469727,15.399999618530273,15.399999618530273,66150,15.45999984741211,16.419999980926512,18.154999876022337,22.16500005722046,26.817500047683716,37.91925011157989,35.59733218906022,-2.2757798886003684,-2.167410091364251,-0.10836979723611728,22.91629183061324,18.154999876022337,13.393707921431435,15.72928893006258,14.516486784993495,UBX
2021-12-23,15.199999809265137,16.0,14.949999809265137,15.600000381469727,15.600000381469727,86270,15.5,16.10000009536743,17.774999856948853,21.993000049591064,26.600500059127807,37.63525010585785,36.54806723537398,-2.2055367507625796,-2.1750354232439166,-0.03050132751866297,22.05372615253056,17.774999856948853,13.496273561367143,19.627927085640767,17.216548007226148,UBX
2021-12-27,15.800000190734863,15.800000190734863,13.699999809265137,13.800000190734863,13.800000190734863,185580,15.060000038146972,15.730000114440918,17.35999984741211,21.791000061035156,26.365500068664552,37.35375011444092,31.973302874058962,-2.268958390170372,-2.193820016629208,-0.07513837354116415,21.48766229033299,17.35999984741211,13.232337404491227,14.564188489566872,16.640468168423485,UBX
2021-12-28,13.600000381469727,14.199999809265137,13.109999656677246,13.600000381469727,13.600000381469727,133660,14.740000152587891,15.370000076293945,16.999999904632567,21.59300006866455,26.12650007247925,37.06825013160706,31.501482146914384,-2.308745033862353,-2.216805020075837,-0.09194001378651606,21.12067915011088,16.999999904632567,12.879320659154253,10.502031860350415,14.898049145186098,UBX
2021-12-29,13.699999809265137,13.699999809265137,12.300000190734863,13.0,13.0,130590,14.280000114440918,15.09000005722046,16.549999904632568,21.391000061035157,25.886500072479247,36.79125012397766,30.0679735498258,-2.361469699278299,-2.2457379559163293,-0.11573174336196956,20.340777806434907,16.549999904632568,12.759222002830228,5.929993588937715,10.332071312951747,UBX
2021-12-30,12.399999618530273,15.0,12.399999618530273,13.800000190734863,13.800000190734863,152260,13.960000228881835,14.710000038146973,16.274999952316286,21.193000049591063,25.6425000667572,36.511750140190124,34.357206337247106,-2.3120491831862644,-2.2590002013703163,-0.05304898181594808,20.025666243165595,16.274999952316286,12.524333661466978,12.79734155467095,9.743122334653107,UBX
2021-12-31,13.699999809265137,15.5,13.699999809265137,14.600000381469727,14.600000381469727,108970,13.760000228881836,14.630000114440918,16.059999990463258,21.02100004196167,25.41450005531311,36.25225014209747,38.42441745989632,-2.1831635877485702,-2.243832878645967,0.0606692908973967,19.67463659099018,16.059999990463258,12.445363389936336,24.67706344481687,14.468132862808593,UBX
2022-01-03,15.5,17.799999237060547,15.0,17.5,17.5,414180,14.500000190734863,14.780000114440918,16.065000009536742,20.92100004196167,25.221500062942503,35.988250126838686,50.41749538244191,-1.8259664868505414,-2.160259600286882,0.3342931134363405,19.687305623086665,16.065000009536742,12.442694395986821,53.16191698890649,30.212107329464853,UBX
2022-01-04,17.899999618530273,19.110000610351562,16.219999313354492,18.600000381469727,18.600000381469727,383160,15.500000190734863,15.120000171661378,16.150000047683715,20.84500005722046,25.043500051498413,35.73975011348725,54.07161592838104,-1.4375531552963743,-2.01571831128878,0.5781651559924059,19.9233272849839,16.150000047683715,12.376672810383532,76.60246993051543,51.48048345474634,UBX
2022-01-05,18.600000381469727,19.0,17.299999237060547,18.299999237060547,18.299999237060547,232080,16.560000038146974,15.420000076293945,16.125000047683717,20.76700002670288,24.878500051498413,35.51625010967255,52.92600207240251,-1.14079005912793,-1.8407326608566101,0.6999426017286801,19.833840648447797,16.125000047683717,12.416159446919636,91.72072840899422,73.8283717761388,UBX
2022-01-06,18.5,18.899999618530273,16.5,16.700000762939453,16.700000762939453,160390,17.14000015258789,15.550000190734863,15.985000085830688,20.64700002670288,24.714500074386596,35.291250109672546,47.18421617314862,-1.0229181092491721,-1.6771697505351226,0.6542516412859505,19.371015276801128,15.985000085830688,12.598984894860248,81.7425295166384,83.3552426187161,UBX
2022-01-07,17.0,17.600000381469727,15.600000381469727,16.0,16.0,70550,17.420000076293945,15.59000015258789,15.84500012397766,20.523000011444093,24.5525000667572,35.05525010585785,44.88971451126368,-0.9747516212396299,-1.5366861246760242,0.5619345034363943,18.97579872360161,15.84500012397766,12.714201524353713,69.01614566316982,80.82646786293424,UBX
2022-01-10,16.0,16.100000381469727,14.800000190734863,15.199999809265137,15.199999809265137,74090,16.960000038146973,15.730000114440918,15.730000114440918,20.372999992370605,24.379500064849854,34.82725010871887,42.35476029242011,-0.9897237427581302,-1.4272936482924454,0.4375699055343152,18.77703146083408,15.730000114440918,12.682968768047756,53.842385326505536,68.20035350210468,UBX
2022-01-11,15.399999618530273,16.799999237060547,15.199999809265137,15.399999618530273,15.399999618530273,91130,16.31999988555908,15.910000038146972,15.640000057220458,20.202999992370607,24.21750005722046,34.62675010681152,43.218052332277765,-0.9742207336046569,-1.3366790653548877,0.3624583317502308,18.61348280794341,15.640000057220458,12.666517306497507,47.47918873176215,56.77923990714593,UBX
2022-01-12,15.359999656677246,15.819999694824219,14.5,14.699999809265137,14.699999809265137,110430,15.6,16.080000019073488,15.585000038146973,20.014999980926515,24.04850005149841,34.41325009822845,40.90883694339788,-1.006812711404658,-1.2707057945648417,0.2638930831601838,18.585183323404834,15.585000038146973,12.58481675288911,41.11599680502786,47.47919028776528,UBX
2022-01-13,15.390000343322754,15.390000343322754,13.649999618530273,14.100000381469727,14.100000381469727,100400,15.079999923706055,16.11000003814697,15.410000038146972,19.75199998855591,23.86950005531311,34.1837501001358,38.98598704340894,-1.0687372898310201,-1.2303120936180774,0.16157480378705724,18.326778957518293,15.410000038146972,12.49322111877565,35.73176107318276,41.44231553665768,UBX
2022-01-14,14.0,14.800000190734863,13.800000190734863,14.800000190734863,14.800000190734863,51420,14.839999961853028,16.130000019073485,15.380000066757201,19.552000007629395,23.694500064849855,33.94275010108948,42.38827375355895,-1.0492339144706229,-1.1940964577885864,0.14486254331796355,18.30889051067028,15.380000066757201,12.451109622844124,32.79490649254246,36.54755479025112,UBX
2022-01-18,15.0,16.0,12.899999618530273,13.0,13.0,207360,14.4,15.680000019073486,15.230000066757203,19.30400001525879,23.49750005722046,33.69825009346008,36.71827569732439,-1.1655861693383862,-1.1883944000985465,0.022808230760160253,18.319401191984205,15.230000066757203,12.140598941530198,24.473811512047973,31.000159692591154,UBX
2022-01-19,13.0,13.5,12.199999809265137,12.5,12.5,77190,13.820000076293946,15.069999980926514,15.095000076293946,19.09,23.304500064849854,33.45925009727478,35.30553607327591,-1.2833483499973095,-1.207385190078299,-0.07596315991901048,18.405876001583586,15.095000076293946,11.784124151004306,17.110417189320682,24.793045064637127,UBX
2022-01-20,12.800000190734863,13.300000190734863,12.199999809265137,12.399999618530273,12.399999618530273,54680,13.360000038146973,14.480000019073486,14.950000047683716,18.86599998474121,23.108500061035155,33.23025009155273,35.01536451936036,-1.368964352739095,-1.2397010226104581,-0.12926333012863678,18.46027067023689,14.950000047683716,11.43972942513054,5.83829573661975,15.807508145996223,UBX
2022-01-21,12.300000190734863,12.600000381469727,11.899999618530273,12.100000381469727,12.100000381469727,95900,12.960000038146973,14.019999980926514,14.785000085830688,18.593999977111817,22.91050006866455,32.99625008583069,34.10964769326063,-1.4443732472710877,-1.280635467542584,-0.16373777972850379,18.499444807541515,14.785000085830688,11.070555364119862,3.3366081599078172,8.76177369528284,UBX
2022-01-24,12.300000190734863,12.300000190734863,10.300000190734863,11.600000381469727,11.600000381469727,116200,12.320000076293946,13.580000019073486,14.58500008583069,18.19199996948242,22.706500072479248,32.76275009155273,32.59630696407424,-1.5268802358956304,-1.3298844212131933,-0.1969958146824371,18.5262053732552,14.58500008583069,10.643794798406182,6.808082937864346,5.327662278130727,UBX
2022-01-25,11.0,11.5,10.600000381469727,11.199999809265137,11.199999809265137,117140,11.960000038146973,13.180000019073486,14.455000066757203,17.83799997329712,22.47950005531311,32.53875009059906,31.396221533545095,-1.6060309964366404,-1.3851137362578827,-0.22091726017875768,18.654273754574675,14.455000066757203,10.25572637893973,9.291573110638836,6.4787547361370885,UBX
2022-01-26,11.600000381469727,11.800000190734863,10.800000190734863,11.0,11.0,68300,11.660000038146972,12.74000005722046,14.325000047683716,17.47799997329712,22.251500062942505,32.32025008678436,30.7859129836367,-1.6656957537655739,-1.441230139759421,-0.22446561400615295,18.775561774617735,14.325000047683716,9.874438320749697,11.080105745079512,9.059920597860987,UBX
2022-01-27,11.75,11.75,10.100000381469727,10.300000190734863,10.300000190734863,65180,11.240000152587891,12.300000095367432,14.190000057220459,17.113999977111817,22.025500049591063,32.09125009536743,28.68422512567723,-1.7492997990926913,-1.502844071626075,-0.24645572746661637,18.94642722894977,14.190000057220459,9.433572885491149,7.050340253089572,9.140673036269396,UBX
2022-01-28,10.390000343322754,10.899999618530273,10.020000457763672,10.899999618530273,10.899999618530273,45890,11.0,11.980000019073486,14.045000028610229,16.791999969482422,21.80050003051758,31.867750101089477,32.911878819856966,-1.7470033013443,-1.55167591756972,-0.19532738377458014,19.01228298863191,14.045000028610229,9.07771706858855,7.9285127740708035,8.686319590746718,UBX
2022-01-31,11.300000190734863,12.199999809265137,11.0,12.100000381469727,12.100000381469727,140520,11.1,11.710000038146973,13.920000028610229,16.505999984741212,21.59350004196167,31.661250095367432,40.507935694146475,-1.629568624852876,-1.567254459026351,-0.062314165826524937,18.95054668400089,13.920000028610229,8.889453373219567,15.441491863228167,10.140114963462937,UBX
2022-02-01,12.199999809265137,12.699999809265137,11.800000190734863,12.699999809265137,12.699999809265137,112450,11.4,11.680000019073486,13.680000019073486,16.253999996185303,21.398500032424927,31.465250086784362,43.92657780412495,-1.4711276148448302,-1.5480290901900469,0.07690147534521663,18.45602344675492,13.680000019073486,8.90397659139205,29.491285854675443,17.62043016399156,UBX
2022-02-02,13.0,13.140000343322754,11.5,11.699999809265137,11.699999809265137,78190,11.539999961853027,11.6,13.334999990463256,15.967999992370606,21.196500034332274,31.278250093460084,39.81957442247326,-1.4100000131024029,-1.5204232747725182,0.11042326167011529,17.61017240286607,13.334999990463256,9.059827578060442,34.52938445460853,26.487387390837473,UBX
2022-02-03,11.300000190734863,11.5,10.399999618530273,10.600000381469727,10.600000381469727,76190,11.6,11.420000076293945,12.950000047683716,15.687999992370605,20.978500022888184,31.079750099182128,35.84901203256731,-1.4337888833209043,-1.5030963964821953,0.06930751316129102,16.724917318367346,12.950000047683716,9.175082777000085,27.53622633702067,30.518965548768307,UBX
2022-02-04,10.600000381469727,10.779999732971191,10.0,10.199999809265137,10.199999809265137,115860,11.460000038146973,11.230000019073486,12.625,15.421999988555909,20.780500020980835,30.872250094413758,34.50175806098423,-1.467996290154332,-1.4960763752166226,0.02808008506229065,16.164420781131373,12.625,9.085579218868627,13.708654355867992,25.258088382499157,UBX
2022-02-07,10.699999809265137,10.899999618530273,10.0,10.399999618530273,10.399999618530273,127620,11.119999885559082,11.109999942779542,12.344999980926513,15.165999965667725,20.59350001335144,30.67425009250641,35.80089492832866,-1.462113261832826,-1.4892837525398632,0.027170490707037143,15.650434863462884,12.344999980926513,9.039565098390142,8.153628935334924,16.46616987607462,UBX
2022-02-08,10.399999618530273,10.399999618530273,9.239999771118164,9.869999885559082,9.869999885559082,109990,10.553999900817871,10.976999950408935,12.07849998474121,14.921399955749513,20.395200004577635,30.46410008430481,33.882945405484335,-1.483120973193076,-1.4880511966705057,0.004930223477429774,15.277989172294774,12.07849998474121,8.879010797187647,10.09304442604683,10.651775905750009,UBX
2022-02-09,10.0,10.699999809265137,9.800000190734863,10.600000381469727,10.600000381469727,97370,10.33400001525879,10.936999988555907,11.838500022888184,14.717399978637696,20.19820001602173,30.25860008239746,38.75015939528475,-1.4244446850044667,-1.4753298943372979,0.05088520933283114,14.708526396710706,11.838500022888184,8.968473649065661,20.605869509731892,12.950847623704641,UBX
2022-02-10,10.5,10.899999618530273,9.800000190734863,9.960000038146973,9.960000038146973,77820,10.205999946594238,10.902999973297119,11.601500034332275,14.476599979400635,20.0068000125885,30.046900086402893,36.231903666574276,-1.4132944047228477,-1.4629227964144078,0.04962839169156008,14.262419356893997,11.601500034332275,8.940580711770554,22.950196866509632,17.88303693409621,UBX
2022-02-11,10.300000190734863,10.300000190734863,9.100000381469727,9.15999984741211,9.15999984741211,104680,9.997999954223634,10.728999996185303,11.354500007629394,14.273799991607666,19.80340001106262,29.837700085639952,33.31723090131442,-1.4522701900340724,-1.4607922751383406,0.008522085104268218,13.958370093489014,11.354500007629394,8.750629921769773,18.272827771623472,20.609631382621757,UBX
2022-02-14,9.600000381469727,10.800000190734863,9.5600004196167,9.8100004196167,9.8100004196167,148280,9.880000114440918,10.5,11.105000019073486,14.092000007629395,19.603500022888184,29.63825008392334,37.702324087493,-1.414404788833851,-1.4515147778774427,0.03710998904359175,13.257658826222272,11.105000019073486,8.9523412119247,12.506978815104207,17.910001151079197,UBX
2022-02-15,10.5,10.5,9.949999809265137,10.5,10.5,74330,10.006000137329101,10.280000019073487,10.980000019073486,13.954000015258789,19.41050003051758,29.447250080108642,42.058213573172836,-1.3135768893007196,-1.423927200162098,0.11035031086137836,12.96152467424907,10.980000019073486,8.998475363897903,17.90428335898891,16.22802998190562,UBX
2022-02-16,10.199999809265137,10.600000381469727,10.100000381469727,10.300000190734863,10.300000190734863,49560,9.946000099182129,10.140000057220458,10.87000002861023,13.82200002670288,19.219500036239623,29.270750088691713,41.159866001923056,-1.2355655352568728,-1.3862548671810528,0.15068933192418,12.743083030606092,10.87000002861023,8.996917026614367,27.310226874558236,19.240496349550543,UBX
2022-02-17,10.100000381469727,10.300000190734863,9.8100004196167,9.949999809265137,9.949999809265137,42470,9.944000053405762,10.075,10.747500038146972,13.645000038146973,19.015000038146972,29.07200008392334,39.567101977297376,-1.1882852679579194,-1.3466609473364262,0.15837567937850672,12.52218741157357,10.747500038146972,8.972812664720374,28.465337361112333,24.559949198219915,UBX
2022-02-18,10.300000190734863,10.300000190734863,9.4399995803833,9.489999771118164,9.489999771118164,49630,10.010000038146973,10.003999996185303,10.617000007629395,13.444800033569337,18.81590003967285,28.89445008277893,37.51250078187995,-1.1743957707757868,-1.3122079120242982,0.13781214124851138,12.358207689130161,10.617000007629395,8.875792326128629,20.132002060628988,25.302522098766612,UBX
2022-02-22,9.5,9.600000381469727,8.800000190734863,9.050000190734863,9.050000190734863,88380,9.857999992370605,9.869000053405761,10.48949999809265,13.249800052642822,18.613400049209595,28.7082000875473,35.607838491032524,-1.1852299401277602,-1.2868123176449906,0.10158237751723043,12.296325645083895,10.48949999809265,8.682674351101406,12.151136262206961,20.24949189464952,UBX
2022-02-23,9.119999885559082,9.369999885559082,8.5,8.520000457763672,8.520000457763672,48140,9.46200008392334,9.734000110626221,10.355500030517579,13.070200061798095,18.39860005378723,28.529300093650818,33.407478519442805,-1.222490536522276,-1.2739479614204476,0.05145742489817162,12.322126239262062,10.355500030517579,8.388873821773096,5.360166905499327,12.547768409445183,UBX
2022-02-24,8.300000190734863,9.5,7.610000133514404,9.1899995803833,9.1899995803833,71820,9.239999961853027,9.593000030517578,10.265000009536744,12.910000038146972,18.195500049591065,28.354250087738038,38.5749370619824,-1.1843045719326835,-1.2560192835228947,0.07171471159021126,12.270856397080648,10.265000009536744,8.25914362199284,18.150452400234098,11.88725185598022,UBX
2022-02-25,9.289999961853027,9.399999618530273,8.880000114440918,9.149999618530273,9.149999618530273,54910,9.079999923706055,9.511999988555909,10.207499980926514,12.777000026702881,18.00900005340576,28.17950009346008,38.3834385313447,-1.144081325157801,-1.233631691849876,0.08955036669207495,12.271146027646282,10.207499980926514,8.143853934206746,31.83316368395317,18.447927663228956,UBX
2022-02-28,8.899999618530273,9.5,8.600000381469727,8.699999809265137,8.699999809265137,72690,8.92199993133545,9.465999984741211,10.097499990463257,12.599000015258788,17.830000047683715,28.0100001001358,36.20584724267773,-1.1354268422395677,-1.2139907219278143,0.07856387968824663,12.234983374826752,10.097499990463257,7.960016606099762,42.65450118163359,30.879372421940378,UBX
2022-03-01,8.84000015258789,9.210000038146973,8.300000190734863,8.300000190734863,8.300000190734863,56460,8.771999931335449,9.314999961853028,9.907499980926513,12.45700002670288,17.662000045776367,27.841500101089476,34.34086111974041,-1.147615728699325,-1.2007157232821164,0.053099994582791465,11.973567440314698,9.907499980926513,7.841432521538328,33.637282043232574,36.041648969606534,UBX
2022-03-02,8.609999656677246,8.680000305175781,8.0,8.170000076293945,8.170000076293945,58350,8.701999855041503,9.081999969482421,9.680999994277954,12.30040002822876,17.505700054168702,27.662850093841552,33.732702499597664,-1.154457563645142,-1.1914640913547214,0.03700652770957946,11.443837450313218,9.680999994277954,7.91816253824269,23.70820711277858,33.33333011254834,UBX
2022-03-03,8.199999809265137,8.699999809265137,7.510000228881836,7.590000152587891,7.590000152587891,82050,8.381999969482422,8.810999965667724,9.475500011444092,12.148200035095215,17.344600048065185,27.479800090789794,31.08749189037348,-1.192929564269896,-1.1917571859377563,-0.0011723783321397896,11.206932638382806,9.475500011444092,7.744067384505378,13.475178523772385,23.606889226594603,UBX
2022-03-04,7.800000190734863,8.0,7.199999809265137,7.5,7.5,62820,8.052000045776367,8.565999984741211,9.320499992370605,11.992200031280518,17.16760004043579,27.30430009841919,30.685385754945855,-1.216656305543939,-1.196737009858993,-0.019919295684946103,11.172358183642924,9.320499992370605,7.468641801098287,9.262074640277987,15.481820092276408,UBX
2022-03-07,7.400000095367432,7.679999828338623,7.070000171661377,7.159999847412109,7.159999847412109,54900,7.744000053405761,8.332999992370606,9.168499994277955,11.827400035858155,16.996200046539307,27.120600090026855,29.151354181521516,-1.2485031229246992,-1.2070902324721342,-0.04141289045256502,11.197246147100255,9.168499994277955,7.139753841455653,4.438170711241522,9.058474625097388,UBX
2022-03-08,7.400000095367432,7.679999828338623,6.949999809265137,7.28000020980835,7.28000020980835,80040,7.540000057220459,8.155999994277954,9.012500023841858,11.661000032424926,16.827000041007995,26.938000094890594,30.472490146343695,-1.2496536988247442,-1.2156029257426562,-0.03405077308208804,11.116884734812912,9.012500023841858,6.9081153128708035,6.641336309694768,6.780527220404849,UBX
2022-03-09,7.389999866485596,8.359999656677246,7.300000190734863,8.289999961853027,8.289999961853027,89130,7.564000034332276,8.13299994468689,8.933500027656555,11.55080002784729,16.670900044441222,26.756450102329254,40.52498609744986,-1.1557442985967157,-1.2036312003134682,0.04788690171675247,11.021755538729224,8.933500027656555,6.845244516583885,17.196890393530854,9.42546580482247,UBX
2022-03-10,8.069999694824219,8.100000381469727,7.510000228881836,7.900000095367432,7.900000095367432,66290,7.626000022888183,8.003999996185303,8.79850001335144,11.436800022125244,16.514900045394896,26.577450098991395,38.22666094129025,-1.1001087829400262,-1.1829267168387798,0.08281793389875358,10.784976995405925,8.79850001335144,6.812023031296954,25.799773237744983,16.545999980323625,UBX
2022-03-11,7.880000114440918,9.520000457763672,7.860000133514404,9.100000381469727,9.100000381469727,115980,7.946000099182129,7.999000072479248,8.755500030517577,11.358800029754638,16.3749000453949,26.385450100898744,47.999063253835814,-0.9482563329451139,-1.1359926400600466,0.18773630711493272,10.675671595511846,8.755500030517577,6.835328465523309,49.830097937391464,30.94225385622252,UBX
2022-03-14,8.800000190734863,9.0,7.659999847412109,7.710000038146973,7.710000038146973,89980,8.056000137329102,7.900000095367432,8.68300004005432,11.23700002670288,16.21500003814697,26.19100010871887,40.0880298977304,-0.9293604940068132,-1.0946662108493999,0.16530571684258666,10.6456319135802,8.68300004005432,6.720368166528441,46.354093230620265,40.66132146858566,UBX
2022-03-15,8.0,8.5,7.829999923706055,8.199999809265137,8.199999809265137,93880,8.24000005722046,7.890000057220459,8.602500009536744,11.10900001525879,16.06500002861023,26.008000111579896,43.615977777585606,-0.8648767581795518,-1.0487083203154302,0.18383156213587837,10.504770948390627,8.602500009536744,6.700229070682861,53.11406181604318,49.766084328018394,UBX
2022-03-16,9.300000190734863,10.5,8.800000190734863,10.199999809265137,10.199999809265137,139140,8.622000026702882,8.093000030517578,8.5875,10.963000011444091,15.94200002670288,25.824500102996826,55.209454898914146,-0.6449550077943229,-0.9679576578112087,0.3230026500168858,10.43358629346747,8.5875,6.741413706532529,56.58646558607586,52.018206877579864,UBX
2022-03-17,10.0,11.0,9.800000190734863,10.899999618530273,10.899999618530273,99910,9.22199993133545,8.423999977111816,8.61749997138977,10.808999996185303,15.827000026702882,25.64800009727478,58.431107579572895,-0.40946128686401195,-0.8562583836217693,0.44679709675775736,10.58915768161284,8.61749997138977,6.6458422611667025,79.2394219244503,62.97998310885654,UBX
2022-03-18,10.800000190734863,12.0,10.5,11.5,11.5,91650,9.701999855041503,8.823999977111816,8.694999980926514,10.673000011444092,15.720000019073487,25.474000101089477,61.019209084392166,-0.1724281555692997,-0.7194923380112754,0.5470641824419757,10.96877640787998,8.694999980926514,6.421223553973048,93.05971867520958,76.29520206191201,UBX
2022-03-21,11.800000190734863,12.5,11.5,11.699999809265137,11.699999809265137,85200,10.499999809265137,9.277999973297119,8.805499982833862,10.572999992370605,15.610000009536742,25.304500107765197,61.871379941973416,0.031200956646502576,-0.5693536790797198,0.6005546357262224,11.413337803417296,8.805499982833862,6.1976621622504275,91.07181593801653,87.79031884589222,UBX
2022-03-22,12.0,13.899999618530273,12.0,13.399999618530273,13.399999618530273,146300,11.539999771118165,9.889999914169312,9.022999954223632,10.520999984741211,15.521999998092651,25.132000098228456,68.22919907978704,0.3259963888179662,-0.39028366550018256,0.7162800543181488,12.312608207252758,9.022999954223632,5.733391701194506,89.49678270582848,91.20943910635161,UBX
2022-03-23,13.399999618530273,13.699999809265137,12.399999618530273,12.399999618530273,12.399999618530273,85830,11.97999973297119,10.300999879837036,9.216999912261963,10.464999980926514,15.41899998664856,24.95800009250641,61.71062185215534,0.473474332669479,-0.21753206586625023,0.6910063985357293,12.80882426367162,9.216999912261963,5.625175560852307,85.60286781242627,88.7238221520905,UBX
2022-03-24,12.5,12.600000381469727,11.600000381469727,11.899999618530273,11.899999618530273,55140,12.179999732971192,10.70099983215332,9.35249991416931,10.394999980926514,15.29899998664856,24.78750009059906,58.691289761092044,0.5437379714970803,-0.06527805839358411,0.6090160298906644,13.129709578788793,9.35249991416931,5.575290249549829,80.81534719532152,85.30499923785884,UBX
2022-03-25,11.899999618530273,13.149999618530273,11.5,11.600000381469727,11.600000381469727,53890,12.199999809265137,10.95099983215332,9.474999952316285,10.332999992370606,15.17399998664856,24.61050009250641,56.892658981113854,0.5686598237874119,0.06150951804261509,0.5071503057447968,13.374915106427583,9.474999952316285,5.575084798204987,72.18225709239834,79.53349070004879,UBX
2022-03-28,11.600000381469727,12.0,11.0,11.699999809265137,11.699999809265137,57390,12.199999809265137,11.349999809265137,9.624999952316283,10.284999980926514,15.018499984741212,24.433000087738037,57.36172080178922,0.5896822000351687,0.16714405444112582,0.4225381455940429,13.623666984916728,9.624999952316283,5.626332919715838,68.26539078304167,73.75433169025392,UBX
2022-03-29,11.699999809265137,12.199999809265137,11.600000381469727,12.0,12.0,53970,11.919999885559083,11.729999828338624,9.809999942779541,10.228999977111817,14.890499992370605,24.257500095367433,58.80976500273737,0.6233643368117185,0.2583881109152444,0.36497622589647416,13.887920763906575,9.809999942779541,5.732079121652506,67.94639845814076,69.46468211119367,UBX
2022-03-30,12.0,12.399999618530273,11.5,11.600000381469727,11.600000381469727,40750,11.760000038146973,11.869999885559082,9.98149995803833,10.20099998474121,14.7525,24.092500104904175,56.075275291107374,0.6107408067474918,0.32885865008169385,0.2818821566657979,14.05761202766227,9.98149995803833,5.905387888414391,66.69124900019567,67.63434608045945,UBX
2022-03-31,11.399999618530273,11.899999618530273,11.0,11.199999809265137,11.199999809265137,102450,11.620000076293945,11.899999904632569,10.161999940872192,10.174999980926513,14.632499990463257,23.932500100135805,53.40125890703171,0.5619816898917058,0.37548325804369626,0.18649843184800957,14.116423127952192,10.161999940872192,6.2075767537921935,63.37928367807737,66.00564371213802,UBX
2022-04-01,11.699999809265137,13.0,11.699999809265137,12.199999809265137,12.199999809265137,72390,11.739999961853027,11.969999885559082,10.396999931335449,10.170999984741211,14.518499984741212,23.784000091552734,58.7031807696251,0.5971478326412569,0.4198161729632084,0.17733165967804854,14.247974186782796,10.396999931335449,6.546025675888101,63.955073054771354,64.6752019110149,UBX
2022-04-04,12.199999809265137,13.0,12.100000381469727,12.899999618530273,12.899999618530273,55190,11.979999923706055,12.089999866485595,10.683999919891358,10.186999969482422,14.39049997329712,23.639500093460082,61.96545156707185,0.6737349910030375,0.4705999365711742,0.20313505443186325,14.379658767857363,10.683999919891358,6.988341071925353,69.70544577049247,65.6799341677805,UBX
2022-04-05,12.899999618530273,12.899999618530273,12.300000190734863,12.399999618530273,12.399999618530273,35860,12.05999984741211,11.989999866485595,10.939999890327453,10.202999954223634,14.197499961853028,23.489000091552736,58.415763202480534,0.6861752433833157,0.5137149979336025,0.17246024544971317,14.355733862549677,10.939999890327453,7.524265918105229,71.93339855052535,68.53130579192982,UBX
2022-04-06,12.199999809265137,12.399999618530273,11.699999809265137,12.100000381469727,12.100000381469727,38000,12.15999984741211,11.959999942779541,11.130499911308288,10.220999965667724,14.029499969482423,23.342000093460083,56.33069369625362,0.6641706558999765,0.5438061295268773,0.12036452637309913,14.353339938477708,11.130499911308288,7.907659884138868,63.621874577394614,68.42023963280424,UBX
2022-04-07,12.100000381469727,12.100000381469727,11.399999618530273,11.699999809265137,11.699999809265137,29430,12.259999847412109,11.939999961853028,11.320499897003174,10.234999961853028,13.856499967575074,23.182000088691712,53.58435777513532,0.6074528205630916,0.5565354677341202,0.05091735282897136,14.187543335297224,11.320499897003174,8.453456458709123,44.87046556731076,60.14191289841034,UBX
2022-04-08,11.699999809265137,11.699999809265137,10.649999618530273,10.800000190734863,10.800000190734863,44500,11.979999923706055,11.859999942779542,11.40549988746643,10.244999961853027,13.679499969482421,23.02700009346008,47.92301923824159,0.48429838945556014,0.5420880520784082,-0.057789662622848015,14.099771301540791,11.40549988746643,8.711228473392069,25.27072329440051,44.587687813035394,UBX
2022-04-11,10.899999618530273,11.0,10.100000381469727,10.300000190734863,10.300000190734863,36210,11.460000038146973,11.719999980926513,11.534999895095826,10.232999973297119,13.51249997138977,22.861500086784364,45.07385082444875,0.3424047652037263,0.5021513947034718,-0.1597466294997455,13.704124034794797,11.534999895095826,9.365875755396855,11.436293664876088,27.192494175529223,UBX
2022-04-12,10.399999618530273,10.699999809265137,10.100000381469727,10.199999809265137,10.199999809265137,37650,11.020000076293945,11.539999961853027,11.634999895095826,10.194999961853027,13.350499973297119,22.68900008201599,44.50396352781263,0.21935525975865033,0.4455921677145075,-0.22623690795585716,13.307453022917413,11.634999895095826,9.962546767274238,4.483207981999907,13.730074980425607,UBX
2022-04-13,10.199999809265137,11.100000381469727,10.199999809265137,10.899999618530273,10.899999618530273,28290,10.779999923706054,11.469999885559082,11.669999885559083,10.15899995803833,13.206499977111816,22.511000080108644,49.33310117758734,0.1762896176589166,0.3917316577033893,-0.2154420400444727,13.247466049847239,11.669999885559083,10.092533721270927,11.687903822594903,9.202468489823739,UBX
2022-04-14,11.100000381469727,11.100000381469727,10.300000190734863,10.300000190734863,10.300000190734863,26890,10.5,11.379999923706055,11.639999914169312,10.130999965667725,13.049499979019165,22.330500073432923,45.66509873114013,0.09267652926480352,0.3319206320156721,-0.2392441027508686,13.295777452626462,11.639999914169312,9.984222375712163,12.134902127214312,9.435337977269812,UBX
2022-04-18,10.5,10.5,9.670000076293945,9.819999694824219,9.819999694824219,46490,10.303999900817871,11.141999912261962,11.555999898910523,10.115399951934814,12.90169997215271,22.154600071907044,42.91602598380681,-0.012179081307669648,0.2631006893510038,-0.27527977065867343,13.392282941117017,11.555999898910523,9.719716856704029,12.543509649959661,12.122105199923064,UBX
2022-04-19,9.819999694824219,10.399999618530273,9.699999809265137,10.100000381469727,10.100000381469727,38380,10.263999938964844,10.861999988555908,11.475999927520752,10.113399963378907,12.767699975967407,21.981600069999693,44.996185933974246,-0.07185588289207345,0.19610937490238833,-0.2679652577944618,13.416663513392061,11.475999927520752,9.535336341649442,8.104653859871428,10.927688545681905,UBX
2022-04-20,10.300000190734863,10.699999809265137,10.0,10.199999809265137,10.199999809265137,40720,10.263999938964844,10.642000007629395,11.315999937057494,10.109399967193603,12.637699966430665,21.812100076675414,45.75643148165239,-0.10981517897717552,0.13492446412647557,-0.2447396431036511,13.118513588570462,11.315999937057494,9.513486285544527,11.111107929014578,10.586423812948661,UBX
2022-04-21,10.399999618530273,10.600000381469727,9.729999542236328,9.8100004196167,9.8100004196167,45550,10.046000099182129,10.413000011444092,11.186499977111817,10.108199977874756,12.514799966812134,21.649150071144103,43.24594674626481,-0.16941497560866026,0.07405657617944841,-0.24347155178810867,13.030563520704211,11.186499977111817,9.342436433519422,11.011015081801224,10.075592290229183,UBX
2022-04-22,10.300000190734863,10.300000190734863,9.289999961853027,9.5,9.5,50330,9.886000061035157,10.193000030517577,11.066499996185303,10.086199970245362,12.401799974441529,21.4761500787735,41.305949618097166,-0.238908696179859,0.011463521707586938,-0.2503722178874459,13.018424804679684,11.066499996185303,9.114575187690923,8.593500400237795,10.238541137017974,UBX
2022-04-25,9.300000190734863,10.15999984741211,9.300000190734863,9.579999923706055,9.579999923706055,41470,9.838000106811524,10.071000003814698,10.965499973297119,10.078599967956542,12.277599973678589,21.299550070762635,42.0286874455182,-0.28425097683111566,-0.04767937800015358,-0.23657159883096207,13.003689954726399,10.965499973297119,8.927309991867839,5.965944547848051,8.52348667662913,UBX
2022-04-26,9.579999923706055,9.800000190734863,9.029999732971191,9.699999809265137,9.699999809265137,42690,9.757999992370605,10.010999965667725,10.86549997329712,10.089399967193604,12.181599979400636,21.127550077438354,43.1593210890627,-0.30696358787418276,-0.09953621997495941,-0.20742736789922334,12.945552504274225,10.86549997329712,8.785447442320013,11.191642536688548,8.583695828258238,UBX
2022-04-27,9.699999809265137,9.800000190734863,9.210000038146973,9.300000190734863,9.300000190734863,19820,9.57800006866455,9.921000003814697,10.730499982833862,10.079199962615967,12.08559998512268,20.96805007457733,40.33536347260732,-0.35316900953855423,-0.1502627778876784,-0.20290623165087585,12.84862613432878,10.730499982833862,8.612373831338944,12.236450202750072,9.798012429095664,UBX
2022-04-28,9.300000190734863,9.600000381469727,9.029999732971191,9.369999885559082,9.369999885559082,22650,9.489999961853027,9.768000030517578,10.61899995803833,10.056599960327148,12.005299987792968,20.81890007019043,41.062137178182475,-0.37976109918091794,-0.1961624421463263,-0.18359865703459163,12.776710616542015,10.61899995803833,8.461289299534645,13.80339921725716,12.4104973188987,UBX
2022-04-29,9.350000381469727,9.6899995803833,9.0,9.100000381469727,9.100000381469727,37590,9.410000038146972,9.648000049591065,10.51399998664856,10.032599964141845,11.927299995422363,20.669900064468383,39.08453617943463,-0.4178060176123388,-0.2404911572395288,-0.17731486037281002,12.751314244224144,10.51399998664856,8.276685729072977,8.763603712281999,11.601151044096518,UBX
2022-05-02,8.800000190734863,9.539999961853027,8.800000190734863,9.300000190734863,9.300000190734863,27440,9.354000091552734,9.59600009918213,10.369000005722047,10.01959997177124,11.832300004959107,20.52390006542206,41.33827332969562,-0.4268975670105366,-0.27777243919373035,-0.14912512781680626,12.524856014318,10.369000005722047,8.213143997126092,13.078379480715833,11.881794136751772,UBX
2022-05-03,9.300000190734863,9.75,9.300000190734863,9.59000015258789,9.59000015258789,22480,9.332000160217286,9.545000076293945,10.203500032424927,10.021599979400635,11.733200006484985,20.375350069999694,44.54226151795563,-0.4060217461688769,-0.30342230058875963,-0.10259944558011724,12.04152356638293,10.203500032424927,8.365476498466924,20.282957424700417,14.04164687256619,UBX
2022-05-04,9.5,9.800000190734863,8.899999618530273,9.260000228881836,9.260000228881836,33720,9.32400016784668,9.451000118255616,10.046500062942505,10.025799980163574,11.637800016403197,20.224150071144106,41.74796821093234,-0.4113637978715481,-0.32501060004531734,-0.08635319782623074,11.625376511312844,10.046500062942505,8.467623614572165,25.362316737328424,19.57455121424833,UBX
2022-05-05,8.949999809265137,9.380000114440918,8.350000381469727,8.609999656677246,8.609999656677246,34910,9.172000122070312,9.33100004196167,9.872000026702882,10.027599964141846,11.548900012969971,20.067700061798096,36.8449622042904,-0.4627131569840177,-0.3525511114330574,-0.11016204555096032,11.264976609574846,9.872000026702882,8.479023443830917,21.803874406309983,22.483049522779712,UBX
2022-05-06,9.100000381469727,9.100000381469727,8.199999809265137,8.5,8.5,28220,9.052000045776367,9.23100004196167,9.712000036239624,10.01379997253418,11.461900005340576,19.917700061798097,36.07286846049403,-0.5064459533229222,-0.38333007981103034,-0.12311587351189185,10.955440403238278,9.712000036239624,8.468559669240971,14.354603089445016,20.506931411027914,UBX
2022-05-09,8.399999618530273,8.5,7.5,7.559999942779541,7.559999942779541,59350,8.703999996185303,9.029000043869019,9.550000023841857,9.981999979019164,11.379500002861024,19.762000057697296,30.24098221101313,-0.6099238358929515,-0.4286488310274146,-0.18127500486553694,11.009671200315667,9.550000023841857,8.090328847368047,8.312935863984771,14.823804453246696,UBX
2022-05-10,7.5,7.900000095367432,7.400000095367432,7.690000057220459,7.690000057220459,37020,8.323999977111816,8.82800006866455,9.419500017166138,9.961799983978272,11.280399999618531,19.6094500541687,31.88117925659094,-0.6736751725278243,-0.47765409932749653,-0.19602107320032774,11.044904231986969,9.419500017166138,7.794095802345307,7.645834650223506,10.104457867884538,UBX
2022-05-11,8.0,8.100000381469727,7.300000190734863,7.300000190734863,7.300000190734863,32340,7.931999969482422,8.628000068664551,9.274500036239624,9.941799983978271,11.199400005340577,19.454950051307677,29.63037261364875,-0.7470566914625127,-0.5315346177544997,-0.21552207370801302,11.100550090711756,9.274500036239624,7.448449981767492,3.6458321070919957,6.534867540433531,UBX
2022-05-12,7.199999809265137,7.800000190734863,7.099999904632568,7.420000076293945,7.420000076293945,37020,7.6940000534057615,8.433000087738037,9.100500059127807,9.926799983978272,11.113600006103516,19.297550044059754,31.238969575694714,-0.7864632274896781,-0.5825203397015354,-0.20394288778814273,10.937001917330077,9.100500059127807,7.263998200925537,6.506673380975106,5.932780046096976,UBX
2022-05-13,7.800000190734863,8.300000190734863,7.5,8.100000381469727,8.100000381469727,28780,7.614000129699707,8.333000087738037,8.99050006866455,9.936999988555907,11.042600011825561,19.14605003833771,39.65685300723984,-0.7541297116850902,-0.6168422140982464,-0.1372874975868439,10.78960509378856,8.99050006866455,7.19139504354054,15.831524306118027,8.661343264728483,UBX
2022-05-16,7.880000114440918,8.300000190734863,7.769999980926514,7.940000057220459,7.940000057220459,23380,7.69000015258789,8.197000074386597,8.896500086784362,9.945799989700317,10.969000010490417,19.003750030994414,38.46366832112388,-0.7329666728987014,-0.6400671058583374,-0.09289956704036406,10.70882760517102,8.896500086784362,7.084172568397704,26.201895461405446,16.180031049499632,UBX
2022-05-17,7.900000095367432,8.5,7.900000095367432,8.5,8.5,23530,7.852000141143799,8.088000059127808,8.816500067710876,9.972599992752075,10.900000014305114,18.858750030994415,44.73152047097393,-0.6633606878397877,-0.6447258222546275,-0.018634865585160254,10.548750307600288,8.816500067710876,7.0842498278214645,40.00000470950232,27.344474825675366,UBX
2022-05-18,8.119999885559082,8.600000381469727,8.010000228881836,8.199999809265137,8.199999809265137,16150,8.032000064849854,7.982000017166138,8.716500067710877,9.990999984741212,10.826000008583069,18.713250033855438,42.24884360170084,-0.6251980573498042,-0.6408202692736629,0.015622211923858709,10.345576830897167,8.716500067710877,7.087423304524587,41.23456541566393,35.81215519552401,UBX
2022-05-19,8.0,8.600000381469727,7.849999904632568,8.229999542236328,8.229999542236328,20090,8.19399995803833,7.944000005722046,8.637500023841858,9.989799976348877,10.770300002098084,18.567900035381317,42.591974391428664,-0.5857806552491258,-0.6298123464687555,0.04403169121962969,10.198626226607699,8.637500023841858,7.076373821076015,44.814805592039505,42.01645857240202,UBX
2022-05-20,8.399999618530273,8.489999771118164,7.860000133514404,7.880000114440918,7.880000114440918,25410,8.149999904632569,7.8820000171661375,8.556500029563903,9.989399976730347,10.713099999427795,18.41980003595352,39.63332094851288,-0.5761426945072117,-0.6190784160764468,0.042935721569235086,10.098203958807108,8.556500029563903,7.014796100320698,37.16048682831683,41.06995261200686,UBX
2022-05-23,8.079999923706055,8.319999694824219,8.0,8.170000076293945,8.170000076293945,14530,8.195999908447266,7.943000030517578,8.486000037193298,9.970799970626832,10.664800000190734,18.27565003633499,43.15671168577752,-0.5388919568606578,-0.6030411242332889,0.0641491673726311,9.961579938744098,8.486000037193298,7.010420135642497,36.790119793843914,39.58847073806685,UBX
2022-05-24,8.199999809265137,8.199999809265137,7.53000020980835,7.599999904632568,7.599999904632568,23520,8.015999889373779,7.934000015258789,8.38100004196167,9.968599967956543,10.602799997329711,18.122650032043456,38.411199216242714,-0.5490357862802409,-0.5922400566426793,0.04320427036243846,9.793613296723027,8.38100004196167,6.968386787200313,30.149449309979186,34.70001864404675,UBX
2022-05-25,7.599999904632568,7.880000114440918,7.309999942779541,7.619999885559082,7.619999885559082,17440,7.899999904632568,7.965999984741211,8.29700002670288,9.956999969482421,10.532999992370605,17.97375002384186,38.66604357898482,-0.5491309728310174,-0.5836182398803469,0.03448726704932947,9.680533253695822,8.29700002670288,6.913466799709939,29.186482392996897,32.04201716560677,UBX
2022-05-26,7.5,7.900000095367432,7.369999885559082,7.78000020980835,7.78000020980835,13150,7.810000038146972,8.001999998092652,8.217500042915344,9.908599977493287,10.435799994468688,17.828650028705596,40.777283420348596,-0.5301840877346056,-0.5729314094511986,0.04274732171659301,9.52596296681398,8.217500042915344,6.909037119016707,31.087718219381383,30.14121664078593,UBX
2022-05-27,7.900000095367432,8.399999618530273,7.800000190734863,8.270000457763672,8.270000457763672,26870,7.888000106811523,8.019000005722045,8.176000046730042,9.855999994277955,10.332499995231629,17.68800002336502,46.815164228794806,-0.4702093393152307,-0.552386995424005,0.08217765610877437,9.420980413517361,8.176000046730042,6.9310196799427235,49.77778139820672,36.68399400352845,UBX
2022-05-31,8.199999809265137,9.0,7.900000095367432,7.900000095367432,7.900000095367432,40100,7.834000110626221,8.015000009536744,8.10600004196167,9.783999996185303,10.228500003814696,17.553500027656554,43.23104477971499,-0.44737776374402216,-0.5313851490880085,0.08400738534398633,9.243073496449773,8.10600004196167,6.968926587473566,55.146207476780496,45.33723569812298,UBX
2022-06-01,7.800000190734863,8.039999961853027,7.699999809265137,7.769999980926514,7.769999980926514,22510,7.868000125885009,7.942000007629394,8.015000033378602,9.70539999961853,10.139199995994568,17.426850035190583,42.01397367574394,-0.4347618345909945,-0.5120604861886057,0.07729865159761118,8.932572906336611,8.015000033378602,7.097427160420591,51.78948110108893,52.237823325358825,UBX
2022-06-02,7.699999809265137,7.949999809265137,7.599999904632568,7.670000076293945,7.670000076293945,24200,7.878000164031983,7.889000034332275,7.9355000257492065,9.590800008773805,10.055899996757507,17.304200031757354,41.05646588254781,-0.42790020916155225,-0.495228430783195,0.06732822162164276,8.66382609905235,7.9355000257492065,7.2071739524460625,32.89007118344809,46.608586587105954,UBX
2022-06-03,7.78000020980835,7.800000190734863,7.5,7.78000020980835,7.78000020980835,23520,7.878000164031983,7.8440001010894775,7.894000053405762,9.498400020599366,9.98170000076294,17.180600032806396,42.605972966941344,-0.4088729967166911,-0.4779573439698942,0.06908434725320312,8.555374354662067,7.894000053405762,7.232625752149456,28.12520273788435,37.60158500747391,UBX
2022-06-06,7.789999961853027,7.900000095367432,7.0,7.059999942779541,7.059999942779541,56830,7.636000061035157,7.76200008392334,7.822000050544739,9.401600027084351,9.898300004005431,17.057900030612945,35.94522851010952,-0.44674203394632883,-0.4717142819651811,0.024972248018852283,8.516509960167902,7.822000050544739,7.1274901409215765,17.370815070799946,26.128696330710913,UBX
2022-06-07,7.179999828338623,7.300000190734863,6.599999904632568,6.980000019073486,6.980000019073486,75660,7.4520000457763675,7.643000078201294,7.793000054359436,9.309200019836426,9.821100006103515,16.934800028800964,35.285164535590766,-0.47770219054500274,-0.47291186368114546,-0.004790326863857275,8.572130348184224,7.793000054359436,7.013869760534647,15.54800011933204,20.348005976005563,UBX
2022-06-08,7.119999885559082,7.400000095367432,6.900000095367432,7.0,7.0,47150,7.298000049591065,7.5830000877380375,7.758500051498413,9.215200023651123,9.750100002288818,16.809800028800964,35.60353407365962,-0.4949193838114221,-0.4773133677072008,-0.0176060161042213,8.610515914805285,7.758500051498413,6.906484188191542,11.833334863185792,14.917383351106041,UBX
2022-06-09,7.099999904632568,7.260000228881836,6.909999847412109,7.0,7.0,22080,7.164000034332275,7.521000099182129,7.74350004196167,9.115200023651123,9.67210000038147,16.683300032615662,35.603534073659624,-0.502768530857062,-0.482404400337173,-0.020364130519888946,8.636837084372171,7.74350004196167,6.850162999551169,16.38889247620534,14.590075819574507,UBX
2022-06-10,6.900000095367432,7.199999809265137,6.610000133514404,6.800000190734863,6.800000190734863,62890,6.968000030517578,7.42300009727478,7.712500047683716,9.019200019836425,9.610100002288819,16.55380002975464,33.68180408192841,-0.5191429923201571,-0.48975211873376984,-0.02939087358638731,8.687853840446826,7.712500047683716,6.7371462549206065,13.888894959732104,14.03704076637453,UBX
2022-06-13,6.5,6.599999904632568,6.0,6.400000095367432,6.400000095367432,32670,6.836000061035156,7.236000061035156,7.627500033378601,8.923200025558472,9.549100003242494,16.426800034046174,30.173913077171004,-0.5579646664037998,-0.5033946282677758,-0.05457003813602401,8.739666807994322,7.627500033378601,6.515333258762879,12.777783804469449,14.35185708013575,UBX
2022-06-14,6.320000171661377,6.789999961853027,5.909999847412109,5.989999771118164,5.989999771118164,58850,6.638000011444092,7.04500002861023,7.530000019073486,8.799000024795532,9.485000004768372,16.296750032901762,27.062694206150205,-0.6147285147980046,-0.5256614055738216,-0.08906710922418304,8.839824469983421,7.530000019073486,6.220175568163552,8.085225200739787,11.5839679883139,UBX
2022-06-15,6.0,6.400000095367432,5.929999828338623,5.960000038146973,5.960000038146973,74660,6.4300000190734865,6.864000034332276,7.403000020980835,8.660200033187866,9.423600001335144,16.167050034999846,26.844585249551674,-0.6545893033233829,-0.5514469851237338,-0.10314231819964914,8.801543581103903,7.403000020980835,6.004456460857767,5.846819916394959,8.903276307201518,UBX
2022-06-16,6.199999809265137,6.199999809265137,5.699999809265137,5.900000095367432,5.900000095367432,28780,6.210000038146973,6.687000036239624,7.2880000352859495,8.530200042724609,9.366599998474122,16.036550035476683,26.386545532748535,-0.6831458789046154,-0.5777867638799101,-0.1053591150247053,8.780576373533407,7.2880000352859495,5.795423697038493,3.4225792056718833,5.784874774268995,UBX
2022-06-17,5.809999942779541,6.400000095367432,5.809999942779541,5.900000095367432,5.900000095367432,34400,6.030000019073486,6.499000024795532,7.1715000629425045,8.406200037002563,9.313600001335145,15.896550028324127,26.386545532748535,-0.6977341261103724,-0.6017762363260026,-0.09595788978436981,8.714656342680854,7.1715000629425045,5.628343783204156,4.579785943415814,4.61639502182767,UBX
2022-06-21,6.300000190734863,6.300000190734863,5.920000076293945,5.920000076293945,5.920000076293945,48960,5.934000015258789,6.3850000381469725,7.073500061035157,8.29060004234314,9.262800002098084,15.757150032520293,26.86893349097706,-0.6996168383929913,-0.6213443567394004,-0.07827248165359091,8.672178040154819,7.073500061035157,5.474822081915494,7.174316320093962,5.0588938230606715,UBX
2022-06-22,5.800000190734863,6.199999809265137,5.800000190734863,5.900000095367432,5.900000095367432,28440,5.916000080108643,6.277000045776367,6.960000061988831,8.19260004043579,9.218800001144409,15.622150025367738,26.680646509993405,-0.6947144964844174,-0.6360183846884038,-0.05869611179601364,8.553486886214248,6.960000061988831,5.366513237763415,8.117078728249945,6.6237269972533594,UBX
2022-06-23,6.190000057220459,6.190000057220459,5.900000095367432,6.0,6.0,43580,5.924000072479248,6.177000045776367,6.880000066757202,8.106600036621094,9.169800004959107,15.485150017738341,29.34662986564665,-0.6749794556282716,-0.6438105988763774,-0.03116885675189418,8.497405497105037,6.880000066757202,5.262594636409367,10.64233077914642,8.644575275830228,UBX
2022-06-24,6.090000152587891,6.300000190734863,5.909999847412109,5.940000057220459,5.940000057220459,32630,5.932000064849854,6.071000051498413,6.796000075340271,8.0214000415802,9.108200001716614,15.350850021839141,28.672959775108918,-0.6566117756848922,-0.6463708342380803,-0.010240941446811869,8.425409903807909,6.796000075340271,5.166590246872634,11.144790966137137,9.968066824511286,UBX
2022-06-27,5.900000095367432,6.139999866485596,5.900000095367432,5.989999771118164,5.989999771118164,25970,5.95,5.990000009536743,6.706500053405762,7.923200044631958,9.041100001335144,15.219800016880036,30.112714687849074,-0.6307498068065316,-0.6432466287517705,0.012496821945238934,8.306253602724041,6.706500053405762,5.106746504087483,13.868096569471783,11.88507277158523,UBX
2022-06-28,5.949999809265137,6.199999809265137,5.929999828338623,5.960000038146973,5.960000038146973,21130,5.957999992370605,5.946000003814698,6.591000032424927,7.8364000415802,8.983700003623962,15.090100018978118,29.725018921056556,-0.6056926895826518,-0.6357358409179468,0.030043151335295004,8.049902411215546,6.591000032424927,5.1320976536343075,14.420682570803718,13.14452336880433,UBX
2022-06-29,6.0,6.199999809265137,5.949999809265137,6.0,6.0,16090,5.977999973297119,5.947000026702881,6.496000027656555,7.760000047683715,8.937699999809265,14.958100011348725,31.000615188630736,-0.5759676840932428,-0.623782209553006,0.04781452545976317,7.84487219429265,6.496000027656555,5.14712786102046,17.194574411961856,15.161117850745905,UBX
2022-06-30,5.900000095367432,6.349999904632568,5.5,5.639999866485596,5.639999866485596,73160,5.905999946594238,5.915000009536743,6.389500021934509,7.6708000373840335,8.89210000038147,14.836300010681152,26.362633201362474,-0.574833087205616,-0.613992385083528,0.03915929787791206,7.652836555107253,6.389500021934509,5.126163488761765,14.25339733638937,15.289551439718435,UBX
2022-07-01,5.619999885559082,6.300000190734863,5.590000152587891,6.260000228881836,6.260000228881836,24680,5.969999980926514,5.951000022888183,6.319000029563904,7.592000045776367,8.850700006484985,14.722100009918213,42.35735270267059,-0.5179346352397625,-0.594780835114775,0.07684619987501251,7.437729738559378,6.319000029563904,5.20027032056843,28.793603879846135,20.08052520939924,UBX
2022-07-05,6.400000095367432,6.400000095367432,6.0,6.090000152587891,6.090000152587891,86600,5.990000057220459,5.9700000286102295,6.2345000267028805,7.517600040435791,8.812900009155273,14.604050006866455,39.804352783004646,-0.4810149466490552,-0.572027657421631,0.09101271077257578,7.1325974842492466,6.2345000267028805,5.3364025691565145,37.628827548166264,26.891942921467376,UBX
2022-07-06,6.300000190734863,6.300000190734863,5.800000190734863,5.920000076293945,5.920000076293945,39880,5.982000064849854,5.9700000286102295,6.177500033378601,7.44600004196167,8.766100006103516,14.482150011062622,37.378163738083195,-0.4601688725384845,-0.5496559004450017,0.08948702790651719,7.000345746600875,6.177500033378601,5.354654320156328,50.439288551819764,38.953906659944174,UBX
2022-07-07,5.840000152587891,6.210000038146973,5.840000152587891,6.0,6.0,29520,5.982000064849854,5.980000019073486,6.128500032424927,7.374400043487549,8.726500005722047,14.366650009155274,39.25459492755969,-0.43221062828113244,-0.5261668460122279,0.09395621773109541,6.866721594258691,6.128500032424927,5.390278470591162,49.31955571900098,45.795890606329124,UBX
2022-07-08,5.900000095367432,6.099999904632568,5.900000095367432,6.0,6.0,42850,6.0540000915527346,5.980000019073486,6.078500032424927,7.300400047302246,8.694900007247925,14.249150009155274,39.25459492755968,-0.4053805437116278,-0.5020095855521078,0.09662904184048005,6.700087586455925,6.078500032424927,5.456912478393929,52.592589845382925,50.78381137206801,UBX
2022-07-11,6.139999866485596,6.150000095367432,5.880000114440918,5.880000114440918,5.880000114440918,50200,5.978000068664551,5.974000024795532,6.022500038146973,7.232000045776367,8.655600004196167,14.129550013542175,37.30972943761795,-0.3893127413304134,-0.47947021670776896,0.09015747537735558,6.482798957686738,6.022500038146973,5.562201118607208,51.11110993373555,51.007751832706596,UBX
2022-07-12,5.840000152587891,6.230000019073486,5.840000152587891,6.230000019073486,6.230000019073486,25230,6.00600004196167,5.998000049591065,5.994000029563904,7.169200048446656,8.612900004386901,14.01170001745224,45.75192114799542,-0.34436717452167454,-0.4524496082705501,0.10808243374887555,6.304380512736745,5.994000029563904,5.683619546391063,59.62962825602481,54.4444426783812,UBX
2022-07-13,6.5,7.699999809265137,6.300000190734863,7.079999923706055,7.079999923706055,130780,6.238000011444091,6.110000038146973,6.028000020980835,7.128800039291382,8.580700001716615,13.900100018978119,59.88164844453539,-0.23742273890856325,-0.4094442343981527,0.17202149548958945,6.570792789906537,6.028000020980835,5.485207252055134,65.05050655871362,58.597081582824764,UBX
2022-07-14,7.269999980926514,7.400000095367432,6.25,6.369999885559082,6.369999885559082,54640,6.311999988555908,6.147000026702881,6.0470000267028805,7.0702000331878665,8.544900002479553,13.779950020313263,48.51463520136468,-0.20756687087117154,-0.3690687616927565,0.16150189082158495,6.6093913200251455,6.0470000267028805,5.4846087333806155,64.15824732812756,62.94612738095543,UBX
2022-07-15,6.800000190734863,7.0,6.400000095367432,6.5,6.5,29760,6.411999988555908,6.233000040054321,6.074000024795533,7.008400030136109,8.515000004768371,13.665450022220611,50.37221531877311,-0.1714397073437839,-0.329542950822962,0.1581032434791781,6.668050496368723,6.074000024795533,5.479949553222342,52.27272891472867,60.49382760052339,UBX
2022-07-18,6.650000095367432,7.440000057220459,6.5,7.159999847412109,7.159999847412109,54710,6.667999935150147,6.3230000019073485,6.137000012397766,6.966400022506714,8.496100001335144,13.55475002527237,58.54901563476979,-0.08853166025846892,-0.28134069271006334,0.19280903245159442,6.889890374191099,6.137000012397766,5.384109650604433,53.484849075969,56.63860843960851,UBX
2022-07-19,7.199999809265137,7.5,6.809999942779541,7.150000095367432,7.150000095367432,38150,6.851999950408936,6.428999996185302,6.199500012397766,6.9372000312805175,8.482399997711182,13.440500025749207,58.39203640144661,-0.02336400632044988,-0.22974535543214064,0.20638134911169076,7.062760655753017,6.199500012397766,5.336239369042515,65.30303509767434,57.02020436279077,UBX
2022-07-20,6.699999809265137,7.199999809265137,6.659999847412109,7.099999904632568,7.099999904632568,24820,6.855999946594238,6.546999979019165,6.258500003814698,6.909200029373169,8.461500000953674,13.328500025272369,57.561003769062765,0.02397090968428195,-0.1790021024088561,0.20297301209313806,7.1954369871512975,6.258500003814698,5.321563020478098,74.3939435317829,64.39394256847551,UBX
2022-07-21,6.900000095367432,7.230000019073486,6.900000095367432,7.179999828338623,7.179999828338623,14690,7.017999935150146,6.664999961853027,6.322499990463257,6.901600027084351,8.441800003051759,13.22540002822876,58.576809360441715,0.06716525762255454,-0.12976863040257397,0.1969338880251285,7.325293521569247,6.322499990463257,5.319706459357267,74.36091088861251,71.35262983935668,UBX
2022-07-22,6.900000095367432,7.159999847412109,6.690000057220459,6.75,6.75,29890,7.067999935150146,6.7399999618530275,6.3599999904632565,6.882800025939941,8.422300004959107,13.126150026321412,51.44857112422616,0.06593958656572596,-0.09062698700891397,0.15656657357463993,7.3678292760513715,6.3599999904632565,5.3521707048751415,66.02757394287615,71.59414278775728,UBX
2022-07-25,6.880000114440918,7.099999904632568,6.510000228881836,6.699999809265137,6.699999809265137,15320,6.975999927520752,6.82199993133545,6.39799997806549,6.870800018310547,8.406300001144409,13.034150023460388,50.676335628968076,0.06023923549032251,-0.060453742509066676,0.12069297799938919,7.396891293089429,6.39799997806549,5.3991086630415515,57.57461920551835,65.9877013456691,UBX
2022-07-26,6.5,6.679999828338623,6.199999809265137,6.340000152587891,6.340000152587891,23480,6.813999938964844,6.83299994468689,6.415499997138977,6.849200019836426,8.388000001907349,12.946850028038025,45.393302531468,0.02636874012091983,-0.043089245983069374,0.0694579861039892,7.39730385674496,6.415499997138977,5.433696137532994,41.41671195919821,55.006301702531005,UBX
2022-07-27,6.340000152587891,6.989999771118164,6.199999809265137,6.900000095367432,6.900000095367432,24600,6.773999977111816,6.814999961853028,6.4625,6.82520001411438,8.381100001335144,12.862850024700165,53.51205110474534,0.044203888869517094,-0.02563061901255208,0.06983450788206917,7.442578998943347,6.4625,5.482421001056654,43.74646354408387,47.57926490293358,UBX
2022-07-28,6.690000057220459,6.900000095367432,6.5,6.809999942779541,6.809999942779541,25580,6.7,6.858999967575073,6.502999997138977,6.802600011825562,8.37420000076294,12.770900020599365,52.16959349977483,0.050494048635686184,-0.010405685482904428,0.060899734118590614,7.470142094838763,6.502999997138977,5.535857899439191,45.34050537569906,43.50122695966048,UBX
2022-07-29,7.0,7.0,6.5,6.630000114440918,6.630000114440918,22370,6.676000022888184,6.871999979019165,6.552500009536743,6.76520001411438,8.368900003433227,12.682550024986266,49.49519833016314,0.04048784506780034,-0.00022697937276347328,0.04071482444056382,7.435582561222031,6.552500009536743,5.669417457851456,50.53763826784685,46.54153572921003,UBX
2022-08-01,6.659999847412109,6.739999771118164,6.300000190734863,6.5,6.5,27430,6.636000061035157,6.805999994277954,6.564499998092652,6.731200017929077,8.361100001335144,12.59405002117157,47.59740998704146,0.02181644744447997,0.004181705990685216,0.017634741453794754,7.437826294532453,6.564499998092652,5.6911737016528505,38.2078909215137,44.695344855019975,UBX
2022-08-02,6.320000171661377,6.699999809265137,6.300000190734863,6.550000190734863,6.550000190734863,24300,6.67800006866455,6.746000003814697,6.5875,6.697600030899048,8.343700003623962,12.507300024032594,48.41664202138627,0.010927858283184655,0.005530936449185104,0.005396921833999551,7.433428394078462,6.5875,5.741571605921539,29.798746366954177,39.51475851877168,UBX
2022-08-03,6.599999904632568,7.300000190734863,6.349999904632568,7.199999809265137,7.199999809265137,44690,6.738000011444091,6.755999994277954,6.65149998664856,6.684000024795532,8.336700000762939,12.425800023078919,57.67925646344061,0.054124199782782156,0.015249589115904514,0.03887461066687764,7.479226287055033,6.65149998664856,5.823773686242086,41.282060223139204,36.42956583720247,UBX
2022-08-04,7.300000190734863,7.699999809265137,6.900000095367432,7.5,7.5,57010,6.876000022888183,6.788000011444092,6.72649998664856,6.670600023269653,8.320699996948242,12.34780002117157,61.14696097244524,0.11128232643188252,0.03445613657910011,0.0768261898527824,7.576047416987465,6.72649998664856,5.8769525563096545,63.50428244536142,44.86169634515171,UBX
2022-08-05,7.460000038146973,8.770000457763672,7.199999809265137,8.649999618530273,8.649999618530273,67560,7.279999923706055,6.977999973297119,6.858999967575073,6.691600017547607,8.330099992752075,12.272550015449523,70.96747890489104,0.24653402113736078,0.07687171349075225,0.16966230764660853,7.9929821443587725,6.858999967575073,5.725017790791374,86.30681761405084,63.69772009418393,UBX
2022-08-08,9.930000305175781,10.600000381469727,9.520000457763672,10.300000190734863,10.300000190734863,141390,8.039999961853027,7.338000011444092,7.07999997138977,6.745200023651123,8.351099996566772,12.208050012588501,79.12160725846014,0.48131492136865894,0.1577603550663336,0.3235545663023254,8.887473328092032,7.07999997138977,5.27252661468751,91.72640064625887,80.51250023522381,UBX
2022-08-09,10.300000190734863,10.300000190734863,8.350000381469727,8.699999809265137,8.699999809265137,83710,8.469999885559082,7.573999977111816,7.203499960899353,6.763600015640259,8.336099996566773,12.139050011634827,61.17803233142974,0.532139642727576,0.23263621259858208,0.2995034301289939,9.097260995641797,7.203499960899353,5.30973892615691,81.77689899520988,86.60337241850664,UBX
2022-08-10,9.0,9.699999809265137,8.699999809265137,9.699999809265137,9.699999809265137,33460,8.969999885559082,7.853999948501587,7.334499955177307,6.792200002670288,8.324099998474122,12.0755500125885,66.31919075280742,0.6456673914534781,0.3152424483695613,0.3304249430839168,9.516503325808568,7.334499955177307,5.1524965845460455,76.51514445454715,83.33948136533876,UBX
2022-08-11,10.100000381469727,10.199999809265137,8.5,8.5,8.5,64100,9.169999885559083,8.022999954223632,7.440999960899353,6.80420000076294,8.29409999847412,12.007050008773804,56.627935504954316,0.63152911987053,0.37849978266975504,0.2530293372007749,9.632208690940525,7.440999960899353,5.249791230858181,62.87878114658372,73.72360819878037,UBX
2022-08-12,18.299999237060547,18.5,12.600000381469727,13.100000381469727,13.100000381469727,9454570,10.060000038146972,8.669999980926514,7.7709999799728395,6.910800008773804,8.308100004196167,11.959050006866455,72.94752411233702,0.9802068108003299,0.49884118829587,0.4813656225044599,11.025774413781614,7.7709999799728395,4.5162255461640655,62.63857792278473,67.34416784130532,UBX
2022-08-15,15.699999809265137,16.690000534057617,12.600000381469727,12.899999618530273,12.899999618530273,2793750,10.579999923706055,9.309999942779541,8.057999968528748,7.015399999618531,8.303100004196168,11.912550001144409,71.68458230846507,1.22626241308007,0.64432543325271,0.5819369798273599,11.988743392782931,8.057999968528748,4.127256544274564,54.28061062919284,59.93265656618721,UBX
2022-08-16,13.0,13.800000190734863,11.899999618530273,13.699999809265137,13.699999809265137,702350,11.579999923706055,10.024999904632569,8.385499954223633,7.133799991607666,8.316100006103516,11.867549996376038,73.64975433139972,1.468884197453816,0.8092371860929312,0.6596470113608849,12.99237075677916,8.385499954223633,3.778629151668107,57.07494753475396,57.998045362243964,UBX
2022-08-17,12.5,12.699999809265137,9.399999618530273,9.699999809265137,9.699999809265137,800900,11.579999923706055,10.274999904632569,8.515499949455261,7.1865999889373775,8.294100008010865,11.796549997329713,53.61384227486692,1.3231447499124034,0.9120186988568256,0.41112605105557776,13.116667029086123,8.515499949455261,3.914332869824398,47.66537587146623,53.00697801180447,UBX
2022-08-18,6.449999809265137,7.0,6.03000020980835,6.099999904632568,6.099999904632568,3091700,11.099999904632568,10.134999895095826,8.461499953269959,7.16899998664856,8.239100003242493,11.706549994945526,42.42700398224921,0.9067033698461664,0.9109556330546937,-0.00425226320852734,13.14864092351332,8.461499953269959,3.7743589830265982,29.695310029950406,44.81187781205699,UBX
2022-08-19,6.480000019073486,6.599999904632568,5.800000190734863,6.099999904632568,6.099999904632568,845670,9.699999809265137,9.879999923706055,8.428999948501588,7.150999984741211,8.183100004196167,11.600799994468689,42.427003982249204,0.5700988313914657,0.8427842727220481,-0.2726854413305825,13.17184250878422,8.428999948501588,3.686157388218956,10.264132356851446,29.208272752756155,UBX
2022-08-22,6.070000171661377,6.199999809265137,5.909999847412109,6.099999904632568,6.099999904632568,378210,8.339999866485595,9.459999895095825,8.398999953269959,7.132999982833862,8.124100003242493,11.507299997806548,42.427003982249204,0.29988047412477314,0.7342035130025931,-0.43432303887782,13.192528455046617,8.398999953269959,3.6054714514933,1.7619166032498115,13.907119663350679,UBX
2022-08-23,6.03000020980835,6.039999961853027,5.659999847412109,5.679999828338623,5.679999828338623,409150,6.735999870300293,9.157999897003174,8.365999937057495,7.110599975585938,8.064899997711182,11.40869999885559,41.175113988282305,0.051249214064746695,0.5976126532150239,-0.5463634391502772,13.224421058481484,8.365999937057495,3.507578815633506,1.6267227012337901,4.550923887111808,UBX
2022-08-24,5.699999809265137,5.960000038146973,5.510000228881836,5.800000190734863,5.800000190734863,361520,5.955999946594238,8.767999935150147,8.310999941825866,7.098599977493286,8.01090000152588,11.321699995994567,41.70438434205757,-0.1345587153531218,0.4511783795013947,-0.5857370948545165,13.258645404837067,8.310999941825866,3.3633544788146654,1.5834839567865455,1.6573744204235075,UBX
2022-08-25,5.900000095367432,5.900000095367432,5.5,5.570000171661377,5.570000171661377,407650,5.85,8.474999952316285,8.248999953269958,7.09019998550415,7.944600005149841,11.231549994945526,40.943993854485186,-0.29694887564531314,0.30155292847205317,-0.5985018041173663,13.300320115555508,8.248999953269958,3.1976797909844104,0.9755707407270368,1.3952591329159159,UBX
2022-08-26,5.5,5.650000095367432,5.050000190734863,5.269999980926514,5.269999980926514,453050,5.684000015258789,7.691999912261963,8.180999946594238,7.076399984359742,7.8683000087738035,11.129399991035461,39.92154717862828,-0.44472524008504877,0.15229729476063278,-0.5970225348456816,13.352846372166029,8.180999946594238,3.009153521022446,1.4688784427761739,1.3426443800967105,UBX
2022-08-29,5.170000076293945,5.170000076293945,4.739999771118164,5.050000190734863,5.050000190734863,446510,5.474000072479248,6.906999969482422,8.10849995613098,7.05939998626709,7.794800014495849,10.99614998817444,39.14946816149627,-0.5729861899025801,0.007240597827990192,-0.5802267877305702,13.411560410753328,8.10849995613098,2.8054395015086344,1.4756863477892115,1.3067118437642657,UBX
2022-08-30,5.070000171661377,5.130000114440918,4.739999771118164,4.900000095367432,4.900000095367432,212560,5.31800012588501,6.026999998092651,8.02599995136261,7.03939998626709,7.722800011634827,10.876149990558623,38.60130440445306,-0.6789116004738016,-0.12998984183236817,-0.5489217586414334,13.472864659595054,8.02599995136261,2.5791352431301666,1.683796406409785,1.542787065658515,UBX
2022-08-31,4.980000019073486,4.989999771118164,4.599999904632568,4.650000095367432,4.650000095367432,289370,5.088000106811523,5.522000026702881,7.898499965667725,7.013999986648559,7.652300014495849,10.754399991035461,37.65498002275421,-0.77410773011822,-0.2588134194895385,-0.5152943106286815,13.532888124373716,7.898499965667725,2.264111806961732,1.2584722078487056,1.4726516540160255,UBX
2022-09-01,4.619999885559082,4.78000020980835,4.300000190734863,4.5,4.5,287720,4.874000072479248,5.362000036239624,7.748499965667724,6.985999984741211,7.589300012588501,10.634399991035462,37.0678002678673,-0.8518356714345456,-0.3774178698785399,-0.4744178015560057,13.573835139009045,7.748499965667724,1.9231647923264035,1.0455700182057215,1.3292795441548624,UBX
2022-09-02,4.5,4.550000190734863,4.239999771118164,4.5,4.5,246460,4.720000076293945,5.2020000457763675,7.540999984741211,6.955999984741211,7.531300010681153,10.521899991035461,37.0678002678673,-0.903026102136117,-0.4825395163300553,-0.4204865858060617,13.516810807884454,7.540999984741211,1.565189161597968,1.5645281888585025,1.2895234716377681,UBX
2022-09-06,4.5,4.510000228881836,4.199999809265137,4.300000190734863,4.300000190734863,261100,4.570000076293946,5.022000074386597,7.240999984741211,6.923199987411499,7.47230001449585,10.411399993896485,36.19502006518592,-0.9487960699247528,-0.5757908270489949,-0.373005242875758,13.235056582706497,7.240999984741211,1.246943386775925,1.8367820142496107,1.4822934071047367,UBX
2022-09-07,4.300000190734863,4.699999809265137,4.210000038146973,4.699999809265137,4.699999809265137,208950,4.530000019073486,4.924000072479248,7.040999984741211,6.897399988174438,7.410300016403198,10.308399996757508,39.27461116416839,-0.941934438994064,-0.6490195494380087,-0.2929148895560554,13.093628734331995,7.040999984741211,0.9883712351504261,7.251094754529944,3.5508016525461437,UBX
2022-09-08,4.809999942779541,4.96999979019165,4.699999809265137,4.949999809265137,4.949999809265137,117640,4.589999961853027,4.839000034332275,6.803499984741211,6.877199983596801,7.356800012588501,10.203149995803834,41.18529793025226,-0.9058812017806286,-0.7003918799065326,-0.20548932187409596,12.792580892007154,6.803499984741211,0.814419077475268,16.76120515835757,8.616360642379165,UBX
2022-09-09,5.050000190734863,5.25,5.010000228881836,5.150000095367432,5.150000095367432,216490,4.719999980926514,4.7970000267028805,6.635999989509583,6.86019998550415,7.310100016593933,10.105899994373322,42.73755751937867,-0.8513564922316785,-0.7305848023715618,-0.12077168986011677,12.613294949325791,6.635999989509583,0.6587050296933752,32.202384901357675,18.738228271415185,UBX
2022-09-12,5.150000095367432,5.25,4.949999809265137,5.099999904632568,5.099999904632568,142150,4.839999961853027,4.780000019073486,6.235999965667725,6.84939998626709,7.260100011825561,10.013899993896484,42.43602174757914,-0.802924253615406,-0.7450526926203306,-0.0578715609950754,11.451673843417993,6.235999965667725,1.0203260879174563,42.55435255611801,30.50598087194454,UBX
2022-09-13,4.900000095367432,5.300000190734863,4.800000190734863,4.96999979019165,4.96999979019165,139750,4.973999881744385,4.771999979019165,5.839499974250794,6.823599977493286,7.207800011634827,9.922749989032745,41.613921938067385,-0.7661990130752612,-0.7492819567113167,-0.01691705636394447,10.083693424184796,5.839499974250794,1.5953065243167917,46.72101737895441,40.492584945476814,UBX
2022-09-14,4.800000190734863,4.980000019073486,4.710000038146973,4.75,4.75,107130,4.983999919891358,4.756999969482422,5.391999983787537,6.796799974441528,7.15720000743866,9.835999987125398,40.19478971732495,-0.746243904598126,-0.7486743462886786,0.0024304416905526205,7.648560105328867,5.391999983787537,3.135439862246207,41.67199492768753,43.649121620920106,UBX
2022-09-15,4.800000190734863,4.900000095367432,4.699999809265137,4.809999942779541,4.809999942779541,62730,4.955999946594238,4.772999954223633,5.147499990463257,6.774599971771241,7.1103000068664555,9.756049990653992,40.787862784653505,-0.7173190360869235,-0.7424032842483276,0.025084248161404088,6.247006655050607,5.147499990463257,4.047993325875907,39.3906355341608,42.5945492802677,UBX
2022-09-16,4.71999979019165,4.820000171661377,4.599999904632568,4.650000095367432,4.650000095367432,101740,4.855999946594238,4.787999963760376,5.075,6.7475999736785885,7.061000008583068,9.66929999113083,39.65843575656582,-0.6992460467496322,-0.7337718367485885,0.03452578999895628,6.102589374618515,5.075,4.047410625381485,38.4436720357441,39.835434165864264,UBX
2022-09-19,4.659999847412109,4.659999847412109,4.309999942779541,4.519999980926514,4.519999980926514,161880,4.7399999618530275,4.789999961853027,4.996000003814697,6.717999973297119,7.009200010299683,9.595399994850158,38.720280805964485,-0.6874880608510345,-0.7245150815690777,0.0370270207180432,5.935391279362175,4.996000003814697,4.05660872826722,37.35632792131651,38.39687849707392,UBX
2022-09-20,4.329999923706055,4.539999961853027,4.320000171661377,4.480000019073486,4.480000019073486,87650,4.642000007629394,4.807999944686889,4.915000009536743,6.689999971389771,6.961000008583069,9.523299996852876,38.419127924587706,-0.6736322220087727,-0.7143385096570167,0.04070628764824402,5.730904423627034,4.915000009536743,4.099095595446452,31.818191013385555,35.87273032348218,UBX
2022-09-21,4.360000133514404,4.400000095367432,4.199999809265137,4.25,4.25,129750,4.542000007629395,4.762999963760376,4.843500018119812,6.650399971008301,6.909800009727478,9.457549998760223,36.65381893433802,-0.6734473672064949,-0.7061602811669123,0.03271291396041742,5.628771357100762,4.843500018119812,4.058228679138862,19.696980205773965,29.623833046825467,UBX
2022-09-22,4.199999809265137,4.320000171661377,4.110000133514404,4.320000171661377,4.320000171661377,133650,4.4440000534057615,4.7,4.769500017166138,6.595199975967407,6.862000007629394,9.394650001525878,37.59366733894883,-0.6600438647963216,-0.6969369978927942,0.036893133096472575,5.452565882999173,4.769500017166138,4.086434151333102,15.882362396633082,22.465844538597654,UBX
2022-09-23,4.099999904632568,4.25,3.9000000953674316,4.050000190734863,4.050000190734863,127580,4.324000072479248,4.590000009536743,4.693500018119812,6.548799982070923,6.809500007629395,9.32090000629425,35.411296687811294,-0.6635591378560353,-0.6902614258854424,0.026702288029407106,5.340686914018997,4.693500018119812,4.046313122220626,10.96894109522052,15.516094565875976,UBX
2022-09-26,4.0,4.190000057220459,3.930000066757202,3.9700000286102295,3.9700000286102295,91030,4.214000082015991,4.47700002193451,4.6285000205039974,6.498199982643127,6.753300006389618,9.243250006437302,34.767281121505086,-0.6651331209884761,-0.6852357649060491,0.020102643917572993,5.291953775489414,4.6285000205039974,3.9650462655185805,11.120449289343812,12.657250927065926,UBX
2022-09-27,4.010000228881836,4.099999904632568,3.9700000286102295,4.090000152587891,4.090000152587891,59720,4.136000108718872,4.389000058174133,4.580500018596649,6.436799988746643,6.701600005626679,9.169700011014939,36.62902708304718,-0.6492137745670883,-0.6780313668382569,0.028817592271168646,5.253863833424862,4.580500018596649,3.9071362037684363,9.761906140515519,10.617098841693405,UBX
2022-09-28,3.9800000190734863,4.300000190734863,3.950000047683716,4.269999980926514,4.269999980926514,89340,4.140000104904175,4.341000056266784,4.549000012874603,6.379199986457825,6.658200008869171,9.103550010919571,39.4218661466942,-0.6149839439185651,-0.6654218822543185,0.050437938335753385,5.218563916132081,4.549000012874603,3.8794361096171253,14.999996026357303,11.960783818738998,UBX
2022-09-29,4.28000020980835,4.28000020980835,4.0,4.099999904632568,4.099999904632568,53250,4.096000051498413,4.270000052452088,4.52150000333786,6.319199986457825,6.614200007915497,9.038050006628037,37.73060372748648,-0.5947185961470911,-0.651281225032873,0.056562628885781896,5.216892579193293,4.52150000333786,3.8261074274824276,18.095230958900178,14.285711041924452,UBX
2022-09-30,4.110000133514404,4.199999809265137,3.950000047683716,3.950000047683716,3.950000047683716,58800,4.076000022888183,4.200000047683716,4.494000005722046,6.254599990844727,6.5781000089645385,8.978800005912781,36.252718165253626,-0.5840295675796385,-0.6378308935422261,0.053801325962587576,5.2327664268006036,4.494000005722046,3.755233584643488,14.761895354913866,15.952374113390569,UBX
2022-10-03,3.950000047683716,4.170000076293945,3.819999933242798,4.050000190734863,4.050000190734863,75230,4.09200005531311,4.153000068664551,4.471500015258789,6.200599994659424,6.5417000102996825,8.911050004959106,37.99636553523607,-0.5610221455517177,-0.6224691439441244,0.06144699839240675,5.235156216559675,4.471500015258789,3.7078438139579024,12.561577182742992,15.139567832185799,UBX
2022-10-04,4.070000171661377,4.260000228881836,4.050000190734863,4.150000095367432,4.150000095367432,88370,4.104000043869019,4.1200000762939455,4.464000010490418,6.1496000003814695,6.510200009346009,8.854800007343293,39.770513336614144,-0.5286257724189625,-0.6037004696390921,0.0750746972201296,5.237133760390688,4.464000010490418,3.6908662605901474,17.984865946601406,15.102779494752875,UBX
2022-10-05,4.099999904632568,4.099999904632568,3.930000066757202,4.0,4.0,92360,4.0500000476837155,4.095000076293945,4.429000020027161,6.102799997329712,6.4760000085830685,8.794800007343293,38.01345327575976,-0.5091855928437612,-0.5847974942800259,0.07561190143626473,5.219414986261879,4.429000020027161,3.6385850537924425,22.794391767274863,17.78027829887321,UBX
2022-10-06,3.940000057220459,4.099999904632568,3.940000057220459,4.099999904632568,4.099999904632568,56820,4.0500000476837155,4.073000049591064,4.386500024795533,6.046799993515014,6.436000003814697,8.739300007820129,39.91915180855429,-0.4801747977318893,-0.5638729549703986,0.08369815723850926,5.151281614256078,4.386500024795533,3.6217184353349867,27.29630056591776,22.691852759931464,UBX
2022-10-07,4.0,4.079999923706055,3.700000047683716,3.880000114440918,3.880000114440918,154180,4.036000061035156,4.05600004196167,4.323000025749207,5.988199996948242,6.395400004386902,8.68220000743866,37.208892381597366,-0.4695233056483392,-0.5450030251059867,0.07547971945764753,5.032565977826581,4.323000025749207,3.613434073671832,24.25397242764514,24.781554920279376,UBX
2022-10-10,3.7100000381469727,3.9000000953674316,3.700000047683716,3.8399999141693115,3.8399999141693115,98880,3.9940000057220457,4.043000030517578,4.260000026226043,5.93239999294281,6.348800003528595,8.624400008916854,36.720728737177474,-0.4590183257680973,-0.5278060852384089,0.06878775947031157,4.903055155890744,4.260000026226043,3.6169448965613427,24.920631487624462,25.490301493729245,UBX
2022-10-11,3.7300000190734863,3.9000000953674316,3.5999999046325684,3.640000104904175,3.640000104904175,107080,3.8920000076293944,3.9980000257492065,4.19350004196167,5.8751999950408935,6.303200006484985,8.564600007534027,34.29781869675105,-0.4615113510936961,-0.5145471384094663,0.05303578731577019,4.8033286700868265,4.19350004196167,3.5836714138365133,15.66138081339316,21.61199490955438,UBX
2022-10-12,3.700000047683716,3.799999952316284,3.5399999618530273,3.740000009536743,3.740000009536743,74280,3.8400000095367433,3.9450000286102296,4.143000042438507,5.8189999914169315,6.258300011157989,8.514300006628037,36.552049019135396,-0.4502279870778927,-0.5016833081431515,0.05145532106525885,4.726852738840779,4.143000042438507,3.559147346036234,17.29044956578306,19.29082062226702,UBX
2022-10-13,3.799999952316284,4.050000190734863,3.7899999618530273,4.050000190734863,4.050000190734863,137680,3.830000066757202,3.940000057220459,4.105000054836273,5.755999999046326,6.220000011920929,8.466550005674362,43.07263500516713,-0.4115275821599296,-0.48365216294650715,0.07212458078657757,4.6028554514501065,4.105000054836273,3.6071446582224396,32.9922140659023,21.981348148359633,UBX
2022-10-14,4.099999904632568,4.179999828338623,3.880000114440918,3.9200000762939453,3.9200000762939453,74070,3.8380000591278076,3.937000060081482,4.068500053882599,5.684400000572205,6.177500011920929,8.421150006055832,41.16219240550279,-0.3868873585794912,-0.46429920207310393,0.07741184349361274,4.5043566647483475,4.068500053882599,3.6326434430168506,47.80702029568916,32.69656130912497,UBX
2022-10-17,4.199999809265137,4.199999809265137,3.990000009536743,4.170000076293945,4.170000076293945,66650,3.904000091552734,3.94900004863739,4.0510000586509705,5.594800009727478,6.143200013637543,8.373000005483627,46.112180150426205,-0.3432303474144236,-0.4400854311413679,0.09685508372694429,4.438344866269088,4.0510000586509705,3.6636552510328526,66.66666666666669,49.155300342752845,UBX
2022-10-18,4.210000038146973,4.210000038146973,3.950000047683716,3.9800000190734863,3.9800000190734863,119950,3.972000074386597,3.9320000410079956,4.02600005865097,5.46840000629425,6.106800014972687,8.319900003671647,43.14159346306773,-0.3202713791583607,-0.41612262074476647,0.09585124158640579,4.360269422943044,4.02600005865097,3.6917306943588963,64.11805806803768,59.53058167679797,UBX
2022-10-19,3.75,3.75,3.0999999046325684,3.4100000858306885,3.4100000858306885,337700,3.906000089645386,3.8730000495910644,3.984000062942505,5.3626000118255615,6.06310001373291,8.2494500041008,35.70943005615395,-0.344103847374166,-0.4017188660706464,0.05761501869648039,4.396960119006298,3.984000062942505,3.5710400068787123,56.35944009520068,62.38138827663514,UBX
2022-10-20,3.0299999713897705,3.259999990463257,2.940000057220459,3.0899999141693115,3.0899999141693115,369000,3.714000034332275,3.772000050544739,3.9225000500679017,5.230400013923645,6.011300008296967,8.171900001764298,32.340964399483845,-0.3843816769364685,-0.3982514282438108,0.013869751307342304,4.46349454186924,3.9225000500679017,3.381505558266564,32.51573913290389,50.99774576538088,UBX
2022-10-21,3.130000114440918,3.25,2.8399999141693115,2.930000066757202,2.930000066757202,263100,3.5160000324249268,3.677000045776367,3.8665000438690185,5.119000015258789,5.961600008010865,8.09505000591278,30.77767612316164,-0.42432148362999156,-0.40346543932104695,-0.02085604430894461,4.554897475286813,3.8665000438690185,3.178102612451224,14.80860254668932,34.56126059159809,UBX
2022-10-24,2.9100000858306885,2.930000066757202,2.490000009536743,2.5,2.5,323000,3.182000017166138,3.543000054359436,3.793000042438507,4.907000007629395,5.908900008201599,8.024050002098084,27.0003144870962,-0.4850797821354056,-0.4197883078839187,-0.0652914742514869,4.700526376685618,3.793000042438507,2.885473708191396,6.0943521144278465,17.806231264673812,UBX
2022-10-25,2.5,2.634999990463257,2.4800000190734863,2.4800000190734863,2.4800000190734863,244100,2.8820000171661375,3.427000045776367,3.712500035762787,4.698600015640259,5.857000007629394,7.956450002193451,26.835344229555403,-0.5287499030083103,-0.441580626908797,-0.08716927609951325,4.7730824428573015,3.712500035762787,2.651917628668272,2.3064774315516092,7.736477364223052,UBX
2022-10-26,2.509999990463257,3.0999999046325684,2.4820001125335693,2.7200000286102295,2.7200000286102295,1277700,2.7440000057220457,3.325000047683716,3.6350000381469725,4.4790000200271605,5.806400005817413,7.894050003290176,32.18960438083944,-0.5377934453473041,-0.46082319059649846,-0.07697025475080566,4.746602511509031,3.6350000381469725,2.523397564784914,4.818075850984593,4.406301798988143,UBX
2022-10-27,2.7699999809265137,2.7699999809265137,2.509999990463257,2.5399999618530273,2.5399999618530273,193500,2.6340000152587892,3.1740000247955322,3.5570000410079956,4.335800023078918,5.761200006008148,7.82975000500679,30.393135369701184,-0.553109121219201,-0.47928037672103896,-0.07382874449816201,4.743542968516456,3.5570000410079956,2.370457113499535,5.780345838318785,4.301633040285123,UBX
2022-10-28,2.569999933242798,2.5899999141693115,2.4600000381469727,2.5399999618530273,2.5399999618530273,199700,2.555999994277954,3.0360000133514404,3.4865000367164614,4.264600024223328,5.716800005435943,7.76895000576973,30.39313536970118,-0.5588053445237446,-0.4951853702815801,-0.06361997424216453,4.737088357288316,3.4865000367164614,2.235911716144607,7.304153908910302,5.967525199404687,UBX
2022-10-31,2.609999895095825,2.9000000953674316,2.5,2.859999895095825,2.859999895095825,305800,2.6279999732971193,2.9049999952316283,3.4270000219345094,4.199800024032593,5.675400004386902,7.71275000333786,37.576068102734915,-0.5313729852640758,-0.5024228932780792,-0.02895009198599663,4.677921338920078,3.4270000219345094,2.1760787049489405,10.298921213757778,7.794473653662415,UBX
2022-11-01,3.630000114440918,3.740000009536743,2.6700000762939453,2.75,2.75,27596400,2.6819999694824217,2.7819999933242796,3.3570000171661376,4.132800025939941,5.632900004386902,7.652500002384186,36.19343608492158,-0.51259978391142,-0.5044582714047474,-0.00814151250667261,4.594870819520605,3.3570000171661376,2.11912921481167,14.666661762055918,10.756578961574794,UBX
2022-11-02,2.6700000762939453,2.7200000286102295,2.299999952316284,2.3499999046325684,2.3499999046325684,1754000,2.6079999446868896,2.675999975204468,3.274500012397766,4.06620002746582,5.588400001525879,7.599250001907349,31.635002278569367,-0.523958681810742,-0.5083583534859464,-0.015600328324795631,4.549340853412133,3.274500012397766,1.9996591713833995,14.015453169115531,12.993678714976538,UBX
2022-11-03,2.4000000953674316,2.5399999618530273,2.2699999809265137,2.5399999618530273,2.5399999618530273,802400,2.6079999446868896,2.620999979972839,3.1965000152587892,4.001000022888183,5.549800000190735,7.549450001716614,35.772924335816484,-0.5117303644115903,-0.5090327556710752,-0.002697608740515056,4.450490135689408,3.1965000152587892,1.9425098948281696,11.03558306802766,13.23923266639983,UBX
2022-11-04,2.5899999141693115,2.5899999141693115,2.299999952316284,2.430000066757202,2.430000066757202,465800,2.5859999656677246,2.5709999799728394,3.1240000128746033,3.9382000207901,5.514200003147125,7.499600003957749,34.47203992607466,-0.5050930091986845,-0.5082448063765971,0.0031517971779125853,4.379203652866524,3.1240000128746033,1.8687963728826826,8.26091655796585,11.103984265036475,UBX
2022-11-07,2.4100000858306885,2.4800000190734863,2.369999885559082,2.440000057220459,2.440000057220459,214200,2.5019999980926513,2.564999985694885,3.0540000200271606,3.881600022315979,5.47900000333786,7.451300002336502,34.70450594357521,-0.493339036397217,-0.505263652380721,0.011924615983504028,4.2977749988680145,3.0540000200271606,1.8102250411863066,11.217147578131632,10.17121573470851,UBX
2022-11-08,2.4800000190734863,2.5480000972747803,2.4000000953674316,2.4600000381469727,2.4600000381469727,542900,2.444000005722046,2.562999987602234,2.9950000166893007,3.829800019264221,5.444600002765656,7.405600000619888,35.19964240520522,-0.4769125459928447,-0.49959343110314575,0.02268088511030103,4.23392704126123,2.9950000166893007,1.7560729921173714,10.88636402129436,10.121476052464075,UBX
2022-11-09,2.509999990463257,2.509999990463257,2.0999999046325684,2.115000009536743,2.115000009536743,681000,2.397000026702881,2.502499985694885,2.9137500166893004,3.7741000175476076,5.406750001907349,7.360175001621246,30.853356015031867,-0.48612925754815084,-0.4969005963921468,0.010771338843995948,4.159707049200382,2.9137500166893004,1.6677929841782193,8.442101895632861,10.181871165019745,UBX
2022-11-10,2.2699999809265137,2.3299999237060547,2.0899999141693115,2.119999885559082,2.119999885559082,582000,2.3130000114440916,2.460499978065491,2.8172500014305113,3.7235000133514404,5.36875,7.315775001049042,30.986352406693197,-0.48741154278715726,-0.49500278567114886,0.0075912428839916,3.9932410207899993,2.8172500014305113,1.6412589820710233,5.219331390862796,8.1825991025968,UBX
2022-11-11,2.190000057220459,2.5399999618530273,2.130000114440918,2.509999990463257,2.509999990463257,467100,2.3289999961853027,2.4574999809265137,2.746749997138977,3.6837000131607054,5.334849998950959,7.276825000047683,40.58585585149153,-0.451750515243742,-0.4863523315856675,0.034601816341925495,3.813868942486381,2.746749997138977,1.679631051791573,9.395789690253297,7.685740992249779,UBX
2022-11-14,2.5399999618530273,2.75,2.424999952316284,2.630000114440918,2.630000114440918,596700,2.3670000076293944,2.434500002861023,2.6697499990463256,3.646300015449524,5.301150000095367,7.235475002527237,43.20365216302097,-0.409090150267136,-0.4708998953219612,0.06180974505482517,3.5139210682931696,2.6697499990463256,1.8255789297994816,20.000003853229362,11.538374978115279,UBX
2022-11-15,2.700000047683716,2.7899999618530273,2.5999999046325684,2.619999885559082,2.619999885559082,327500,2.3989999771118162,2.421499991416931,2.6017499923706056,3.612700009346008,5.267949998378754,7.188075000047684,43.03348902206823,-0.37180253043538736,-0.4510804223446464,0.07927789190925905,3.194432691868345,2.6017499923706056,2.009067292872866,30.101013370416837,19.832268971299957,UBX
2022-11-16,2.5999999046325684,2.680000066757202,2.5199999809265137,2.5799999237060547,2.5799999237060547,357200,2.491999959945679,2.4444999933242797,2.560249984264374,3.5703000116348265,5.233849999904632,7.137475000619888,42.31556335556492,-0.34154239754767346,-0.4291728173852518,0.08763041983757835,3.022661867734511,2.560249984264374,2.0978381007942364,31.51515335419282,27.205390192613134,UBX
2022-11-17,2.5799999237060547,2.609999895095825,2.450000047683716,2.5199999809265137,2.5199999809265137,210600,2.571999979019165,2.4424999952316284,2.531749987602234,3.5217000150680544,5.199449999332428,7.091575001478195,41.20511094420853,-0.3187284153924459,-0.40708393698669065,0.08835552159424476,2.925161687532875,2.531749987602234,2.1383382876715924,29.292928563151037,30.303031762587025,UBX
2022-11-18,2.549999952316284,2.549999952316284,2.3329999446868896,2.380000114440918,2.380000114440918,231100,2.5460000038146973,2.4375,2.5042499899864197,3.466300015449524,5.163250000476837,7.050475000143051,38.65605799238971,-0.30839006071250097,-0.38734516173185274,0.07895510101935177,2.8572836227444647,2.5042499899864197,2.1512163572283747,24.444448618776253,28.41751017870683,UBX
2022-11-21,2.390000104904175,2.390000104904175,2.25,2.299999952316284,2.299999952316284,155600,2.4799999713897707,2.4234999895095823,2.4942499876022337,3.4103000164031982,5.129850001335144,7.0109750008583065,37.23841496690846,-0.30315757284826983,-0.37050764395513613,0.0673500711068663,2.858355396463846,2.4942499876022337,2.1301445787406212,24.545460234597556,26.094279138841742,UBX
2022-11-22,2.3299999237060547,2.3299999237060547,2.2300000190734863,2.2699999809265137,2.2699999809265137,123700,2.4099999904632567,2.4044999837875367,2.4837499856948853,3.3563000202178954,5.089949998855591,6.970325002670288,36.69495157235399,-0.29799641827521217,-0.35600539881915133,0.05800898054393916,2.860776177597068,2.4837499856948853,2.1067237937927024,24.430021867646605,24.473310240340265,UBX
2022-11-23,2.3399999141693115,2.440000057220459,2.2799999713897705,2.4000000953674316,2.4000000953674316,269400,2.3740000247955324,2.4329999923706054,2.4677499890327455,3.309300022125244,5.053049998283386,6.93297500371933,40.731503969708655,-0.28018642857425125,-0.34084160477017134,0.06065517619592009,2.830192732204653,2.4677499890327455,2.1053072458608377,33.33334468659826,27.436275596280932,UBX
2022-11-25,2.450000047683716,2.5999999046325684,2.4200000762939453,2.5899999141693115,2.5899999141693115,216500,2.388000011444092,2.4799999952316285,2.4702499866485597,3.2649000215530397,5.0197499966621395,6.892925001382828,46.13724173400476,-0.24788304450441112,-0.3222498927170193,0.0743668482126082,2.8353318120662756,2.4702499866485597,2.1051681612308437,47.14286573890059,34.96874409771527,UBX
2022-11-28,2.5999999046325684,2.680000066757202,2.4700000286102295,2.559999942779541,2.559999942779541,503100,2.4239999771118166,2.484999990463257,2.471249985694885,3.223100018501282,4.985349996089935,6.855925000905991,45.43262774593935,-0.22214240747218872,-0.3022283956680532,0.08008598819586449,2.837199078295026,2.471249985694885,2.105300893094744,60.95238679120293,47.14286573890072,UBX
2022-11-29,2.5899999141693115,2.7109999656677246,2.559999942779541,2.7100000381469727,2.7100000381469727,240300,2.5059999942779543,2.4929999828338625,2.4637499928474424,3.186900019645691,4.952449996471405,6.823675001859665,49.57898391366217,-0.18747788472564153,-0.2792782934795709,0.09180040875392936,2.8026729308456617,2.4637499928474424,2.124827054849223,75.71428782274923,61.26984678428437,UBX
2022-11-30,2.7200000286102295,2.7899999618530273,2.640000104904175,2.75,2.75,256900,2.6019999980926514,2.5059999942779543,2.4637499928474424,3.152300019264221,4.921149995326996,6.788374999761581,50.65575357531038,-0.15499169034932336,-0.2544209728535214,0.09942928250419802,2.8026729308456617,2.4637499928474424,2.124827054849223,83.33333900996581,73.33333787463944,UBX
2022-12-01,2.7799999713897705,2.869999885559082,2.6700000762939453,2.690000057220459,2.690000057220459,236800,2.6599999904632567,2.5170000076293944,2.4807500004768372,3.1211000204086305,4.885749995708466,6.749325000047683,48.96653242608092,-0.13255957691041198,-0.2300486936648995,0.09748911675448751,2.829121581803045,2.4807500004768372,2.1323784191506294,86.17761724108819,81.7417480246012,UBX
2022-12-02,2.6700000762939453,2.799999952316284,2.5999999046325684,2.7899999618530273,2.7899999618530273,150800,2.7,2.544000005722046,2.493250000476837,3.0905000162124634,4.842849996089935,6.711774998903275,51.84857446747358,-0.10549670844017234,-0.20513829661995406,0.09964158817978172,2.8662952454717905,2.493250000476837,2.1202047554818835,85.8204735958066,85.11047661562033,UBX
2022-12-05,2.799999952316284,2.9820001125335693,2.690000057220459,2.930000066757202,2.930000066757202,280400,2.7740000247955323,2.5990000009536742,2.5182500004768373,3.06810001373291,4.808449997901916,6.676675000190735,55.626732358179176,-0.07192326513420833,-0.17849529032280492,0.1065720251885966,2.9353983770401535,2.5182500004768373,2.101101623913521,85.42026727265902,85.8061193698514,UBX
2022-12-06,2.940000057220459,2.940000057220459,2.7200000286102295,2.740000009536743,2.740000009536743,239600,2.780000019073486,2.64300000667572,2.5332499980926513,3.0435000133514403,4.770849997997284,6.642925001382828,49.90384714101842,-0.05995634670827066,-0.15478750159989807,0.09483115489162741,2.9595395369453024,2.5332499980926513,2.10696045924,82.80141656920252,84.68071914588951,UBX
2022-12-07,2.759999990463257,2.8499999046325684,2.700000047683716,2.799999952316284,2.799999952316284,81400,2.790000009536743,2.696000003814697,2.550249993801117,3.0177000093460085,4.727249999046325,6.6116750001907345,51.59733673572966,-0.045110972486637646,-0.132852195777246,0.08774122329060835,2.990391752565393,2.550249993801117,2.110108235036841,78.9006981457357,82.37412732919921,UBX
2022-12-08,2.809999942779541,2.9600000381469727,2.7300000190734863,2.8499999046325684,2.8499999046325684,189500,2.821999979019165,2.7409999847412108,2.5869999885559083,2.9893000078201295,4.684249997138977,6.58332499742508,53.022521901172595,-0.028977295946035042,-0.1120772158110038,0.08309991986496876,2.99737056669043,2.5869999885559083,2.176629410421387,75.35459210929719,79.01890227474526,UBX
2022-12-09,2.8499999046325684,3.0299999713897705,2.799999952316284,2.880000114440918,2.880000114440918,165000,2.8400000095367433,2.7700000047683715,2.625,2.9649000120162965,4.64204999923706,6.551775000095367,53.89961555160354,-0.013613546353203887,-0.09238448191944382,0.07877093556623993,2.9940257490113362,2.625,2.2559742509886638,79.83155128413753,78.0289471797236,UBX
2022-12-12,2.940000057220459,2.9800000190734863,2.799999952316284,2.9200000762939453,2.9200000762939453,133200,2.838000011444092,2.806000018119812,2.6455000042915344,2.944300012588501,4.599450001716614,6.520625002384186,55.10324064006335,0.0017695996733664288,-0.07355366560088177,0.0753232652742482,3.031840542280447,2.6455000042915344,2.2591594663026218,83.31560403434804,79.50058247592771,UBX
2022-12-13,2.950000047683716,2.9800000190734863,2.809999942779541,2.880000114440918,2.880000114440918,102600,2.866000032424927,2.8230000257492067,2.6580000042915346,2.920900011062622,4.560750002861023,6.4915250039100645,53.596266142361145,0.01061087553299167,-0.056720757374107075,0.06733163290709875,3.0574796937733617,2.6580000042915346,2.2585203148097075,82.50001604358417,81.88239045402338,UBX
2022-12-14,2.8499999046325684,2.930000066757202,2.819999933242798,2.819999933242798,2.819999933242798,63800,2.8700000286102294,2.8300000190734864,2.66800000667572,2.8943000078201293,4.521950004100799,6.4641250026226045,51.328666338988036,0.012630540164666026,-0.042850497866352456,0.05548103803101848,3.073146913006095,2.66800000667572,2.262853100345345,77.27459656157531,81.0300722131693,UBX
2022-12-15,2.819999933242798,2.869999885559082,2.759999990463257,2.7899999618530273,2.7899999618530273,135700,2.8580000400543213,2.8400000095367433,2.678500008583069,2.87010000705719,4.486450002193451,6.4372250020504,50.185361878790246,0.011675800603806241,-0.031945238172320714,0.043621038776126955,3.0848631595219467,2.678500008583069,2.2721368576441914,67.5722094840057,75.78227402972185,UBX
2022-12-16,2.7699999809265137,2.950000047683716,2.7100000381469727,2.799999952316284,2.799999952316284,309700,2.8420000076293945,2.8410000085830687,2.6925000071525576,2.844100008010864,4.445450000762939,6.413275001049041,50.580513325400474,0.01159244775856294,-0.023237700986143982,0.034830148744706926,3.0953337273314894,2.6925000071525576,2.2896662869736257,57.92681269548647,67.59120624702261,UBX
2022-12-19,2.809999942779541,2.819999933242798,2.619999885559082,2.6500000953674316,2.6500000953674316,120900,2.7880000114440917,2.8130000114440916,2.706000006198883,2.8195000076293946,4.403850002288818,6.389025001525879,44.83534151288967,-0.0005707653982578442,-0.018704313868566753,0.01813354847030891,3.08332747422578,2.706000006198883,2.328672538171986,39.9448764323789,55.14796620395715,UBX
2022-12-20,2.6500000953674316,2.759999990463257,2.5999999046325684,2.7100000381469727,2.7100000381469727,95000,2.7539999961853026,2.810000014305115,2.7265000104904176,2.796900010108948,4.364650001525879,6.366775002479553,47.40857617011136,-0.005307523685168292,-0.01602495583188706,0.010717432146718768,3.0547240326526612,2.7265000104904176,2.398275988328174,29.424400221195782,42.43202978302051,UBX
2022-12-21,2.759999990463257,2.930000066757202,2.7269999980926514,2.859999895095825,2.859999895095825,89200,2.761999988555908,2.8160000085830688,2.756000006198883,2.781300005912781,4.328250000476837,6.3446750009059905,53.276428579843326,0.0030076260595843785,-0.012218439453592772,0.01522606551317715,3.0131692076533527,2.756000006198883,2.498830804744413,32.55815887657187,33.97581184338231,UBX
2022-12-22,2.859999895095825,2.890000104904175,2.75,2.8399999141693115,2.8399999141693115,121500,2.771999979019165,2.8150000095367433,2.777999997138977,2.763300004005432,4.291149997711182,6.317425000667572,52.43634959016138,0.007892629505813265,-0.008196225661711565,0.01608885516752483,2.9786589350826373,2.777999997138977,2.5773410591953168,47.286824714133445,36.4231279373005,UBX
2022-12-23,2.8399999141693115,2.890000104904175,2.7699999809265137,2.819999933242798,2.819999933242798,79800,2.775999975204468,2.8089999914169312,2.7894999980926514,2.7386999988555907,4.247349998950958,6.292024999856949,51.56078295022575,0.010034526838426316,-0.004550075161683989,0.014584602000110306,2.971211313029736,2.7894999980926514,2.6077886831555666,55.813947041142775,45.219643543949495,UBX
2022-12-27,2.809999942779541,2.809999942779541,2.4800000190734863,2.5299999713897705,2.5299999713897705,210600,2.7519999504089356,2.7699999809265137,2.787999999523163,2.710899996757507,4.197649998664856,6.259174997806549,40.89719567092653,-0.011535602143823986,-0.005947180558111989,-0.005588421585711998,2.9775890279170563,2.787999999523163,2.5984109711292698,38.689212552891306,47.26332810272263,UBX
2022-12-28,2.509999990463257,2.640000104904175,2.4820001125335693,2.630000114440918,2.630000114440918,68800,2.7359999656677245,2.7449999809265138,2.78400000333786,2.680099997520447,4.137450003623963,6.233774998188019,45.1126415544922,-0.020326596605679814,-0.008823063767625554,-0.01150353283805426,2.9831381306557594,2.78400000333786,2.5848618760199606,29.17547919809166,41.226212930708705,UBX
2022-12-29,2.619999885559082,2.759999990463257,2.5299999713897705,2.75,2.75,181400,2.7139999866485596,2.737999987602234,2.78400000333786,2.655499997138977,4.061950001716614,6.206524999141693,49.74477972474224,-0.01740984530919354,-0.01054042007593915,-0.006869425233254388,2.9831381306557594,2.78400000333786,2.5848618760199606,28.48485268837206,32.11651481311847,UBX
2022-12-30,2.6110000610351562,2.75,2.609999895095825,2.740000009536743,2.740000009536743,197700,2.694000005722046,2.7329999923706056,2.7865000009536742,2.642099995613098,4.00235000371933,6.169225000143051,49.370855787614474,-0.01572395854338371,-0.011577127769428062,-0.004146830773955647,2.9820786186915305,2.7865000009536742,2.590921383215818,42.78788498282169,33.4827389564286,UBX
2023-01-03,2.809999942779541,3.0,2.7899999618530273,2.9600000381469727,2.9600000381469727,208100,2.7220000267028808,2.749000000953674,2.7950000047683714,2.6394999980926515,3.9349500060081484,6.1295250022411345,57.024444039460306,0.0033259431542163043,-0.008596513584699188,0.011922456738915493,3.0047140913071755,2.7950000047683714,2.5852859182295673,64.466202444406,45.24631337186671,UBX
2023-01-04,3.0399999618530273,3.4800000190734863,2.9700000286102295,3.4200000762939453,3.4200000762939453,427800,2.900000047683716,2.8259999990463256,2.819500005245209,2.6492999982833862,3.8841500067710877,6.0891250026226045,67.93816220032656,0.054908337064012436,0.0041044565450431385,0.050803880518969294,3.160174354930268,2.819500005245209,2.4788256555601498,79.43590105873137,62.22999616198649,UBX
2023-01-05,3.430000066757202,3.4800000190734863,3.319999933242798,3.440000057220459,3.440000057220459,150300,3.062000036239624,2.8990000009536745,2.8545000076293947,2.6680999994277954,3.787550003528595,6.047825003862381,68.31492015756886,0.09629159758503869,0.022541884753042248,0.07374971283199644,3.286818206300807,2.8545000076293947,2.4221818089579825,94.10256963274666,79.33489104529481,UBX
2023-01-06,3.440000057220459,3.440000057220459,3.180000066757202,3.359999895095825,3.359999895095825,138800,3.184000015258789,2.9490000009536743,2.8825000047683718,2.6856999969482422,3.6921500062942503,5.997625005245209,65.02344944875948,0.12123526058632761,0.042280559919699326,0.07895470066662828,3.366519634105085,2.8825000047683718,2.3984803754316584,92.66666571299238,88.73504546815694,UBX
2023-01-09,3.430000066757202,3.430000066757202,3.240000009536743,3.2699999809265137,3.2699999809265137,145300,3.290000009536743,2.9920000076293944,2.9035000085830687,2.696699995994568,3.5878500080108644,5.9519750070571895,61.43719016107738,0.1322169377551834,0.06026783548679614,0.07194910226838726,3.4156825892563427,2.9035000085830687,2.3913174279097946,87.666662534078,91.47863262660582,UBX
2023-01-10,3.299999952316284,3.6500000953674316,3.240000009536743,3.5799999237060547,3.5799999237060547,340000,3.4139999866485597,3.06800000667572,2.938499999046326,2.7174999952316283,3.5266500091552735,5.910375008583069,67.98666905880336,0.16404341031427672,0.08102295045229226,0.08302045986198446,3.5291360770526996,2.938499999046326,2.347863921039952,87.00568784095181,89.11300536267419,UBX
2023-01-11,3.6700000762939453,3.680000066757202,3.4200000762939453,3.509999990463257,3.509999990463257,217000,3.4319999694824217,3.166000008583069,2.9679999947547913,2.736899995803833,3.50075001001358,5.869925006628036,65.29013244513129,0.18152520000571615,0.10112340036297704,0.08040179964273911,3.608799476859061,2.9679999947547913,2.3272005126505215,86.28346781968635,86.98527273157218,UBX
2023-01-12,3.5799999237060547,3.6600000858306885,3.450000047683716,3.630000114440918,3.630000114440918,160100,3.469999980926514,3.266000008583069,3.0054999947547913,2.752300000190735,3.476050012111664,5.829575008153915,67.65830877715743,0.20272575509545288,0.1214438713094722,0.08128188378598067,3.706284563770787,3.0054999947547913,2.3047154257387956,91.89458158210032,88.39457908091295,UBX
2023-01-13,3.619999885559082,4.320000171661377,3.619999885559082,4.289999961853027,4.289999961853027,557800,3.655999994277954,3.4200000047683714,3.0789999961853027,2.7830999994277956,3.4579500126838685,5.791025007963181,76.96653880454039,0.26967517206649205,0.1510901314608762,0.11858504060561587,3.9692785985681107,3.0789999961853027,2.1887213938024948,93.3454063203186,90.50781857403523,UBX
2023-01-17,4.449999809265137,4.550000190734863,3.8499999046325684,4.099999904632568,4.099999904632568,522000,3.821999979019165,3.555999994277954,3.14449999332428,2.8180999994277953,3.442150013446808,5.753525005578995,70.66157931433916,0.30389849792574264,0.18165180475384948,0.12224669317189316,4.127972895849262,3.14449999332428,2.161027090799298,90.82124965638558,92.02041251960163,UBX
2023-01-18,4.230000019073486,4.519999980926514,4.130000114440918,4.400000095367432,4.400000095367432,355000,3.9860000133514406,3.7,3.224500000476837,2.8553000020980837,3.4281500124931337,5.719525007009506,74.24859847742,0.351180053367814,0.21555745447664237,0.13562259889117162,4.33496791582534,3.224500000476837,2.1140320851283345,89.79234074878708,91.31966557516388,UBX
2023-01-19,4.349999904632568,4.349999904632568,3.9800000190734863,4.090000152587891,4.090000152587891,239000,4.102000045776367,3.7670000076293944,3.29650000333786,2.888500003814697,3.4133500123023985,5.67897500872612,65.35638728067978,0.35949261500676366,0.24434448658266664,0.11514812842409702,4.435012657565825,3.29650000333786,2.157987349109895,82.74506388432228,87.78621809649844,UBX
2023-01-20,4.139999866485596,4.409999847412109,4.119999885559082,4.309999942779541,4.309999942779541,129800,4.238000011444091,3.8539999961853026,3.3764999985694883,2.925900001525879,3.4037500119209287,5.636025010347367,68.26144027896765,0.3794583646251404,0.27136726219116136,0.10809110243397901,4.562776125997183,3.3764999985694883,2.190223871141794,85.86772972992064,86.1350447876768,UBX
2023-01-23,4.389999866485596,4.590000152587891,4.230000019073486,4.559999942779541,4.559999942779541,243300,4.292000007629395,3.9740000009536742,3.4615000009536745,2.9678999996185302,3.3988500094413756,5.596825011968613,71.21533177396329,0.41071975404551964,0.299237760562033,0.11148199348348664,4.728437647838859,3.4615000009536745,2.1945623540684904,87.72996676464474,85.4475867929627,UBX
2023-01-24,4.559999942779541,4.679999828338623,4.230000019073486,4.230000019073486,4.230000019073486,354500,4.318000030517578,4.070000004768372,3.531000006198883,3.0101999998092652,3.392150008678436,5.557475010156631,62.894300926594525,0.4042069483778632,0.320231598125199,0.08397535025266417,4.806412089477883,3.531000006198883,2.2555879229198834,86.54879851190248,86.71549833548943,UBX
2023-01-25,3.9800000190734863,4.239999771118164,3.809999942779541,4.150000095367432,4.150000095367432,327500,4.2680000305175785,4.127000021934509,3.5975000143051146,3.050800004005432,3.3871500086784363,5.519725011587143,61.03253342773669,0.38811621556906983,0.3338085216139732,0.05430769395509666,4.856275204397049,3.5975000143051146,2.3387248242131804,78.89473976826031,84.39116834826932,UBX
2023-01-26,4.179999828338623,4.440000057220459,4.099999904632568,4.309999942779541,4.309999942779541,163900,4.311999988555908,4.207000017166138,3.6865000128746033,3.0868000030517577,3.385250008106232,5.487275010347366,63.36807989638147,0.38385005985067844,0.34381682926131424,0.0400332305893642,4.880841229403559,3.6865000128746033,2.492158796345648,71.22807816430894,78.89053881482404,UBX
2023-01-27,4.349999904632568,4.53000020980835,4.309999942779541,4.480000019073486,4.480000019073486,182200,4.346000003814697,4.292000007629395,3.7790000081062316,3.123800001144409,3.3850500082969663,5.458175009489059,65.71908198857945,0.38969453014774436,0.35299236943860024,0.036702160709144116,4.916943763270743,3.7790000081062316,2.64105625294172,75.37037950116553,75.1643991445784,UBX
2023-01-30,4.449999809265137,4.679999828338623,4.369999885559082,4.380000114440918,4.380000114440918,120300,4.310000038146972,4.301000022888184,3.8605000138282777,3.1590000057220458,3.385850007534027,5.429075011014938,63.15156910794152,0.38185536741666226,0.3587649690342126,0.02309039838244964,4.922958958170819,3.8605000138282777,2.798041069485737,80.20371452145757,75.60072406231082,UBX
2023-01-31,4.389999866485596,4.630000114440918,4.380000114440918,4.619999885559082,4.619999885559082,88900,4.388000011444092,4.353000020980835,3.9545000076293944,3.1998000049591067,3.3850500082969663,5.397675012350082,66.53111474466017,0.3905072260223439,0.36511342043183886,0.025393805590505025,4.933141398631937,3.9545000076293944,2.9758586166268515,86.83863512153754,80.80424304805369,UBX
2023-02-01,4.619999885559082,4.909999847412109,4.545000076293945,4.789999961853027,4.789999961853027,190800,4.515999984741211,4.392000007629394,4.046000003814697,3.2452000045776366,3.3834500098228455,5.3701250112056735,68.71955743192333,0.40639678257135703,0.3733700928597425,0.03302668971161454,4.976621286516299,4.046000003814697,3.115378721113095,88.72853712815827,85.25696225705127,UBX
2023-02-02,4.840000152587891,5.130000114440918,4.699999809265137,4.800000190734863,4.800000190734863,346000,4.614000034332276,4.463000011444092,4.115000009536743,3.2936000061035156,3.3799500107765197,5.345025013685227,68.84859526827893,0.4150123020282934,0.38169853469345266,0.03331376733484076,5.0543295806578366,4.115000009536743,3.1756704384156498,88.38821040017535,87.9851275499572,UBX
2023-02-03,4.840000152587891,5.118000030517578,4.800000190734863,4.960000038146973,4.960000038146973,221700,4.710000038146973,4.528000020980835,4.191000008583069,3.3468000078201294,3.378550012111664,5.319325011968613,70.91585389452663,0.4297963885527478,0.3913181054653117,0.038478283087436116,5.145419238432934,4.191000008583069,3.2365807787332046,85.68258012480946,87.59977588438117,UBX
2023-02-06,5.050000190734863,5.260000228881836,5.010000228881836,5.090000152587891,5.090000152587891,269000,4.852000045776367,4.58100004196167,4.277500021457672,3.403200011253357,3.379750015735626,5.293775013685226,72.51198793471563,0.44685177728311665,0.40242483982887267,0.044426937454243975,5.22855999404562,4.277500021457672,3.326440048869724,84.51425695542366,86.19501582680296,UBX
2023-02-07,5.170000076293945,5.71999979019165,5.170000076293945,5.510000228881836,5.510000228881836,531300,5.030000114440918,4.709000062942505,4.389500033855438,3.465400013923645,3.3873500180244447,5.272275012731552,76.91911708819691,0.48862621297528097,0.41966511445815435,0.06896109851712662,5.366812238975506,4.389500033855438,3.4121878287353704,88.13410827621499,86.11031511881617,UBX
2023-02-08,5.599999904632568,5.599999904632568,4.5,4.619999885559082,4.619999885559082,724600,4.996000099182129,4.75600004196167,4.44150003194809,3.5060000133514406,3.38545001745224,5.247875012159348,56.314721683507216,0.4447899034322811,0.4246900722529797,0.020099831179301364,5.349184502307033,4.44150003194809,3.5338155615891473,73.22983138930375,81.9593988736476,UBX
2023-02-09,4.739999771118164,5.169000148773193,4.519999980926514,4.610000133514404,4.610000133514404,423400,4.9580000877380375,4.786000061035156,4.496500039100647,3.5470000171661376,3.3850500178337097,5.223025013208389,56.132782644151135,0.4045786846422379,0.4206677947308314,-0.016089110088593483,5.298953206564011,4.496500039100647,3.6940468716372834,57.76615504448818,73.04336490333577,UBX
2023-02-10,4.650000095367432,4.650000095367432,4.03000020980835,4.389999866485596,4.389999866485596,416800,4.844000053405762,4.777000045776367,4.534500026702881,3.5806000137329104,3.3837500166893006,5.196475013494491,52.141554188223495,0.35091370634412566,0.40671697705349025,-0.05580327070936458,5.234685090244837,4.534500026702881,3.8343149631609257,38.219899339917525,56.40529525790328,UBX
2023-02-13,4.420000076293945,4.619999885559082,4.291999816894531,4.539999961853027,4.539999961853027,230900,4.734000015258789,4.793000030517578,4.5470000267028805,3.6164000129699705,3.384350016117096,5.172675012350083,54.51620480821893,0.316835298403757,0.3887406413235436,-0.07190534291978656,5.238146984102164,4.5470000267028805,3.8558530693035973,36.82374000139807,44.269931461934725,UBX
2023-02-14,4.539999961853027,4.590000152587891,3.700000047683716,3.9100000858306885,3.9100000858306885,506300,4.41399998664856,4.722000050544739,4.537500035762787,3.6408000135421754,3.3809500169754028,5.14537501335144,44.52385738488934,0.23626863200534753,0.35824623945990436,-0.12197760745455682,5.25757994835505,4.537500035762787,3.817420123170524,26.327477578545228,33.790372306620405,UBX
2023-02-15,4.010000228881836,4.429999828338623,4.010000228881836,4.329999923706055,4.329999923706055,277200,4.355999994277954,4.676000046730041,4.534000027179718,3.6716000127792356,3.3810500144958495,5.121525011062622,50.975212826281656,0.20395834047522232,0.32738865966296793,-0.12343031918774561,5.257392101270629,4.534000027179718,3.810607953088807,26.601352935834274,29.91752350525932,UBX
2023-02-16,4.239999771118164,4.429999828338623,4.239999771118164,4.309999942779541,4.309999942779541,164900,4.295999956130982,4.627000021934509,4.5450000166893005,3.6992000102996827,3.3836500120162962,5.096575009822845,50.673018274881,0.1747242578580499,0.2968557793019843,-0.12213152144393441,5.247438714096723,4.5450000166893005,3.842561319281878,23.927392641890265,25.618741052090048,UBX
2023-02-17,4.320000171661377,4.369999885559082,4.210000038146973,4.320000171661377,4.320000171661377,122500,4.282000017166138,4.56300003528595,4.545500028133392,3.7308000135421753,3.3871500134468078,5.070225009918213,50.82997972824469,0.1506266414977553,0.2676099517411385,-0.11698331024338321,5.247282831196185,4.545500028133392,3.8437172250705993,30.693071488325035,27.07393902201665,UBX
2023-02-21,4.309999942779541,4.550000190734863,4.139999866485596,4.150000095367432,4.150000095367432,298800,4.204000043869018,4.469000029563904,4.525000035762787,3.7578000164031984,3.387750012874603,5.044675009250641,48.0318877625944,0.11646894006954334,0.23738174940681947,-0.12091280933727613,5.247537296936565,4.525000035762787,3.802462774589009,27.722776912690687,27.447747014302124,UBX
2023-02-22,4.150000095367432,4.269999980926514,4.019999980926514,4.21999979019165,4.21999979019165,156900,4.265999984741211,4.339999985694885,4.524500024318695,3.78520001411438,3.3872500109672545,5.022725009918213,49.27021877969108,0.09396394805256758,0.2086981891359691,-0.11473424108340152,5.2478665439538545,4.524500024318695,3.801133504683536,26.237625690573026,28.217824697196377,UBX
2023-02-23,4.25,4.269999980926514,4.019999980926514,4.099999904632568,4.099999904632568,104100,4.219999980926514,4.287999987602234,4.522000014781952,3.809600009918213,3.3872500109672545,5.000725009441376,47.19407852438658,0.0656883771336707,0.18009622673550943,-0.11440784960183872,5.250851270186065,4.522000014781952,3.7931487593778392,22.607257785085626,25.52255346278324,UBX
2023-02-24,4.150000095367432,4.159999847412109,3.859999895095825,3.9000000953674316,3.9000000953674316,178500,4.138000011444092,4.216999983787536,4.501500022411347,3.8292000102996826,3.3867500114440916,4.982425010204315,43.87567324926256,0.026832165821263132,0.14944341455266016,-0.12261124873139703,5.274760087072578,4.501500022411347,3.7282399577501146,18.481844717959657,22.442242731206232,UBX
2023-02-27,3.990000009536743,4.429999828338623,3.9549999237060547,4.409999847412109,4.409999847412109,322000,4.155999946594238,4.218999981880188,4.498000013828277,3.8598000049591064,3.390350008010864,4.966025009155273,52.958975271486686,0.03676722645674335,0.1269081769334768,-0.09014095047673346,5.272250705617354,4.498000013828277,3.7237493220392004,21.617159593207514,20.902087365417728,UBX
2023-02-28,4.449999809265137,4.75,4.420000076293945,4.5,4.5,205200,4.225999927520752,4.214999985694885,4.504000008106232,3.8934000062942506,3.39385000705719,4.952025008201599,54.36266414844805,0.05131160549204594,0.11178886264519064,-0.0604772571531447,5.276357528137184,4.504000008106232,3.7316424880752797,29.051588985830932,23.050197765666166,UBX
2023-03-01,4.519999980926514,4.554999828338623,4.210000038146973,4.5,4.5,160900,4.281999969482422,4.273999977111816,4.498000013828277,3.92760000705719,3.39885000705719,4.93742500782013,54.36266414844803,0.062122026610963665,0.10185549543834524,-0.039733468827381574,5.26852200879155,4.498000013828277,3.7274780188650047,43.90419392099411,31.52431416667765,UBX
2023-03-02,4.409999847412109,4.590000152587891,4.25,4.570000171661377,4.570000171661377,154300,4.376000022888183,4.298000001907349,4.487000024318695,3.963000011444092,3.403550009727478,4.919775006771087,55.55886592697801,0.07546784572143928,0.09657796549496404,-0.02111011977352477,5.246739556172644,4.487000024318695,3.7272604924647457,59.80707692428092,44.25428661036879,UBX
2023-03-03,4.599999904632568,4.630000114440918,4.4770002365112305,4.590000152587891,4.590000152587891,115200,4.514000034332275,4.326000022888183,4.476500022411346,4.001800012588501,3.410650010108948,4.9030250072479244,55.914412057762064,0.08665937944918145,0.09459424828580752,-0.007934868836626072,5.224357723147798,4.476500022411346,3.7286423216748945,74.02596185219518,59.24574423249021,UBX
2023-03-06,4.559999942779541,4.679999828338623,4.519999980926514,4.650000095367432,4.650000095367432,211700,4.56200008392334,4.359000015258789,4.461000025272369,4.04060001373291,3.418750011920929,4.883775007724762,57.025198676984026,0.09922642405077564,0.09552068343880114,0.003705740611974498,5.180441574618427,4.461000025272369,3.741558475926312,86.03175871857047,73.28826583168232,UBX
2023-03-07,4.650000095367432,5.105000019073486,4.570000171661377,4.789999961853027,4.789999961853027,356800,4.6200000762939455,4.423000001907349,4.446000015735626,4.0792000150680545,3.4302500104904174,4.866725008487702,59.58406778647374,0.11910969422408613,0.10023848559585814,0.018871208628227984,5.123654869922099,4.446000015735626,3.768345161549153,83.31230361086087,81.12334139387565,UBX
2023-03-08,4.75,4.860000133514404,4.349999904632568,4.429999828338623,4.429999828338623,214300,4.60600004196167,4.444000005722046,4.391999995708465,4.111000013351441,3.437150008678436,4.8477250099182125,51.149958846644694,0.10461242009975802,0.10111327249663812,0.0034991476031198954,4.862302029762185,4.391999995708465,3.921697961654745,70.31937161316598,79.88781131419925,UBX
2023-03-09,4.369999885559082,4.369999885559082,3.9649999141693115,4.019999980926514,4.019999980926514,220000,4.496000003814697,4.436000013351441,4.362000000476837,4.135000014305115,3.436850006580353,4.82842500925064,43.583437603035065,0.05935545203101622,0.09276170840351375,-0.03340625637249753,4.846627709780202,4.362000000476837,3.8773722911734723,44.44444231665725,66.0253725135615,UBX
2023-03-10,4.050000190734863,4.150000095367432,3.744999885559082,3.7950000762939453,3.7950000762939453,210400,4.336999988555908,4.425500011444091,4.321249997615814,4.160300016403198,3.4356000065803527,4.806550009250641,40.079498363266744,0.005272587766799397,0.07526388427617088,-0.06999129650937148,4.850606904909291,4.321249997615814,3.791893090322337,20.770339365897517,45.178051098573725,UBX
2023-03-13,3.690000057220459,4.0,3.6700000762939453,3.930000066757202,3.930000066757202,188100,4.192999982833863,4.377500033378601,4.298250007629394,4.186300015449524,3.4332000064849852,4.788200010061264,43.03854782509443,-0.02639088314703386,0.05493293079152993,-0.08132381393856379,4.853022690741361,4.298250007629394,3.7434773245174275,11.548787481848464,25.587856388134554,UBX
2023-03-14,4.0,4.210000038146973,3.944999933242798,4.170000076293945,4.170000076293945,126800,4.069000005722046,4.344500041007995,4.279750013351441,4.214700016975403,3.4351000070571898,4.770950011014938,47.958788913836806,-0.031752395117653265,0.03759586560969329,-0.06934826072734655,4.825648109774368,4.279750013351441,3.7338519169285127,18.8793860576851,17.06617096847717,UBX
2023-03-15,4.010000228881836,4.235000133514404,3.950000047683716,4.150000095367432,4.150000095367432,157000,4.013000059127807,4.309500050544739,4.291750013828278,4.2429000186920165,3.4425000071525576,4.7528000104427335,47.5898767992105,-0.037186599326747505,0.02263937262240513,-0.05982597194915264,4.8146771006152,4.291750013828278,3.7688229270413554,28.803717978666715,19.743963839400237,UBX
2023-03-16,4.159999847412109,4.159999847412109,3.9000000953674316,4.050000190734863,4.050000190734863,132900,4.019000101089477,4.257500052452087,4.277750027179718,4.264700021743774,3.452100009918213,4.731700009107589,45.697105718780556,-0.04899758818687783,0.008311980460548537,-0.05730956864742637,4.810727253581397,4.277750027179718,3.744772800778039,31.591177415662127,26.424760484004793,UBX
2023-03-17,3.950000047683716,4.010000228881836,3.740000009536743,3.7799999713897705,3.7799999713897705,177400,4.016000080108642,4.176500034332276,4.2512500286102295,4.271900019645691,3.460600008964539,4.711100008487701,40.960199476770384,-0.07923131390041327,-0.009196678411643826,-0.07003463548876944,4.826227190211146,4.2512500286102295,3.6762728670093137,22.531941168150293,27.64227885415986,UBX
2023-03-20,3.680000066757202,3.7799999713897705,3.299999952316284,3.4100000858306885,3.4100000858306885,433700,3.9120000839233398,4.052500033378601,4.205750024318695,4.271300020217896,3.4697000098228457,4.689300009012222,35.52557688817164,-0.13153144527156702,-0.03366363178362847,-0.09786781348793855,4.886126913705699,4.205750024318695,3.5253731349316912,13.413511162197013,22.512209915336626,UBX
2023-03-21,3.5299999713897705,4.25,3.5,4.119999885559082,4.119999885559082,652400,3.9020000457763673,3.9855000257492064,4.204250013828277,4.286500020027161,3.4861000084877016,4.671550008058548,49.399604582580565,-0.11437023716212558,-0.049804952859327886,-0.06456528430279769,4.8852439329126485,4.204250013828277,3.523256094743906,19.729681906999875,18.558378079115872,UBX
2023-03-22,4.130000114440918,4.230000019073486,3.9700000286102295,4.010000228881836,4.010000228881836,233000,3.874000072479248,3.9435000658035277,4.193750035762787,4.301300024986267,3.4990000104904175,4.652700008153915,47.68747281023844,-0.10839638305448407,-0.061523238898359124,-0.046873144156124945,4.879905050589345,4.193750035762787,3.5075950209362285,30.286247140683297,21.143146736626875,UBX
2023-03-23,4.0,4.369999885559082,3.950000047683716,4.099999904632568,4.099999904632568,259000,3.8840000152587892,3.9515000581741333,4.193750035762787,4.311700024604797,3.514600009918213,4.6379000079631805,49.23767905852151,-0.09530126529710614,-0.06827884417810853,-0.027022421118997608,4.879905050589345,4.193750035762787,3.5075950209362285,43.02862559465401,31.014851547445875,UBX
2023-03-24,4.159999847412109,4.25,4.0,4.150000095367432,4.150000095367432,127100,3.9580000400543214,3.987000060081482,4.206250035762787,4.324500026702881,3.530700011253357,4.6237500083446506,50.12199660449229,-0.07996688414313535,-0.0706164521711139,-0.009350431972021456,4.879532079435482,4.206250035762787,3.532967992090092,43.582646069239495,38.96583960152575,UBX
2023-03-27,2.2200000286102295,2.7100000381469727,1.940000057220459,1.9500000476837158,1.9500000476837158,6015500,3.6660000324249267,3.789000058174133,4.083250045776367,4.290900025367737,3.5216000127792357,4.598500008583069,27.457002589296366,-0.24254004363381787,-0.1050011704636547,-0.13753887317016317,5.267573787317247,4.083250045776367,2.898926304235488,30.585069900932627,39.06544718827553,UBX
2023-03-28,1.9500000476837158,2.0199999809265137,1.649999976158142,1.75,1.75,1899300,3.1920000553131103,3.5470000505447388,3.945750045776367,4.240100026130676,3.511600012779236,4.572250008583069,26.292985798088786,-0.3831026077949189,-0.16062145792990754,-0.22248114986501136,5.488822557076922,3.945750045776367,2.4026775344758122,17.036785310368042,30.40150042684687,UBX
2023-03-29,1.7300000190734863,1.7599999904632568,1.6399999856948853,1.6699999570846558,1.6699999570846558,584800,2.7240000009536742,3.2990000367164614,3.8042500436306,4.191500027179718,3.5048000133037567,4.546600007414818,25.821431998889715,-0.49524590099934285,-0.22754634654379458,-0.26769955445554827,5.614043640587742,3.8042500436306,1.9944564466734591,1.7059456987741848,16.442600303358436,UBX
2023-03-30,1.7000000476837158,1.8200000524520874,1.6799999475479126,1.7000000476837158,1.7000000476837158,647500,2.244000029563904,3.0640000224113466,3.660750037431717,4.137500026226044,3.4964000141620635,4.523100007176399,26.354831531789273,-0.575070457952179,-0.29705116882547145,-0.2780192891267076,5.65104720465158,3.660750037431717,1.670452870211854,2.32439207583899,7.022374361660556,UBX
2023-03-31,1.7000000476837158,1.7319999933242798,1.6299999952316284,1.6299999952316284,1.6299999952316284,525200,1.7400000095367432,2.849000024795532,3.512750029563904,4.088300023078919,3.488400013446808,4.501300008296966,25.887077338385378,-0.636641605527335,-0.36496925616584414,-0.2716723493614908,5.640132175771656,3.512750029563904,1.385367883356151,1.0989015467617034,1.7097464404584424,UBX
2023-04-03,1.6100000143051147,1.6180000305175781,1.5299999713897705,1.5499999523162842,1.5499999523162842,589900,1.6599999904632567,2.6630000114440917,3.3577500224113463,4.033100023269653,3.479500012397766,4.4792500078678135,25.33368598861016,-0.6840077034267313,-0.4287769456180216,-0.25523075780870974,5.580690601429917,3.3577500224113463,1.1348094433927756,0.9673430836215088,1.4635455687408836,UBX
2023-04-04,1.5299999713897705,1.531000018119812,1.4609999656677246,1.4900000095367432,1.4900000095367432,337200,1.6079999923706054,2.4000000238418577,3.192750024795532,3.9717000246047975,3.469800012111664,4.45720000743866,24.903695895970706,-0.718109254727171,-0.48664340743985146,-0.23146584728731956,5.455490589974629,3.192750024795532,0.9300094596164348,0.5670441302030612,0.877762920195574,UBX
2023-04-05,1.5299999713897705,1.659999966621399,1.4700000286102295,1.600000023841858,1.600000023841858,517900,1.5940000057220458,2.15900000333786,3.051250034570694,3.919100024700165,3.464650012254715,4.4357000070810315,27.33864640659347,-0.7278684831834927,-0.5348884225885797,-0.19298006059491302,5.340599063051629,3.051250034570694,0.7619010060897593,2.159802947688402,1.2313967205044734,UBX
2023-04-06,1.559999942779541,1.5700000524520874,1.4700000286102295,1.5,1.5,387600,1.5539999961853028,1.8990000128746032,2.9252500355243685,3.866100022792816,3.458450013399124,4.413600006699562,26.49750576793433,-0.7351970146943949,-0.5749501410097427,-0.16024687368465218,5.26430861055111,2.9252500355243685,0.5861914604976266,2.371950751413323,1.6995992764350782,UBX
2023-04-10,1.5099999904632568,1.7799999713897705,1.5,1.7699999809265137,1.7699999809265137,616600,1.5819999933242799,1.6610000014305115,2.8240000307559967,3.8153000235557557,3.4510500133037567,4.392950006127357,32.53323575213494,-0.711021968086925,-0.6021645064251792,-0.10885746166174581,5.178955714965296,2.8240000307559967,0.4690443465466978,5.5803841088152675,3.370712602639147,UBX
2023-04-11,1.7899999618530273,1.8799999952316284,1.75,1.850000023841858,1.850000023841858,530800,1.6420000076293946,1.6509999990463258,2.7200000286102295,3.762700023651123,3.4432500123977663,4.372200006246567,34.25588082842061,-0.677596820249228,-0.6172509691899889,-0.060345851059239064,5.05401807900556,2.7200000286102295,0.3859819782148981,8.445057042063254,5.465797300764098,UBX
2023-04-12,1.840000033378601,1.909999966621399,1.75,1.7799999713897705,1.7799999713897705,226700,1.7,1.6539999961853027,2.600500023365021,3.7107000207901,3.434850013256073,4.351400005817413,33.451042932326544,-0.6492711750420912,-0.6236550103604094,-0.02561616468168182,4.869142623779449,2.600500023365021,0.33185742295059306,11.653490399465198,8.559643850114723,UBX
2023-04-13,1.7899999618530273,1.9500000476837158,1.7599999904632568,1.9500000476837158,1.9500000476837158,243700,1.7700000047683715,1.6820000052452087,2.490500020980835,3.6573000240325926,3.4285500144958494,4.331200007200241,37.30361868832064,-0.6061183566137109,-0.6201476796110696,0.014029322997358706,4.6590892387356035,2.490500020980835,0.321910803226066,13.957144057187021,11.351897166238642,UBX
2023-04-14,1.9500000476837158,2.069999933242798,1.9299999475479126,1.9600000381469727,1.9600000381469727,385900,1.862000012397766,1.7080000042915344,2.3860000133514405,3.6007000255584716,3.422950015068054,4.311200007200241,37.53270428872718,-0.564604116650091,-0.609038967018874,0.04443485036878292,4.4424474548020685,2.3860000133514405,0.32955257190081255,22.81703399106443,16.14255614923903,UBX
2023-04-17,2.059999942779541,2.5899999141693115,2.0250000953674316,2.4600000381469727,2.4600000381469727,1314400,2.000000023841858,1.7910000085830688,2.3200000166893004,3.553900022506714,3.423750014305115,4.293500007390976,47.8024667411596,-0.48575844013557257,-0.5843828616422136,0.09862442150664108,4.275505093477138,2.3200000166893004,0.36449493990146276,48.65684318023477,28.477007076162224,UBX
2023-04-18,2.4600000381469727,2.4600000381469727,2.049999952316284,2.2799999713897705,2.2799999713897705,569400,2.0860000133514403,1.8640000104904175,2.2635000109672547,3.50030002117157,3.4235500144958495,4.276700007915497,44.93821704528124,-0.4328080329195241,-0.5540678958976757,0.12125986297815161,4.153984359840788,2.2635000109672547,0.37301566209372194,66.99314575097883,46.15567430742616,UBX
2023-04-19,2.25,2.509999990463257,2.2100000381469727,2.3399999141693115,2.3399999141693115,409500,2.1980000019073485,1.9490000009536743,2.174500012397766,3.4453000164031984,3.4242500138282774,4.257100006341934,46.09761205429657,-0.38160406564340255,-0.5195751298468211,0.13797106420341854,3.8639079455271217,2.174500012397766,0.48509207926841014,79.6279937916841,65.09266090763272,UBX
2023-04-20,2.3499999046325684,2.3499999046325684,2.130000114440918,2.130000114440918,2.130000114440918,224200,2.234000015258789,2.0020000100135804,2.08050000667572,3.37770001411438,3.4215500140190125,4.237300006151199,42.70804972970173,-0.35389035375989275,-0.4864381746294354,0.13254782086954264,3.5451975861980056,2.08050000667572,0.6158024271534346,69.88486008165363,72.16866654143901,UBX
2023-04-21,2.2100000381469727,2.3989999294281006,2.140000104904175,2.309999942779541,2.309999942779541,226100,2.303999996185303,2.0830000042915344,1.9910000085830688,3.331500015258789,3.4187500143051146,4.2192500054836275,46.34951946666577,-0.3137854324593623,-0.4519076261954208,0.1381221937360585,3.1347465178187885,1.9910000085830688,0.8472534993473493,70.77059886990855,73.42781758108225,UBX
2023-04-24,2.319999933242798,2.380000114440918,2.0299999713897705,2.190000057220459,2.190000057220459,1332300,2.25,2.125000011920929,1.8930000066757202,3.28310001373291,3.415050015449524,4.200200005769729,44.32676771031455,-0.28836093590144474,-0.4191982881366256,0.13083735223518084,2.4807108240154125,1.8930000066757202,1.3052891893360279,66.34190492863387,68.99912129339884,UBX
2023-04-25,2.0899999141693115,2.1500000953674316,2.009999990463257,2.0399999618530273,2.0399999618530273,220400,2.2019999980926515,2.144000005722046,1.8975000023841857,3.236100015640259,3.4083500146865844,4.180400005578995,41.867157892166354,-0.2771211136030258,-0.39078285322990564,0.11366173962687981,2.4882579912442866,1.8975000023841857,1.306742013524085,63.55419218196699,66.88889866016996,UBX
2023-04-26,2.0999999046325684,2.134999990463257,2.009999990463257,2.0799999237060547,2.0799999237060547,278300,2.15,2.1740000009536744,1.9139999985694884,3.1869000148773194,3.401650013923645,4.16140000462532,42.778976604037126,-0.26196602950512826,-0.36501948848495014,0.10305345897982188,2.505790498680297,1.9139999985694884,1.32220949845868,56.64252188256214,62.17953966438782,UBX
2023-04-27,2.0399999618530273,2.140000104904175,2.009999990463257,2.069999933242798,2.069999933242798,208100,2.137999963760376,2.1859999895095825,1.9339999973773956,3.1501000118255615,3.3954500126838685,4.140600004196167,42.59908458222341,-0.24790474029723297,-0.3415965388474067,0.09369179855017373,2.518445023095665,1.9339999973773956,1.349554971659126,52.550238090164065,57.582317384897884,UBX
2023-04-28,2.059999942779541,2.190000057220459,2.0309998989105225,2.140000104904175,2.140000104904175,155400,2.1039999961853026,2.2039999961853027,1.9560000002384186,3.106300015449524,3.38895001411438,4.115900005102158,44.362809718177814,-0.22847887619501472,-0.3189730063169283,0.0904941301219136,2.5366685814034144,1.9560000002384186,1.3753314190734227,51.06214884970234,53.41830294080967,UBX
2023-05-01,2.1500000953674316,2.2100000381469727,2.0899999141693115,2.200000047683716,2.200000047683716,242400,2.105999994277954,2.177999997138977,1.984500002861023,3.0641000175476076,3.381650013923645,4.095050005912781,45.89731132885484,-0.2058691139992388,-0.29635222785339044,0.09048311385415164,2.5542183583069313,1.984500002861023,1.4147816474151143,50.76453478603227,51.45897390863305,UBX
2023-05-02,2.1700000762939453,2.2899999618530273,2.109999895095825,2.2200000286102295,2.2200000286102295,221400,2.1420000076293944,2.172000002861023,2.01800000667572,3.0221000146865844,3.37645001411438,4.073650006055832,46.427714077069965,-0.18421338600557036,-0.27392445948382643,0.08971107347825608,2.5596862601015857,2.01800000667572,1.4763137532498545,51.807241606853744,51.211308414196274,UBX
2023-05-03,2.2200000286102295,2.390000104904175,2.200000047683716,2.309999942779541,2.309999942779541,184400,2.1880000114440916,2.169000005722046,2.05900000333786,2.9853000116348265,3.3715500140190127,4.049400006532669,48.857489621248845,-0.15796786937018048,-0.25073314146109726,0.09276527209091678,2.556991962496385,2.05900000333786,1.5610080441793353,55.522965308148436,52.6982472336783,UBX
2023-05-04,2.319999933242798,2.380000114440918,2.2300000190734863,2.2799999713897705,2.2799999713897705,185300,2.2300000190734863,2.1839999914169312,2.093000000715256,2.9465000152587892,3.3658500146865844,4.025050005912781,48.07476928810223,-0.1379980991328602,-0.22818613299544985,0.09018803386258964,2.552351710236637,2.093000000715256,1.6336482911938748,53.18306105845324,53.50442265781862,UBX
2023-05-05,2.2899999618530273,2.380000114440918,2.2699999809265137,2.3399999141693115,2.3399999141693115,166800,2.2699999809265137,2.1869999885559084,2.1349999964237214,2.911300015449524,3.3604500126838683,4.001250005960465,49.80672074956101,-0.11599331961826875,-0.20574757032001362,0.08975425070174486,2.5168638278633795,2.1349999964237214,1.7531361649840633,56.7091571597255,55.13839450877587,UBX
2023-05-08,2.359999895095825,2.430000066757202,2.2699999809265137,2.3949999809265137,2.3949999809265137,137800,2.3089999675750734,2.2074999809265137,2.1662499964237214,2.8812000131607056,3.355200011730194,3.977325006723404,51.40675845247799,-0.09304377684280629,-0.18320681162457214,0.09016303478176585,2.52512146629486,2.1662499964237214,1.8073785265525828,63.183903268911735,57.69204049569697,UBX
2023-05-09,2.380000114440918,2.5799999237060547,2.3399999141693115,2.490000009536743,2.490000009536743,183200,2.362999963760376,2.252499985694885,2.1982499957084656,2.8428000164031983,3.351300010681152,3.9560250067710876,54.12687892061487,-0.06642468803451607,-0.15985038690656092,0.09342569887204485,2.5527252941949907,2.1982499957084656,1.8437746972219404,75.73684078614629,65.20996707159465,UBX
2023-05-10,2.5399999618530273,2.990000009536743,2.5399999618530273,2.880000114440918,2.880000114440918,492900,2.4769999980926514,2.3325000047683715,2.253250002861023,2.8104000186920164,3.3519000124931337,3.9369250082969667,63.22733308523346,-0.013701180593676199,-0.13062054564398398,0.11691936505030778,2.6674030692505046,2.253250002861023,1.8390969364715413,83.32868624809211,74.08314343438353,UBX
2023-05-11,2.880000114440918,2.940000057220459,2.7300000190734863,2.7699999809265137,2.7699999809265137,127500,2.575,2.4025000095367433,2.2942499995231627,2.7758000183105467,3.3517000126838683,3.9190750074386598,59.63388751562666,0.01898761009066119,-0.10069891449705495,0.11968652458771614,2.7412542102390827,2.2942499995231627,1.8472457888072427,83.51235952576526,80.85929552000137,UBX
2023-05-12,2.7699999809265137,2.8320000171661377,2.6600000858306885,2.680000066757202,2.680000066757202,149400,2.643000030517578,2.456500005722046,2.3302500009536744,2.7380000162124634,3.3505000138282774,3.8979750072956083,56.79000481752885,0.037202622629377124,-0.07311860707176854,0.11032122970114566,2.7797439158446107,2.3302500009536744,1.8807560860627381,78.2312974819917,81.69078108528318,UBX
2023-05-15,2.690000057220459,2.940000057220459,2.690000057220459,2.869999885559082,2.869999885559082,132900,2.738000011444092,2.5234999895095824,2.3507499933242797,2.703600010871887,3.352700011730194,3.8782750070095062,61.01662978732955,0.06620636303986727,-0.04525361304944138,0.11145997608930865,2.855985338417222,2.3507499933242797,1.8455146482313376,77.89115364909361,79.87827021895035,UBX
2023-05-16,2.819999933242798,2.8499999046325684,2.630000114440918,2.6700000762939453,2.6700000762939453,102300,2.7740000247955323,2.5684999942779543,2.3702499985694887,2.6640000104904176,3.3523000121116637,3.858475006818771,54.92617238271769,0.07222120207491445,-0.02175865002457021,0.09397985209948466,2.8928633959172854,2.3702499985694887,1.847636601221692,74.48979641486585,76.87074918198387,UBX
2023-05-17,2.700000047683716,2.819999933242798,2.5899999141693115,2.7699999809265137,2.7699999809265137,157600,2.7519999980926513,2.6144999980926515,2.3917500019073485,2.623600010871887,3.351400012969971,3.839825006723404,57.225200910219286,0.08408784952804904,-0.0005893501140463581,0.0846771996420954,2.9422522804411866,2.3917500019073485,1.8412477233735105,77.38715747592686,76.58936917996226,UBX
2023-05-18,2.819999933242798,2.9600000381469727,2.7219998836517334,2.940000057220459,2.940000057220459,195500,2.7860000133514404,2.6805000066757203,2.4322499990463258,2.5938000154495238,3.352400014400482,3.821775006055832,60.87838001413387,0.10598807399451715,0.020726134707666346,0.0852619392868508,3.0178307223546854,2.4322499990463258,1.8466692757379661,79.61694437691627,77.16463275590314,UBX
2023-05-19,2.9200000762939453,3.0810000896453857,2.809999942779541,2.8299999237060547,2.8299999237060547,219200,2.815999984741211,2.7295000076293947,2.4582499980926515,2.5700000143051147,3.352500014305115,3.7999250066280363,57.458833089841036,0.1131635887919451,0.039213625524522094,0.07394996326742301,3.0655825009036097,2.4582499980926515,1.8509174952816934,81.88474515020302,79.62961566768219,UBX
2023-05-22,2.940000057220459,3.240000009536743,2.9200000762939453,3.2300000190734863,3.2300000190734863,252600,2.888000011444092,2.8130000114440916,2.5102499961853026,2.5587000131607054,3.359500014781952,3.778575006723404,65.12924080466591,0.14940465683870618,0.061251831787358914,0.08815282505134728,3.190518165795848,2.5102499961853026,1.8299818265747572,89.21108709811908,83.57092554174626,UBX
2023-05-23,3.240000009536743,3.375,3.049999952316284,3.0899999141693115,3.0899999141693115,156700,2.971999979019165,2.8730000019073487,2.562749993801117,2.541900010108948,3.364100012779236,3.750775008201599,60.98464216462146,0.16492793931217475,0.08198705329232209,0.08294088601985267,3.251759977842876,2.562749993801117,1.8737400097593582,82.76599111931618,84.62060778921291,UBX
2023-05-24,3.200000047683716,3.200000047683716,2.9000000953674316,2.9549999237060547,2.9549999237060547,173000,3.008999967575073,2.880499982833862,2.606499993801117,2.51760000705719,3.3661500120162966,3.7140500068664553,57.20434825639218,0.1644413045258042,0.0984779035390185,0.06596340098678569,3.278244724763673,2.606499993801117,1.9347552628385607,78.71285626433091,83.56331149392223,UBX
2023-05-25,2.9600000381469727,3.069999933242798,2.630000114440918,2.7200000286102295,2.7200000286102295,316800,2.964999961853027,2.875499987602234,2.6389999985694885,2.489000005722046,3.365950012207031,3.6841500079631806,51.24897625376528,0.1434396325969205,0.1074702493505989,0.035969383246321596,3.2651197721916754,2.6389999985694885,2.0128802249473017,59.27469729519561,73.58451489294772,UBX
2023-05-26,2.7799999713897705,3.0399999618530273,2.7799999713897705,2.9200000762939453,2.9200000762939453,226300,2.9829999923706056,2.8994999885559083,2.677999997138977,2.4664000034332276,3.365550012588501,3.6502500092983245,55.49547622356468,0.14130511129866807,0.11423722174021274,0.027067889558455335,3.271240253129459,2.677999997138977,2.084759741148495,52.917862616899676,63.63513872547555,UBX
2023-05-30,2.9800000190734863,3.200000047683716,2.7799999713897705,2.930000066757202,2.930000066757202,357700,2.9230000019073485,2.9055000066757204,2.714499998092651,2.4494000053405762,3.3606500124931333,3.6224000096321105,55.70324175528308,0.13882017093045462,0.11915381157826112,0.019666359352193505,3.2745080495801764,2.714499998092651,2.154491946605126,47.82308037624593,53.33854676278056,UBX
2023-05-31,2.950000047683716,3.059999942779541,2.880000114440918,3.009999990463257,3.009999990463257,165100,2.907000017166138,2.9394999980926513,2.7539999961853026,2.4414000034332277,3.3563500118255614,3.5719500076770783,57.41597876267785,0.14167304437429795,0.12365765813746848,0.018015386236829467,3.279286606968558,2.7539999961853026,2.228713385402047,52.08281473278342,50.941252575309825,UBX
2023-06-01,3.009999990463257,3.3299999237060547,2.950000047683716,3.180000066757202,3.180000066757202,278000,2.952000045776367,2.98050000667572,2.7975000023841856,2.42260000705719,3.354550013542175,3.5233500099182127,60.87766522052404,0.1558549536500533,0.13009711723998546,0.025757836410067847,3.312500025541015,2.7975000023841856,2.282499979227356,58.456344242422006,52.78741311715061,UBX
2023-06-02,3.259999990463257,3.3499999046325684,3.1050000190734863,3.190000057220459,3.190000057220459,206000,3.046000051498413,3.00550000667572,2.8430000066757204,2.4062000036239626,3.3537500143051147,3.4708000111579893,61.07809869701266,0.16598773134009281,0.13727524006000694,0.028712491280085878,3.3269359781459693,2.8430000066757204,2.3590640352054715,68.36518878547969,59.63478258689519,UBX
2023-06-05,3.3299999237060547,3.430000066757202,3.200000047683716,3.3399999141693115,3.3399999141693115,180000,3.1300000190734862,3.0565000057220457,2.89300000667572,2.3910000038146975,3.351350014209747,3.4390000116825106,64.05307292131907,0.18400071975595678,0.1466203359991969,0.037380383756759866,3.365222398648296,2.89300000667572,2.4207776147031446,80.29269194693723,69.03807499161313,UBX
2023-06-06,3.3399999141693115,3.819999933242798,3.3399999141693115,3.5,3.5,496300,3.2440000057220457,3.0835000038146974,2.9482500076293947,2.3780000019073486,3.3512500143051147,3.4260000121593475,66.95452384046818,0.208780125279028,0.15905229385516312,0.04972783142386489,3.4328867069296707,2.9482500076293947,2.4636133083291187,79.90085820670491,76.18624631304077,UBX
2023-06-07,3.5,3.5799999237060547,3.2769999504089355,3.3399999141693115,3.3399999141693115,222000,3.3099999904632567,3.1085000038146973,2.9907500028610228,2.4057999992370607,3.3483500123023986,3.4122000122070313,61.6000227231396,0.21305138913791488,0.16985211291171348,0.0431992762262014,3.455876563739186,2.9907500028610228,2.5256234419828596,74.3111005121796,78.1682168886074,UBX
2023-06-08,3.390000104904175,3.740000009536743,3.359999895095825,3.5399999618530273,3.5399999618530273,320600,3.381999969482422,3.1670000076293947,3.0237499952316282,2.4415999984741212,3.3408500123023988,3.3994000124931336,65.33218194402093,0.22992430463588143,0.18186655125654708,0.04805775337933435,3.543238893652023,3.0237499952316282,2.5042610968112333,70.0393968421756,74.75045185368687,UBX
2023-06-09,3.5899999141693115,3.6089999675750732,3.2699999809265137,3.440000057220459,3.440000057220459,136800,3.4319999694824217,3.2390000104904173,3.0572499990463258,2.477000000476837,3.3342500138282776,3.3882000136375425,62.083127756697095,0.2325464049597712,0.1920025219971919,0.0405438829625793,3.5931181949946045,3.0572499990463258,2.521381803098047,68.06722576833738,70.80590770756436,UBX
2023-06-12,3.450000047683716,3.5799999237060547,3.200000047683716,3.2799999713897705,3.2799999713897705,368800,3.4199999809265136,3.275,3.087249994277954,2.508599998950958,3.323050012588501,3.375600012540817,57.18305572644642,0.2191871159739347,0.19743944079254044,0.021747675181394255,3.602045810429019,3.087249994277954,2.5724541781268893,66.38655484633253,68.16439248561532,UBX
2023-06-13,3.2899999618530273,3.430000066757202,3.259999990463257,3.4000000953674316,3.4000000953674316,145700,3.4,3.322000002861023,3.1137500047683715,2.5440000009536745,3.3161500120162963,3.3647500121593477,59.7490249510011,0.21579523716018478,0.20111060006606932,0.014684637094115466,3.6356012606845507,3.1137500047683715,2.5918987488521923,62.464989361654524,65.6395899921083,UBX
2023-06-14,3.390000104904175,3.4800000190734863,3.309999942779541,3.309999942779541,3.309999942779541,144300,3.394000005722046,3.3519999980926514,3.1457499980926515,2.5792000007629396,3.3061500120162965,3.354950011968613,56.99045420542899,0.20349907791550415,0.2015882956359563,0.0019107822795478568,3.6321168789963036,3.1457499980926515,2.6593831171889994,58.82352901891809,62.55835774230187,UBX
2023-06-15,3.359999895095825,3.359999895095825,3.069999933242798,3.180000066757202,3.180000066757202,196400,3.322000026702881,3.3519999980926514,3.166250002384186,2.6130000019073485,3.292350013256073,3.3456000113487243,53.171728553327334,0.18117589662611744,0.19750581583398852,-0.01632991920787108,3.621078256230367,3.166250002384186,2.711421748538005,53.43676368782864,58.24176068946724,UBX
2023-06-16,3.1700000762939453,3.25,3.069999933242798,3.200000047683716,3.200000047683716,112100,3.2740000247955323,3.3529999971389772,3.1792500019073486,2.6450000023841858,3.2820500135421753,3.337100011110306,53.685891734095435,0.16321698216701908,0.19064804910059463,-0.027431066933575554,3.622175216950006,3.1792500019073486,2.7363247868646914,45.3296748875455,52.529989198097574,UBX
2023-06-20,3.190000057220459,3.4600000381469727,3.1500000953674316,3.4100000858306885,3.4100000858306885,186300,3.300000047683716,3.3600000143051147,3.2082500100135802,2.6832000041007995,3.274650013446808,3.330900011062622,58.80099126572451,0.1640387247972046,0.18532618423991662,-0.021287459442712015,3.631419882595912,3.2082500100135802,2.7850801374312484,45.076386597495436,47.94760839095668,UBX
2023-06-21,3.450000047683716,3.4800000190734863,3.2100000381469727,3.2899999618530273,3.2899999618530273,109000,3.278000020980835,3.3390000104904174,3.2112500071525574,2.7136000037193297,3.2644500136375427,3.324850010871887,55.05889239974181,0.1532404936084233,0.17890904611361796,-0.025668552505194675,3.6358424464120613,3.2112500071525574,2.7866575678930534,45.28268859848438,45.229583361175266,UBX
2023-06-22,3.259999990463257,3.3299999237060547,3.200000047683716,3.2100000381469727,3.2100000381469727,116000,3.258000040054321,3.3260000228881834,3.2172500133514403,2.740800004005432,3.2517500138282776,3.318400011062622,52.65315843836883,0.13665225026050853,0.17045768694299607,-0.03380543668248753,3.638195062798044,3.2172500133514403,2.7963049639048365,38.04337408249075,42.80081642615701,UBX
2023-06-23,3.2300000190734863,3.2899999618530273,3.200000047683716,3.25,3.25,143900,3.272000026702881,3.297000026702881,3.2320000171661376,2.770200004577637,3.2404500126838682,3.3131500101089477,53.74150281051166,0.12528935285357434,0.16142402012511173,-0.036134667271537385,3.635464978005076,3.2320000171661376,2.8285350563271994,27.249048200020695,36.85837029366544,UBX
2023-06-26,3.0999999046325684,3.2300000190734863,3.0999999046325684,3.109999895095825,3.109999895095825,481200,3.2539999961853026,3.2640000104904177,3.2515000104904175,2.793400001525879,3.225350012779236,3.305200010538101,49.45649039963426,0.1037908994756882,0.14989739599522703,-0.046106496519538825,3.5858815051442954,3.2515000104904175,2.9171185158365396,16.00000593397352,27.09747607216181,UBX
2023-06-27,3.109999895095825,3.1500000953674316,2.759999990463257,2.9700000286102295,2.9700000286102295,716700,3.165999984741211,3.2330000162124635,3.2540000081062317,2.813600001335144,3.207150013446808,3.2953000116348266,45.54562484961033,0.07459649908133459,0.13483721661244855,-0.06024071753111396,3.579047682609375,3.2540000081062317,2.9289523336030885,16.920637350697145,20.05656382823061,UBX
2023-06-28,2.9200000762939453,2.9200000762939453,2.5,2.5799999237060547,2.5799999237060547,499500,3.0239999771118162,3.1509999990463258,3.2365000009536744,2.815999999046326,3.18495001077652,3.28245001077652,36.81254842411534,0.019762171326093814,0.1118222075551776,-0.09206003622908379,3.653981761098944,3.2365000009536744,2.819018240808405,11.071169950666873,14.663937745112667,UBX
2023-06-29,2.640000104904175,2.680000066757202,2.440000057220459,2.4800000190734863,2.4800000190734863,300200,2.8779999732971193,3.06800000667572,3.2100000023841857,2.82,3.160150010585785,3.2693500113487244,34.96144972953962,-0.03140160687250315,0.08317744466964146,-0.11457905154214461,3.735052393983141,3.2100000023841857,2.6849476107852306,10.433968858913065,12.80859205342585,UBX
2023-06-30,2.509999990463257,2.680000066757202,2.450000047683716,2.549999952316284,2.549999952316284,171900,2.737999963760376,3.0049999952316284,3.17849999666214,2.8242000007629393,3.134750008583069,3.2572500121593477,37.33680697500776,-0.06554529475377313,0.053432896784958536,-0.11897819153873167,3.7773747969937483,3.17849999666214,2.5796251963305314,6.507482135886444,9.337540315155616,UBX
2023-07-03,2.5299999713897705,2.75,2.509999990463257,2.7200000286102295,2.7200000286102295,123900,2.6599999904632567,2.95699999332428,3.1549999952316283,2.835999999046326,3.106850006580353,3.2471000123023988,42.80050228183665,-0.07798783279395449,0.027148750869175925,-0.10513658366313042,3.786236892177175,3.1549999952316283,2.5237630982860817,13.331304955471893,10.090918650090623,UBX
2023-07-05,2.9000000953674316,3.130000114440918,2.799999952316284,2.890000104904175,2.890000104904175,277600,2.644000005722046,2.9049999952316283,3.1325000047683718,2.8476000022888184,3.089550008773804,3.237500013113022,47.71041559826704,-0.07328625015476264,0.00706175066438821,-0.08034800081915086,3.7678227701053064,3.1325000047683718,2.497177239431437,26.613808945305465,15.484198678888092,UBX
2023-07-06,2.890000104904175,2.8959999084472656,2.75,2.859999895095825,2.859999895095825,68300,2.7,2.861999988555908,3.100499999523163,2.8609999990463257,3.072050006389618,3.228550012111664,46.94459496181816,-0.07116068220102179,-0.008582735908693791,-0.06257794629232799,3.722897804361723,3.100499999523163,2.478102194684603,36.85897112598068,25.601361675586173,UBX
2023-07-07,2.859999895095825,2.9700000286102295,2.7899999618530273,2.950000047683716,2.950000047683716,118700,2.794000005722046,2.8359999895095824,3.081000006198883,2.8792000007629395,3.057650008201599,3.22070001244545,49.560307034209075,-0.06150490388608221,-0.019167169504171473,-0.042337734381910734,3.696561565904253,3.081000006198883,2.465438446493513,44.2307668795011,35.90118231692924,UBX
2023-07-10,2.9700000286102295,3.119999885559082,2.9600000381469727,3.0999999046325684,3.0999999046325684,157000,2.903999996185303,2.8209999799728394,3.05900000333786,2.89960000038147,3.0432500076293945,3.213800011873245,53.66084376612956,-0.041273124265795325,-0.023588360456496243,-0.017684763809299082,3.6377193141037685,3.05900000333786,2.4802806925719514,50.9615299381915,44.017089314557914,UBX
2023-07-11,3.109999895095825,3.119999885559082,3.0,3.0799999237060547,3.0799999237060547,88400,2.9759999752044677,2.817999982833862,3.0409999966621397,2.919800000190735,3.034950006008148,3.2079500114917754,53.04167516609588,-0.02654710595610954,-0.024180109556418902,-0.002366996399690638,3.5929746616708247,3.0409999966621397,2.4890253316534547,58.012813165107616,51.068369994266895,UBX
2023-07-12,3.0999999046325684,3.2100000381469727,3.0799999237060547,3.1500000953674316,3.1500000953674316,94300,3.0279999732971192,2.8359999895095824,3.034500002861023,2.94,3.023150007724762,3.2021000111103057,54.99884837156445,-0.009123036823612374,-0.021168695009857595,0.012045658186245221,3.578061441755815,3.034500002861023,2.490938563966231,68.25842474259152,59.0775892819637,UBX
2023-07-13,3.180000066757202,3.25,3.061000108718872,3.1700000762939453,3.1700000762939453,116900,3.0900000095367433,2.8950000047683715,3.0230000019073486,2.9594000005722045,3.011750009059906,3.1977000105381013,55.56864695386336,0.006227705696824959,-0.015689414868521084,0.021917120565346043,3.5444249996023816,3.0230000019073486,2.5015750042123157,75.73203764375053,67.33442518381672,UBX
2023-07-14,3.1700000762939453,3.2200000286102295,3.0,3.049999952316284,3.049999952316284,107100,3.109999990463257,2.9519999980926515,3.010000002384186,2.9759999990463255,2.999050006866455,3.1931000101566314,51.36611295648835,0.008611010252262297,-0.010829329844364407,0.019440340096626704,3.514856451806336,3.010000002384186,2.505143552962036,80.32209877255531,74.77085371963261,UBX
2023-07-17,3.059999942779541,3.140000104904175,2.9600000381469727,2.9800000190734863,2.9800000190734863,107200,3.0860000133514403,2.9950000047683716,3.0,2.989400000572205,2.9873500061035156,3.1875500094890596,49.03640926026943,0.004796100226444278,-0.00770424383020267,0.012500344056646948,3.498878772603899,3.0,2.501121227396101,75.95255527723127,77.33556389784587,UBX
2023-07-18,2.950000047683716,3.0999999046325684,2.9010000228881836,3.059999942779541,3.059999942779541,75300,3.0820000171661377,3.028999996185303,2.992999994754791,3.005,2.9757500076293946,3.1815000092983245,51.730859586198996,0.008134314487879823,-0.004536532166586171,0.012670846654465995,3.484328829928404,2.992999994754791,2.5016711595811785,72.83950072202569,76.3713849239376,UBX
2023-07-19,3.069999933242798,3.190000057220459,3.069999933242798,3.1500000953674316,3.1500000953674316,142000,3.0820000171661377,3.0549999952316282,2.9799999952316285,3.0212000036239623,2.966250009536743,3.176750010251999,54.63658303644304,0.017836525132905567,-6.192070668782374e-05,0.01789844583959339,3.4392167364874986,2.9799999952316285,2.5207832539757584,76.95473323706324,75.24892974544024,UBX
2023-07-20,3.119999885559082,3.140000104904175,2.9100000858306885,2.940000057220459,2.940000057220459,96400,3.0360000133514404,3.0630000114440916,2.9625,3.0321000051498412,2.9566500091552737,3.1717000102996824,47.457766997593986,0.008482567180584155,0.001646976870766572,0.006835590309817583,3.399255102161801,2.9625,2.525744897838199,75.14917929580024,74.9811377516299,UBX
2023-07-21,2.9600000381469727,3.0490000247955322,2.812999963760376,2.859999895095825,2.859999895095825,122500,2.9980000019073487,3.053999996185303,2.9449999928474426,3.039500002861023,2.9411500096321106,3.1657500088214876,45.030422102825476,-0.0053244791017532656,0.0002526856762626044,-0.0055771647780158695,3.3685327764516475,2.9449999928474426,2.5214672092432378,65.40054017747427,72.50148423677943,UBX
2023-07-24,2.869999885559082,2.943000078201294,2.6600000858306885,2.7300000190734863,2.7300000190734863,140900,2.9480000019073485,3.0170000076293944,2.918999993801117,3.0365000009536742,2.9234500098228455,3.1586500084400178,41.33097678557736,-0.026451648161186725,-0.0050881810912272625,-0.021363467069959462,3.3280427982334104,2.918999993801117,2.5099571893688233,40.13722861133461,60.22898269486989,UBX
2023-07-25,2.75,2.799999952316284,2.609999895095825,2.6500000953674316,2.6500000953674316,98900,2.866000032424927,2.974000024795532,2.8960000038146974,3.0341000032424925,2.9049500107765196,3.1519000089168547,39.19688326188695,-0.04908459050440328,-0.013887462973862468,-0.035197127530540814,3.3111819089031553,2.8960000038146974,2.4808180987262394,21.80390375303496,42.447224180614796,UBX
2023-07-26,2.630000114440918,2.8399999141693115,2.630000114440918,2.799999952316284,2.799999952316284,70400,2.7960000038146973,2.9390000104904175,2.8875,3.0365000009536742,2.887250008583069,3.1454000091552734,44.93775266054229,-0.054291783632035795,-0.021968327105497135,-0.03232345652653866,3.3032343085398113,2.8875,2.471765691460189,15.933977177792414,25.958369847387512,UBX
2023-07-27,2.819999933242798,2.8399999141693115,2.700000047683716,2.7300000190734863,2.7300000190734863,74000,2.7539999961853026,2.8950000047683715,2.8950000047683715,3.0337000036239625,2.8686500072479246,3.1396500086784362,42.90201871811063,-0.0633368238211216,-0.030242026448622027,-0.033094797372499575,3.293321488528897,2.8950000047683715,2.496678521007846,18.229183546885547,18.655688159237823,UBX
2023-07-28,2.7899999618530273,2.9000000953674316,2.740000009536743,2.890000104904175,2.890000104904175,164000,2.7600000381469725,2.879000020027161,2.915500009059906,3.038100004196167,2.851050007343292,3.1349000096321107,48.630295674047076,-0.05693806699335768,-0.03558123455756916,-0.021356832435788523,3.265555727333087,2.915500009059906,2.5654442907867248,30.72918199468151,21.63078090645334,UBX
2023-07-31,2.859999895095825,2.859999895095825,2.759999990463257,2.7699999809265137,2.7699999809265137,121400,2.768000030517578,2.8580000162124635,2.9265000104904173,3.038100004196167,2.830850007534027,3.1305500090122225,44.98512127320486,-0.060848588576736695,-0.040634705361402665,-0.02021388321533403,3.242048737490419,2.9265000104904173,2.6109512834904156,29.166683740911054,26.041683094159552,UBX
2023-08-01,2.7799999713897705,2.990000009536743,2.7799999713897705,2.9700000286102295,2.9700000286102295,109300,2.8320000171661377,2.849000024795532,2.9390000104904175,3.0387000036239624,2.816250009536743,3.12670000910759,51.50899669670792,-0.047264536570976734,-0.04196067160331748,-0.005303864967659257,3.24032375818266,2.9390000104904175,2.637676262798175,41.66668218870702,33.854182641433376,UBX
2023-08-02,2.940000057220459,2.940000057220459,2.680000066757202,2.759999990463257,2.759999990463257,122400,2.824000024795532,2.810000014305115,2.9325000047683716,3.0373000049591066,2.8036500096321104,3.1202500081062317,45.41875309288238,-0.052835273380797965,-0.04413559195881357,-0.008699681421984393,3.243233015422541,2.9325000047683716,2.621766994114202,35.28006504699504,35.371143658871226,UBX
2023-08-03,2.7699999809265137,2.8299999237060547,2.6600000858306885,2.690000057220459,2.690000057220459,77800,2.8160000324249266,2.7850000143051146,2.924000012874603,3.026500005722046,2.792600009441376,3.114100008010864,43.56949701186458,-0.062181739648536016,-0.04774482149675806,-0.014436918151777958,3.251071864603055,2.924000012874603,2.596928161146151,31.544437791010893,36.16372834223784,UBX
2023-08-04,2.740000009536743,2.75,2.559999942779541,2.5999999046325684,2.5999999046325684,105500,2.7579999923706056,2.7590000152587892,2.906500005722046,3.016700005531311,2.7793000078201295,3.1062500071525574,41.24431858700458,-0.07597534516846416,-0.05339092623109928,-0.022584418937364882,3.2623244130606435,2.906500005722046,2.550675598383448,14.910833624095803,27.245112154034093,UBX
2023-08-07,2.5899999141693115,2.690000057220459,2.4000000953674316,2.430000066757202,2.430000066757202,103200,2.6900000095367433,2.7290000200271605,2.8730000138282774,3.006200008392334,2.761900007724762,3.098500007390976,37.20536172798109,-0.09947772578902425,-0.06260828614268427,-0.036869439646339985,3.273055019073005,2.8730000138282774,2.47294500858355,7.979930534102814,18.145067316403352,UBX
2023-08-08,2.390000104904175,2.490000009536743,2.3499999046325684,2.4100000858306885,2.4100000858306885,52300,2.578000020980835,2.7050000190734864,2.8395000219345095,3.000000009536743,2.7445000076293944,3.093500007390976,36.74940756898362,-0.11835306263643242,-0.07375724144143389,-0.044595821194998525,3.2752281522188564,2.8395000219345095,2.4037718916501625,5.913873925661012,9.601546027953392,UBX
2023-08-09,2.390000104904175,2.4600000381469727,2.299999952316284,2.299999952316284,2.299999952316284,92400,2.4860000133514406,2.655000019073486,2.797000014781952,2.98760000705719,2.7270000052452086,3.089550007581711,34.26237523575688,-0.14056761853641797,-0.0871193168604307,-0.05344830167598727,3.2677058751581285,2.797000014781952,2.326294154405775,3.797474212066009,5.897092890610126,UBX
2023-08-10,2.299999952316284,2.6710000038146973,2.259000062942505,2.569999933242798,2.569999933242798,123100,2.4619999885559083,2.6390000104904177,2.7670000076293944,2.980400004386902,2.714900004863739,3.087750006914139,44.23769860695474,-0.13483181492504448,-0.09666181647335345,-0.03816999845169103,3.214709738930861,2.7670000076293944,2.3192902763279277,16.713134243241473,8.808160793656347,UBX
2023-08-11,2.559999942779541,2.5999999046325684,2.4800000190734863,2.5999999046325684,2.5999999046325684,45300,2.4619999885559083,2.609999990463257,2.7445000052452087,2.972200002670288,2.706800003051758,3.0882500064373017,45.232143022345085,-0.12640824668646466,-0.10261110251597569,-0.023797144170488976,3.1780654745973114,2.7445000052452087,2.310934535893106,29.730951191266712,16.74718654885825,UBX
2023-08-14,2.5899999141693115,2.6500000953674316,2.5280001163482666,2.609999895095825,2.609999895095825,59800,2.4979999542236326,2.593999981880188,2.7259999990463255,2.9607999992370604,2.691700003147125,3.0889000058174134,45.58052653032695,-0.11757031510433835,-0.10560294503364823,-0.011967370070690125,3.1492446327045625,2.7259999990463255,2.3027553653880886,45.736416663078955,30.72683403252923,UBX
2023-08-15,2.5899999141693115,2.6700000762939453,2.559999942779541,2.609999895095825,2.609999895095825,59900,2.53799991607666,2.5579999685287476,2.70349999666214,2.949199995994568,2.677699999809265,3.088350005149841,45.580526530326935,-0.10930617708296486,-0.10634359144351155,-0.0029625856394533134,3.1003513943311933,2.70349999666214,2.3066485989930863,47.56040046496517,41.00925610643713,UBX
2023-08-16,2.549999952316284,2.630000114440918,2.5,2.549999952316284,2.549999952316284,67100,2.5879999160766602,2.53699996471405,2.6734999895095823,2.9333999967575073,2.662200000286102,3.0884000051021574,43.648462957607784,-0.10637209085395494,-0.10634929132560023,-2.2799528354711107e-05,3.018073661181319,2.6734999895095823,2.328926317837846,45.2804207126074,46.192412613550694,UBX
2023-08-17,2.549999952316284,2.5999999046325684,2.4000000953674316,2.4100000858306885,2.4100000858306885,61800,2.5559999465942385,2.508999967575073,2.646999990940094,2.911599998474121,2.644800000190735,3.0877500057220457,39.4468515018064,-0.11402916830467635,-0.10788526672141545,-0.006143901583260905,2.9870058705104032,2.646999990940094,2.306994111369785,36.16050170317634,43.00044096024982,UBX
2023-08-18,2.4000000953674316,2.4100000858306885,2.2200000286102295,2.2200000286102295,2.2200000286102295,122200,2.4799999713897707,2.4709999799728393,2.614999997615814,2.8892000007629393,2.6475,3.084550006389618,34.58162440679706,-0.13388552507932738,-0.11308531839299783,-0.02080020668632955,2.987692902811555,2.614999997615814,2.242307092420073,20.15503623136409,33.86531954904946,UBX
2023-08-21,2.240000009536743,2.4600000381469727,2.240000009536743,2.450000047683716,2.450000047683716,64700,2.4480000019073485,2.4729999780654905,2.6009999990463255,2.8674000024795534,2.6545000004768373,3.0830500066280364,43.64305984811379,-0.12956915892164655,-0.11638208649872758,-0.013187072422918972,2.976387795134482,2.6009999990463255,2.225612202958169,17.533695070441677,24.616411001660882,UBX
2023-08-22,2.5,2.549999952316284,2.359999895095825,2.4600000381469727,2.4600000381469727,58900,2.418000030517578,2.477999973297119,2.591499996185303,2.8478000020980834,2.6624000012874602,3.0836000072956087,44.00621604484582,-0.12391309891589186,-0.11788828898216044,-0.006024809933731418,2.9710404988214636,2.591499996185303,2.2119594935491422,23.762905482952608,20.483878928252974,UBX
2023-08-23,2.4600000381469727,2.619999885559082,2.4049999713897705,2.619999885559082,2.619999885559082,85100,2.432000017166138,2.509999966621399,2.582499992847443,2.8346000003814695,2.671599999666214,3.0840000069141387,49.60203575685684,-0.10530607719285712,-0.11537184662429978,0.010065769431442662,2.950188713504635,2.582499992847443,2.2148112721902504,48.92013054845399,30.07224370061627,UBX
2023-08-24,2.619999885559082,2.619999885559082,2.4000000953674316,2.440000057220459,2.440000057220459,48500,2.4380000114440916,2.496999979019165,2.5679999947547913,2.8153999996185304,2.6797000002861022,3.084050006866455,44.24499167552694,-0.10388681767968144,-0.11307484083537611,0.009188023155694669,2.934147492770517,2.5679999947547913,2.2018524967390656,53.874819899131516,42.18595197684621,UBX
2023-08-25,2.450000047683716,2.4800000190734863,2.4000000953674316,2.4600000381469727,2.4600000381469727,31400,2.4860000133514406,2.4829999923706056,2.546499991416931,2.798400001525879,2.688800001144409,3.084150006771088,44.95632849255221,-0.09999552678855794,-0.11045897802601248,0.01046345123745454,2.8838588117659545,2.546499991416931,2.2091411710679076,58.49842390610977,53.764458117898606,UBX
2023-08-28,2.4700000286102295,2.5999999046325684,2.4700000286102295,2.5899999141693115,2.5899999141693115,43500,2.5139999866485594,2.480999994277954,2.537499988079071,2.786599998474121,2.6998000001907347,3.0848000061511995,49.469129867896505,-0.08543688396565541,-0.10545455921394106,0.020017675248285655,2.8597963936139363,2.537499988079071,2.2152035825442056,60.687828988524835,57.68702426458889,UBX
2023-08-29,2.5799999237060547,2.6500000953674316,2.5299999713897705,2.6500000953674316,2.6500000953674316,37900,2.5519999980926515,2.4850000143051147,2.521499991416931,2.7755999994277953,2.7103000009059905,3.0874750065803527,51.44766275275959,-0.06827056092945005,-0.09801775955704287,0.029747198627592814,2.782212421623135,2.521499991416931,2.2607875612107273,76.86622461427905,65.35082583630474,UBX
2023-08-30,2.640000104904175,2.6600000858306885,2.4600000381469727,2.5299999713897705,2.5299999713897705,64000,2.534000015258789,2.4830000162124635,2.509999990463257,2.757999997138977,2.7206000006198883,3.0895250070095064,47.446344712072886,-0.06361580991150184,-0.09113736962793466,0.027521559716432817,2.74681209150367,2.509999990463257,2.273187889422844,82.09082002357671,73.21495787546037,UBX
2023-08-31,2.549999952316284,2.6500000953674316,2.549999952316284,2.6500000953674316,2.6500000953674316,35300,2.5760000228881834,2.5070000171661375,2.5079999923706056,2.745199999809265,2.7294000017642976,3.090225007534027,51.50790628648889,-0.049671299253506884,-0.08284415555304911,0.033172856299542225,2.739309249206141,2.5079999923706056,2.27669073553507,86.59604329734623,81.85102931173417,UBX
2023-09-01,2.640000104904175,2.6600000858306885,2.5999999046325684,2.619999885559082,2.619999885559082,26500,2.6079999923706056,2.547000002861023,2.508999991416931,2.733399996757507,2.73710000038147,3.090175006389618,50.45800736403495,-0.04057323727821105,-0.0743899718980815,0.03381673461987045,2.7420578613742617,2.508999991416931,2.2759421214596003,84.44442560643523,84.37709630911957,UBX
2023-09-05,2.5899999141693115,2.6500000953674316,2.5,2.559999942779541,2.559999942779541,39000,2.6019999980926514,2.5579999923706054,2.515499985218048,2.7195999956130983,2.7449000000953676,3.08987500667572,48.33595955006535,-0.03776907319133915,-0.06706579215673303,0.029296718965393875,2.7466254326701485,2.515499985218048,2.284374537765948,87.23903522083684,86.09316804153961,UBX
2023-09-06,2.619999885559082,2.619999885559082,2.450000047683716,2.5199999809265137,2.5199999809265137,33900,2.5759999752044678,2.5639999866485597,2.5209999799728395,2.7077999973297118,2.7505999994277954,3.0895750069618226,46.91928567460968,-0.03833254189569679,-0.061319142104525784,0.02298660020882899,2.746999928930458,2.5209999799728395,2.295000031015221,78.11444795841953,83.26596959523071,UBX
2023-09-07,2.509999990463257,2.5999999046325684,2.4539999961853027,2.509999990463257,2.509999990463257,26800,2.571999979019165,2.552999997138977,2.531499981880188,2.6985999965667724,2.7560999989509583,3.0895250070095064,46.551950836950176,-0.039134887932981144,-0.05688229127021686,0.017747403337235713,2.733715150148143,2.531499981880188,2.329284813612233,70.45452328753169,78.60266882226286,UBX
2023-09-08,2.5,2.559999942779541,2.450000047683716,2.490000009536743,2.490000009536743,26100,2.5399999618530273,2.5579999923706054,2.5274999856948854,2.696799998283386,2.7563999986648557,3.0900750064849856,45.77997980718532,-0.04091296506820541,-0.053688426029814565,0.012775460961609156,2.7296755892914084,2.5274999856948854,2.3253243820983625,64.53822361902121,71.03573162165765,UBX
2023-09-11,2.5199999809265137,2.549999952316284,2.424999952316284,2.4800000190734863,2.4800000190734863,50200,2.511999988555908,2.5599999904632567,2.521499991416931,2.696799998283386,2.758399999141693,3.0909750068187716,45.37481411522989,-0.04263752086559869,-0.05147824499697139,0.008840724131372699,2.7218271655119404,2.521499991416931,2.321172817321922,55.14429609127317,63.379014332608854,UBX
2023-09-12,2.4800000190734863,2.549999952316284,2.4730000495910645,2.509999990463257,2.509999990463257,25300,2.5019999980926513,2.5519999980926515,2.5164999961853027,2.6959999990463257,2.7600999999046327,3.092175006866455,46.89330530742405,-0.041109610785561745,-0.04940451815468946,0.008294907369127712,2.7126911791823454,2.5164999961853027,2.32030881318826,47.27715603916918,55.653225249821354,UBX
2023-09-13,2.490000009536743,2.5999999046325684,2.450000047683716,2.5399999618530273,2.5399999618530273,55700,2.5059999942779543,2.540999984741211,2.5129999995231627,2.6923999977111817,2.7641999983787535,3.092875006198883,48.4369337352863,-0.037050884534661765,-0.04693379143068392,0.009882906896022156,2.7048436437683216,2.5129999995231627,2.3211563552780037,45.38459129195109,49.26868114079798,UBX
2023-09-14,2.4700000286102295,2.569999933242798,2.4700000286102295,2.4700000286102295,2.4700000286102295,41700,2.4980000019073487,2.5349999904632567,2.50900000333786,2.6839999961853027,2.7657999992370605,3.0922750067710876,45.13995542273708,-0.03903277876161981,-0.0453535888968711,0.0063208101352512855,2.700927031548317,2.50900000333786,2.3170729751274033,41.02560340535101,44.562450245490595,UBX
2023-09-15,2.4700000286102295,2.569999933242798,2.4700000286102295,2.549999952316284,2.549999952316284,45700,2.509999990463257,2.524999976158142,2.51599999666214,2.677799997329712,2.769399998188019,3.0922250068187713,49.380610783376376,-0.03375896660662692,-0.043034664438822263,0.009275697832195347,2.7031255880747005,2.51599999666214,2.328874405249579,44.653538615150275,43.68791110415096,UBX
2023-09-18,2.5899999141693115,2.5899999141693115,2.4700000286102295,2.4800000190734863,2.4800000190734863,29100,2.509999990463257,2.5109999895095827,2.528999996185303,2.668399996757507,2.7737999987602233,3.091075006723404,46.0279386519242,-0.03482638518710779,-0.04139300858847937,0.006566623401371582,2.6596751295160703,2.528999996185303,2.3983248628545355,34.50626060178153,40.06180087409444,UBX
2023-09-19,2.5,2.5199999809265137,2.450000047683716,2.5,2.5,20300,2.5079999923706056,2.5049999952316284,2.531499993801117,2.656399998664856,2.777999999523163,3.089825006723404,47.13237593576669,-0.03367035983936262,-0.03984847883865602,0.006178118999293401,2.6578763844039477,2.531499993801117,2.4051236031982866,36.17020844873799,38.44333588855676,UBX
2023-09-20,2.5,2.5999999046325684,2.450000047683716,2.4700000286102295,2.4700000286102295,31400,2.4940000057220457,2.5,2.5319999933242796,2.6442000007629396,2.7820000004768373,3.088725006580353,45.62422940777968,-0.034774094280747736,-0.038833601927074364,0.004059507646326628,2.657315565045022,2.5319999933242796,2.4066844216035372,24.8227079871193,31.83305901254644,UBX
2023-09-21,2.4800000190734863,2.5899999141693115,2.4600000381469727,2.5899999141693115,2.5899999141693115,40700,2.5179999828338624,2.5079999923706056,2.5304999947547913,2.632999997138977,2.7864999985694885,3.0877250063419344,52.21132371550843,-0.025669917068791737,-0.03620086495541784,0.010530947886626105,2.652233287201027,2.5304999947547913,2.4087667023085557,40.425521121844994,33.806145852567596,UBX
2023-09-22,2.5399999618530273,2.5399999618530273,2.4700000286102295,2.4700000286102295,2.4700000286102295,22300,2.5019999980926513,2.5059999942779543,2.5319999933242796,2.6189999961853028,2.789199998378754,3.0854250061511994,46.18596187422014,-0.02781712047076157,-0.034524116058486584,0.006706995587725015,2.6499151999302235,2.5319999933242796,2.4140847867183357,36.45389626088437,33.90070845661639,UBX
2023-09-25,2.4800000190734863,2.5,2.4200000762939453,2.450000047683716,2.450000047683716,29700,2.4960000038146974,2.502999997138977,2.531499993801117,2.6069999980926513,2.7914999985694884,3.083975006341934,45.24870630733603,-0.030777838190422457,-0.033774860484873756,0.0029970222944512986,2.65070987367159,2.531499993801117,2.412290113930644,35.07091034211438,37.316775908281414,UBX
2023-09-26,2.4100000858306885,2.450000047683716,2.380000114440918,2.380000114440918,2.380000114440918,39300,2.4720000267028808,2.490000009536743,2.5210000038146974,2.595,2.7922000002861025,3.0818750071525574,42.03358615457427,-0.03833078448940652,-0.03468604528578031,-0.003644739203626214,2.6539510882498574,2.5210000038146974,2.3880489193795373,11.666673730916358,27.730493444638537,UBX
2023-09-27,2.450000047683716,2.4600000381469727,2.390000104904175,2.4100000858306885,2.4100000858306885,62300,2.4600000381469727,2.477000021934509,2.50900000333786,2.582000002861023,2.7935000014305116,3.079675008058548,43.874195069987806,-0.04141835684082906,-0.03603250759679006,-0.005385849244039002,2.636420497925981,2.50900000333786,2.381579508749739,9.545454545454533,18.76101287282859,UBX
2023-09-28,2.4200000762939453,2.4700000286102295,2.380000114440918,2.4000000953674316,2.4000000953674316,27100,2.4220000743865966,2.4700000286102295,2.5025000095367433,2.567000002861023,2.7941000032424927,3.0772750079631805,43.37973028833871,-0.044163110978291176,-0.037658628273090286,-0.00650448270520089,2.6379805580272655,2.5025000095367433,2.367019461046221,7.575757575757564,9.59596195070965,UBX
2023-09-29,2.430000066757202,2.450000047683716,2.3459999561309814,2.4000000953674316,2.4000000953674316,38600,2.408000087738037,2.4550000429153442,2.490000009536743,2.5562000036239625,2.7941500043869016,3.074675008058548,43.37973028833871,-0.04581027606059562,-0.03928895783059135,-0.006521318230004271,2.6144185388490135,2.490000009536743,2.365581480224473,14.66239145829853,10.594534526503708,UBX
2023-10-02,2.4000000953674316,2.4040000438690186,2.009999990463257,2.0799999237060547,2.0799999237060547,129200,2.334000062942505,2.4150000333786013,2.463000011444092,2.540600004196167,2.790050003528595,3.0706750071048736,30.586588048699646,-0.07210581480677769,-0.04585232922582862,-0.026253485580949074,2.6698912663856262,2.463000011444092,2.2561087565025577,14.071735976464979,12.10329500350719,UBX
2023-10-03,2.0999999046325684,2.119999885559082,1.9800000190734863,1.9800000190734863,1.9800000190734863,77200,2.2540000438690186,2.3630000352859497,2.434000015258789,2.525600004196167,2.7810500025749207,3.0664750075340272,27.824995849674,-0.09986321431015321,-0.05665450624269354,-0.043208708067459675,2.724199935049407,2.434000015258789,2.1438000954681713,11.041432946161947,13.258520126975318,UBX
2023-10-04,2.0199999809265137,2.0299999713897705,1.850000023841858,1.8600000143051147,1.8600000143051147,74600,2.144000029563904,2.302000033855438,2.401000016927719,2.5098000025749205,2.7719500029087065,3.0618250077962874,24.917618477129086,-0.13004507225802264,-0.07133261944575936,-0.05871245281226328,2.780836817787076,2.401000016927719,2.021163216068362,4.399243154852659,9.83747069249336,UBX
2023-10-05,1.8899999856948853,1.9299999475479126,1.7999999523162842,1.8799999952316284,1.8799999952316284,45800,2.040000009536743,2.23100004196167,2.369500017166138,2.4914000034332275,2.763950002193451,3.0572250080108643,26.299809006052925,-0.15061439186112668,-0.08718897392883282,-0.06342541793229386,2.8079278915337116,2.369500017166138,1.9310721427985642,3.777779411386606,6.406151837467237,UBX
2023-10-06,1.8600000143051147,1.940000057220459,1.8300000429153442,1.909999966621399,1.909999966621399,37700,1.9419999837875366,2.1750000357627868,2.3405000150203703,2.475000002384186,2.754350003004074,3.053525007367134,28.42818259448798,-0.16262039221581492,-0.10227525758622924,-0.060345134629585684,2.8181808814809344,2.3405000150203703,1.8628191485598062,8.361113613954394,5.512712060064719,UBX
2023-10-09,1.8899999856948853,1.909999966621399,1.7999999523162842,1.8300000429153442,1.8300000429153442,48800,1.8920000076293946,2.1130000352859497,2.308000016212463,2.453800001144409,2.745950002670288,3.049125007390976,26.251075632707142,-0.17655533920283917,-0.11713127390955122,-0.05942406529328795,2.829712585133457,2.308000016212463,1.7862874472914694,9.166673372189587,7.101855465843696,UBX
2023-10-10,1.7999999523162842,1.9800000190734863,1.7999999523162842,1.9600000381469727,1.9600000381469727,79700,1.8880000114440918,2.071000027656555,2.280500018596649,2.4376000022888182,2.737850003242493,3.0446250081062316,34.96681334651448,-0.17509063606362218,-0.1287231463403654,-0.04636748972325677,2.814559007961975,2.280500018596649,1.7464410292313233,12.584396851893805,10.037394612679428,UBX
2023-10-11,1.9900000095367432,2.0,1.8200000524520874,1.840000033378601,1.840000033378601,41000,1.884000015258789,2.0140000224113463,2.2455000221729278,2.4150000023841858,2.726850003004074,3.039625008702278,31.290719259650118,-0.18152039169318135,-0.1392825954109286,-0.04223779628225274,2.7983643892727423,2.2455000221729278,1.6926356550731132,9.802868079362783,10.517979434482223,UBX
2023-10-12,1.8700000047683716,1.8899999856948853,1.659999966621399,1.6799999475479126,1.6799999475479126,127800,1.8440000057220458,1.9420000076293946,2.206000018119812,2.3934000015258787,2.715350003242493,3.033925008773804,27.18668929854201,-0.19725288068068902,-0.1508766524648807,-0.046376228215808335,2.8003871170965686,2.206000018119812,1.611612919143055,9.34651423512551,10.577926388794198,UBX
2023-10-13,1.690000057220459,1.7699999809265137,1.659999966621399,1.75,1.75,42700,1.8120000123977662,1.8769999980926513,2.166000020503998,2.3746000003814696,2.7005500030517577,3.030025008916855,31.42436435043608,-0.20174695897181016,-0.1610507137662666,-0.040696245205543574,2.770000050762737,2.166000020503998,1.5619999902452588,6.299160229132653,8.482847514540481,UBX
2023-10-16,1.7300000190734863,1.8480000495910645,1.7000000476837158,1.8200000524520874,1.8200000524520874,39200,1.8100000143051147,1.8510000109672546,2.133000022172928,2.35900000333786,2.6878500044345857,3.0259750086069106,35.468917152735735,-0.19738480007013637,-0.16831753102704056,-0.02906726904309581,2.736890767880472,2.133000022172928,1.5291092764653837,11.08171996724303,8.90913147716723,UBX
2023-10-17,1.8899999856948853,2.1500000953674316,1.8600000143051147,2.1449999809265137,2.1449999809265137,108500,1.847000002861023,1.8675000071525574,2.1152500212192535,2.353300001621246,2.67975000500679,3.0229500085115433,50.16508158647765,-0.16579183455582092,-0.16781239173279663,0.002020557176975718,2.6953489659457492,2.1152500212192535,1.535151076492758,30.24691675988782,15.87593231875467,UBX
2023-10-18,2.140000104904175,2.2320001125335693,1.850000023841858,1.8700000047683716,1.8700000047683716,75800,1.852999997138977,1.868500006198883,2.0852500200271606,2.3425,2.6712500047683716,3.0186000084877014,41.54374225290272,-0.16108746554661257,-0.16646740649555983,0.005379940948947254,2.650736346963315,2.0852500200271606,1.5197636930910061,35.40397216006203,25.577536295731125,UBX
2023-10-19,1.899999976158142,1.9199999570846558,1.809999942779541,1.840000033378601,1.840000033378601,37700,1.8850000143051147,1.8645000100135802,2.047750025987625,2.333300001621246,2.6604500043392183,3.0130000084638597,40.72155555964027,-0.15795911186910527,-0.1647657475702689,0.0068066357011636325,2.5723687521143273,2.047750025987625,1.5231312998609228,36.88412527454289,34.17833806483108,UBX
2023-10-20,1.840000033378601,1.875,1.7999999523162842,1.8600000143051147,1.8600000143051147,23000,1.9070000171661377,1.8595000147819518,2.0172500252723693,2.3191000032424927,2.649750003814697,3.005200008153915,41.552032666267046,-0.15211257860775684,-0.1622351137777665,0.010122535170009661,2.5100936191869936,2.0172500252723693,1.524406431357745,28.580289937360533,33.62279579065532,UBX
2023-10-23,1.8600000143051147,1.8739999532699585,1.7799999713897705,1.7899999618530273,1.7899999618530273,32500,1.9009999990463258,1.8555000066757201,1.984250020980835,2.3029000043869017,2.637550003528595,2.996950007677078,39.46788636093732,-0.15138253446917171,-0.16006459791604755,0.008682063446875832,2.4440465072822546,1.984250020980835,1.5244535346794155,27.295285108691882,30.919900106865267,UBX
2023-10-24,1.8300000429153442,1.8799999952316284,1.7999999523162842,1.8200000524520874,1.8200000524520874,22800,1.8360000133514405,1.8415000081062316,1.9562500178813935,2.2871000075340273,2.6239500033855436,2.9892500084638596,40.83747922110186,-0.14669223585731617,-0.15739012550430126,0.010697889646985093,2.383273192028255,1.9562500178813935,1.5292268437345322,28.55477877338812,28.143451273147008,UBX
2023-10-25,1.7100000381469727,1.7799999713897705,1.6200000047683716,1.6399999856948853,1.6399999856948853,74200,1.7900000095367432,1.82150000333786,1.9177500128746032,2.2677000093460085,2.608450002670288,2.9811000084877013,35.62865338993713,-0.15570477377045622,-0.15705305515753226,0.0013482813870760446,2.3117611566956464,1.9177500128746032,1.5237388690535598,17.989090700755952,24.613051527612146,UBX
2023-10-26,1.659999966621399,1.8300000429153442,1.6399999856948853,1.7400000095367432,1.7400000095367432,40900,1.7700000047683715,1.827500009536743,1.8847500085830688,2.2515000104904175,2.5924500036239624,2.971900008916855,40.19267223085934,-0.1530142557176346,-0.15624529526955272,0.0032310395519181134,2.2174582360837665,1.8847500085830688,1.5520417810823715,16.949282156622843,21.164383876922468,UBX
2023-10-27,1.75,1.8700000047683716,1.74399995803833,1.8200000524520874,1.8200000524520874,33000,1.7620000123977662,1.834500014781952,1.8557500064373016,2.2397000098228457,2.5756500041484833,2.963450009226799,43.63564939086645,-0.14278077797112143,-0.15355239180986646,0.010771613838745031,2.0904258363098562,1.8557500064373016,1.621074176564747,18.51851707565638,17.818963311011885,UBX
2023-10-30,1.899999976158142,1.9500000476837158,1.840000033378601,1.9199999570846558,1.9199999570846558,70300,1.7880000114440917,1.8445000052452087,1.8477500081062317,2.233700008392334,2.5614500045776367,2.954900008440018,47.68945602346713,-0.1251587642335501,-0.1478736662946032,0.02271490206105309,2.061255866072265,1.8477500081062317,1.634244150140198,33.76905749425362,23.078952242177774,UBX
2023-10-31,1.9199999570846558,1.9900000095367432,1.8899999856948853,1.9900000095367432,1.9900000095367432,23100,1.822000002861023,1.8290000081062316,1.8482500076293946,2.2245000076293944,2.5459500050544737,2.943400008678436,50.37975700979989,-0.10434198274231155,-0.13916732958414485,0.034825346841833305,2.063035367672731,1.8482500076293946,1.633464647586058,47.38561283076107,33.224395800223846,UBX
2023-11-01,2.0,2.0,1.850000023841858,1.850000023841858,1.850000023841858,59000,1.8640000104904175,1.8270000100135804,1.8477500081062317,2.212300007343292,2.530050004720688,2.9321500092744825,45.3556660583924,-0.09801154615654784,-0.13093617289862544,0.032924626742077606,2.0624701768627514,1.8477500081062317,1.633029839349712,49.01959791285088,43.391422745955346,UBX
2023-11-02,1.8300000429153442,1.9900000095367432,1.8300000429153442,1.9800000190734863,1.9800000190734863,34800,1.912000012397766,1.841000008583069,1.8527500092983247,2.19950001001358,2.517050005197525,2.920050008893013,50.31088361377669,-0.08156449170584468,-0.12106183666006928,0.039497344954224606,2.074774223224178,1.8527500092983247,1.6307257953724712,52.28757456991002,49.56426177117415,UBX
2023-11-03,2.0,2.180000066757202,2.0,2.059999942779541,2.059999942779541,63600,1.9599999904632568,1.8610000014305115,1.8602500081062316,2.191900007724762,2.503650003671646,2.909900007843971,53.127738153161644,-0.061367352661581664,-0.10912293986037176,0.0477555871987901,2.099006677340446,1.8602500081062316,1.621493338872017,56.100206428119556,52.46912630362698,UBX
2023-11-06,2.059999942779541,2.1730000972747803,2.010999917984009,2.049999952316284,2.049999952316284,24100,1.9859999895095826,1.8870000004768372,1.8712500035762787,2.183700006008148,2.4910500037670134,2.898600007891655,52.725375627249264,-0.04564176031158884,-0.09642670395061517,0.05078494363902633,2.1233189300412127,1.8712500035762787,1.6191810771113446,66.99344680159778,58.460409266542605,UBX
2023-11-07,2.049999952316284,2.0889999866485596,1.909999966621399,1.9500000476837158,1.9500000476837158,31000,1.977999997138977,1.9,1.8707500040531158,2.1709000086784362,2.4787500035762786,2.885550008416176,48.74934545514122,-0.04077820587346226,-0.08529700433518458,0.044518798461722325,2.1221515630244507,1.8707500040531158,1.6193484450817808,67.02846386087029,63.37403903019603,UBX
2023-11-08,1.9900000095367432,2.009999990463257,1.9199999570846558,1.9600000381469727,1.9600000381469727,41900,2.0,1.9320000052452087,1.8767500042915344,2.157100007534027,2.4663500034809114,2.874200008511543,49.162204102648126,-0.035705299813776126,-0.0753786634309029,0.03967336361712677,2.1306451507981725,1.8767500042915344,1.6228548577848965,63.30142482958872,65.77444516401908,UBX
2023-11-09,1.9299999475479126,2.0299999713897705,1.899999976158142,1.9199999570846558,1.9199999570846558,25800,1.9879999876022338,1.95,1.8887500047683716,2.1449000072479247,2.451450002193451,2.8630500078201293,47.513418390290234,-0.03451479241798139,-0.06720588922831859,0.0326910968103372,2.126486708058899,1.8887500047683716,1.6510133014778443,57.73809054980524,62.689326413421576,UBX
2023-11-10,1.899999976158142,1.899999976158142,1.7999999523162842,1.7999999523162842,1.7999999523162842,39900,1.9359999895095825,1.9479999899864198,1.8912500023841858,2.127900004386902,2.4365500020980835,2.8505000078678133,42.868517903820106,-0.04276137768863375,-0.06231698692038162,0.019555609231747872,2.1240991847674096,1.8912500023841858,1.658400820000962,48.80951443294382,56.61634327077942,UBX
2023-11-13,1.7999999523162842,1.850000023841858,1.7100000381469727,1.7400000095367432,1.7400000095367432,54800,1.8740000009536744,1.9299999952316285,1.8872500002384185,2.110300006866455,2.4218500018119813,2.836800007820129,40.72477318604327,-0.05352138861883882,-0.06055786726007306,0.007036478641234245,2.127488928520407,1.8872500002384185,1.6470110719564302,35.71427608428465,47.420627022344725,UBX
2023-11-14,1.7200000286102295,1.7999999523162842,1.6699999570846558,1.7200000286102295,1.7200000286102295,48900,1.827999997138977,1.902999997138977,1.8660000026226045,2.093500008583069,2.4065500020980837,2.823500007390976,40.006599212230206,-0.06293710633186866,-0.061033715074432185,-0.0019033912574364792,2.0855814070273735,1.8660000026226045,1.6464185982178354,22.79541155486501,35.77306735736465,UBX
2023-11-15,1.75,1.899999976158142,1.75,1.8300000429153442,1.8300000429153442,47400,1.8019999980926513,1.9009999990463258,1.864000004529953,2.0797000098228455,2.3937500035762787,2.8095500081777574,45.68041551678506,-0.06082193124700397,-0.060991358308946544,0.00016942706194257584,2.0841272236720694,1.864000004529953,1.6438727853878363,22.538649849626818,27.016112496258984,UBX
2023-11-16,1.9299999475479126,1.9900000095367432,1.7100000381469727,1.809999942779541,1.809999942779541,287000,1.7799999952316283,1.8839999914169312,1.8625,2.0657000088691713,2.382150002717972,2.7946500080823897,44.849881919145446,-0.06006706495206582,-0.0608064996375704,0.0007394346855045808,2.083667344252348,1.8625,1.641332655747652,24.546117108298475,23.293392837596926,UBX
2023-11-17,1.850000023841858,2.1600000858306885,1.850000023841858,2.130000114440918,2.130000114440918,331900,1.8460000276565551,1.891000008583069,1.8760000050067902,2.0585000109672547,2.3776500046253206,2.7813000077009202,58.0057547046316,-0.03326404131265037,-0.0552980079725864,0.022033966659936025,2.1259920166439406,1.8760000050067902,1.6260079933696399,49.67320689204073,32.25265794998884,UBX
2023-11-20,2.190000057220459,2.259999990463257,2.009999990463257,2.0199999809265137,2.0199999809265137,145400,1.9020000219345092,1.8880000114440918,1.8875000059604645,2.0493000102043153,2.3730500042438507,2.7666000074148176,53.29901594833672,-0.02066038339901355,-0.048370483057871824,0.027710099658858275,2.1417341557577294,1.8875000059604645,1.6332658561631996,58.98969871889128,44.40300757307699,UBX
2023-11-21,2.049999952316284,2.1480000019073486,2.0299999713897705,2.059999942779541,2.059999942779541,34900,1.9700000047683717,1.8990000009536743,1.8995000004768372,2.040300009250641,2.3681500041484833,2.751450006365776,54.73728668697879,-0.007359396527985229,-0.04016826575189451,0.03280886922390928,2.1623668875991164,1.8995000004768372,1.636633113354558,71.87327107454738,60.17872556182662,UBX
2023-11-22,2.0799999237060547,2.1500000953674316,1.9500000476837158,2.0199999809265137,2.0199999809265137,100500,2.0079999923706056,1.9049999952316283,1.9185000002384185,2.0299000096321107,2.361150003671646,2.7340000051259996,52.980122847293465,-4.5407799324159726e-05,-0.03214369416138044,0.03209828636205628,2.157437226105184,1.9185000002384185,1.6795627743716526,61.58191930582213,64.14829636642042,UBX
2023-11-24,2.0,2.1389999389648438,2.0,2.109999895095825,2.109999895095825,29800,2.067999982833862,1.9239999890327453,1.9369999945163727,2.0227000069618226,2.3533500015735624,2.721450005173683,56.37360464422252,0.012864923050589727,-0.023141970718986403,0.03600689376957613,2.1750839951584697,1.9369999945163727,1.6989159938742757,66.66665993167895,66.70728343734964,UBX
2023-11-27,2.109999895095825,2.1700000762939453,1.899999976158142,1.9199999570846558,1.9199999570846558,456000,2.0259999513626097,1.9359999895095825,1.9419999897480011,2.01010000705719,2.3439500021934507,2.7080000042915344,48.42753377899655,0.007676555606747071,-0.016978265453839708,0.02465482106058678,2.1741723277178964,1.9419999897480011,1.709827651778106,58.757056667580606,62.33521196836072,UBX
2023-11-28,1.9500000476837158,2.0,1.9299999475479126,1.9700000286102295,1.9700000286102295,33300,2.015999960899353,1.9589999914169312,1.9444999933242797,1.9999000072479247,2.334150002002716,2.6959000051021578,50.40853795248774,0.007512722937893512,-0.012080067775493064,0.019592790713386578,2.1767476942702824,1.9444999933242797,1.7122522923782768,55.932200764326815,60.45197245452894,UBX
2023-11-29,1.940000057220459,2.0799999237060547,1.899999976158142,1.940000057220459,1.940000057220459,77300,1.9919999837875366,1.9809999942779541,1.9419999957084655,1.988700008392334,2.322550003528595,2.6829000055789947,49.1876975794073,0.004905588822224027,-0.008682936455949645,0.013588525278173672,2.1733092999577934,1.9419999957084655,1.7106906914591375,46.327690693263946,53.672316041723946,UBX
2023-11-30,1.9500000476837158,1.9900000095367432,1.9199999570846558,1.9199999570846558,1.9199999570846558,84500,1.9719999790191651,1.9899999856948853,1.9454999923706056,1.9777000069618225,2.310950003862381,2.672950004935265,48.347037048090264,0.0012116086487186095,-0.006704027435015993,0.007915636083734603,2.1732256951381337,1.9454999923706056,1.7177742896030774,46.327690693263946,49.529194050285064,UBX
2023-12-01,1.9500000476837158,2.0399999618530273,1.8600000143051147,1.9199999570846558,1.9199999570846558,139500,1.9339999914169312,2.0009999871253967,1.9424999892711639,1.9643000078201294,2.2986500024795533,2.6609000051021576,48.347037048090264,-0.0016963428678309356,-0.0057024905215789816,0.004006147653748046,2.1699093022246956,1.9424999892711639,1.715090676317632,43.50282805502243,45.38606981385027,UBX
2023-12-04,1.9500000476837158,1.9900000095367432,1.899999976158142,1.9299999475479126,1.9299999475479126,62900,1.9359999895095825,1.980999970436096,1.9359999895095825,1.953500006198883,2.286250001192093,2.6490000051259996,48.85392648930173,-0.0031576008809608425,-0.005193512593455353,0.002035911712494511,2.1569434167123758,1.9359999895095825,1.715056562306789,42.93785013938393,44.25612296255693,UBX
2023-12-05,1.9199999570846558,1.9800000190734863,1.7999999523162842,1.8300000429153442,1.8300000429153442,84600,1.9079999923706055,1.9619999766349792,1.9249999940395355,1.9411000061035155,2.2740500020980834,2.6365500044822694,44.18441159418276,-0.012243677461584168,-0.006603545567081116,-0.005640131894503052,2.1440433638418703,1.9249999940395355,1.7059566242372006,36.08628534538759,40.842321179931474,UBX
2023-12-06,1.8700000047683716,1.9199999570846558,1.8109999895095825,1.850000023841858,1.850000023841858,107000,1.8899999856948853,1.940999984741211,1.9199999928474427,1.9305000042915343,2.262750002145767,2.6250500041246414,45.31029279540773,-0.017627429267517813,-0.008808322307168456,-0.008819106960349357,2.14108820233896,1.9199999928474427,1.6989117833559255,30.446840712631566,36.49032539913452,UBX
2023-12-07,1.8700000047683716,1.940000057220459,1.840000033378601,1.899999976158142,1.899999976158142,42500,1.8859999895095825,1.9289999842643737,1.916999989748001,1.9203000020980836,2.2511500024795534,2.613450005054474,48.12737781855678,-0.017655985862121026,-0.01057785501815897,-0.007078130843962057,2.137463128867679,1.916999989748001,1.6965368506283232,23.00395448407239,29.845693514030675,UBX
2023-12-08,1.8799999952316284,1.9500000476837158,1.850000023841858,1.8899999856948853,1.8899999856948853,33100,1.8799999952316284,1.9069999933242798,1.9154999911785127,1.9100999999046326,2.2385500013828277,2.6024000054597853,47.59928595850788,-0.018274871483313637,-0.012117258311189903,-0.006157613172123735,2.136269091848502,1.9154999911785127,1.6947308905085232,22.252967300162084,25.234587498955506,UBX
2023-12-11,1.840000033378601,1.8680000305175781,1.5,1.5700000524520874,1.5700000524520874,371000,1.8080000162124634,1.8720000028610229,1.9039999961853027,1.8934999990463257,2.224850001335144,2.5907500052452086,34.53879636741444,-0.04407855293827967,-0.018509517236607858,-0.02556903570167181,2.1674691329125872,1.9039999961853027,1.6405308594580181,17.25070822433904,20.835876669524662,UBX
2023-12-12,1.6100000143051147,1.6399999856948853,1.5800000429153442,1.5850000381469727,1.5850000381469727,76100,1.759000015258789,1.8335000038146974,1.8962499976158143,1.883600001335144,2.2121000027656557,2.576625006198883,35.43311949996451,-0.0625962127357318,-0.027326856336432642,-0.03526935639929915,2.186334005479153,1.8962499976158143,1.6061659897524754,14.233187423708875,17.91228764940349,UBX
2023-12-13,1.6100000143051147,1.6699999570846558,1.5,1.659999966621399,1.659999966621399,93200,1.7210000038146973,1.8054999947547912,1.8932499945163728,1.8772000002861022,2.201400002241135,2.56242500603199,39.85744470519959,-0.07040810332283276,-0.03594310573371266,-0.0344649975891201,2.1916838006740336,1.8932499945163728,1.594816188358712,15.671642853279351,15.718512833775911,UBX
2023-12-14,1.7000000476837158,1.7450000047683716,1.659999966621399,1.7200000286102295,1.7200000286102295,148100,1.6850000143051147,1.7855000019073486,1.8877499938011169,1.8744000005722046,2.1921000015735626,2.548525006175041,43.2100633430916,-0.07093982914184749,-0.04294245041533963,-0.027997378726507857,2.194580134902132,1.8877499938011169,1.580919852700102,23.13432738449391,17.679719220494203,UBX
2023-12-15,1.690000057220459,1.7400000095367432,1.6299999952316284,1.7100000381469727,1.7100000381469727,81100,1.6490000247955323,1.7645000100135804,1.8827499985694884,1.8710000014305115,2.1812000024318694,2.5342250055074693,42.78201181447761,-0.07134571238011778,-0.04862310280829526,-0.022722609571822518,2.1976384406232436,1.8827499985694884,1.567861556515733,30.97443954395196,23.260136593908566,UBX
2023-12-18,1.7200000286102295,1.7549999952316284,1.6399999856948853,1.649999976158142,1.649999976158142,73100,1.6650000095367432,1.7365000128746033,1.8587499916553498,1.8658000016212464,2.170400002002716,2.5195250046253204,40.20827916152641,-0.07563698524818374,-0.054025879296272956,-0.021611105951910785,2.167713938157743,1.8587499916553498,1.5497860451529566,31.634932524971003,28.581233151139116,UBX
2023-12-19,1.6799999475479126,1.7400000095367432,1.6399999856948853,1.7400000095367432,1.7400000095367432,78400,1.6960000038146972,1.7275000095367432,1.8447499930858613,1.8640000009536744,2.158900001049042,2.504975004196167,45.50419368250873,-0.07095764383258407,-0.05741223220353518,-0.01354541162904889,2.1485504543119687,1.8447499930858613,1.5409495318597541,35.504475166150065,32.704615745024505,UBX
2023-12-20,1.7100000381469727,1.7400000095367432,1.659999966621399,1.6699999570846558,1.6699999570846558,49400,1.6980000019073487,1.709500002861023,1.8252499938011169,1.858199999332428,2.147900000810623,2.489375004172325,42.361435533633916,-0.07206690880135413,-0.06034316752309897,-0.011723741278255165,2.12124784379438,1.8252499938011169,1.529252143807854,33.9293311216952,33.68957960427225,UBX
2023-12-21,1.6799999475479126,1.7300000190734863,1.6399999856948853,1.6699999570846558,1.6699999570846558,76300,1.6879999876022338,1.6865000009536744,1.8077499926090241,1.854799997806549,2.1349000000953673,2.475575004816055,42.361435533633916,-0.07211471572786765,-0.0626974771640527,-0.009417238563814948,2.0969294011373005,1.8077499926090241,1.5185705840807475,36.87326440861764,35.435690232154464,UBX
2023-12-22,1.6399999856948853,1.690000057220459,1.5399999618530273,1.600000023841858,1.600000023841858,150600,1.665999984741211,1.6575000047683717,1.7822499990463256,1.853199999332428,2.1233000004291536,2.463475005030632,39.219949085377515,-0.07691439143350332,-0.06554086001794282,-0.011373531415560495,2.04942922882265,1.7822499990463256,1.5150707692700012,29.002893782740227,33.26849643768451,UBX
2023-12-26,1.559999942779541,1.7200000286102295,1.559999942779541,1.7100000381469727,1.7100000381469727,129700,1.677999997138977,1.6715000033378602,1.7717500030994415,1.8524000000953675,2.1135000002384188,2.453050004839897,45.99729753055083,-0.07102337392003477,-0.06663736279836122,-0.004386011121673555,2.032887404377795,1.7717500030994415,1.5106126018210881,34.06462526296236,33.31359448477357,UBX
2023-12-27,1.7100000381469727,1.899999976158142,1.7100000381469727,1.899999976158142,1.899999976158142,199700,1.7099999904632568,1.702999997138977,1.7682500004768371,1.8539999985694886,2.1065000009536745,2.442900004386902,55.27418731172925,-0.05044183096790755,-0.06339825643227048,0.01295642546436293,2.0203863502320534,1.7682500004768371,1.5161136507216206,52.12962728101073,38.39904877557126,UBX
2023-12-28,1.8799999952316284,2.0,1.8329999446868896,1.909999966621399,1.909999966621399,183300,1.7579999923706056,1.727999997138977,1.7667499959468842,1.8492999982833862,2.101299999952316,2.4316000038385392,55.705475689331195,-0.03294413476084834,-0.057307432097986055,0.024363297337137713,2.015110083311246,1.7667499959468842,1.5183899085825225,72.51851256492245,52.90425503629867,UBX
2023-12-29,1.9199999570846558,1.9910000562667847,1.8700000047683716,1.9299999475479126,1.9299999475479126,636500,1.8099999904632569,1.7489999890327455,1.767249995470047,1.850499997138977,2.0964999985694885,2.4205000030994417,56.60672840811024,-0.017264241706924865,-0.049298794019773814,0.03203455231284895,2.0168791849077916,1.767249995470047,1.5176208060323024,85.62961900185216,70.09258628259528,UBX
2024-01-02,1.9199999570846558,2.005000114440918,1.8799999952316284,1.9199999570846558,1.9199999570846558,100500,1.8739999771118163,1.7699999809265137,1.767249995470047,1.8520999956130981,2.092699998617172,2.4098500019311904,55.99326728772933,-0.005580401753405129,-0.04055511556650008,0.03497471381309495,2.0168791849077916,1.767249995470047,1.5176208060323024,83.72275744007301,80.62362966894938,UBX
2024-01-03,1.899999976158142,1.9800000190734863,1.850000023841858,1.9500000476837158,1.9500000476837158,111500,1.921999979019165,1.7999999880790711,1.7682500004768371,1.8538999962806701,2.0864999997615814,2.4007000023126603,57.48194286305724,0.006030367850598184,-0.031238018883080428,0.03726838673367861,2.0206242050141476,1.7682500004768371,1.5158757959395268,86.09239304529147,85.14825649573906,UBX
2024-01-04,1.9299999475479126,1.9900000095367432,1.8919999599456787,1.9299999475479126,1.9299999475479126,58900,1.9279999732971191,1.818999981880188,1.7732499957084655,1.8566999959945678,2.079800000190735,2.3933000016212462,56.1189770255075,0.013462952938621209,-0.0222978245187401,0.03576077745736131,2.03413835273852,1.7732499957084655,1.5123616386784111,85.38270892331532,85.06595313622677,UBX
2024-01-05,1.9299999475479126,1.9550000429153442,1.850000023841858,1.8799999952316284,1.8799999952316284,45400,1.921999979019165,1.8399999856948852,1.774749994277954,1.8578999948501587,2.072500001192093,2.3821000021696093,52.751457673160296,0.015144179213823161,-0.014809423772227447,0.02995360298605061,2.037722871143517,1.774749994277954,1.5117771174123913,82.03270001273663,84.50260066044798,UBX
2024-01-08,1.8600000143051147,1.9199999570846558,1.809999942779541,1.909999966621399,1.909999966621399,59400,1.9179999828338623,1.8639999866485595,1.775249993801117,1.863299994468689,2.0655000019073486,2.3716000008583067,54.51507270963568,0.018681956158948188,-0.008111147785992319,0.026793103944940506,2.0392097130395643,1.775249993801117,1.5112902745626697,78.85302242877181,82.08947712160808,UBX
2024-01-09,1.909999966621399,1.9900000095367432,1.8700000047683716,1.9900000095367432,1.9900000095367432,80200,1.9319999933242797,1.9029999852180481,1.7802499949932098,1.8682999944686889,2.0599000024795533,2.3610500013828277,58.91872806849198,0.027622588742717946,-0.0009644004802502656,0.028586989222968213,2.05622958673239,1.7802499949932098,1.5042704032540297,83.15410072985115,81.3466077237867,UBX
2024-01-10,1.9800000190734863,2.0,1.9199999570846558,1.9700000286102295,1.9700000286102295,48600,1.9359999895095825,1.9289999842643737,1.800249993801117,1.8712999939918518,2.055500001907349,2.350150001049042,57.42198228422214,0.03271713045104674,0.005771905706009136,0.026945224745037605,2.0702958096011073,1.800249993801117,1.5302041780011264,89.60571390873714,83.87094568912022,UBX
2024-01-11,1.9199999570846558,1.9539999961853027,1.8200000524520874,1.850000023841858,1.850000023841858,196000,1.9200000047683716,1.9239999890327453,1.8134999930858613,1.869899995326996,2.051800001859665,2.3496500009298327,49.32540115431029,0.026763085762932404,0.009970141717393789,0.016792944045538615,2.065394806694413,1.8134999930858613,1.5616051794773098,85.30464415312379,86.02148626390421,UBX
2024-01-12,1.8700000047683716,1.9500000476837158,1.7999999523162842,1.8600000143051147,1.8600000143051147,54100,1.9160000085830688,1.9189999938011169,1.823499995470047,1.8672999954223632,2.045900001525879,2.350200001001358,49.95862279770374,0.022590963542670206,0.012494306082449072,0.010096657460221134,2.065927295298084,1.823499995470047,1.58107269564201,75.98565113716224,83.63200306634123,UBX
2024-01-16,1.7999999523162842,1.8799999952316284,1.7699999809265137,1.7799999713897705,1.7799999713897705,49900,1.890000009536743,1.9039999961853027,1.826499992609024,1.8658999943733214,2.0391000008583067,2.3507500010728837,45.102987518509785,0.012682990134201821,0.012532042892799623,0.0001509472414021988,2.065185973683698,1.826499992609024,1.5878140115343498,61.64068024186353,74.31032517738336,UBX
2024-01-17,1.75,1.7799999713897705,1.7100000381469727,1.7599999904632568,1.7599999904632568,30500,1.8440000057220458,1.8879999995231629,1.8289999902248382,1.861499993801117,2.0305000019073485,2.351050000786781,43.952857960257475,0.0031803573313300415,0.010661705780505706,-0.007481348449175664,2.0637679603323624,1.8289999902248382,1.594232020117314,45.06817153311558,60.898167637380624,UBX
2024-01-18,1.7799999713897705,1.7799999713897705,1.7000000476837158,1.7200000286102295,1.7200000286102295,43500,1.794000005722046,1.8649999976158143,1.8324999928474426,1.8546999955177308,2.023300001621246,2.351500000953674,41.66450825055298,-0.007491848885193608,0.007030994847365843,-0.014522843732559451,2.058409260107985,1.8324999928474426,1.6065907255869,24.314896986888794,43.67458292062281,UBX
2024-01-19,1.7300000190734863,1.7400000095367432,1.659999966621399,1.6699999570846558,1.6699999570846558,52900,1.7579999923706056,1.8389999985694885,1.8289999902248382,1.8470999956130982,2.015400000810623,2.3521000009775164,38.93566491823837,-0.019756496511174504,0.0016734965756577732,-0.02142999308683228,2.0625722486436175,1.8289999902248382,1.5954277318060588,8.801682691243299,26.06158373708274,UBX
2024-01-22,1.7699999809265137,1.7999999523162842,1.6699999570846558,1.7200000286102295,1.7200000286102295,44200,1.7299999952316285,1.8230000019073487,1.831499993801117,1.8424999952316283,2.0067000019550325,2.3532500010728836,42.958982279746515,-0.02515179596525985,-0.0036915619325257523,-0.021460234032734095,2.059208131666243,1.831499993801117,1.6037918559359907,8.949076980950688,14.021885553027772,UBX
2024-01-23,1.7699999809265137,1.7999999523162842,1.7100000381469727,1.75,1.75,68300,1.7240000009536742,1.8070000052452087,1.835499995946884,1.8382999944686889,1.9977000010013581,2.354000000953674,45.28821273093187,-0.026699092167820737,-0.008293067979584748,-0.01840602418823599,2.0543583825976452,1.835499995946884,1.6166416092961229,15.586819012124687,11.112526228106404,UBX
2024-01-24,1.7599999904632568,1.7999999523162842,1.649999976158142,1.7200000286102295,1.7200000286102295,71800,1.716000008583069,1.7800000071525575,1.8414999961853027,1.8342999958992003,1.9896000015735626,2.3551000010967256,43.380535964628734,-0.030000258224648357,-0.01263450602859747,-0.01736575219605089,2.039820430116322,1.8414999961853027,1.6431795622542837,21.28730798061528,15.274401324563732,UBX
2024-01-25,1.7200000286102295,1.7489999532699585,1.690000057220459,1.7000000476837158,1.7000000476837158,32800,1.7120000123977661,1.753000009059906,1.84099999666214,1.832299997806549,1.9801000010967256,2.3547500014305114,42.10712489344536,-0.03384019867670385,-0.016875644558218744,-0.016964554118485103,2.0406897405371534,1.84099999666214,1.6413102527871266,20.25211427540698,19.04208042271583,UBX
2024-01-26,1.6799999475479126,1.75,1.6699999570846558,1.7000000476837158,1.7000000476837158,50900,1.7180000305175782,1.7380000114440919,1.8310000002384186,1.8314999985694884,1.9709000027179717,2.354000001549721,42.10712489344535,-0.03646305574111519,-0.020793126794798035,-0.015669928946317156,2.037775220468621,1.8310000002384186,1.6242247800082161,16.190493706942018,19.243305320988274,UBX
2024-01-29,1.75,1.7899999618530273,1.7130000591278076,1.75,1.75,53900,1.7240000247955323,1.7270000100135803,1.8230000019073487,1.8320999979972838,1.9628000032901765,2.3538500016927717,46.64794440901381,-0.0341138671510659,-0.02345727486605161,-0.010656592285014293,2.0293104303351948,1.8230000019073487,1.6166895734795026,19.047633644673898,18.49674720900781,UBX
2024-01-30,1.7100000381469727,1.7699999809265137,1.6699999570846558,1.6699999570846558,1.6699999570846558,56200,1.7080000162124633,1.716000008583069,1.8100000023841858,1.8288999962806702,1.9543000030517579,2.3524500012397764,41.094097749011354,-0.03826634256634187,-0.02641908840610966,-0.011847254160232211,2.0204281326268103,1.8100000023841858,1.5995718721415615,16.19048235367712,17.142869901764524,UBX
2024-01-31,1.6799999475479126,1.7799999713897705,1.6790000200271606,1.7300000190734863,1.7300000190734863,35900,1.7100000143051148,1.7130000114440918,1.8005000054836273,1.8272999978065492,1.94650000333786,2.351300001144409,46.26172584823203,-0.03629729308841667,-0.028394729342571062,-0.007902563745845609,2.0073308535022094,1.8005000054836273,1.5936691574650452,20.20050505649903,18.479540351616862,UBX
2024-02-01,1.7699999809265137,1.7799999713897705,1.7100000381469727,1.7599999904632568,1.7599999904632568,53600,1.722000002861023,1.7170000076293945,1.7910000026226043,1.8198999953269959,1.9392000031471253,2.3478000009059907,48.685682348383466,-0.0319477860294517,-0.02910534067994719,-0.0028424453495045077,1.986642526615761,1.7910000026226043,1.5953574786294475,22.898914808469396,19.763300739548697,UBX
2024-02-02,1.7100000381469727,1.7699999809265137,1.7100000381469727,1.7599999904632568,1.7599999904632568,31900,1.733999991416931,1.7260000109672546,1.7825000047683717,1.8146999955177308,1.932000002861023,2.345200001001358,48.685682348383466,-0.028175975245026796,-0.02891946759296311,0.0007434923479363136,1.9677430898032822,1.7825000047683717,1.5972569197334612,36.9361845866499,26.678534817206287,UBX
2024-02-05,1.7000000476837158,1.75,1.6799999475479126,1.6799999475479126,1.6799999475479126,55500,1.7199999809265136,1.722000002861023,1.7725000023841857,1.8070999956130982,1.9237000024318696,2.341900001168251,42.72541015039488,-0.03128152890580371,-0.029391879855531232,-0.0018896490502724808,1.9572024741610692,1.7725000023841857,1.5877975306073022,34.83091200281846,31.5553371326461,UBX
2024-02-06,1.6799999475479126,1.7400000095367432,1.6799999475479126,1.7300000190734863,1.7300000190734863,70700,1.7319999933242798,1.7200000047683717,1.7635000050067902,1.8012999963760377,1.915600003004074,2.3399000006914137,47.085585141978505,-0.02936956063906404,-0.029387416012237794,1.7855373173752964e-05,1.9377727939112912,1.7635000050067902,1.5892272161022891,40.386481245368174,37.384525944945686,UBX
2024-02-07,1.7200000286102295,1.75,1.7100000381469727,1.7100000381469727,1.7100000381469727,24300,1.727999997138977,1.7190000057220458,1.7495000064373016,1.7932999992370606,1.9080000030994415,2.3369000011682513,45.590519996902934,-0.029132324029470524,-0.02933639761568434,0.00020407358621381613,1.8905638359371297,1.7495000064373016,1.6084361769374735,37.77780073660755,37.665064661598244,UBX
2024-02-08,1.7100000381469727,1.9500000476837158,1.6799999475479126,1.7599999904632568,1.7599999904632568,96000,1.727999997138977,1.725,1.739000004529953,1.7900999999046325,1.9001000034809112,2.334750000834465,49.87548264745113,-0.02462586240949327,-0.028394290574446125,0.003768428164952854,1.8377724794923516,1.739000004529953,1.6402275295675544,43.333360265807244,40.499214082594506,UBX
2024-02-09,1.7899999618530273,1.8300000429153442,1.7300000190734863,1.7899999618530273,1.7899999618530273,36700,1.733999991416931,1.733999991416931,1.7360000014305115,1.7864999985694885,1.8932000029087066,2.333500000834465,52.30266557293778,-0.018421362141558095,-0.026399704887868518,0.007978342746310423,1.8241816322146596,1.7360000014305115,1.6478183706463634,41.111120382948826,40.74076046178806,UBX
2024-02-12,1.75,1.9500000476837158,1.75,1.7999999523162842,1.7999999523162842,100200,1.7579999923706056,1.7389999866485595,1.73299999833107,1.783699996471405,1.8862000024318695,2.3321000009775164,53.117605356203036,-0.012552636343211576,-0.02363029117893713,0.011077654835725554,1.8070540194066373,1.73299999833107,1.6589459772555026,44.44443119897096,42.96297061590919,UBX
2024-02-13,1.7599999904632568,1.9600000381469727,1.7599999904632568,1.8700000047683716,1.8700000047683716,171300,1.7859999895095826,1.7589999914169312,1.7375,1.7826999974250795,1.8802000021934508,2.331100001335144,58.467038594763046,-0.0022275320452724845,-0.0193497393522042,0.017122207306931717,1.8308541581111388,1.7375,1.6441458418888613,55.21071510344229,46.92208889512087,UBX
2024-02-14,1.8799999952316284,1.9800000190734863,1.8799999952316284,1.9249999523162842,1.9249999523162842,74700,1.828999972343445,1.7784999847412108,1.7457499980926514,1.782799997329712,1.8735500025749205,2.3300250005722045,62.12392558873402,0.010274782317849729,-0.013424835018193415,0.023699617336043144,1.869736874301693,1.7457499980926514,1.6217631218836097,67.07451368917583,55.57655333052987,UBX
2024-02-15,1.9500000476837158,2.0,1.9199999570846558,1.9900000095367432,1.9900000095367432,79800,1.8749999761581422,1.8014999866485595,1.759249997138977,1.7839999985694885,1.8687500023841859,2.3289750003814698,65.94065269683401,0.025138141072151843,-0.0057122398001243635,0.030850380872276206,1.9218622568474426,1.759249997138977,1.5966377374305114,82.73108706314557,68.3387719519214,UBX
2024-02-16,1.9600000381469727,2.0199999809265137,1.9290000200271606,1.9500000476837158,1.9500000476837158,79600,1.9069999933242798,1.8204999923706056,1.77325000166893,1.786399998664856,1.8637500023841858,2.327625000476837,61.81270292147134,0.033305868027307506,0.0020913817653620105,0.031214486261945496,1.9502888361848714,1.77325000166893,1.5962111671529888,86.40925573962495,78.73828549731563,UBX
2024-02-20,1.9600000381469727,2.0,1.7899999618530273,1.8300000429153442,1.8300000429153442,84300,1.9130000114440917,1.8355000019073486,1.7787500023841858,1.7859999990463258,1.85825000166893,2.3252250009775164,51.41420404307304,0.02975288029808887,0.007623681471907382,0.022129198826181487,1.9556645309154377,1.7787500023841858,1.601835473852934,73.75041913528878,80.96358731268661,UBX
2024-02-21,1.850000023841858,1.8899999856948853,1.7000000476837158,1.75,1.75,102100,1.8890000104904174,1.8375,1.7787500023841858,1.782999999523163,1.8516500008106231,2.3225750011205673,45.87368806351005,0.02024836648510564,0.010148618474547035,0.010099748010558605,1.9556645309154377,1.7787500023841858,1.601835473852934,48.28993528405754,69.48320338632394,UBX
2024-02-22,1.7400000095367432,1.7999999523162842,1.7400000095367432,1.7899999618530273,1.7899999618530273,35500,1.862000012397766,1.8454999923706055,1.7822499990463256,1.7809999990463257,1.8455499994754792,2.319825001358986,48.84216250234386,0.015761939611527165,0.011271282701943061,0.004490656909584103,1.957134963902706,1.7822499990463256,1.6073650341899453,32.40757587466283,51.48264343133656,UBX
2024-02-23,1.7999999523162842,1.8240000009536743,1.7400000095367432,1.7999999523162842,1.7999999523162842,58500,1.8240000009536743,1.8494999885559082,1.787249994277954,1.7855999970436096,1.8395499980449677,2.3168500012159345,49.58654479469568,0.012865029595262145,0.011590032080606879,0.0012749975146552663,1.9581147138427002,1.787249994277954,1.616385274713208,29.411768830770825,36.70309332983058,UBX
2024-02-26,1.7799999713897705,1.8849999904632568,1.7699999809265137,1.8700000047683716,1.8700000047683716,54000,1.8079999923706054,1.8574999928474427,1.795749992132187,1.7912999963760377,1.8374499988555908,2.313750001192093,54.56978798489277,0.016032810494990057,0.012478587763483515,0.003554222731506542,1.9653163648271974,1.795749992132187,1.6261836194371764,41.17647402564234,34.331939577025516,UBX
2024-02-27,1.8899999856948853,1.9199999570846558,1.809999942779541,1.8300000429153442,1.8300000429153442,55500,1.8079999923706054,1.8605000019073485,1.799749994277954,1.7946999979019165,1.8359499990940094,2.308500000834465,51.44069587058129,0.015141099878353215,0.013011090186457455,0.00213000969189576,1.9685835084864527,1.799749994277954,1.6309164800694553,45.09805021538892,38.56209769060087,UBX
2024-02-28,1.840000033378601,1.840000033378601,1.5499999523162842,1.7000000476837158,1.7000000476837158,656600,1.7980000019073485,1.843500006198883,1.8012499988079071,1.7942999982833863,1.8343499994277954,2.303150001168251,42.84246709905742,0.0038995480676007332,0.01118878176268611,-0.007289233695085377,1.9659277186257644,1.8012499988079071,1.6365722789900499,43.97164900892181,43.41539108331787,UBX
2024-02-29,1.7799999713897705,1.8899999856948853,1.7000000476837158,1.8300000429153442,1.8300000429153442,298500,1.806000018119812,1.834000015258789,1.80625,1.7966999983787537,1.8338499999046325,2.298900001049042,51.56165676538789,0.005417995150957644,0.010034624440340418,-0.0046166292893827735,1.9680175877347854,1.80625,1.6444824122652144,45.20235549239345,44.75735157223491,UBX
2024-03-01,1.7999999523162842,1.940000057220459,1.7400000095367432,1.7999999523162842,1.7999999523162842,349600,1.806000018119812,1.8150000095367431,1.8082499980926514,1.7996999979019166,1.8327499997615815,2.293550001382828,49.6782971068283,0.004152748514335558,0.008858249255139446,-0.004705500740803888,1.968664312961453,1.8082499980926514,1.6478356832238499,48.22696060801127,45.80032170310903,UBX
2024-03-04,1.8300000429153442,1.8300000429153442,1.6299999952316284,1.6399999856948853,1.6399999856948853,195500,1.7600000143051147,1.78400000333786,1.8022499978542328,1.7976999974250794,1.8308499991893767,2.2884000009298324,41.06351116746463,-0.00964939645582863,0.0051567201129458316,-0.014806116568774461,1.97770584156001,1.8022499978542328,1.6267941541484556,43.971637321737695,45.800317807380985,UBX
2024-03-05,1.659999966621399,1.7000000476837158,1.5800000429153442,1.659999966621399,1.659999966621399,239500,1.7259999990463257,1.7669999957084657,1.8012499988079071,1.7974999976158141,1.827849998474121,2.282850000858307,42.407930798184836,-0.018757638094089035,0.00037384847153885785,-0.019131486565627895,1.979684167103399,1.8012499988079071,1.6228158305124154,31.91489505609512,41.371164328614874,UBX
2024-03-06,1.690000057220459,1.690000057220459,1.6150000095367432,1.659999966621399,1.659999966621399,109100,1.7179999828338623,1.7579999923706056,1.7977499961853027,1.7972999978065491,1.826049997806549,2.2764500004053114,42.40793079818484,-0.025679962590229533,-0.004836913740814821,-0.02084304884941471,1.9842030860979611,1.7977499961853027,1.6112969062726443,21.985818660868834,32.624117012900726,UBX
2024-03-07,1.6699999570846558,1.690000057220459,1.6200000047683716,1.649999976158142,1.649999976158142,75500,1.681999969482422,1.743999993801117,1.7947499930858613,1.7982999968528748,1.8257499980926513,2.270550000667572,41.85428767194414,-0.03160850708894425,-0.010191232410440707,-0.02141727467850354,1.9885404916146858,1.7947499930858613,1.6009594945570367,22.695037799487924,25.531917172150802,UBX
2024-03-08,1.649999976158142,1.6890000104904175,1.5,1.5700000524520874,1.5700000524520874,229600,1.6359999895095825,1.7210000038146973,1.7852499961853028,1.7954999971389771,1.8239499986171723,2.262250000834465,37.62266394578458,-0.04227492752358897,-0.01660797143307036,-0.025666956090518608,2.0021710698091653,1.7852499961853028,1.5683289225614403,19.560288983591402,21.4137151479829,UBX
2024-03-11,1.600000023841858,1.649999976158142,1.5399999618530273,1.590000033378601,1.590000033378601,72000,1.6259999990463256,1.6930000066757203,1.7752499997615814,1.7892999982833862,1.8216499984264374,2.2547500014305113,39.27559614750062,-0.048554604000770274,-0.022997297946610346,-0.02555730605415993,2.0082194175585704,1.7752499997615814,1.5422805819645924,18.57705346440522,20.27746008249503,UBX
2024-03-12,1.6100000143051147,1.6180000305175781,1.5499999523162842,1.5499999523162842,1.5499999523162842,96500,1.6039999961853026,1.6649999976158143,1.7627499997615814,1.782099997997284,1.815699998140335,2.2477250015735626,37.15498388833828,-0.05611213928557546,-0.02962026621440337,-0.026491873071172088,2.0150885706800947,1.7627499997615814,1.5104114288430683,15.272728306531532,17.803356918176235,UBX
2024-03-13,1.5700000524520874,1.5800000429153442,1.5099999904632568,1.5199999809265137,1.5199999809265137,99700,1.5759999990463256,1.646999990940094,1.7452499985694885,1.773899998664856,1.8121999979019165,2.241725001335144,35.60237487435247,-0.06378699069609595,-0.036453611110741885,-0.027333379585354062,2.0134565529644153,1.7452499985694885,1.4770434441745617,12.121208016209534,15.323663262382277,UBX
2024-03-14,1.5800000429153442,1.5889999866485596,1.5,1.5,1.5,60600,1.5460000038146973,1.6139999866485595,1.7240000009536742,1.7654999995231628,1.8087999975681306,2.2346250009536743,34.565372636889784,-0.07066857371903379,-0.04329660363240027,-0.027371970086633522,1.9991290786808074,1.7240000009536742,1.448870923226541,5.3030245560266955,10.898986959589436,UBX
2024-03-15,1.5800000429153442,1.5800000429153442,1.5,1.5,1.5,161900,1.5319999933242798,1.5839999914169312,1.6995000004768372,1.7564999985694885,1.8051999974250794,2.2274750006198882,34.565372636889784,-0.0752547874980416,-0.049688240405528536,-0.02556654709251306,1.9625190273356021,1.6995000004768372,1.4364809736180724,1.5151498731504571,6.3131274817957435,UBX
2024-03-18,1.5800000429153442,1.5800000429153442,1.5,1.5,1.5,52500,1.5139999866485596,1.5699999928474426,1.6769999980926513,1.7478999996185303,1.802299997806549,2.219925000667572,34.565372636889784,-0.07799037051580493,-0.05534866642758381,-0.022641704088221117,1.927127972074975,1.6769999980926513,1.4268720241103277,-3.8191672047105385e-14,2.272724809725886,UBX
2024-03-19,1.5199999809265137,1.5399999618530273,1.5,1.5,1.5,44900,1.5039999961853028,1.5539999961853028,1.6604999959468842,1.7402999997138977,1.7990999972820283,2.211525000333786,34.565372636889784,-0.07924485441273288,-0.060127904024613626,-0.019116950388119253,1.9116155076283992,1.6604999959468842,1.4093844842653693,-3.8191672047105385e-14,0.505049957716975,UBX
2024-03-20,1.5099999904632568,1.5800000429153442,1.5,1.5700000524520874,1.5700000524520874,35500,1.5140000104904174,1.5450000047683716,1.6514999985694885,1.7335000014305115,1.7983999979496001,2.2034250003099443,42.45594815494827,-0.07374058713451581,-0.06285044064659406,-0.010890146487921748,1.9020414087301825,1.6514999985694885,1.4009585884087945,5.3030335870323055,1.767677862344258,UBX
2024-03-21,1.600000023841858,1.600000023841858,1.5210000276565552,1.5299999713897705,1.5299999713897705,57300,1.5200000047683715,1.5330000042915344,1.6384999990463256,1.724300000667572,1.7962999975681304,2.1943750005960463,39.52303927506778,-0.07177866810231381,-0.06463608613773801,-0.007142581964575803,1.8859085712703423,1.6384999990463256,1.391091426822309,8.333333333333295,4.545455640122036,UBX
2024-03-22,1.5499999523162842,1.5700000524520874,1.5199999809265137,1.5700000524520874,1.5700000524520874,44900,1.5340000152587892,1.5330000042915344,1.6270000040531158,1.7163000011444092,1.7937999975681305,2.184725000858307,43.710691640985914,-0.06623267187436599,-0.0649554032850636,-0.0012772685893023827,1.864495274797593,1.6270000040531158,1.3895047333086388,20.000005960463017,11.21212429360972,UBX
2024-03-25,1.6299999952316284,1.6299999952316284,1.5499999523162842,1.5800000429153442,1.5800000429153442,71400,1.5500000238418579,1.5320000052452087,1.6125000059604644,1.7109000015258788,1.7903999984264374,2.175925001502037,44.74085994688689,-0.06033500981409734,-0.06403132459087035,0.003696314776773013,1.822726082000319,1.6125000059604644,1.4022739299206097,28.732063394924314,19.02180089624039,UBX
2024-03-26,1.600000023841858,1.6299999952316284,1.5800000429153442,1.6200000047683716,1.6200000047683716,44300,1.5740000247955321,1.5390000104904176,1.602000004053116,1.706100001335144,1.7866999983787537,2.1663250017166136,48.77894503290329,-0.05183587580351334,-0.06159223483339895,0.009756359029885607,1.7872133936021515,1.602000004053116,1.4167866145040804,46.75438972391171,31.82881969309986,UBX
2024-03-27,1.649999976158142,1.649999976158142,1.6200000047683716,1.6299999952316284,1.6299999952316284,34400,1.5860000133514405,1.550000011920929,1.5985000014305115,1.7031000018119813,1.7844999980926515,2.1572750014066697,49.767232172638934,-0.043788567857371286,-0.05803150143819342,0.014242933580822133,1.778752595824295,1.5985000014305115,1.4182474070367281,58.01540457755764,44.500619232131406,UBX
2024-03-28,1.649999976158142,1.659999966621399,1.5800000429153442,1.6399999856948853,1.6399999856948853,65600,1.6080000162124635,1.5640000104904175,1.5889999985694885,1.7007000017166138,1.7810999977588653,2.149075001478195,50.789759205596006,-0.03618696190412396,-0.053662593531379525,0.017475631627255565,1.7364991289586094,1.5889999985694885,1.4415008681803676,73.14698332713989,59.30559254286993,UBX
2024-04-01,1.649999976158142,1.6660000085830688,1.600000023841858,1.659999966621399,1.659999966621399,68100,1.6259999990463256,1.5800000071525573,1.5819999992847442,1.6995000004768372,1.777099997997284,2.140375000834465,52.856674065160604,-0.028223460620073082,-0.048574766949118234,0.020351306329045152,1.6988930978921668,1.5819999992847442,1.4651069006773216,84.22286294433417,71.79508361634409,UBX
2024-04-02,1.659999966621399,1.6699999570846558,1.5800000429153442,1.6100000143051147,1.6100000143051147,57400,1.6319999933242797,1.591000008583069,1.5805000007152556,1.6983000016212464,1.7726999986171723,2.131875001192093,47.486793407728506,-0.025651215518254666,-0.04399005666294552,0.01833884114469085,1.6951254647392908,1.5805000007152556,1.4658745366912205,82.8638111643188,80.07788581193114,UBX
2024-04-03,1.590000033378601,1.6100000143051147,1.559999942779541,1.5800000429153442,1.5800000429153442,49500,1.6240000009536744,1.5990000128746034,1.576500004529953,1.6955000019073487,1.7689999985694884,2.1238750010728835,44.56155622781779,-0.025736762338312902,-0.040339397798019,0.014602635459706095,1.68517842097286,1.576500004529953,1.4678215880870462,69.38342827771669,78.82336746212341,UBX
2024-04-04,1.559999942779541,1.6399999856948853,1.559999942779541,1.5700000524520874,1.5700000524520874,37000,1.612000012397766,1.5990000128746034,1.5720000088214874,1.6919000029563904,1.7650999987125398,2.1157250010967257,43.5974763472015,-0.026308209800232962,-0.03753316019846179,0.01122495039822883,1.6737054634273438,1.5720000088214874,1.470294554215631,50.980426530945635,67.74255532432723,UBX
2024-04-05,1.600000023841858,1.600000023841858,1.5199999809265137,1.5700000524520874,1.5700000524520874,109100,1.5980000257492066,1.603000020980835,1.5680000126361846,1.6889000034332275,1.761599999666214,2.1065250009298326,43.5974763472015,-0.026456116389483864,-0.035317751436666205,0.008861635047182341,1.663205057685521,1.5680000126361846,1.4727949675868481,43.13729477589694,54.50038319485328,UBX
2024-04-08,1.649999976158142,1.649999976158142,1.5499999523162842,1.559999942779541,1.559999942779541,47900,1.578000020980835,1.6020000100135803,1.5675000071525573,1.6861000013351441,1.7591999995708465,2.097875000834465,42.53032524285657,-0.02706823296303784,-0.03366784774194053,0.006599614778902689,1.662762805623948,1.5675000071525573,1.4722372086811666,39.215705523996185,44.444475610279774,UBX
2024-04-09,1.5800000429153442,1.593000054359436,1.5099999904632568,1.5499999523162842,1.5499999523162842,59700,1.5660000085830688,1.5990000009536742,1.5655000030994415,1.6830999994277953,1.757299998998642,2.0895750004053117,41.43802232527025,-0.028037061620719728,-0.03254169051769637,0.004504628896976642,1.6604684234062475,1.5655000030994415,1.4705315827926355,35.294116272095444,39.21570552399638,UBX
2024-04-10,1.5499999523162842,1.600000023841858,1.5,1.5099999904632568,1.5099999904632568,147500,1.5519999980926513,1.5879999995231628,1.5635000050067902,1.6782999992370606,1.7551999986171722,2.080875000357628,37.31023726134308,-0.03166748488643023,-0.032366849391443145,0.0006993645050129144,1.661331497133577,1.5635000050067902,1.4656685128800033,23.529395265146007,32.67973902041273,UBX
2024-04-11,1.5,1.5199999809265137,1.5,1.5,1.5,26000,1.5379999876022339,1.575,1.5625000059604646,1.6749000000953673,1.7518999981880188,2.072825000882149,36.33574844905495,-0.03494867061718754,-0.032883213636592024,-0.0020654569805955147,1.6624750056731847,1.5625000059604646,1.4625250062477444,11.764697632572974,23.52940305660499,UBX
2024-04-12,1.5099999904632568,1.5260000228881836,1.5,1.5199999809265137,1.5199999809265137,97300,1.5279999732971192,1.562999999523163,1.5635000050067902,1.670699999332428,1.7489999985694886,2.0655750006437303,39.726455412112394,-0.03552568465578343,-0.03341170784043031,-0.002113976815353122,1.661331497133577,1.5635000050067902,1.4656685128800033,5.882348816286456,13.72548057133533,UBX
2024-04-15,1.5499999523162842,1.5499999523162842,1.5,1.5,1.5,35700,1.515999984741211,1.547000002861023,1.5635000050067902,1.6654999995231627,1.7426999974250794,2.0601750010252,37.57150211564988,-0.03716835014847053,-0.03416303630203835,-0.003005313846432177,1.661331497133577,1.5635000050067902,1.4656685128800033,3.921565877524283,7.189537442128088,UBX
2024-04-16,1.5,1.5199999809265137,1.5,1.5199999809265137,1.5199999809265137,61800,1.5099999904632568,1.5379999995231628,1.5645000040531158,1.660699999332428,1.7376999974250793,2.055375000834465,41.01713191962359,-0.03643632776656913,-0.03461769459494451,-0.0018186331716246243,1.6600981272104678,1.5645000040531158,1.468901880895764,7.843131755048629,5.88234881628664,UBX
2024-04-17,1.5199999809265137,1.5199999809265137,1.5,1.5049999952316284,1.5049999952316284,28500,1.5089999914169312,1.5304999947547913,1.5647500038146973,1.6572000002861023,1.7321499979496002,2.0501500010490417,39.266658107833436,-0.03664415720636294,-0.03502298711722819,-0.0016211700891347464,1.6596960477400025,1.5647500038146973,1.4698039598893922,4.90195734690537,5.555551659826278,UBX
2024-04-18,1.5099999904632568,1.5399999618530273,1.5,1.5099999904632568,1.5099999904632568,27600,1.5109999895095825,1.5244999885559083,1.5617500007152558,1.6527999997138978,1.7270499980449676,2.044100000858307,40.18304331633171,-0.03599052928793656,-0.03521649555136987,-0.0007740337365666899,1.6595904390469385,1.5617500007152558,1.4639095623835732,6.862740285667542,6.535943129207364,UBX
2024-04-19,1.5099999904632568,1.5199999809265137,1.5,1.5,1.5,45200,1.5069999933242797,1.5174999833106995,1.5602500021457673,1.6485999989509583,1.7209499990940094,2.037150000333786,38.918251940413796,-0.03586599919748701,-0.035346396280593294,-0.0005196029168937147,1.6608718240102844,1.5602500021457673,1.45962818028125,2.9411744081431963,4.9019573469055535,UBX
2024-04-22,1.5199999809265137,1.5199999809265137,1.4700000286102295,1.4800000190734863,1.4800000190734863,71900,1.5029999971389771,1.509499990940094,1.5557500004768372,1.6429999995231628,1.7165499997138978,2.030250000953674,36.44734362736641,-0.03695514362563146,-0.03566814574960093,-0.001286997876030531,1.6621114137604065,1.5557500004768372,1.449388587193268,3.8126335641805844,4.538849419330625,UBX
2024-04-23,1.5,1.5,1.4700000286102295,1.4900000095367432,1.4900000095367432,36600,1.4970000028610229,1.5034999966621398,1.5512499988079071,1.6370000004768372,1.7117499995231629,2.0229500007629393,38.54818240841672,-0.03658960063493644,-0.03585243672666803,-0.0007371639082684039,1.6606974726283081,1.5512499988079071,1.4418025249875062,5.55555187625536,4.103119949526565,UBX
2024-04-24,1.5,1.5099999904632568,1.4600000381469727,1.4700000286102295,1.4700000286102295,82100,1.4900000095367432,1.499500000476837,1.54375,1.630400002002716,1.7070499992370605,2.0148000013828278,35.98601526953728,-0.03748167112200629,-0.03617828360573568,-0.0013033875162706057,1.6538805973138604,1.54375,1.4336194026861395,7.309936740435153,5.559374060290551,UBX
2024-04-25,1.4700000286102295,1.4900000095367432,1.4600000381469727,1.4800000190734863,1.4800000190734863,16900,1.484000015258789,1.4975000023841858,1.536250001192093,1.6226000022888183,1.7026499998569489,2.006800001859665,38.19789498981315,-0.03695572515757606,-0.036333771916103756,-0.000621953241472302,1.642215789135023,1.536250001192093,1.4302842132491629,8.966855843376266,7.2774481533557775,UBX
2024-04-26,1.4700000286102295,1.5199999809265137,1.4700000286102295,1.5,1.5,38500,1.484000015258789,1.4955000042915345,1.5292500019073487,1.6141000032424926,1.6984500002861023,1.9985500013828277,42.47874192917311,-0.03452707129207466,-0.035972431791297936,0.0014453604992232735,1.6248677247145686,1.5292500019073487,1.4336322791001288,14.786956006872535,10.354582863561502,UBX
2024-04-29,1.5199999809265137,1.5199999809265137,1.5,1.5099999904632568,1.5099999904632568,43600,1.4900000095367432,1.4965000033378602,1.5217500030994415,1.604500002861023,1.6942500007152557,1.9902500009536743,44.54700660557268,-0.031433088867139025,-0.03506456320646616,0.0036314743393271315,1.596400863241441,1.5217500030994415,1.447099142957442,24.937322910609264,16.230378253619538,UBX
2024-04-30,1.5099999904632568,1.5399999618530273,1.5099999904632568,1.5399999618530273,1.5399999618530273,27300,1.5,1.4985000014305114,1.5182500004768371,1.5963000011444093,1.6913499999046326,1.982700001001358,50.31838300505004,-0.026257656612895586,-0.03330318188775204,0.007045525274856454,1.5817539385425075,1.5182500004768371,1.4547460624111668,51.058182811879306,30.260820576453884,UBX
2024-05-01,1.5199999809265137,1.600000023841858,1.5199999809265137,1.559999942779541,1.559999942779541,39200,1.5179999828338624,1.5039999961853028,1.517249995470047,1.5908999991416932,1.6884499990940094,1.9756000006198884,53.772582830869595,-0.02030815814477327,-0.030704177139156286,0.010396018994383017,1.5773727706722924,1.517249995470047,1.4571272202678014,65.34388493337913,47.11313021862276,UBX
2024-05-02,1.5499999523162842,1.6299999952316284,1.5499999523162842,1.6299999952316284,1.6299999952316284,36500,1.5479999780654907,1.5159999966621398,1.520249992609024,1.5884999990463258,1.6857499992847442,1.9684500008821488,63.37153664848208,-0.00983138840126574,-0.026529619391578177,0.016698230990312438,1.594847224150213,1.520249992609024,1.4456527610678351,86.77246649879595,67.72484474801831,UBX
2024-05-03,1.6299999952316284,1.6299999952316284,1.5859999656677246,1.6100000143051147,1.6100000143051147,31000,1.5699999809265137,1.5269999980926514,1.5222499907016753,1.5849000000953675,1.6829499995708466,1.9607500004768372,59.5658130218345,-0.0031064944778262937,-0.0218449944088278,0.018738499931001507,1.6038878898180777,1.5222499907016753,1.440612091585273,86.5546043249753,79.55698525238364,UBX
2024-05-06,1.6200000047683716,1.649999976158142,1.590000033378601,1.600000023841858,1.600000023841858,39600,1.587999987602234,1.5389999985694884,1.5242499947547912,1.580900001525879,1.6832499992847443,1.9540500003099441,57.69997757122437,0.0013999786671479164,-0.017195999793632656,0.018595978460780573,1.6112715338216985,1.5242499947547912,1.4372284556878838,87.30650980157664,86.87786020844948,UBX
2024-05-07,1.6100000143051147,1.6699999570846558,1.6100000143051147,1.6200000047683716,1.6200000047683716,45800,1.6039999961853026,1.5519999980926513,1.5277499973773956,1.5759000015258788,1.6835999989509582,1.9478500008583068,60.373458644048206,0.006510177146184182,-0.012454764405669288,0.01896494155185347,1.6237955543218814,1.5277499973773956,1.4317044404329098,79.3700063703346,84.41037349896236,UBX
2024-05-08,1.6100000143051147,1.6399999856948853,1.6009999513626099,1.6299999952316284,1.6299999952316284,17100,1.6180000066757203,1.5679999947547913,1.5337499976158142,1.5719000005722046,1.6832999992370605,1.9423500007390977,61.677655864835835,0.011237423887270781,-0.0077163267470812735,0.018953750634352055,1.6391480472205366,1.5337499976158142,1.4283519480110918,76.9423695028653,81.20629522492568,UBX
2024-05-09,1.6100000143051147,1.6399999856948853,1.559999942779541,1.600000023841858,1.600000023841858,15800,1.612000012397766,1.5799999952316284,1.5387499988079072,1.5699000000953673,1.6820999991893768,1.9371000003814698,55.74969243308714,0.012419885309880918,-0.003689084335688835,0.01610896964556975,1.6467256883864971,1.5387499988079072,1.4307743092293173,74.60318902002541,76.97185496440862,UBX
2024-05-10,1.590000033378601,1.6069999933242798,1.5149999856948853,1.5299999713897705,1.5299999713897705,63200,1.5960000038146973,1.5829999923706055,1.53924999833107,1.5638999986648559,1.6802999985218048,1.9307500004768372,44.90465151184985,0.007620728276604094,-0.0014271218132302491,0.009047850089834343,1.6469660579681251,1.53924999833107,1.4315339386940147,60.31746392167298,70.62100748152142,UBX
2024-05-13,1.5700000524520874,1.5800000429153442,1.531000018119812,1.565000057220459,1.565000057220459,26000,1.5890000104904174,1.5884999990463258,1.5425000011920929,1.5592000007629394,1.679449999332428,1.924925000667572,50.12856538437504,0.006565888692563249,0.0001714802879284505,0.006394408404634799,1.6492005169458097,1.5425000011920929,1.435799485438376,50.00000946105833,61.6402208009191,UBX
2024-05-14,1.559999942779541,1.600000023841858,1.5,1.5299999713897705,1.5299999713897705,116900,1.5710000038146972,1.5875,1.5430000007152558,1.5570000004768372,1.6773499989509582,1.918125,45.484200601248126,0.002872592841735022,0.0007117027986897649,0.0021608900430452574,1.6493672890638786,1.5430000007152558,1.436632712366633,38.88888573520271,49.73545303931153,UBX
2024-05-15,1.5199999809265137,1.5980000495910645,1.5199999809265137,1.5299999713897705,1.5299999713897705,51000,1.5509999990463257,1.584500002861023,1.5442499995231629,1.5544000005722045,1.6759499990940094,1.9119249999523162,45.484200601248126,-5.3751119361011845e-05,0.0005586120150796095,-0.0006123631344406214,1.6493820598649156,1.5442499995231629,1.4391179391814102,37.77777497099725,42.22222338908629,UBX
2024-05-16,1.5299999713897705,1.5399999618530273,1.465000033378601,1.4700000286102295,1.4700000286102295,135200,1.525,1.568500006198883,1.5422500014305114,1.5506000018119812,1.673949999809265,1.9044249999523162,38.40918732263746,-0.00713217842036129,-0.0009795460720085705,-0.00615263234835272,1.6513588881181396,1.5422500014305114,1.4331411147428832,21.924106500582003,32.86358906892751,UBX
2024-05-17,1.4800000190734863,1.5199999809265137,1.4800000190734863,1.4800000190734863,1.4800000190734863,53800,1.515000009536743,1.5555000066757203,1.5412500023841857,1.5472000026702881,1.6727499997615813,1.8980250000953673,40.08203793518867,-0.011798956372277125,-0.0031434281320622814,-0.008655528240214844,1.6522398609225095,1.5412500023841857,1.430260143845862,13.252024668772544,24.317968713450785,UBX
2024-05-20,1.5199999809265137,1.5199999809265137,1.4199999570846558,1.4199999570846558,1.4199999570846558,112500,1.4859999895095826,1.5375,1.5382499992847443,1.5442000007629395,1.6698499989509583,1.8916749995946884,34.09785242072972,-0.020107132574485043,-0.006536169020546834,-0.01357096355393821,1.6585527475072392,1.5382499992847443,1.4179472510622493,3.252030629239153,12.809387266198087,UBX
2024-05-21,1.4199999570846558,1.5,1.4199999570846558,1.4600000381469727,1.4600000381469727,46400,1.472000002861023,1.52150000333786,1.5367500007152557,1.5416000008583068,1.6654499995708465,1.8859750002622604,40.477945606516066,-0.023196356664412,-0.009868206549319868,-0.01332815011509213,1.6601305106369115,1.5367500007152557,1.4133694907935999,7.7723671135716055,8.092140803861287,UBX
2024-05-22,1.4700000286102295,1.5,1.4700000286102295,1.4900000095367432,1.4900000095367432,32100,1.4640000104904174,1.5075000047683715,1.5377499997615813,1.540400002002716,1.66125,1.8812749999761582,44.79465889948739,-0.022959182872841488,-0.012486401814024193,-0.010472781058817295,1.6592602907495961,1.5377499997615813,1.4162397087735665,14.666684468587192,8.56369407046617,UBX
2024-05-23,1.4700000286102295,1.4900000095367432,1.4600000381469727,1.4600000381469727,1.4600000381469727,23400,1.4620000123977661,1.493500006198883,1.5367500007152557,1.5392000031471254,1.6565500009059906,1.8765249997377396,41.54957062084691,-0.024904879951873626,-0.014970097441594079,-0.009934782510279547,1.6604542855074136,1.5367500007152557,1.4130457159230978,20.000028610229446,14.1463600641296,UBX
2024-05-24,1.4600000381469727,1.5099999904632568,1.4500000476837158,1.4800000190734863,1.4800000190734863,53600,1.4620000123977661,1.4885000109672546,1.53575000166893,1.538800003528595,1.652150001525879,1.8724250000715257,44.43932682740442,-0.024550030125617184,-0.0168860839783987,-0.007663946147218485,1.6609408545948652,1.53575000166893,1.410559148742995,22.666692733764602,19.1111352708606,UBX
2024-05-28,1.5099999904632568,1.6299999952316284,1.4800000190734863,1.6299999952316284,1.6299999952316284,240100,1.5040000200271606,1.4950000047683716,1.5417500019073487,1.5414000034332276,1.648950001001358,1.8677250003814698,60.29448619196752,-0.01202643139299342,-0.015914153461317644,0.0038877220683242245,1.6727948388402607,1.5417500019073487,1.4107051649744367,45.15153586700245,29.272752403665688,UBX
2024-05-29,1.6200000047683716,1.6299999952316284,1.5399999618530273,1.5700000524520874,1.5700000524520874,48400,1.5260000228881836,1.4990000128746033,1.5432500064373016,1.5428000044822694,1.6453500020503997,1.8625750011205673,53.69403689814168,-0.006863761936536372,-0.01410407515636139,0.0072403132198250175,1.6748659240746921,1.5432500064373016,1.411634088799911,62.54547594664007,43.454568182469224,UBX
2024-05-30,1.600000023841858,1.6100000143051147,1.5199999809265137,1.559999942779541,1.559999942779541,66300,1.5400000095367432,1.5020000100135804,1.5432500064373016,1.54400000333786,1.642150001525879,1.857325001358986,52.65934753521171,-0.0035384454765918782,-0.011990949220407488,0.00845250374381561,1.6748659240746921,1.5432500064373016,1.411634088799911,76.7676835963162,61.48823180331976,UBX
2024-05-31,1.590000033378601,1.590000033378601,1.5,1.5499999523162842,1.5499999523162842,42800,1.5579999923706054,1.5100000023841857,1.5392500042915345,1.543600001335144,1.6385500013828278,1.852025001645088,51.58876883828745,-0.001690536429811429,-0.009930866662288276,0.008240330232476847,1.6647997950105027,1.5392500042915345,1.4137002135725663,65.58441626579065,68.29919193624916,UBX
2024-06-03,1.6100000143051147,1.6100000143051147,1.5800000429153442,1.590000033378601,1.590000033378601,56400,1.5799999952316284,1.5210000038146974,1.5382500052452088,1.5448000025749207,1.6345500016212464,1.8472250020503997,55.48706906900822,0.0029674105882191437,-0.007351211212186792,0.010318621800405936,1.661832974396663,1.5382500052452088,1.4146670360937545,69.8412662370591,70.73112203305551,UBX
2024-06-04,1.590000033378601,1.590000033378601,1.5049999952316284,1.590000033378601,1.590000033378601,68700,1.572000002861023,1.5380000114440917,1.537750005722046,1.5452000021934509,1.63075000166893,1.8431250017881393,55.48706906900822,0.006582982632679313,-0.004564372443213571,0.011147355075892883,1.6604070495035685,1.537750005722046,1.4150929619405233,74.60318451475386,70.00962233920139,UBX
2024-06-05,1.590000033378601,1.600000023841858,1.5700000524520874,1.600000023841858,1.600000023841858,50500,1.577999997138977,1.5520000100135802,1.5367500066757203,1.545600001811981,1.62825000166893,1.8400250017642974,56.50261686330125,0.010138396064779176,-0.001623818741615021,0.011762214806394198,1.657011184448974,1.5367500066757203,1.4164888289024664,82.53970236284114,75.66138437155155,UBX
2024-06-06,1.5800000429153442,1.6299999952316284,1.5800000429153442,1.625,1.625,91600,1.591000008583069,1.565500009059906,1.5365000069141388,1.5457000017166138,1.6259000015258789,1.8359000015258788,59.01978977850152,0.014802739204369919,0.0016614928475819674,0.013141246356787952,1.6560031494297196,1.5365000069141388,1.416996864398558,88.09525161102802,81.74604616287452,UBX
2024-06-07,1.600000023841858,1.625,1.5700000524520874,1.600000023841858,1.600000023841858,15700,1.6010000228881835,1.5795000076293946,1.5365000069141388,1.5451000022888184,1.6241000020503997,1.8316000014543534,55.55739579939161,0.016294146823007782,0.0045880236426671306,0.011706123180340651,1.6560031494297196,1.5365000069141388,1.416996864398558,89.68255139622427,86.77250179003131,UBX
2024-06-10,1.600000023841858,1.6299999952316284,1.5809999704360962,1.625,1.625,70000,1.6080000162124635,1.5940000057220458,1.5412500083446503,1.5448000025749207,1.6227500021457673,1.826625002026558,58.198327486845415,0.01927124038500594,0.007524666991134892,0.011746573393871047,1.6667440348145048,1.5412500083446503,1.4157559818747958,93.6508008592149,90.47620128882257,UBX
2024-06-11,1.6200000047683716,1.6299999952316284,1.600000023841858,1.6299999952316284,1.6299999952316284,33000,1.6160000085830688,1.5940000057220458,1.5445000052452087,1.5442000031471252,1.6218500018119812,1.8225750017166138,58.72658147989087,0.021782965839407975,0.01037632676078951,0.011406639078618466,1.6755305353913141,1.5445000052452087,1.4134694750991033,94.44445075181302,92.59260100241757,UBX
2024-06-12,1.6299999952316284,1.6299999952316284,1.559999942779541,1.5700000524520874,1.5700000524520874,56800,1.6100000143051147,1.5940000057220458,1.5465000092983245,1.5434000039100646,1.6208500027656556,1.8181250017881394,50.48227745529342,0.01871628275899706,0.01204431796043102,0.00667196479856604,1.6778049979722858,1.5465000092983245,1.4151950206243633,88.09524635489095,92.06349932197314,UBX
2024-06-13,1.5700000524520874,1.600000023841858,1.4900000095367432,1.5099999904632568,1.5099999904632568,121400,1.5870000123977661,1.5890000104904174,1.545500010251999,1.542000002861023,1.6187500023841859,1.812725002169609,43.852496938557344,0.011313990126984974,0.011898252393741812,-0.0005842622667568374,1.6775946735926948,1.545500010251999,1.413405346911303,66.66666666666659,83.06878792445703,UBX
2024-06-14,1.5,1.5199999809265137,1.4199999570846558,1.4299999475479126,1.4299999475479126,179300,1.552999997138977,1.5770000100135804,1.543500006198883,1.5392000007629394,1.615550001859665,1.8066250014305114,36.89502821514927,-0.0009962310580318157,0.009319355703387086,-0.010315586761418902,1.6811989657795203,1.543500006198883,1.4058010466182458,34.92063311852951,63.227515380029196,UBX
2024-06-17,1.440000057220459,1.49399995803833,1.3799999952316284,1.3799999952316284,1.3799999952316284,83100,1.5039999961853028,1.556000006198883,1.53850000500679,1.5353999996185304,1.612150001525879,1.8008750015497208,33.33523692964912,-0.01461823837000753,0.004531836888708163,-0.019150075258715694,1.6914738735797652,1.53850000500679,1.385526136433815,12.698403537707023,38.09523444096789,UBX
2024-06-18,1.3899999856948853,1.3899999856948853,1.25,1.2999999523162842,1.2999999523162842,96700,1.4379999876022338,1.5269999980926514,1.5325000047683717,1.5301999998092652,1.6081500005722047,1.7941250008344651,28.58326527111067,-0.0315059314154289,-0.0026757167721192495,-0.028830214643309652,1.7108956527250967,1.5325000047683717,1.3541043568116466,5.973260569731342,17.86409907532281,UBX
2024-06-20,1.2999999523162842,1.3200000524520874,1.2200000286102295,1.2549999952316284,1.2549999952316284,137700,1.3749999761581422,1.4924999952316285,1.5222500026226045,1.524300000667572,1.6037000000476838,1.7873000013828277,26.311215839407687,-0.047967728168134105,-0.011734119051322222,-0.03623360911681188,1.7361536235842512,1.5222500026226045,1.3083463816609577,7.231486757769986,8.634383621736303,UBX
2024-06-21,1.2699999809265137,1.4500000476837158,1.25,1.399999976158142,1.399999976158142,169200,1.3529999732971192,1.4699999928474425,1.5177500009536744,1.5221000003814698,1.600199999809265,1.7815000015497207,42.242616953345205,-0.04875155645411411,-0.0191376065318806,-0.02961394992223351,1.7378744211885204,1.5177500009536744,1.2976255807188284,21.865630026219538,11.690125784573809,UBX
2024-06-24,1.4299999475479126,1.4490000009536743,1.3700000047683716,1.4049999713897705,1.4049999713897705,28900,1.3479999780654908,1.450499987602234,1.5149999976158142,1.5201999998092652,1.5975499999523164,1.7759250015020371,42.70263362376722,-0.048411233623181005,-0.02499233195014068,-0.023418901673040324,1.7392766404094748,1.5149999976158142,1.2907233548221535,32.52031622059605,20.539144334862044,UBX
2024-06-25,1.399999976158142,1.4199999570846558,1.3739999532699585,1.409999966621399,1.409999966621399,21800,1.3539999723434448,1.4289999842643737,1.5114999949932098,1.5179999995231628,1.5943499994277954,1.7704250013828278,43.18991096426267,-0.04719404393803894,-0.029432674347720334,-0.01776136959031861,1.7399972904510221,1.5114999949932098,1.2830026995353974,45.12194093673497,33.169295727850375,UBX
2024-06-26,1.399999976158142,1.4149999618530273,1.3600000143051147,1.3799999952316284,1.3799999952316284,34200,1.3699999809265138,1.4039999842643738,1.4989999949932098,1.5155999994277953,1.590549999475479,1.7648750013113021,40.940196442529626,-0.04809574154415652,-0.03316528778700757,-0.014930453757148951,1.7275519890945337,1.4989999949932098,1.270448000891886,43.495926094886464,40.37939441740602,UBX
2024-06-27,1.3700000047683716,1.4299999475479126,1.3600000143051147,1.3799999952316284,1.3799999952316284,19800,1.3949999809265137,1.384999978542328,1.489499992132187,1.5127999997138977,1.5867499995231629,1.759375001192093,40.94019644252962,-0.048254100163831026,-0.036183050262372264,-0.012071049901458762,1.7212304651974975,1.489499992132187,1.2577695190668765,41.46340754257582,43.36042485806595,UBX
2024-06-28,1.3700000047683716,1.409999966621399,1.3300000429153442,1.350000023841858,1.350000023841858,65000,1.3849999904632568,1.368999981880188,1.4789999961853026,1.5097000002861023,1.5834500002861023,1.753575001358986,38.60786505817172,-0.050221426142944336,-0.03899072543848668,-0.011230700704457655,1.7159725939891008,1.4789999961853026,1.2420273983815044,36.58536301703029,40.51489888483105,UBX
2024-07-01,1.3899999856948853,1.399999976158142,1.2999999523162842,1.3300000429153442,1.3300000429153442,30900,1.3700000047683716,1.358999991416931,1.4680000007152558,1.506100001335144,1.579450000524521,1.7475250017642976,37.09081425107553,-0.05278589453504323,-0.04174975925779799,-0.011036135277245243,1.7111131656596572,1.4680000007152558,1.2248868357708544,32.520325912409014,36.8563654906719,UBX
2024-07-02,1.3300000429153442,1.347000002861023,1.2999999523162842,1.309999942779541,1.309999942779541,29800,1.35,1.3519999861717225,1.4539999961853027,1.502300000190735,1.5754499995708466,1.741725001335144,35.58497612100731,-0.05578899434555473,-0.04455760627534934,-0.011231388070205392,1.6996338955752184,1.4539999961853027,1.208366096795387,26.829264274126274,31.97831773452205,UBX
2024-07-03,1.309999942779541,1.309999942779541,1.2899999618530273,1.2899999618530273,1.2899999618530273,19400,1.3319999933242799,1.3509999871253968,1.438999992609024,1.4984999990463257,1.5707499992847442,1.7354250013828278,34.09432466153466,-0.05910151838102706,-0.04746638869648488,-0.011635129684542181,1.686216521848523,1.438999992609024,1.191783463369525,22.400503208647233,27.2500311317277,UBX
2024-07-05,1.2899999618530273,1.309999942779541,1.2799999713897705,1.309999942779541,1.309999942779541,20300,1.3179999828338622,1.356499981880188,1.4244999885559082,1.4948999977111816,1.5659499990940093,1.729575001001358,36.93913951472215,-0.05942783909409943,-0.04985867877600779,-0.009569160318091643,1.666200241801266,1.4244999885559082,1.1827997353105504,23.45740393938024,24.22905714071811,UBX
2024-07-08,1.3300000429153442,1.3300000429153442,1.2799999713897705,1.3300000429153442,1.3300000429153442,40500,1.3139999866485597,1.3494999885559082,1.4097499907016755,1.492099997997284,1.56125,1.7237250012159349,39.74034584411401,-0.05741081355539879,-0.05136910573188599,-0.0060417078235128,1.6362334552183313,1.4097499907016755,1.1832665261850197,29.522337471853927,25.126748206627326,UBX
2024-07-09,1.340000033378601,1.4299999475479126,1.3300000429153442,1.4299999475479126,1.4299999475479126,66400,1.3339999675750733,1.3519999861717225,1.401249986886978,1.4910999965667724,1.5568499994277953,1.7185250008106232,51.37161599970662,-0.04719906823609343,-0.05053509823272748,0.0033360299966340434,1.6106509338011596,1.401249986886978,1.1918490399727966,53.81676071013788,35.59883404045754,UBX
2024-07-10,1.4299999475479126,1.4700000286102295,1.399999976158142,1.4500000476837158,1.4500000476837158,60900,1.3619999885559082,1.3559999942779541,1.392499989271164,1.4900999975204468,1.5521000003814698,1.7128250014781952,53.31258073108559,-0.03706508236841288,-0.04784109505986456,0.010776012691451675,1.5769044543672361,1.392499989271164,1.208095524175092,74.48343786722329,52.607512016405224,UBX
2024-07-11,1.5,1.5,1.4299999475479126,1.4700000286102295,1.4700000286102295,55200,1.3980000019073486,1.3649999976158143,1.384499990940094,1.4892999982833863,1.5469000005722047,1.7078250014781953,55.23670003486605,-0.027107515676024985,-0.04369437918309664,0.016586863507071656,1.538347342257722,1.384499990940094,1.2306526396224657,90.4347746944619,72.91165775727455,UBX
2024-07-12,1.4900000095367432,1.5800000429153442,1.4900000095367432,1.5499999523162842,1.5499999523162842,73300,1.4460000038146972,1.3819999933242797,1.383499985933304,1.4894999980926513,1.5428999996185302,1.703325001001358,61.985493797809546,-0.012615325456992732,-0.03747856843787586,0.024863242980883125,1.5327011935232775,1.383499985933304,1.2342987783433303,89.99999708599728,84.97273654922769,UBX
2024-07-15,1.5499999523162842,1.5700000524520874,1.534000039100647,1.559999942779541,1.559999942779541,46000,1.4919999837875366,1.4029999852180481,1.3859999835491181,1.4894999980926513,1.5401999986171722,1.6992250001430511,62.741668527648756,-0.00031956094122898016,-0.030046766938546483,0.029727205997317502,1.544952797673687,1.3859999835491181,1.2270471694245493,90.44442839093144,90.29306672379705,UBX
2024-07-16,1.5800000429153442,1.5800000429153442,1.5099999904632568,1.5399999618530273,1.5399999618530273,39200,1.5139999866485596,1.4239999771118164,1.3914999842643738,1.4876999974250793,1.5380999982357024,1.694874999523163,60.16401639726793,0.007722074442410687,-0.02249299866235505,0.030215073104765736,1.5632585251984137,1.3914999842643738,1.219741443330334,89.99997218450567,90.14813255381165,UBX
2024-07-17,1.5700000524520874,1.5700000524520874,1.4900000095367432,1.5099999904632568,1.5099999904632568,66400,1.5259999752044677,1.443999981880188,1.3979999840259552,1.4856999969482423,1.5352999985218048,1.690424998998642,56.41968045404826,0.01154134006582308,-0.015686130916719422,0.027227470982542502,1.5772037695341443,1.3979999840259552,1.218796198517766,85.55553303825059,88.66664453789609,UBX
2024-07-18,1.5199999809265137,1.5199999809265137,1.4600000381469727,1.4700000286102295,1.4700000286102295,40100,1.5259999752044677,1.4619999885559083,1.4064999878406526,1.4830999970436096,1.5319999992847442,1.685774998664856,51.79140597481846,0.011211236801692781,-0.01030665737303698,0.02151789417472976,1.582400518033353,1.4064999878406526,1.2305994576479522,75.5555449591767,83.70368339397784,UBX
2024-07-19,1.4800000190734863,1.5,1.440000057220459,1.4500000476837158,1.4500000476837158,14200,1.505999994277954,1.4759999990463257,1.4162499904632568,1.4796999979019165,1.5277999997138978,1.6826249992847442,49.600473489592225,0.009229405431935067,-0.00639944481204257,0.015628850243977636,1.5785729642121196,1.4162499904632568,1.253927016714394,65.55555688010281,75.55554495917688,UBX
2024-07-22,1.4500000476837158,1.5099999904632568,1.440000057220459,1.4700000286102295,1.4700000286102295,24100,1.4880000114440919,1.4899999976158143,1.4197499930858613,1.4764999985694884,1.5241999995708466,1.680074999332428,51.796485354034395,0.009166950211226377,-0.0032861658073887806,0.012453116018615158,1.5835326187224552,1.4197499930858613,1.2559673674492673,61.111117733847756,67.40740652437594,UBX
2024-07-23,1.5099999904632568,1.5099999904632568,1.4199999570846558,1.4600000381469727,1.4600000381469727,35800,1.4720000267028808,1.4930000066757203,1.4224999964237213,1.4736999988555908,1.5217999994754792,1.6780749994516373,50.60910042774655,0.008215831352220926,-0.000985766375466839,0.009201597727687765,1.5870448200568694,1.4224999964237213,1.2579551727905731,60.00000794728399,62.22222752041171,UBX
2024-07-24,1.4500000476837158,1.4670000076293945,1.4299999475479126,1.4500000476837158,1.4500000476837158,20100,1.4600000381469727,1.4930000066757203,1.4245000004768371,1.4721000003814697,1.5179999995231628,1.6759249997138976,49.38979324799923,0.006579305014310366,0.0005272479024886021,0.006052057111821764,1.589360545588339,1.4245000004768371,1.2596394553653352,60.00000794728399,60.37037787613877,UBX
2024-07-25,1.4299999475479126,1.4800000190734863,1.4299999475479126,1.440000057220459,1.440000057220459,22000,1.4540000438690186,1.4900000095367432,1.4275000035762786,1.4696000003814698,1.5144000005722047,1.673575000166893,48.14073718157296,0.004424428387661328,0.0013066839995231473,0.0031177443881381804,1.5911917856501565,1.4275000035762786,1.2638082215024007,56.66667858759269,58.88889816072041,UBX
2024-07-26,1.4800000190734863,1.5099999904632568,1.4500000476837158,1.4700000286102295,1.4700000286102295,31200,1.4580000400543214,1.4820000171661376,1.4320000052452087,1.468400001525879,1.512700001001358,1.6717750000953675,52.05786742102689,0.005078874008841883,0.0020611220013868944,0.0030177520074549883,1.5951686288389295,1.4320000052452087,1.2688313816514878,55.333340697816034,57.33334241089776,UBX
2024-07-29,1.4800000190734863,1.4900000095367432,1.4149999618530273,1.4500000476837158,1.4500000476837158,33000,1.4540000438690186,1.4710000276565551,1.4370000064373016,1.4668000030517578,1.5106000018119812,1.669225000143051,49.380016898364495,0.003938297324645124,0.0024365570660385403,0.0015017402586065833,1.5958836135001797,1.4370000064373016,1.2781163993744236,45.70371690600489,52.56791206380473,UBX
2024-07-30,1.4500000476837158,1.4900000095367432,1.409999966621399,1.4900000095367432,1.4900000095367432,27600,1.4600000381469727,1.4660000324249267,1.4450000047683715,1.467200002670288,1.5089000022411347,1.6674750000238419,54.42899245050674,0.006190682380007084,0.003187382128832249,0.0030033002511748353,1.5975123069839368,1.4450000047683715,1.2924877025528063,43.61220971480401,48.21642243954184,UBX
2024-07-31,1.4800000190734863,1.5299999713897705,1.4500000476837158,1.5299999713897705,1.5299999713897705,45800,1.4760000228881835,1.4680000305175782,1.4560000061988831,1.4682000017166137,1.507700002193451,1.6667250001430511,58.84921448396224,0.011075702586814229,0.004765046220428645,0.006310656366385584,1.5994433668641155,1.4560000061988831,1.3125566455336508,48.474947095455384,45.930291238754954,UBX
2024-08-01,1.5099999904632568,1.5499999523162842,1.5,1.5399999618530273,1.5399999618530273,47100,1.4960000038146972,1.475000023841858,1.468500006198883,1.4706000018119811,1.5074000012874604,1.6656749999523164,59.89649371611301,0.015574498824694194,0.006926936741281755,0.00864756208341244,1.5944007340933284,1.468500006198883,1.3425992783044378,64.7058617285058,52.264339512921914,UBX
2024-08-02,1.5299999713897705,1.5499999523162842,1.4500000476837158,1.4600000381469727,1.4600000381469727,59500,1.494000005722046,1.4760000228881835,1.4760000109672546,1.4706000018119811,1.506100001335144,1.6638749998807907,49.125291639547996,0.012539949270132134,0.00804953924705183,0.0044904100230803035,1.5790339319294253,1.4760000109672546,1.372966090005084,58.82351703710344,57.33477528702173,UBX
2024-08-05,1.399999976158142,1.4170000553131104,1.350000023841858,1.350000023841858,1.350000023841858,64200,1.4740000009536742,1.4640000224113465,1.4770000100135803,1.4678000020980835,1.5041000020503998,1.6599000000953674,38.79474077831213,0.0012446178595102442,0.0066885549695435125,-0.005443937110033268,1.5745909424476767,1.4770000100135803,1.3794090775794838,35.29411489713403,52.94116455424794,UBX
2024-08-06,1.3600000143051147,1.409000039100647,1.3600000143051147,1.3899999856948853,1.3899999856948853,20400,1.4539999961853027,1.4570000171661377,1.475000011920929,1.4664000010490417,1.5028000020980834,1.6575,43.451570968430524,-0.004428304298536245,0.00446518311592756,-0.008893487414463806,1.5778590892831525,1.475000011920929,1.3721409345587054,16.4705938863861,36.862741940208046,UBX
2024-08-07,1.3899999856948853,1.437999963760376,1.3899999856948853,1.409999966621399,1.409999966621399,21700,1.4299999952316285,1.453000009059906,1.4730000078678132,1.465,1.5019000017642974,1.655349999666214,45.67712968667588,-0.007226996350747861,0.002126747222592476,-0.009353743573340336,1.5792261405582886,1.4730000078678132,1.3667738751773377,16.666656732555566,22.810455172025417,UBX
2024-08-08,1.399999976158142,1.4800000190734863,1.3700000047683716,1.4800000190734863,1.4800000190734863,51000,1.4180000066757201,1.4570000052452088,1.4735000073909759,1.4620000004768372,1.5017000019550324,1.6534499996900558,52.694629760787336,-0.003753295098032128,0.0009507387584675553,-0.0047040338564996835,1.579759083824702,1.4735000073909759,1.3672409309572497,38.333330353099946,23.823526990680723,UBX
2024-08-09,1.4600000381469727,1.4600000381469727,1.440000057220459,1.440000057220459,1.440000057220459,19500,1.4140000104904176,1.4540000081062316,1.4680000126361847,1.4594000005722045,1.501100002527237,1.6517000001668931,48.81410099459632,-0.004179841841609688,-7.537736154789357e-05,-0.0041044644800617945,1.5691137731878972,1.4680000126361847,1.3668862520844722,46.6666785875998,33.888888557751955,UBX
2024-08-12,1.4700000286102295,1.5299999713897705,1.440000057220459,1.4700000286102295,1.4700000286102295,29300,1.4380000114440918,1.4560000061988831,1.463500016927719,1.4576000022888183,1.5008000028133393,1.6499500000476837,51.68771277301535,-0.002073237249597959,-0.00047494933915790663,-0.0015982879104400522,1.55542931210019,1.463500016927719,1.371570721755248,56.66669249535522,47.22223381201851,UBX
2024-08-13,1.4600000381469727,1.4950000047683716,1.4500000476837158,1.4700000286102295,1.4700000286102295,11400,1.4540000200271606,1.4540000081062316,1.4600000202655792,1.4560000038146972,1.4998000025749207,1.6491000002622604,51.68771277301535,-0.00039913693107473946,-0.0004597868575412732,6.064992646653372e-05,1.5450881928868423,1.4600000202655792,1.374911847644316,55.00002682209966,52.777799301685086,UBX
2024-08-14,1.4600000381469727,1.4700000286102295,1.4450000524520874,1.4500000476837158,1.4500000476837158,47800,1.462000036239624,1.4460000157356263,1.4570000231266023,1.4532000041007995,1.49900000333786,1.6476500004529953,49.53745959388745,-0.0006784113772975164,-0.0005035117614925218,-0.00017489961580499462,1.539000008950159,1.4570000231266023,1.3750000373030455,56.66669249535522,56.111137270936894,UBX
2024-08-15,1.4500000476837158,1.4600000381469727,1.409999966621399,1.409999966621399,1.409999966621399,29600,1.4480000257492065,1.4330000162124634,1.4540000200271606,1.4496000027656555,1.4974000024795533,1.6456000000238418,45.46380641960263,-0.004080374616462601,-0.0012188843324865378,-0.002861490283976063,1.53823777067652,1.4540000200271606,1.369762269377801,46.6666785875998,52.777799301685086,UBX
2024-08-16,1.409999966621399,1.4259999990463257,1.3899999856948853,1.4199999570846558,1.4199999570846558,47900,1.444000005722046,1.4290000081062317,1.4525000154972076,1.4460000014305114,1.4958000016212463,1.6431000000238418,46.64507387885991,-0.0059015103980391,-0.0021554095455970502,-0.00374610085244205,1.5380277857263642,1.4525000154972076,1.366972245268051,38.333330353099946,47.22223381201851,UBX
2024-08-19,1.4199999570846558,1.4800000190734863,1.3899999856948853,1.4800000190734863,1.4800000190734863,133500,1.4460000038146972,1.4420000076293946,1.4530000150203706,1.4431000018119813,1.4944000017642975,1.6405500000715256,53.19574176220341,-0.002474742770273153,-0.0022192761905322706,-0.00025546657974088224,1.5390465107643827,1.4530000150203706,1.3669535192763584,43.33332737286664,42.777778771188984,UBX
2024-08-20,1.4800000190734863,1.5299999713897705,1.4700000286102295,1.5099999904632568,1.5099999904632568,28700,1.4539999961853027,1.4540000081062316,1.4555000126361848,1.4413000011444093,1.4932000017166138,1.6388499999046326,56.098082342918296,0.00263140898935732,-0.0012491391545543524,0.0038805481439116727,1.5450488755706338,1.4555000126361848,1.3659511497017358,60.00000397364432,47.22222056653715,UBX
2024-08-21,1.5,1.5399999618530273,1.4800000190734863,1.5299999713897705,1.5299999713897705,51700,1.4699999809265136,1.466000008583069,1.4595000088214873,1.4394000005722045,1.4921000015735626,1.636599999666214,57.96929483470118,0.00819740774685962,0.000640170225728442,0.007557237521131178,1.5546787765319752,1.4595000088214873,1.3643212411109995,78.33334624767757,60.55555919806303,UBX
2024-08-22,1.5700000524520874,1.5700000524520874,1.5299999713897705,1.5299999713897705,1.5299999713897705,65600,1.493999981880188,1.4710000038146973,1.464000004529953,1.4374000000953675,1.4908000016212464,1.633949999809265,57.96929483470118,0.012464815232118065,0.0030050992270063666,0.0094597160051117,1.5634786318793346,1.464000004529953,1.3645213771805715,83.93938840585332,74.09091287572525,UBX
2024-08-23,1.5499999523162842,1.5800000429153442,1.5299999713897705,1.5700000524520874,1.5700000524520874,46200,1.5240000009536743,1.4840000033378602,1.4690000057220458,1.4374000000953675,1.4904000020027162,1.6315500003099441,61.750783614107704,0.01885706613599991,0.006175492608805076,0.012681573527194834,1.578708707408555,1.4690000057220458,1.3592913040355366,89.09090122572509,83.78787862641884,UBX
2024-08-26,1.5800000429153442,1.7400000095367432,1.5700000524520874,1.7200000286102295,1.7200000286102295,121100,1.572000002861023,1.50900000333786,1.4825000047683716,1.441600000858307,1.4918000018596649,1.6304000002145767,71.94444160829251,0.035616154644408704,0.012063625015925802,0.0235525296284829,1.6368858912529167,1.4825000047683716,1.3281141182838265,90.6224325119872,87.88424071452205,UBX
2024-08-27,1.7100000381469727,1.7200000286102295,1.6699999570846558,1.6699999570846558,1.6699999570846558,65000,1.6039999961853026,1.5289999961853027,1.4915000021457672,1.4464000010490417,1.4928000009059905,1.6289499998092651,65.662563976406,0.04435200284531682,0.018521300581804005,0.025830702263512813,1.6662312201460527,1.4915000021457672,1.3167687841454816,90.37673911615333,90.03002428462206,UBX
2024-08-28,1.6799999475479126,1.690000057220459,1.659999966621399,1.6699999570846558,1.6699999570846558,32100,1.6319999933242797,1.5509999871253968,1.4985000014305114,1.4522000002861022,1.4937999999523164,1.6276999998092652,65.662563976406,0.0506908924289875,0.024955218951240705,0.025735673477746794,1.6893166564693107,1.4985000014305114,1.3076833463917121,85.2252177813312,88.74146313649076,UBX
2024-08-29,1.659999966621399,1.6699999570846558,1.6399999856948853,1.659999966621399,1.659999966621399,67300,1.6579999923706055,1.5759999871253967,1.50450000166893,1.4594000005722045,1.494800000190735,1.6269999998807907,64.35909563975784,0.054281864887170794,0.030820548138426725,0.02346131674874407,1.707327500389073,1.50450000166893,1.301672502948787,79.40796665436362,85.00330785061624,UBX
2024-08-30,1.6699999570846558,1.6799999475479126,1.6200000047683716,1.6299999952316284,1.6299999952316284,29400,1.6699999809265136,1.596999990940094,1.5129999995231629,1.4669000005722046,1.4956000006198884,1.6264499998092652,60.48025278880912,0.05408354798556991,0.03547314810785536,0.018610399877714554,1.7218156950758137,1.5129999995231629,1.304184303970512,75.2380864798622,79.95709030518587,UBX
2024-09-03,1.6299999952316284,1.6399999856948853,1.5499999523162842,1.5499999523162842,1.5499999523162842,26100,1.6359999656677247,1.6039999842643737,1.522999995946884,1.4699000000953675,1.4960000002384186,1.6255999994277954,51.556811588309316,0.04693006496131891,0.037764531478548066,0.00916553348277084,1.7183560705444245,1.522999995946884,1.3276439213493436,63.809515375669775,72.81852283663206,UBX
2024-09-04,1.559999942779541,1.6399999856948853,1.5,1.5399999618530273,1.5399999618530273,48900,1.6099999666213989,1.6069999814033509,1.5304999947547913,1.4725999999046326,1.4963999998569488,1.624149999022484,50.55275623286448,0.03999294865224323,0.0382102149132871,0.001782733738956134,1.7161313368725484,1.5304999947547913,1.3448686526370341,52.38094427147735,63.80951537566997,UBX
2024-09-05,1.5299999713897705,1.600000023841858,1.5099999904632568,1.5199999809265137,1.5199999809265137,28000,1.5799999713897706,1.6059999823570252,1.535999995470047,1.4748000001907349,1.4963999998569488,1.6226999992132187,48.5176546897247,0.032506685844416516,0.03706950909951298,-0.004562823255096465,1.7133583723430277,1.535999995470047,1.3586416185970662,41.904753146528876,52.69840426455886,UBX
2024-09-06,1.5299999713897705,1.5299999713897705,1.440000057220459,1.4500000476837158,1.4500000476837158,37300,1.5379999876022339,1.5979999899864197,1.5344999969005584,1.4762000012397767,1.4959000003337861,1.6192999988794328,42.12560524308242,0.02068689340473484,0.033792985960557353,-0.013106092555822513,1.7142192017640079,1.5344999969005584,1.3547807920371089,32.380953354089264,42.22221692403202,UBX
2024-09-09,1.4199999570846558,1.4620000123977661,1.3949999809265137,1.440000057220459,1.440000057220459,63500,1.5,1.5849999904632568,1.5344999969005584,1.4774000024795533,1.4951000010967255,1.6163999992609024,41.28873420396882,0.010392904152590532,0.02911296959896399,-0.018720065446373457,1.7142192017640079,1.5344999969005584,1.3547807920371089,22.443075409959178,32.24292730352597,UBX
2024-09-10,1.4600000381469727,1.4600000381469727,1.3899999856948853,1.409999966621399,1.409999966621399,23700,1.472000002861023,1.5539999842643737,1.531499993801117,1.4786000013351441,1.4941500008106232,1.6131499993801117,38.798528069065455,-0.00018379441642291106,0.023253616795886608,-0.02343741121230952,1.7173251666071077,1.531499993801117,1.3456748209951261,11.966884285010709,22.26363768301991,UBX
2024-09-11,1.3899999856948853,1.4170000553131104,1.3899999856948853,1.399999976158142,1.399999976158142,27500,1.444000005722046,1.5269999861717225,1.5279999911785125,1.48,1.493050000667572,1.6100499993562698,37.976326344113915,-0.009266007128058806,0.016749692011097522,-0.02601569913915633,1.7208315149480138,1.5279999911785125,1.3351684674090112,7.204973035526006,13.871644243498821,UBX
2024-09-12,1.409999966621399,1.440000057220459,1.399999976158142,1.399999976158142,1.399999976158142,33600,1.4200000047683716,1.499999988079071,1.525499987602234,1.481800000667572,1.4920500004291535,1.6064999997615814,37.9763263441139,-0.01627610532517454,0.01014453254384311,-0.02642063786901765,1.7235378602926492,1.525499987602234,1.3274621149118186,3.809519916975742,7.660459079171009,UBX
2024-09-13,1.409999966621399,1.4800000190734863,1.3899999856948853,1.440000057220459,1.440000057220459,46700,1.4180000066757201,1.477999997138977,1.5269999921321868,1.4848000025749206,1.4916500008106233,1.6041000002622605,43.528035220271285,-0.018391975163240648,0.004437231002426358,-0.022829206165667006,1.7219461272955434,1.5269999921321868,1.3320538569688303,6.666671207972523,5.8937213868249465,UBX
2024-09-16,1.4500000476837158,1.4600000381469727,1.399999976158142,1.409999966621399,1.409999966621399,23700,1.4119999885559082,1.455999994277954,1.5264999926090241,1.4868000030517579,1.4908500003814698,1.6012999999523163,40.59329363000627,-0.022233282404234833,-0.0008968716789058799,-0.021336410725328953,1.7225892460394578,1.5264999926090241,1.3304107391785904,7.7344910595958885,6.070227394848241,UBX
2024-09-17,1.409999966621399,1.440000057220459,1.399999976158142,1.4199999570846558,1.4199999570846558,25900,1.4139999866485595,1.4429999947547913,1.5234999895095824,1.4886000013351441,1.490349999666214,1.5986999994516373,41.99711579395178,-0.024191762827839636,-0.005555849908692631,-0.018635912919147006,1.7241265013222016,1.5234999895095824,1.3228734776969633,10.115440440043223,8.172200902537401,UBX
2024-09-18,1.440000057220459,1.4500000476837158,1.4199999570846558,1.4199999570846558,1.4199999570846558,28200,1.4179999828338623,1.430999994277954,1.5189999878406524,1.488400001525879,1.4897499990463257,1.5961999994516374,41.99711579395178,-0.025450495207269608,-0.009534778968408028,-0.01591571623886158,1.7246112680019303,1.5189999878406524,1.3133887076793744,8.801802217685625,8.883911239108436,UBX
2024-09-19,1.4500000476837158,1.4611999988555908,1.4299999475479126,1.4500000476837158,1.4500000476837158,11955,1.427999997138977,1.4240000009536744,1.5149999916553498,1.488400001525879,1.489249999523163,1.5938499999046325,46.40371596742499,-0.023753477790575905,-0.012378518732841603,-0.011374959057734302,1.7227016937965285,1.5149999916553498,1.3072982895141712,13.6781621432915,10.86513493367364,UBX
